{
"type": "FeatureCollection",
"name": "Bairros",
"crs": { "type": "name", "properties": { "name": "urn:ogc:def:crs:OGC:1.3:CRS84" } },
"features": [
{"type":"Feature","properties":{"COD":0.0,"NOME":"JD. AMERICA"},"geometry":{"type":"MultiPolygon","coordinates":[[[[-58.171616596641179,-15.620794104440407],[-58.171630209695877,-15.620733143506724],[-58.172138517926996,-15.620842428257244],[-58.172252005606303,-15.620331485632397],[-58.172447519199189,-15.619459040843353],[-58.172675674156842,-15.61841582305153],[-58.172107454027469,-15.61828884406142],[-58.171936586705257,-15.618250660192277],[-58.171909542368688,-15.618374462157991],[-58.171882498937521,-15.618498264116232],[-58.171855454546375,-15.618622066077011],[-58.171828410127944,-15.618745868035321],[-58.171801366614922,-15.618869669986195],[-58.17177432213677,-15.61899347103569],[-58.171747278569178,-15.619117272981629],[-58.17171830222378,-15.619249918249469],[-58.171682775347904,-15.619395061584767],[-58.171651162989313,-15.619536402969842],[-58.171619550599274,-15.619677745255471],[-58.171587938167498,-15.619819086633845],[-58.171556325699122,-15.619960428008865],[-58.171524714126853,-15.620101769375554],[-58.171494208065091,-15.620262032717644],[-58.171425395874515,-15.620569694982294],[-58.171408663994427,-15.620644504181032],[-58.171386136777443,-15.620745221439345],[-58.171616596641179,-15.620794104440407]]]]}},
{"type":"Feature","properties":{"COD":0.0,"NOME":"JD. DAS OLIVEIRAS II"},"geometry":{"type":"MultiPolygon","coordinates":[[[[-58.186670828765905,-15.625917058398496],[-58.186670321206641,-15.625902778533041],[-58.186632353908252,-15.624834606396085],[-58.186611818987821,-15.624305231233558],[-58.18657551048279,-15.623421316525842],[-58.186563607483158,-15.623131556170419],[-58.186554781354928,-15.622914173885027],[-58.186545294214739,-15.622642064579235],[-58.18654240197236,-15.622559129687657],[-58.186530245006622,-15.622210464040593],[-58.186527173823322,-15.622122364290604],[-58.186517404234415,-15.62184215568306],[-58.186488465784649,-15.621835836510082],[-58.185552977426845,-15.621631549603213],[-58.184944996759633,-15.621498779784192],[-58.184790206392186,-15.622153775827567],[-58.184604926160063,-15.622937782741356],[-58.184595963937113,-15.622975705682023],[-58.184594547035779,-15.622981702611145],[-58.184519301402887,-15.623300098364036],[-58.184494219486432,-15.623406231181383],[-58.184482151131441,-15.623457298310107],[-58.184404040406001,-15.623787816413392],[-58.184397869168919,-15.623813931023282],[-58.184336931572851,-15.624071782715733],[-58.184319443842952,-15.624146554190867],[-58.184284109683858,-15.624297635713864],[-58.184198502551368,-15.624663673431439],[-58.184142364728729,-15.62490370217686],[-58.184102179733074,-15.625075521955081],[-58.184007052895105,-15.625482262347733],[-58.184004056752656,-15.625495071495431],[-58.184032212424597,-15.625501438576514],[-58.184064827836956,-15.62550881385499],[-58.184367135773954,-15.625577177603819],[-58.184614412023997,-15.625633096500001],[-58.184948796828579,-15.625708711874703],[-58.185490482324674,-15.625831205393833],[-58.185463119756847,-15.625955280480111],[-58.185441548555261,-15.626045111449411],[-58.185409065097922,-15.626180384657559],[-58.185386854353084,-15.626272875656106],[-58.18536248649459,-15.626374354991821],[-58.185315217305259,-15.626571198949129],[-58.185293088480392,-15.626663349629425],[-58.185267891565623,-15.626768279123485],[-58.185258872922091,-15.626807094541135],[-58.185119050654649,-15.627408847550283],[-58.185088089600278,-15.627542095886957],[-58.185086670517443,-15.627548201298458],[-58.185081057032164,-15.627572359568399],[-58.185070357091369,-15.627618408074126],[-58.185101744361937,-15.627625126338517],[-58.185124171581563,-15.627629926991109],[-58.185132967268537,-15.627631810233606],[-58.185927119663262,-15.627801798450889],[-58.186448260920038,-15.627900584117103],[-58.186646265215536,-15.627938116602357],[-58.186680748336371,-15.627944653382864],[-58.186691161061049,-15.62794662634246],[-58.186688695368993,-15.627835118555064],[-58.186686280368868,-15.627455579973867],[-58.186685009235021,-15.627255889757595],[-58.186683602198251,-15.627034862683086],[-58.186681850787323,-15.626897550853013],[-58.186677125733048,-15.626681187785872],[-58.186676406326704,-15.626648260595262],[-58.186673767968891,-15.626527487793096],[-58.1866711296246,-15.626406715893268],[-58.186665652104217,-15.626155883739045],[-58.186677190990039,-15.626096042467942],[-58.186670828765905,-15.625917058398496]]]]}},
{"type":"Feature","properties":{"COD":0.0,"NOME":"JD. UNIVERSITARIO"},"geometry":{"type":"MultiPolygon","coordinates":[[[[-58.181521048100372,-15.617442716357296],[-58.181422190606845,-15.617421472229699],[-58.181065877191223,-15.617344903627949],[-58.181068188706362,-15.617384842106606],[-58.181101360522099,-15.617958132521499],[-58.181113798484809,-15.618173090774896],[-58.181136166151887,-15.618559645847114],[-58.181137733474301,-15.618586734756834],[-58.181159860103875,-15.618969124993864],[-58.181165282590101,-15.619062839168031],[-58.181170935891195,-15.619160534715737],[-58.18118303876561,-15.61934414812832],[-58.181211375492111,-15.619774020617177],[-58.181222334937537,-15.619776422089993],[-58.181325660022416,-15.619799056809129],[-58.181554647541475,-15.619849219859416],[-58.181615507807265,-15.619862238511383],[-58.181844994819869,-15.619911324719277],[-58.181976701436405,-15.619939496438006],[-58.182093021401293,-15.619964376634869],[-58.182440562872948,-15.620038714443567],[-58.182476001617424,-15.620047213737717],[-58.182513751146239,-15.620056268233418],[-58.183352184998597,-15.620248363108734],[-58.183164499136467,-15.621046446029359],[-58.18316463082045,-15.621046475148589],[-58.18315570281348,-15.621083733492442],[-58.183155728965808,-15.621083739678845],[-58.183235952554881,-15.621102780173221],[-58.183763545951713,-15.621227998725644],[-58.183997224051268,-15.621283458701839],[-58.184092216465729,-15.621306004113306],[-58.184437517395253,-15.621387956112633],[-58.184533353135755,-15.62140888511161],[-58.184944996759633,-15.621498779784192],[-58.185130246811703,-15.621539234737392],[-58.185552977426845,-15.621631549603213],[-58.186488465784649,-15.621835836510082],[-58.186517404234415,-15.62184215568306],[-58.186515753103507,-15.621794802655103],[-58.186503437660285,-15.621441582148707],[-58.186503377595201,-15.621439573090683],[-58.186494745459612,-15.621152772455707],[-58.186486598678499,-15.620791786536456],[-58.1864820250237,-15.620589109453018],[-58.186479436205062,-15.620474434958034],[-58.186475799071474,-15.62031325474366],[-58.186470665796612,-15.620085772071821],[-58.186458805759656,-15.619560213938056],[-58.186417425876769,-15.618545581556468],[-58.186415883875704,-15.618507774977438],[-58.18630557949546,-15.618483693430223],[-58.186058842032388,-15.618429824842034],[-58.183007632294384,-15.617763648638256],[-58.182578533059385,-15.61766995878815],[-58.18160306311934,-15.617460340531624],[-58.181521048100372,-15.617442716357296]]]]}},
{"type":"Feature","properties":{"COD":0.0,"NOME":"JD. RONDON"},"geometry":{"type":"MultiPolygon","coordinates":[[[[-58.169665458224109,-15.629687868845258],[-58.169542414486379,-15.630528968361244],[-58.169530950463418,-15.630606364378252],[-58.169205258377673,-15.630560229976181],[-58.169186103043124,-15.630683267416595],[-58.169168013271019,-15.630799459290991],[-58.169149923478045,-15.630915650260208],[-58.16913183367447,-15.631031842132021],[-58.169113742922399,-15.6311480340075],[-58.169094261700465,-15.631273163016695],[-58.169080752935685,-15.631409433431164],[-58.169061597478844,-15.631532469957996],[-58.169043507596108,-15.63164866182326],[-58.169025417697632,-15.631764853687216],[-58.169007327783419,-15.631881045549889],[-58.168989237848336,-15.631997236507372],[-58.168969755579603,-15.632122366415578],[-58.168955965180125,-15.632252419421594],[-58.16893680867863,-15.63237545684761],[-58.168918718685376,-15.632491648703738],[-58.168900628671246,-15.632607839654694],[-58.1688825386465,-15.632724031508221],[-58.168864448606023,-15.632840223360457],[-58.168844967145922,-15.632965352349975],[-58.168819704216844,-15.633117947611797],[-58.168800547590251,-15.633240985027514],[-58.168782457478876,-15.633357176873899],[-58.168764367351756,-15.63347336871899],[-58.168746277203745,-15.633589559658899],[-58.16872818704514,-15.633705751501404],[-58.168708705457817,-15.633830880480438],[-58.168692391521169,-15.633951380834615],[-58.168673235709242,-15.634074418235615],[-58.168655145486326,-15.634190610072782],[-58.168637055247672,-15.634306801908686],[-58.168618964988127,-15.634422992839397],[-58.168600874717974,-15.634539184672697],[-58.168581392077748,-15.634664313646772],[-58.168573452640665,-15.634781660834033],[-58.168554295783053,-15.634904698230645],[-58.168536205448369,-15.635020889155129],[-58.168518115103076,-15.635137080982194],[-58.168776440677313,-15.635174420996371],[-58.168896290278596,-15.635192676808916],[-58.169154358438867,-15.635231648393438],[-58.169264957904446,-15.635248350670681],[-58.169375559249566,-15.63526505288095],[-58.169633621949295,-15.635304023014765],[-58.169782077900358,-15.635343409249874],[-58.17020124675377,-15.635403388677135],[-58.170261927038176,-15.635412071507639],[-58.170329079779755,-15.635421680644003],[-58.170354517899014,-15.635250509925692],[-58.170392821890879,-15.634992761019179],[-58.170413927544075,-15.634850738270419],[-58.170473072874287,-15.634452745095645],[-58.170518382769089,-15.634147850650384],[-58.170592680791756,-15.633649815975099],[-58.170646381248766,-15.633291784714906],[-58.170654640761512,-15.633236715160661],[-58.170718745001089,-15.632807519628082],[-58.170773599982212,-15.632443588688391],[-58.170783314506515,-15.632378816937045],[-58.170844530922814,-15.631974333391812],[-58.170901966663344,-15.631600235939127],[-58.170979292829173,-15.631096592491371],[-58.171031742318831,-15.630754971966095],[-58.171110739907519,-15.630244825869296],[-58.171165497644722,-15.6298941674587],[-58.171244135592559,-15.629390583811841],[-58.171297808468424,-15.629046873186125],[-58.171365948119977,-15.628610519569621],[-58.171424815217819,-15.628210505590765],[-58.171551362660033,-15.62735058178362],[-58.171621638442424,-15.626873042704865],[-58.171627607079117,-15.626832484055356],[-58.171628646148292,-15.626825421686197],[-58.171696330417518,-15.626808588392135],[-58.171725733040638,-15.626798043683639],[-58.171864057308198,-15.626748433445456],[-58.171963570568821,-15.626712742688886],[-58.17205564225484,-15.626679697602141],[-58.172092247879959,-15.626666559026907],[-58.172139456136151,-15.626649615306226],[-58.17222092512867,-15.626620375293241],[-58.172488164761788,-15.626524530790716],[-58.172495784689673,-15.62651881262699],[-58.172595029505473,-15.626444342609489],[-58.172640639543275,-15.626439152723208],[-58.172670284344797,-15.626435780024433],[-58.17303684616828,-15.626394071683734],[-58.173409521909456,-15.626394595937084],[-58.173523102594494,-15.626394756056575],[-58.173586147575158,-15.626000948224076],[-58.173721368455745,-15.625156278652982],[-58.173729453363684,-15.625105775595243],[-58.171094659422032,-15.624596901740976],[-58.171088125044243,-15.624638372738268],[-58.171083790092254,-15.624665883766951],[-58.170956045779974,-15.625476566189434],[-58.170852071629973,-15.626136392057697],[-58.170679537764734,-15.627231305474561],[-58.170548147375094,-15.628065110159723],[-58.169978113570465,-15.627972734188839],[-58.169818848716218,-15.628832536320598],[-58.169743559672547,-15.629238988468003],[-58.16972891914758,-15.629321229210742],[-58.169708791428818,-15.629431473406429],[-58.169689306857265,-15.629538186211903],[-58.169676377051154,-15.62961303650434],[-58.169665458224109,-15.629687868845258]]]]}},
{"type":"Feature","properties":{"COD":0.0,"NOME":"JD. ZEFERINO  II"},"geometry":{"type":"MultiPolygon","coordinates":[[[[-58.170393075078607,-15.635493692613402],[-58.170412388060093,-15.635497636367115],[-58.170484117851203,-15.635512282019382],[-58.170575393178403,-15.635530918956555],[-58.170666901998253,-15.635549604323515],[-58.170757943879586,-15.635568193617313],[-58.170849220181189,-15.635586830432031],[-58.170940495563897,-15.635605467212594],[-58.171031770965598,-15.635624104857872],[-58.171123046376046,-15.635642741560112],[-58.171218677726564,-15.635655909817272],[-58.172130694940606,-15.635842125459858],[-58.172234376287825,-15.635109316753978],[-58.172265969387361,-15.634885214472366],[-58.172293658937413,-15.634678539618015],[-58.172332853282825,-15.634379844117877],[-58.172346086273812,-15.634276456625516],[-58.172354926182358,-15.634161182707562],[-58.172362729271988,-15.634059430477835],[-58.172366303441862,-15.634012823013729],[-58.172435056379506,-15.633628092767301],[-58.172493202852209,-15.633180212461093],[-58.172514613093107,-15.633011836308997],[-58.173444165764948,-15.626887837497897],[-58.173455441195522,-15.62681740698504],[-58.173523102594494,-15.626394756056575],[-58.173409521909456,-15.626394595937084],[-58.17303684616828,-15.626394071683734],[-58.172640639543275,-15.626439152723208],[-58.172595029505473,-15.626444342609489],[-58.172488164761788,-15.626524530790716],[-58.17222092512867,-15.626620375293241],[-58.172139456136151,-15.626649615306226],[-58.172092247879959,-15.626666559026907],[-58.171963570568821,-15.626712742688886],[-58.171864057308198,-15.626748433445456],[-58.171725733040638,-15.626798043683639],[-58.171696330417518,-15.626808588392135],[-58.171628646148292,-15.626825421686197],[-58.171627607079117,-15.626832484055356],[-58.171621638442424,-15.626873042704865],[-58.171551362660033,-15.62735058178362],[-58.171424815217819,-15.628210505590765],[-58.171297808468424,-15.629046873186125],[-58.171244135592559,-15.629390583811841],[-58.171165497644722,-15.6298941674587],[-58.171110739907519,-15.630244825869296],[-58.171031742318831,-15.630754971966095],[-58.170979292829173,-15.631096592491371],[-58.170901966663344,-15.631600235939127],[-58.170844530922814,-15.631974333391812],[-58.170783314506515,-15.632378816937045],[-58.170773599982212,-15.632443588688391],[-58.170718745001089,-15.632807519628082],[-58.170654640761512,-15.633236715160661],[-58.170646381248766,-15.633291784714906],[-58.170592680791756,-15.633649815975099],[-58.170518382769089,-15.634147850650384],[-58.170413927544075,-15.634850738270419],[-58.170392821890879,-15.634992761019179],[-58.170354517899014,-15.635250509925692],[-58.170333206433838,-15.635393916748173],[-58.170327187638158,-15.635434415973583],[-58.17032057856801,-15.635478890125343],[-58.170393075078607,-15.635493692613402]]]]}},
{"type":"Feature","properties":{"COD":0.0,"NOME":"JD. SANTA MARIA"},"geometry":{"type":"MultiPolygon","coordinates":[[[[-58.177024530351574,-15.630560735060984],[-58.177056245811336,-15.630561337766837],[-58.177131066383481,-15.630562759561036],[-58.1771147374848,-15.630629788761935],[-58.177096629511091,-15.630704123849434],[-58.176892733516333,-15.631541124382597],[-58.177772653932998,-15.631728763225677],[-58.178016667735307,-15.631780738534362],[-58.178336004179648,-15.631848757440258],[-58.178375755324389,-15.631858074742413],[-58.178375725243811,-15.631857218903759],[-58.17837377424614,-15.631800862627486],[-58.178367558627066,-15.631548493453851],[-58.178364584368694,-15.63142771667675],[-58.178363227280727,-15.631372613639297],[-58.178358707546771,-15.631189071506748],[-58.178355395574165,-15.631054582456361],[-58.178354009949089,-15.631040480807963],[-58.178347552401291,-15.630974780633213],[-58.178339628035843,-15.630894154881355],[-58.178369791317586,-15.630773240806739],[-58.17837415559336,-15.630755746646344],[-58.178374939803341,-15.630752601356557],[-58.178378648642223,-15.630667640357515],[-58.178379915425779,-15.63063861903105],[-58.178384037353808,-15.630544174728204],[-58.178387815419164,-15.63045761795961],[-58.178388545398356,-15.6304440120407],[-58.17839065793784,-15.630404666260828],[-58.178370900258521,-15.630403308039256],[-58.178375272874483,-15.630368516661823],[-58.178378245250862,-15.630345772850928],[-58.178385095299184,-15.630293358244183],[-58.178385368761255,-15.630291265133808],[-58.178385870110112,-15.630287428066087],[-58.178393446927743,-15.630202742773001],[-58.178400725968977,-15.630128132222911],[-58.178526080102834,-15.630149783677854],[-58.17854217610406,-15.630062181815621],[-58.178553288472301,-15.630013436773853],[-58.178587479102426,-15.629863460308259],[-58.178599971865495,-15.629808662517579],[-58.178254935819155,-15.629731041282152],[-58.178254249339034,-15.629730886784531],[-58.178202854887495,-15.629719324274953],[-58.177407608437662,-15.629540416885115],[-58.17732881391575,-15.629522716314876],[-58.176467323018109,-15.629329193922331],[-58.175611759605594,-15.62913699937665],[-58.174739394029622,-15.628942441746311],[-58.174942857059868,-15.628102370758706],[-58.175142184033049,-15.627279374008612],[-58.175342296857103,-15.626376878672119],[-58.175529985348177,-15.625590614645729],[-58.175532275611182,-15.625581021852028],[-58.175539349522793,-15.625551387285366],[-58.175550225938238,-15.625506639790483],[-58.173729453363684,-15.625105775595243],[-58.173721368455745,-15.625156278652982],[-58.173715034566598,-15.625195845893328],[-58.173586147575158,-15.626000948224076],[-58.173455441195522,-15.62681740698504],[-58.173444165764948,-15.626887837497897],[-58.17295420056778,-15.630115820327577],[-58.172884100919887,-15.630577641463004],[-58.172877762455187,-15.630619398876988],[-58.172915574945684,-15.630626440674247],[-58.173533240865133,-15.630741463252049],[-58.173561871518729,-15.630746794133506],[-58.173565051976482,-15.630747386356864],[-58.173627603167056,-15.630759034901727],[-58.173707980241161,-15.630774002136068],[-58.173858155619143,-15.630801968355387],[-58.173993618363482,-15.630827193900505],[-58.174091572986569,-15.630845433998619],[-58.174100173473299,-15.630843496999912],[-58.174298144778916,-15.630798897175341],[-58.174389266246187,-15.630790052840464],[-58.174776322752244,-15.630880974002949],[-58.174858750080723,-15.630900336382686],[-58.174892959143428,-15.630908496278595],[-58.174950472535635,-15.630521701502712],[-58.175215222892184,-15.630519184482074],[-58.175270876893279,-15.630522795790185],[-58.175349650235319,-15.630527907564781],[-58.175820515320574,-15.630536854462086],[-58.176111060196945,-15.630542374880598],[-58.176179891965177,-15.630544069540756],[-58.176197457911954,-15.630544501452277],[-58.176262369550066,-15.63054609959255],[-58.176624252539618,-15.630553144128635],[-58.176643387099091,-15.630553516973734],[-58.176762573053033,-15.630555769394135],[-58.176881646125345,-15.630558019643326],[-58.177024530351574,-15.630560735060984]]]]}},
{"type":"Feature","properties":{"COD":0.0,"NOME":"JD. DA PAZ"},"geometry":{"type":"MultiPolygon","coordinates":[[[[-58.174298144778916,-15.630798897175341],[-58.174100173473299,-15.630843496999912],[-58.174091572986569,-15.630845433998619],[-58.173993618363482,-15.630827193900505],[-58.173858155619143,-15.630801968355387],[-58.173707980241161,-15.630774002136068],[-58.173627603167056,-15.630759034901727],[-58.173565051976482,-15.630747386356864],[-58.173561871518729,-15.630746794133506],[-58.173533240865133,-15.630741463252049],[-58.172915574945684,-15.630626440674247],[-58.172877762455187,-15.630619398876988],[-58.172615672181266,-15.63234606175514],[-58.172514613093107,-15.633011836308997],[-58.172493202852209,-15.633180212461093],[-58.172507805411541,-15.633183738301666],[-58.172553453233562,-15.633194758840533],[-58.172637075376016,-15.633214947216201],[-58.172686572577938,-15.633226897158934],[-58.172754908428445,-15.633243395187614],[-58.172905446663769,-15.633279738337601],[-58.173040696756154,-15.633312391116736],[-58.173181105844343,-15.633346288924315],[-58.173280755153591,-15.633370345937507],[-58.173406231996303,-15.633400639124019],[-58.173565587281757,-15.633439110353146],[-58.173703252889318,-15.633469197150555],[-58.173874109814129,-15.633506537289218],[-58.173970041213188,-15.633527502620222],[-58.174077661222292,-15.633551023071327],[-58.174111227974045,-15.633558358518854],[-58.174251070792288,-15.633588920515983],[-58.174455447030489,-15.63363358591894],[-58.174461480722407,-15.633598302099374],[-58.174471365356446,-15.633540498483011],[-58.174480250701073,-15.633488540367305],[-58.174489476350153,-15.633434590023437],[-58.174505656467375,-15.633339977194511],[-58.17452044907057,-15.633253469907048],[-58.174531799677219,-15.633187094813035],[-58.174550240111707,-15.633079260164688],[-58.174564102027105,-15.632998200289068],[-58.174577100044068,-15.632922191557789],[-58.174585257754792,-15.632874485702951],[-58.174590976372301,-15.632841044828337],[-58.17460067990136,-15.632774555618081],[-58.17460703488323,-15.632731006545443],[-58.174620962186061,-15.632635572367189],[-58.174639880335405,-15.632515829778574],[-58.174659986029042,-15.632400523539417],[-58.174677219682188,-15.632257907528544],[-58.174689679693479,-15.632154792558223],[-58.174710144972195,-15.631985426153644],[-58.174721896828544,-15.631888175914204],[-58.174729797002847,-15.631822797314157],[-58.174731234581145,-15.631812515795113],[-58.17467741824867,-15.631809958433102],[-58.174204272347346,-15.631796774004377],[-58.174203598745599,-15.63179675229998],[-58.174215312704774,-15.631719652201847],[-58.17421564086758,-15.631717492816053],[-58.174232296099561,-15.631607870762624],[-58.174232627864377,-15.631605688759818],[-58.174241418946934,-15.631547827724793],[-58.174249279475127,-15.631496088418364],[-58.174267461432315,-15.631385280398707],[-58.174284443846304,-15.631273498057055],[-58.174301427184133,-15.63116171661315],[-58.174318410507865,-15.631049935168084],[-58.17433539381237,-15.630938152817972],[-58.174351561544938,-15.63083204595366],[-58.174355043985479,-15.630809192778374],[-58.174357490595035,-15.63079313711552],[-58.174298144778916,-15.630798897175341]]]]}},
{"type":"Feature","properties":{"COD":0.0,"NOME":"JD. ZEFERINO I"},"geometry":{"type":"MultiPolygon","coordinates":[[[[-58.166784627842155,-15.623734965456828],[-58.166979047976803,-15.623775855310049],[-58.167276740538199,-15.623838464573984],[-58.167362674625551,-15.623856537746686],[-58.168160664037217,-15.624020850043543],[-58.168185009433088,-15.624025843843393],[-58.16840942415525,-15.624071875097625],[-58.168525212230044,-15.624100615925967],[-58.168552883994991,-15.624105960770949],[-58.168611746963172,-15.624117330435476],[-58.168739077824341,-15.624141924920961],[-58.168838778018689,-15.624161182442529],[-58.168898869874809,-15.624172789539877],[-58.169021089255388,-15.624196396890071],[-58.169189704711094,-15.624228965173161],[-58.169344216313803,-15.624258809050181],[-58.169989400803502,-15.624383426090862],[-58.171094659422032,-15.624596901740976],[-58.172034238592893,-15.624778372205776],[-58.173729453363684,-15.625105775595243],[-58.175550225938238,-15.625506639790483],[-58.175560392398864,-15.625464815722511],[-58.175772536467029,-15.624592043948928],[-58.175778473148391,-15.6245676183661],[-58.175781580940807,-15.624554834009354],[-58.175724110044754,-15.624542130099842],[-58.175738987557033,-15.624476385966226],[-58.175760141967771,-15.62438290521748],[-58.175762932415232,-15.624370575419013],[-58.175784384314284,-15.624275778791773],[-58.175798312904185,-15.6242142383937],[-58.174719758357959,-15.623687879457023],[-58.17425952631735,-15.623456060528728],[-58.173908469481447,-15.623279231784295],[-58.173814623369303,-15.623231961137751],[-58.173153226774595,-15.622902611499018],[-58.17300381817774,-15.62282821099801],[-58.172162867070256,-15.622409444684743],[-58.172104678288115,-15.622380915241587],[-58.171981546532677,-15.622320544283319],[-58.171971141308461,-15.622313424598662],[-58.171960718842747,-15.622303435995716],[-58.171952507927756,-15.622291641324388],[-58.171942773024284,-15.62227232160415],[-58.171935225198332,-15.622246890623803],[-58.17191731841887,-15.622169643174002],[-58.171866536587302,-15.621950579631704],[-58.171860558744484,-15.621940926148113],[-58.171872586865994,-15.621875013008397],[-58.171922358967528,-15.621882323881723],[-58.172033398667764,-15.621898633285834],[-58.172042273743614,-15.621899937247337],[-58.172056712074664,-15.621844203720439],[-58.1720882392462,-15.621722503812286],[-58.1721048347218,-15.621731852928692],[-58.172202479954024,-15.621786859641087],[-58.172335089171689,-15.621584301226388],[-58.172200047027466,-15.621509561236081],[-58.172053684965128,-15.621428556030805],[-58.171977795343295,-15.621450006918199],[-58.171704713070206,-15.621310918362331],[-58.171575051837991,-15.621294032022382],[-58.171506954679629,-15.621276467272196],[-58.171616596641179,-15.620794104440407],[-58.169883604292849,-15.620426508478534],[-58.169770721039797,-15.620402563374263],[-58.169004227376988,-15.620239972127482],[-58.168149298556827,-15.620058618874021],[-58.167266620283705,-15.619871374310186],[-58.166975053829276,-15.619809523009977],[-58.166948316936285,-15.620166028576239],[-58.166915236612134,-15.620607117912007],[-58.166809626651911,-15.622015310521626],[-58.166748499215394,-15.622830380354531],[-58.166732637047161,-15.623041876845422],[-58.166698414854537,-15.623498182279153],[-58.166695450415055,-15.623537712513309],[-58.166682271694192,-15.623713437812876],[-58.166720425048872,-15.623721462419567],[-58.166784627842155,-15.623734965456828]]]]}},
{"type":"Feature","properties":{"COD":0.0,"NOME":"JD. ZEFERINO III"},"geometry":{"type":"MultiPolygon","coordinates":[[[[-58.176001719348541,-15.624260240517289],[-58.176287763738841,-15.624128069499339],[-58.175949508484635,-15.623936742902858],[-58.175895953126641,-15.623901085888825],[-58.17574856760195,-15.62381779653597],[-58.175666742529415,-15.62377155516155],[-58.175569742042924,-15.623716737390687],[-58.175472741611109,-15.62366192047701],[-58.175375741228819,-15.623607103516632],[-58.175278739963325,-15.62355228651456],[-58.175181739680099,-15.623497469460784],[-58.174939693970643,-15.623360683157687],[-58.174833450232128,-15.623300790250266],[-58.174603601320072,-15.623170651598267],[-58.174501106856972,-15.623112619488735],[-58.174404321611405,-15.623057820798259],[-58.174312124506933,-15.623005618853041],[-58.174077689068362,-15.62287288190044],[-58.173298800314562,-15.62241609241255],[-58.173192576410294,-15.622357554402583],[-58.173077325052738,-15.622292400957379],[-58.172971377113875,-15.622232507300428],[-58.172866639174423,-15.622173297710207],[-58.172760807032319,-15.622112915213306],[-58.172656124092079,-15.622053187280232],[-58.172547900624096,-15.621987087562628],[-58.17241136434442,-15.621906526393371],[-58.1720882392462,-15.621722503812286],[-58.172056712074664,-15.621844203720439],[-58.172042273743614,-15.621899937247337],[-58.172033398667764,-15.621898633285834],[-58.171922358967528,-15.621882323881723],[-58.171872586865994,-15.621875013008397],[-58.171860558744484,-15.621940926148113],[-58.171866536587302,-15.621950579631704],[-58.17191731841887,-15.622169643174002],[-58.171935225198332,-15.622246890623803],[-58.171942773024284,-15.62227232160415],[-58.171952507927756,-15.622291641324388],[-58.171960718842747,-15.622303435995716],[-58.171971141308461,-15.622313424598662],[-58.171981546532677,-15.622320544283319],[-58.172083872127864,-15.622370713626552],[-58.172104678288115,-15.622380915241587],[-58.172162867070256,-15.622409444684743],[-58.17300381817774,-15.62282821099801],[-58.173153226774595,-15.622902611499018],[-58.173814623369303,-15.623231961137751],[-58.173908469481447,-15.623279231784295],[-58.174719758357959,-15.623687879457023],[-58.175578175062945,-15.624106806565296],[-58.175798310131761,-15.624214242928089],[-58.175762932415232,-15.624370575419013],[-58.176001719348541,-15.624260240517289]]]]}},
{"type":"Feature","properties":{"COD":0.0,"NOME":"JD. SANTA ROSA"},"geometry":{"type":"MultiPolygon","coordinates":[[[[-58.181922135392306,-15.622377149587955],[-58.181969364885084,-15.622169995490248],[-58.182075946922318,-15.621725982880907],[-58.182071203374541,-15.621724914695662],[-58.182033662161793,-15.621716454696491],[-58.181510165389149,-15.621598485503148],[-58.181153814819773,-15.621518181886167],[-58.180958790656824,-15.621474231883084],[-58.180896517144028,-15.621459966057163],[-58.180251463299285,-15.621312189545209],[-58.179464789650559,-15.621131966026962],[-58.179380303724024,-15.621112610776485],[-58.179184353281983,-15.621067718634308],[-58.179180476375436,-15.621066830126832],[-58.179146555271224,-15.621144955399227],[-58.179161565657154,-15.621527988004141],[-58.179184756988171,-15.62228619692428],[-58.179189872803597,-15.622593198000091],[-58.179190533832703,-15.622743493524222],[-58.179203919581028,-15.623117197420694],[-58.179216932576082,-15.62349208651877],[-58.179223775040334,-15.623626726584732],[-58.179227989915589,-15.623743426446051],[-58.179232113274075,-15.623860106007605],[-58.17923632723064,-15.623976804966833],[-58.179240542134721,-15.624093504823307],[-58.179241094913685,-15.624108933365083],[-58.179215904792152,-15.624103709428221],[-58.179072032385271,-15.624073875999287],[-58.178986962766373,-15.624056235813445],[-58.178903175359125,-15.624038861687159],[-58.178806900307599,-15.624018898007746],[-58.178724814427142,-15.624001876236481],[-58.178432000866216,-15.623941157469361],[-58.178375054203336,-15.623940358617723],[-58.178393043258332,-15.624091915191777],[-58.178407446941613,-15.624254750989962],[-58.17840762471328,-15.624256478307444],[-58.178549392306131,-15.624287027615415],[-58.179251410445282,-15.624438302565997],[-58.179498429191355,-15.624491530630619],[-58.179298677115021,-15.625336746073533],[-58.17929886577587,-15.625336788447393],[-58.18014302477382,-15.625526066868266],[-58.180214050876124,-15.625541992339393],[-58.181078505469024,-15.625734681340303],[-58.181165364565018,-15.625754042912087],[-58.182013003788001,-15.625942979717246],[-58.18198439276167,-15.626062962913872],[-58.181803517284763,-15.62684899353504],[-58.181794490089381,-15.626888222887246],[-58.182634714046088,-15.62707533210839],[-58.182687490532174,-15.627087085019706],[-58.182729990935876,-15.627096119210091],[-58.182846982118811,-15.627122157533984],[-58.183094674234248,-15.627177285788282],[-58.183103947516884,-15.62717934008996],[-58.183113333227105,-15.627140860817251],[-58.183125406414533,-15.627091361996174],[-58.183185258246951,-15.626826470457765],[-58.183198118058471,-15.626769555360703],[-58.183215184111823,-15.626694024232163],[-58.183227683713859,-15.626638708278296],[-58.183229878708126,-15.626628993009559],[-58.18324511180969,-15.626561577993529],[-58.183291994452674,-15.626354082999715],[-58.18330496337699,-15.626296685527436],[-58.183319655179112,-15.626231663354311],[-58.183063955772411,-15.626175455792662],[-58.182954897089694,-15.626151481799479],[-58.182912098108403,-15.626142073224305],[-58.182989315169486,-15.625817187144678],[-58.183006041476744,-15.62574681374009],[-58.183056591008423,-15.625534131380187],[-58.18305863432046,-15.62552529100763],[-58.183109814338557,-15.625303839154784],[-58.183190899227448,-15.624952989151369],[-58.183217275501228,-15.624838860739182],[-58.183292799965841,-15.624512069228155],[-58.18330444807922,-15.624461667879675],[-58.183264493295546,-15.624452723991466],[-58.182998616609559,-15.624393207630851],[-58.182963369002245,-15.624385317580302],[-58.182979174094548,-15.624322331345901],[-58.182992034976792,-15.624268536534666],[-58.18303811971419,-15.624075777740844],[-58.182990795446585,-15.624065072030689],[-58.182987607573665,-15.623966305777147],[-58.182987174150696,-15.623952869733328],[-58.182983461341827,-15.623840648041815],[-58.182978024708099,-15.623839418200211],[-58.182966570511326,-15.623836826965352],[-58.182935153661717,-15.623829719831377],[-58.18296296968591,-15.6237153468561],[-58.182972672737293,-15.623675454877693],[-58.182988410973898,-15.623610740733181],[-58.182995065859586,-15.623583378865417],[-58.183015281067739,-15.623500256937731],[-58.182966584123719,-15.623488774020307],[-58.182953367759907,-15.623485658071337],[-58.182947937369264,-15.623484376672016],[-58.182943580169599,-15.623483348910193],[-58.182941372150019,-15.623482828408497],[-58.18294128715263,-15.623482808076707],[-58.182938928756684,-15.623482252229119],[-58.182938480430906,-15.623482147080312],[-58.182937649153196,-15.623481950892872],[-58.182935616724741,-15.623481471024554],[-58.182934945166231,-15.623481312844355],[-58.182933695451489,-15.623481018578278],[-58.182932427051099,-15.623480718989438],[-58.182931667691854,-15.623480539588652],[-58.182929740811879,-15.623480085364742],[-58.182928464944517,-15.623479784912227],[-58.182925821667773,-15.623479160998926],[-58.182924950230991,-15.623478955988805],[-58.182923493160615,-15.623478612221346],[-58.182919828070752,-15.623477747951945],[-58.182918935150163,-15.623477537634141],[-58.182918127221747,-15.62347734674424],[-58.182917626590736,-15.623477229222569],[-58.182916120951184,-15.62347687396602],[-58.182914906726765,-15.623476587643729],[-58.182914340711562,-15.623476454204079],[-58.182913477679705,-15.623476250956431],[-58.182912767822394,-15.623476083039593],[-58.182912060773639,-15.623475916915423],[-58.182911270592967,-15.623475730449401],[-58.182909621116536,-15.623475341619475],[-58.18290804262066,-15.623474968677352],[-58.182906313753612,-15.623474561293191],[-58.182905895311414,-15.623474462310615],[-58.182904257981193,-15.623474077030828],[-58.182903258579437,-15.623473841073487],[-58.182901239230013,-15.623473364749964],[-58.182897028676223,-15.623472372353188],[-58.182896430901671,-15.623472230949488],[-58.182896073174838,-15.623472147006115],[-58.182895722915021,-15.623472063926412],[-58.182895348373208,-15.623471975554116],[-58.182894860815928,-15.623471860673661],[-58.182894309745095,-15.623471730769051],[-58.182893810046828,-15.623471613242298],[-58.182893121673359,-15.623471450633049],[-58.182892639717636,-15.623471336626306],[-58.182890258905353,-15.623470775475532],[-58.18288786501418,-15.62347021077958],[-58.182886789957919,-15.62346995715173],[-58.182885463656021,-15.623469645219956],[-58.182883788021854,-15.623469249299538],[-58.182882234751148,-15.623468883452533],[-58.182880640378265,-15.623468506980139],[-58.182878643450678,-15.623468036862928],[-58.182877203190252,-15.623467696620189],[-58.182875819909107,-15.623467370532891],[-58.182873467120181,-15.623466816462173],[-58.182872883357298,-15.62346667859852],[-58.182872598481666,-15.623466611436758],[-58.182872279981225,-15.623466536321027],[-58.182870358703028,-15.623466082970294],[-58.182868678405278,-15.623465687074898],[-58.182867257763249,-15.623465352149825],[-58.182863519817431,-15.62346447019392],[-58.182861464977904,-15.623463985926119],[-58.18285957358848,-15.623463539645481],[-58.182855603077556,-15.623462603804374],[-58.182853302588804,-15.623462061202387],[-58.182850585528556,-15.62346142051152],[-58.182848845448248,-15.623461009571699],[-58.18284777226269,-15.623460756837463],[-58.182844384576796,-15.623459957961009],[-58.182843359027714,-15.623459716720847],[-58.182839913429873,-15.623458903693894],[-58.182837812819443,-15.623458407921712],[-58.182835486183336,-15.623457860036979],[-58.1828275694387,-15.623455992742521],[-58.182816647960358,-15.623453417609683],[-58.182809912753285,-15.623451829582288],[-58.182802096883492,-15.623449986148778],[-58.182794419254357,-15.62344817631854],[-58.182791104419991,-15.623447394222904],[-58.182782870113584,-15.623445452709767],[-58.182776199353214,-15.623443879700455],[-58.182767597039586,-15.623441850682918],[-58.182756954831369,-15.623439340931304],[-58.182741984386617,-15.623435811392305],[-58.182730050434984,-15.623432997655634],[-58.182710649004306,-15.623428422667549],[-58.182668776022872,-15.623418548024016],[-58.182656126614461,-15.623415565491783],[-58.182635398880201,-15.62341067765972],[-58.182629030744977,-15.623409176231773],[-58.182616922132553,-15.623406320946124],[-58.182612066170464,-15.623405175645043],[-58.18259306164736,-15.623401172488661],[-58.182551880203057,-15.623392498100232],[-58.182523034422132,-15.62338642196675],[-58.182477387155913,-15.623376807153605],[-58.182469391249683,-15.623375122861413],[-58.182460343792989,-15.623373217352905],[-58.182444194153426,-15.623369815268667],[-58.182431113256627,-15.623367060120184],[-58.181853577944743,-15.623245407747598],[-58.181780923798271,-15.623230103471816],[-58.181760035663665,-15.623225703623882],[-58.181719556558413,-15.623217177149822],[-58.181922135392306,-15.622377149587955]]]]}},
{"type":"Feature","properties":{"COD":0.0,"NOME":"JARDIM POPULAR II"},"geometry":{"type":"MultiPolygon","coordinates":[[[[-58.186553105573715,-15.634060256837076],[-58.186553024987582,-15.634054525612459],[-58.186549416895787,-15.633798172406969],[-58.18654610778718,-15.633562950873801],[-58.186545288594594,-15.633504779083264],[-58.186542624597948,-15.633315477846095],[-58.186538341852348,-15.633011129112568],[-58.1865314944191,-15.632524497403143],[-58.186530230364369,-15.632444956083868],[-58.186529237062025,-15.632382461851222],[-58.186527555982572,-15.632276670674084],[-58.186525678521384,-15.632158483501069],[-58.186521047063458,-15.631867087770212],[-58.186510939140327,-15.631231002091379],[-58.1865100845854,-15.63117720628332],[-58.186508766902421,-15.631094336161155],[-58.186504247573751,-15.630809911613525],[-58.186503292494208,-15.630749834206386],[-58.186501220914366,-15.630619465232302],[-58.186495786393522,-15.630360275420367],[-58.186490882124694,-15.630126423715319],[-58.186481987405436,-15.629702226631421],[-58.186481610649629,-15.629684260841247],[-58.186479105641084,-15.629564787158476],[-58.186477948431055,-15.629520141402582],[-58.186475813555177,-15.629437731253621],[-58.186467519916008,-15.629117735797905],[-58.18645921769717,-15.628797373392157],[-58.18645696938583,-15.628710645894703],[-58.186456372075028,-15.62868758326943],[-58.186455308423753,-15.628646546297313],[-58.186451455895778,-15.628238743135233],[-58.186448260920038,-15.627900584117103],[-58.186322365094995,-15.627876720088992],[-58.186271287563102,-15.62786703787785],[-58.186045871899658,-15.627824308402209],[-58.185927119663262,-15.627801798450889],[-58.18588685726629,-15.627793180352274],[-58.185576396748793,-15.627726726849312],[-58.185426754212983,-15.627694695440589],[-58.185132967268537,-15.627631810233606],[-58.185124171581563,-15.627629926991109],[-58.185121747809561,-15.627815082570882],[-58.18512040290404,-15.627917779850602],[-58.185116165625168,-15.628241413629157],[-58.185115180043162,-15.628316734181281],[-58.185112163823845,-15.628547112639264],[-58.185106098194325,-15.62901036359739],[-58.185100899445175,-15.629407491873796],[-58.185101853812078,-15.629489579425716],[-58.185108988878049,-15.630103463608515],[-58.185112048088556,-15.630366615565457],[-58.185113097316638,-15.630456918194763],[-58.185113843200405,-15.63052107789882],[-58.185113998414032,-15.630534440399511],[-58.18511416591754,-15.630548804361107],[-58.185115266470369,-15.630643487941587],[-58.185115349345374,-15.63065059851851],[-58.185116651635106,-15.630762677573488],[-58.185116915475334,-15.630785356944909],[-58.185117606116869,-15.630844775961101],[-58.185117962077967,-15.6308753621999],[-58.18511840043498,-15.630913137657744],[-58.185119351320516,-15.630994934159176],[-58.185119797509756,-15.631033260052712],[-58.185120549848719,-15.631098052452211],[-58.185121142371742,-15.631149006922008],[-58.185121928819584,-15.631216647342638],[-58.185121926251099,-15.631217011630405],[-58.185121882589776,-15.631224178028667],[-58.185121769102878,-15.631242556847281],[-58.185121740414786,-15.631247137091142],[-58.185121725114051,-15.631249666301247],[-58.185121527456751,-15.631281628561622],[-58.185121506344188,-15.631285093345243],[-58.185121413676924,-15.631300118562107],[-58.185121193279151,-15.631335748993472],[-58.18512112132737,-15.631347402531077],[-58.185120903007764,-15.631382745509143],[-58.185120810299338,-15.631397763494864],[-58.185120687952676,-15.631417520816862],[-58.185120603159881,-15.631431320295263],[-58.185120529559185,-15.631443173604779],[-58.18512029863016,-15.631480540494943],[-58.185120243592266,-15.631489458723212],[-58.185120065653045,-15.631518362060469],[-58.185119917741069,-15.631542269350184],[-58.1851197204318,-15.631574129466593],[-58.185119092763948,-15.631675820408978],[-58.185118918248463,-15.631704021392789],[-58.185118734410977,-15.6317338449371],[-58.185119101666807,-15.631752447134499],[-58.185119977665636,-15.6317967346716],[-58.185120764635379,-15.631836571859193],[-58.185122612150245,-15.631930075412606],[-58.185123169945506,-15.631958287806441],[-58.185124754162821,-15.632038450233567],[-58.185124950412828,-15.632048404787392],[-58.185127188389103,-15.632161623117593],[-58.185131710788887,-15.632390454872402],[-58.185133165029974,-15.632464072819497],[-58.185133317616,-15.632471787731308],[-58.185134372938855,-15.632525191989716],[-58.185136758334188,-15.63264587035273],[-58.185150468070582,-15.633339583385151],[-58.185159364018155,-15.633842007218572],[-58.185159668118125,-15.633859194237605],[-58.185159888861563,-15.633871620838089],[-58.185233959346291,-15.633885967875495],[-58.185496014169267,-15.633936725290262],[-58.185636391395818,-15.63396523599434],[-58.185693146898849,-15.633976763167343],[-58.185717217999645,-15.633981651544239],[-58.185780748908542,-15.633994554876042],[-58.185836583416922,-15.6340057001178],[-58.18592099823816,-15.634022549954262],[-58.186200658340667,-15.634077071003293],[-58.186201847814679,-15.634178338078616],[-58.186357501023402,-15.63417448635397],[-58.186497992306649,-15.634174820253428],[-58.186554718659437,-15.634174955441653],[-58.186553105573715,-15.634060256837076]]]]}},
{"type":"Feature","properties":{"COD":0.0,"NOME":"JARDIM PERUCHI"},"geometry":{"type":"MultiPolygon","coordinates":[[[[-58.186554758124423,-15.63417775823703],[-58.186554718659437,-15.634174955441653],[-58.186497992306649,-15.634174820253428],[-58.186357501023402,-15.63417448635397],[-58.186201847814679,-15.634178338078616],[-58.186200658340667,-15.634077071003293],[-58.18592099823816,-15.634022549954262],[-58.185780748908542,-15.633994554876042],[-58.185693146898849,-15.633976763167343],[-58.185636391395818,-15.63396523599434],[-58.185496014169267,-15.633936725290262],[-58.185233959346291,-15.633885967875495],[-58.185159888861563,-15.633871620838089],[-58.18516041601994,-15.633909581105911],[-58.185164605708643,-15.634232622330151],[-58.185164813479041,-15.63424863027268],[-58.185167246056686,-15.634436178361849],[-58.185176310668339,-15.635135007160997],[-58.185177634604962,-15.635237026490868],[-58.185180079283775,-15.635425527212854],[-58.185181343074255,-15.635494071643491],[-58.185191042625817,-15.636019982616977],[-58.185192040303889,-15.636074050634249],[-58.185199426921407,-15.636474546407984],[-58.185201196216674,-15.636570464670953],[-58.185205900947011,-15.63682553660534],[-58.185207140201697,-15.636892726205387],[-58.185209072465774,-15.636997508179771],[-58.185220436074921,-15.637613610754084],[-58.1852239866353,-15.637765850734208],[-58.185817501286436,-15.637753257352459],[-58.185912066356991,-15.63775125099118],[-58.186279828992561,-15.637743446429617],[-58.186290893721456,-15.637743221168133],[-58.18660994554449,-15.637736729854472],[-58.1873010940472,-15.637722667773218],[-58.187350038869035,-15.637721671549782],[-58.187721022790811,-15.637714121924821],[-58.187750540351928,-15.637713706270238],[-58.188014518540335,-15.637709993281584],[-58.189103037728245,-15.637694675742226],[-58.18910811317037,-15.637694672630355],[-58.189183912733682,-15.637694628642482],[-58.189540218873638,-15.637694420202358],[-58.189837718505814,-15.637694246389964],[-58.190463703887808,-15.637693878512248],[-58.190463339300955,-15.637667923096103],[-58.190462924749134,-15.63763848792283],[-58.190461348399218,-15.637526354601629],[-58.190460884137977,-15.637493322162014],[-58.190452986912007,-15.636931735446181],[-58.190452503745078,-15.636897367137907],[-58.190451431619977,-15.636821140446806],[-58.190413774498751,-15.63682139635076],[-58.190397494746463,-15.636821506399682],[-58.189185370855029,-15.63682972848931],[-58.189073833100551,-15.636830484142314],[-58.188700936771674,-15.636833011571335],[-58.188665363530625,-15.635070682692634],[-58.188657859336452,-15.634698135865973],[-58.188656024235279,-15.634606920183584],[-58.188655127763461,-15.634562459282273],[-58.188582975721708,-15.634545215063858],[-58.18834936073381,-15.634500433136923],[-58.188321237328445,-15.634495041840461],[-58.188302648393481,-15.634491479013285],[-58.188293706929329,-15.634489767547279],[-58.188232367096859,-15.634478028171449],[-58.188165583019362,-15.634465247139405],[-58.188129284895524,-15.634458301087941],[-58.188126602923894,-15.634457787733862],[-58.188092610433074,-15.634451282044493],[-58.188047344708799,-15.634442620126338],[-58.188022322634914,-15.634437832072633],[-58.18796504439792,-15.634426764822143],[-58.187880525012083,-15.634410433394237],[-58.187704103852639,-15.634376114683269],[-58.187704066784569,-15.634373406786155],[-58.187703580282808,-15.634338050484786],[-58.187702937927362,-15.634291356449266],[-58.187598055886454,-15.634293368715594],[-58.187318274043179,-15.634298737446638],[-58.187268892749437,-15.634288763475425],[-58.187257737438131,-15.634286510758194],[-58.187257714215079,-15.63428118688574],[-58.18725766799799,-15.634270740710292],[-58.187257518756141,-15.634237241005273],[-58.187083121126015,-15.634240323440292],[-58.187033409687047,-15.63424120257654],[-58.187016966986661,-15.634241493120223],[-58.186828561005271,-15.6342448237985],[-58.186801694366338,-15.634245299075838],[-58.186690340272428,-15.634247267281447],[-58.186636200327172,-15.634248224518359],[-58.186555770145318,-15.634249645736272],[-58.186555466770706,-15.634228071169384],[-58.186554900164062,-15.634187842334773],[-58.186554758124423,-15.63417775823703]]]]}},
{"type":"Feature","properties":{"COD":0.0,"NOME":"JD. DAS OLIVEIRAS"},"geometry":{"type":"MultiPolygon","coordinates":[[[[-58.183397423861571,-15.623590367500309],[-58.183393682180942,-15.623589485573879],[-58.183332470269512,-15.623575051163266],[-58.183015281067739,-15.623500256937731],[-58.182995065859586,-15.623583378865417],[-58.182988411906614,-15.623610740728155],[-58.182972672737293,-15.623675454877693],[-58.182935153661717,-15.623829719831377],[-58.182978023775384,-15.623839418205236],[-58.182983461341827,-15.623840648041815],[-58.182987174150696,-15.623952869733328],[-58.182990795446585,-15.624065072030689],[-58.18303811971419,-15.624075777740844],[-58.182992034976792,-15.624268536534666],[-58.182979174094548,-15.624322331345901],[-58.182963369002245,-15.624385317580302],[-58.182998616609559,-15.624393207630851],[-58.18330444807922,-15.624461667879675],[-58.183292799965841,-15.624512069228155],[-58.183056591008423,-15.625534131380187],[-58.182989315169486,-15.625817187144678],[-58.182912098108403,-15.626142073224305],[-58.183319655179112,-15.626231663354311],[-58.18330496337699,-15.626296685527436],[-58.18324511180969,-15.626561577993529],[-58.183227683713859,-15.626638708278296],[-58.183215184111823,-15.626694024232163],[-58.183198118058471,-15.626769555360703],[-58.183185258246951,-15.626826470457765],[-58.183125406414533,-15.627091361996174],[-58.183103947516884,-15.62717934008996],[-58.183340584850392,-15.62723176079686],[-58.183583760939257,-15.627285629285586],[-58.184194797851134,-15.627422225979016],[-58.185047663583475,-15.627612880305781],[-58.185047839495986,-15.627613300575931],[-58.185070357091369,-15.627618408074126],[-58.185081057032164,-15.627572359568399],[-58.185086670517443,-15.627548201298458],[-58.185088089600278,-15.627542095886957],[-58.185119050654649,-15.627408847550283],[-58.185267891565623,-15.626768279123485],[-58.185293088480392,-15.626663349629425],[-58.18536248649459,-15.626374354991821],[-58.185386854353084,-15.626272875656106],[-58.185409065097922,-15.626180384657559],[-58.185463119756847,-15.625955280480111],[-58.185490482324674,-15.625831205393833],[-58.184948796828579,-15.625708711874703],[-58.184614412023997,-15.625633096500001],[-58.184064827836956,-15.62550881385499],[-58.184032212424597,-15.625501438576514],[-58.184004056752656,-15.625495071495431],[-58.184007052895105,-15.625482262347733],[-58.184023149703428,-15.6254134352513],[-58.184071767829892,-15.625205554749648],[-58.184102179733074,-15.625075521955081],[-58.18411826193752,-15.625006760013324],[-58.184142364728729,-15.62490370217686],[-58.184198502551368,-15.624663673431439],[-58.184268556537717,-15.624364140468312],[-58.184284109683858,-15.624297635713864],[-58.184319443842952,-15.624146554190867],[-58.184336931572851,-15.624071782715733],[-58.18438296237435,-15.623877007395551],[-58.184395498829574,-15.623823959998349],[-58.184397869168919,-15.623813931023282],[-58.184190132398257,-15.623767678118041],[-58.18417091169416,-15.623763397865702],[-58.184088792241759,-15.623745113739275],[-58.183961178223925,-15.623716699939909],[-58.18394679352599,-15.623713497252211],[-58.183865733205607,-15.62369544866994],[-58.183659660937238,-15.623649565909936],[-58.18359298721856,-15.623634720824477],[-58.183549629550896,-15.62362506677831],[-58.183458976698219,-15.623604882309582],[-58.183397423861571,-15.623590367500309]]]]}},
{"type":"Feature","properties":{"COD":0.0,"NOME":"RESIDENCIAL  ARANTES"},"geometry":{"type":"MultiPolygon","coordinates":[[[[-58.182916231367528,-15.621790944471824],[-58.182903051873318,-15.621842840986307],[-58.182886350593414,-15.621908603425453],[-58.182954564828314,-15.621923974674408],[-58.18293388161397,-15.622010373975819],[-58.182923057212633,-15.622055589679933],[-58.182907989294243,-15.622121048644997],[-58.182864524635299,-15.6223098721584],[-58.182855294751874,-15.622349968579035],[-58.182814607526353,-15.62252672442583],[-58.18280263830961,-15.622578718363574],[-58.182926684559192,-15.622607115060852],[-58.18312261260003,-15.622651967673372],[-58.183105754929265,-15.622722168245138],[-58.183078770285739,-15.622836562967278],[-58.18307468260403,-15.622853890291548],[-58.183051166392282,-15.622953579641974],[-58.183022609982828,-15.623074633775172],[-58.182953577792006,-15.623059017503365],[-58.182957302764308,-15.623180521357222],[-58.182960740941439,-15.623292682167783],[-58.182965038673139,-15.623432882952986],[-58.183026430209715,-15.623446771446847],[-58.183014385343618,-15.623500045731518],[-58.183393682180942,-15.623589485573879],[-58.183458976698219,-15.623604882309582],[-58.183549629550896,-15.62362506677831],[-58.18359298721856,-15.623634720824477],[-58.183659660937238,-15.623649565909936],[-58.183865733205607,-15.62369544866994],[-58.18394679352599,-15.623713497252211],[-58.18417091169416,-15.623763397865702],[-58.184190132398257,-15.623767678118041],[-58.184397869168919,-15.623813931023282],[-58.184404040406001,-15.623787816413392],[-58.184418920789696,-15.62372485317082],[-58.184595963937113,-15.622975705682023],[-58.184790206392186,-15.622153775827567],[-58.184944996759633,-15.621498779784192],[-58.184437517395253,-15.621387956112633],[-58.184092216465729,-15.621306004113306],[-58.183997224051268,-15.621283458701839],[-58.183155711223463,-15.621083736158843],[-58.182915849394689,-15.621026807186725],[-58.182887235822818,-15.621020015741752],[-58.182888116532219,-15.62109694703032],[-58.18288828266428,-15.621111433954564],[-58.182889817054175,-15.621245559138918],[-58.182890542793928,-15.621308972429896],[-58.182901732032803,-15.621311415961374],[-58.182891401008803,-15.62135418213045],[-58.182872302412051,-15.621433243109351],[-58.182758096117034,-15.621410321613203],[-58.182751522456151,-15.621437531182526],[-58.182740910761758,-15.621481456763334],[-58.182729403457351,-15.621529092283216],[-58.182843609817077,-15.621552013789708],[-58.182896269884509,-15.621562583255404],[-58.182970446138334,-15.621577470428276],[-58.182916231367528,-15.621790944471824]]]]}},
{"type":"Feature","properties":{"COD":0.0,"NOME":"JD. SANTA ROSA II"},"geometry":{"type":"MultiPolygon","coordinates":[[[[-58.181222334937537,-15.619776422089993],[-58.181196243339876,-15.619770706048946],[-58.181114781007523,-15.619751374943737],[-58.181115531126892,-15.619822077262754],[-58.181116337581891,-15.619898054482206],[-58.181117053686279,-15.619965586075871],[-58.181118296115024,-15.620082661620732],[-58.181121751030595,-15.62019485591212],[-58.181125205959617,-15.620307051105941],[-58.181138827722847,-15.62031014692154],[-58.181078026652891,-15.620556282607078],[-58.181063142006991,-15.620616538511227],[-58.181155698914516,-15.62063736825912],[-58.181169701578895,-15.620640519872056],[-58.181153698708727,-15.620708935945444],[-58.181136688890184,-15.620781659130657],[-58.181095965608677,-15.62095576469474],[-58.181275581952526,-15.620995434353217],[-58.181153814819773,-15.621518181886167],[-58.181510165389149,-15.621598485503148],[-58.182033662161793,-15.621716454696491],[-58.182071203374541,-15.621724914695662],[-58.182075946922318,-15.621725982880907],[-58.181969364885084,-15.622169995490248],[-58.181922135392306,-15.622377149587955],[-58.181897397455074,-15.622479727988546],[-58.181719556558413,-15.623217177149822],[-58.181760035663665,-15.623225703623882],[-58.181780923803451,-15.623230104375697],[-58.181881199376164,-15.623251226623061],[-58.181968293215924,-15.623269571591665],[-58.182026193913678,-15.623281768074097],[-58.182107029832451,-15.623298795343324],[-58.182146453678641,-15.623307099642309],[-58.182203455997652,-15.623319106574765],[-58.182244134988771,-15.623327675267866],[-58.182296134505897,-15.623338628047506],[-58.182319275188384,-15.623343502915889],[-58.182360966511716,-15.623352283975544],[-58.182375233440951,-15.623355289449281],[-58.182405484708731,-15.623361661744612],[-58.182431113256627,-15.623367060120184],[-58.182444194153426,-15.623369815268667],[-58.182460343792989,-15.623373217352905],[-58.182469391249683,-15.623375122861413],[-58.182477387155913,-15.623376807153605],[-58.182523034422132,-15.62338642196675],[-58.182538370648615,-15.623389652165278],[-58.182551880203057,-15.623392498100232],[-58.18259306164736,-15.623401172488661],[-58.182612066170464,-15.623405175645043],[-58.182616922132553,-15.623406320946124],[-58.182629030744977,-15.623409176231773],[-58.182635398880201,-15.62341067765972],[-58.182656126614461,-15.623415565491783],[-58.182668776022872,-15.623418548024016],[-58.182710649004306,-15.623428422667549],[-58.182730050434984,-15.623432997655634],[-58.182741984386617,-15.623435811392305],[-58.182756954831369,-15.623439340931304],[-58.182767597039586,-15.623441850682918],[-58.182776199353214,-15.623443879700455],[-58.182782870113584,-15.623445452709767],[-58.182791104419991,-15.623447394222904],[-58.182794419254357,-15.62344817631854],[-58.182802096883492,-15.623449986148778],[-58.182809912753285,-15.623451829582288],[-58.182816647960358,-15.623453417609683],[-58.1828275694387,-15.623455992742521],[-58.182835486183336,-15.623457860036979],[-58.182837812819443,-15.623458407921712],[-58.182839913429873,-15.623458903693894],[-58.182843359027714,-15.623459716720847],[-58.182844384576796,-15.623459957961009],[-58.18284777226269,-15.623460756837463],[-58.182848845448248,-15.623461009571699],[-58.182850585528556,-15.62346142051152],[-58.182853302588804,-15.623462061202387],[-58.182855603077556,-15.623462603804374],[-58.18285957358848,-15.623463539645481],[-58.182861464977904,-15.623463985926119],[-58.182863519817431,-15.62346447019392],[-58.182867257763249,-15.623465352149825],[-58.182868678405278,-15.623465687074898],[-58.182870358703028,-15.623466082970294],[-58.182872279981225,-15.623466536321027],[-58.182872598481666,-15.623466611436758],[-58.182872883357298,-15.62346667859852],[-58.182873467120181,-15.623466816462173],[-58.182875819909107,-15.623467370532891],[-58.182877203190252,-15.623467696620189],[-58.182878643450678,-15.623468036862928],[-58.182880640378265,-15.623468506980139],[-58.182882234751148,-15.623468883452533],[-58.182883788021854,-15.623469249299538],[-58.182885463656021,-15.623469645219956],[-58.182886789957919,-15.62346995715173],[-58.18288786501418,-15.62347021077958],[-58.182890258905353,-15.623470775475532],[-58.182892639717636,-15.623471336626306],[-58.182893121673359,-15.623471450633049],[-58.182893810046828,-15.623471613242298],[-58.182894309745095,-15.623471730769051],[-58.182894860815928,-15.623471860673661],[-58.182895348373208,-15.623471975554116],[-58.182895722915021,-15.623472063926412],[-58.182896073174838,-15.623472147006115],[-58.182896430901671,-15.623472230949488],[-58.182897028676223,-15.623472372353188],[-58.182901239230013,-15.623473364749964],[-58.182903258579437,-15.623473841073487],[-58.182904257981193,-15.623474077030828],[-58.182905895311414,-15.623474462310615],[-58.182906313753612,-15.623474561293191],[-58.18290804262066,-15.623474968677352],[-58.182909621116536,-15.623475341619475],[-58.182911270592967,-15.623475730449401],[-58.182912060773639,-15.623475916915423],[-58.182912767822394,-15.623476083039593],[-58.182913477679705,-15.623476250956431],[-58.182914340711562,-15.623476454204079],[-58.182914906726765,-15.623476587643729],[-58.182916120951184,-15.62347687396602],[-58.182917626590736,-15.623477229222569],[-58.182918127221747,-15.62347734674424],[-58.182918935150163,-15.623477537634141],[-58.182919828070752,-15.623477747951945],[-58.182923493160615,-15.623478612221346],[-58.182924950230991,-15.623478955988805],[-58.182925821667773,-15.623479160998926],[-58.182928464944517,-15.623479784912227],[-58.182929740811879,-15.623480085364742],[-58.182931667691854,-15.623480539588652],[-58.182932427051099,-15.623480718989438],[-58.182933695451489,-15.623481018578278],[-58.182934945166231,-15.623481312844355],[-58.182935616724741,-15.623481471024554],[-58.182937649153196,-15.623481950892872],[-58.182938480430906,-15.623482147080312],[-58.182938928756684,-15.623482252229119],[-58.18294128715263,-15.623482808076707],[-58.182941372150019,-15.623482828408497],[-58.182943580169599,-15.623483348910193],[-58.182947937369264,-15.623484376672016],[-58.182953367759907,-15.623485658071337],[-58.182966584123719,-15.623488774020307],[-58.183014385343618,-15.623500045731518],[-58.183026430209715,-15.623446771446847],[-58.182965038673139,-15.623432882952986],[-58.182960740941439,-15.623292682167783],[-58.182957302764308,-15.623180521357222],[-58.182953577792006,-15.623059017503365],[-58.182983132196377,-15.623065703516254],[-58.183022609982828,-15.623074633775172],[-58.183051166392282,-15.622953579641974],[-58.18307468260403,-15.622853890291548],[-58.183078770285739,-15.622836562967278],[-58.183100038206383,-15.622746403869471],[-58.183105754929265,-15.622722168245138],[-58.18312261260003,-15.622651967673372],[-58.182926684559192,-15.622607115060852],[-58.18280263830961,-15.622578718363574],[-58.182814607526353,-15.62252672442583],[-58.182855294751874,-15.622349968579035],[-58.182864524635299,-15.6223098721584],[-58.182907989294243,-15.622121048644997],[-58.182923057212633,-15.622055589679933],[-58.18293388161397,-15.622010373975819],[-58.182954564828314,-15.621923974674408],[-58.182886350593414,-15.621908603425453],[-58.182903051873318,-15.621842840986307],[-58.182916231367528,-15.621790944471824],[-58.182970446138334,-15.621577470428276],[-58.182920701457178,-15.621567486369536],[-58.182896269884509,-15.621562583255404],[-58.182843609817077,-15.621552013789708],[-58.182729403457351,-15.621529092283216],[-58.182740910761758,-15.621481456763334],[-58.182751522456151,-15.621437531182526],[-58.182758096117034,-15.621410321613203],[-58.182872302412051,-15.621433243109351],[-58.182891401008803,-15.62135418213045],[-58.182901732032803,-15.621311415961374],[-58.182890542793928,-15.621308972429896],[-58.182889817054175,-15.621245559138918],[-58.18288828266428,-15.621111433954564],[-58.182888116532219,-15.62109694703032],[-58.182887235822818,-15.621020015741752],[-58.183155711223463,-15.621083736158843],[-58.18321492743928,-15.62083637386238],[-58.183270916929651,-15.620599206935596],[-58.183316445530458,-15.620402653775766],[-58.18333951519292,-15.620303062622606],[-58.183352184998597,-15.620248363108734],[-58.182513751146239,-15.620056268233418],[-58.182475845047918,-15.62004788708785],[-58.182440562872948,-15.620038714443567],[-58.181554647541475,-15.619849219859416],[-58.181222334937537,-15.619776422089993]]]]}},
{"type":"Feature","properties":{"COD":0.0,"NOME":"JD. ARATAKA"},"geometry":{"type":"MultiPolygon","coordinates":[[[[-58.173987841662864,-15.6158865415567],[-58.173996396121098,-15.615807805959172],[-58.173777352784825,-15.615759145213568],[-58.173284619058066,-15.61564968083162],[-58.1731496598902,-15.615619698728059],[-58.172787933509639,-15.61553933792694],[-58.172576788659121,-15.615492429833967],[-58.172295444352379,-15.615430896791345],[-58.172002892221514,-15.615369459347718],[-58.171860498166367,-15.615339555877593],[-58.171853248438858,-15.615448450685154],[-58.171818208175857,-15.615995976191902],[-58.171807806603951,-15.616130946645169],[-58.171752607180068,-15.616860524191926],[-58.171766473102245,-15.616936198789128],[-58.171780464154928,-15.617012553361045],[-58.171761323418771,-15.617267945076648],[-58.171753120773822,-15.617377399052302],[-58.171744918124389,-15.617486853027177],[-58.171735347270349,-15.617614548884088],[-58.1717257773429,-15.617742244734972],[-58.171725600990293,-15.617801000746319],[-58.17172537900484,-15.617874871284096],[-58.17171041771843,-15.618202315771917],[-58.171936586705257,-15.618250660192277],[-58.172107454027469,-15.61828884406142],[-58.172243784071121,-15.618319310202121],[-58.172432829333822,-15.618361555650985],[-58.172621873730002,-15.618403800936552],[-58.172675674156842,-15.61841582305153],[-58.173143436195126,-15.618524386823132],[-58.173802642530681,-15.618677006871069],[-58.173987841662864,-15.6158865415567]]]]}},
{"type":"Feature","properties":{"COD":0.0,"NOME":"JD. VISTA ALEGRE"},"geometry":{"type":"MultiPolygon","coordinates":[[[[-58.167863241765431,-15.614503297702109],[-58.167379703945805,-15.61441386923868],[-58.166975053829276,-15.619809523009977],[-58.167243622937072,-15.619866496139284],[-58.167566067774111,-15.61993489711617],[-58.168149298556827,-15.620058618874021],[-58.169003228140824,-15.620239760509451],[-58.169770721039797,-15.620402563374263],[-58.169883604292849,-15.620426508478534],[-58.171386136777443,-15.620745221439345],[-58.17139115071739,-15.620722805737156],[-58.171434611416693,-15.62052849259047],[-58.171494208065091,-15.620262032717644],[-58.171524714126853,-15.620101769375554],[-58.171556325699122,-15.619960428008865],[-58.171587938167498,-15.619819086633845],[-58.171619550599274,-15.619677745255471],[-58.171651162989313,-15.619536402969842],[-58.171682775347904,-15.619395061584767],[-58.17171830222378,-15.619249918249469],[-58.171747278569178,-15.619117272981629],[-58.17177432213677,-15.61899347103569],[-58.171801366614922,-15.618869669986195],[-58.171828410127944,-15.618745868035321],[-58.171855454546375,-15.618622066077011],[-58.171882498937521,-15.618498264116232],[-58.171909542368688,-15.618374462157991],[-58.171936586705257,-15.618250660192277],[-58.17171041771843,-15.618202315771917],[-58.171709037084689,-15.618192105338281],[-58.17172537900484,-15.617874871284096],[-58.1717257773429,-15.617742244734972],[-58.171735347270349,-15.617614548884088],[-58.171744918124389,-15.617486853027177],[-58.171753120773822,-15.617377399052302],[-58.171761323418771,-15.617267945076648],[-58.171780464154928,-15.617012553361045],[-58.171752607180068,-15.616860524191926],[-58.171807806603951,-15.616130946645169],[-58.171818208175857,-15.615995976191902],[-58.171853248438858,-15.615448450685154],[-58.171860498166367,-15.615339555877593],[-58.171422615393524,-15.615247597003439],[-58.171098218170222,-15.615179485579109],[-58.169864874895367,-15.614922644946496],[-58.169525738514352,-15.614852019035458],[-58.168096233022482,-15.614552382071242],[-58.167863241765431,-15.614503297702109]]]]}},
{"type":"Feature","properties":{"COD":0.0,"NOME":"JD. ALVORADA"},"geometry":{"type":"MultiPolygon","coordinates":[[[[-58.166698414854537,-15.623498182279153],[-58.166732637047161,-15.623041876845422],[-58.166748499215394,-15.622830380354531],[-58.16681343323193,-15.62196455374872],[-58.166481070820737,-15.621898572808828],[-58.166115566131154,-15.621826012473974],[-58.165750061656475,-15.62175345151236],[-58.165634777896315,-15.62173443161322],[-58.165419584121203,-15.621685020157317],[-58.164100920048135,-15.621382235132408],[-58.164029541521799,-15.621768353577332],[-58.163716848494239,-15.623082354366286],[-58.164777835643612,-15.623311078850978],[-58.165546854079672,-15.623474635377663],[-58.166413493978766,-15.623656909250746],[-58.166518584454977,-15.623679011842704],[-58.166682271694192,-15.623713437812876],[-58.166695450415055,-15.623537712513309],[-58.166698414854537,-15.623498182279153]]]]}},
{"type":"Feature","properties":{"COD":0.0,"NOME":"JD. PLACIDO DAS FLORES"},"geometry":{"type":"MultiPolygon","coordinates":[[[[-58.178026516217024,-15.615018432110002],[-58.177831317545781,-15.614952870960746],[-58.177836903176384,-15.615098979549582],[-58.177839860352293,-15.61517631477731],[-58.177846120047299,-15.615347030470282],[-58.177847060370823,-15.615372860946465],[-58.17785505395895,-15.615592400100425],[-58.177858378287993,-15.615683716822188],[-58.177863044375385,-15.615811867857024],[-58.177867640796777,-15.615938107496783],[-58.177871641959769,-15.616046675297259],[-58.177879132160434,-15.616217905024209],[-58.177891763271738,-15.616506666817951],[-58.177893424944934,-15.616544640145502],[-58.177896907241987,-15.616624246777404],[-58.177897377191968,-15.616634999865273],[-58.177898242922133,-15.616654788108546],[-58.181065877191223,-15.617344903627949],[-58.181083980020091,-15.61624206776518],[-58.180999595586307,-15.616199378990256],[-58.180595073855599,-15.615994736404611],[-58.179992490887905,-15.615689894337187],[-58.179945625017361,-15.615666185359567],[-58.179798815294099,-15.615591915402842],[-58.179621677272515,-15.615502301707053],[-58.179498768835174,-15.615440123081981],[-58.179363149514089,-15.615405373045675],[-58.17929510413088,-15.615389752842958],[-58.178896139723058,-15.61529817046941],[-58.178614996606591,-15.615217842348732],[-58.178098107007514,-15.615044236118722],[-58.178026516217024,-15.615018432110002]]]]}},
{"type":"Feature","properties":{"COD":0.0,"NOME":"CHACARA SANTO REIS"},"geometry":{"type":"MultiPolygon","coordinates":[[[[-58.181116337581891,-15.619898054482206],[-58.181115531126892,-15.619822077262754],[-58.181114781007523,-15.619751374943737],[-58.181110024104555,-15.619750246244349],[-58.181080001344142,-15.619743121355599],[-58.179878964542347,-15.619458110349337],[-58.179180476375436,-15.621066830126832],[-58.179307355127293,-15.621095898008415],[-58.179427421538243,-15.621123405207808],[-58.179464789650559,-15.621131966026962],[-58.180251463299285,-15.621312189545209],[-58.18115365368508,-15.621518873338328],[-58.181275581952526,-15.620995434353217],[-58.181205094831135,-15.620979866883818],[-58.181095965608677,-15.62095576469474],[-58.181153698708727,-15.620708935945444],[-58.181169701578895,-15.620640519872056],[-58.181155698914516,-15.62063736825912],[-58.181063142006991,-15.620616538511227],[-58.181078026652891,-15.620556282607078],[-58.181138827722847,-15.62031014692154],[-58.181125205959617,-15.620307051105941],[-58.181121751030595,-15.62019485591212],[-58.181118296115024,-15.620082661620732],[-58.181116337581891,-15.619898054482206]]]]}},
{"type":"Feature","properties":{"COD":0.0,"NOME":"PACAEMBU"},"geometry":{"type":"MultiPolygon","coordinates":[[[[-58.188047344708799,-15.634442620126338],[-58.188092610422657,-15.634451280236757],[-58.188126602918679,-15.634457786829987],[-58.188129284890309,-15.634458300184072],[-58.188165583019362,-15.634465247139405],[-58.188232367096859,-15.634478028171449],[-58.188230589298108,-15.634289662331369],[-58.188221659684743,-15.634155623721227],[-58.188217716173327,-15.634026805266263],[-58.188214707476611,-15.6339285743895],[-58.188213843018204,-15.633900317597748],[-58.188211388158294,-15.633820154576188],[-58.188209969868367,-15.633773829023539],[-58.188208067920144,-15.633711735670465],[-58.188206097651374,-15.633647338634701],[-58.188204747694911,-15.633603317667268],[-58.188201946672002,-15.63351181522942],[-58.188197794641589,-15.633376269230196],[-58.188181303280039,-15.633239054563219],[-58.188178988529835,-15.633040210834745],[-58.188177725863795,-15.632931750946755],[-58.188176464136085,-15.632823291052539],[-58.188175201481172,-15.632714831162254],[-58.188172886410108,-15.632515923248397],[-58.188166062947637,-15.632369541232398],[-58.188164071457713,-15.632292721038393],[-58.188162079976628,-15.632215901747625],[-58.188160088499131,-15.632139082456209],[-58.188159609706624,-15.632120597489893],[-58.188159183737085,-15.632104155061716],[-58.188158097958002,-15.63206226315908],[-58.188156564808352,-15.632003128988302],[-58.188154115015841,-15.631908623669144],[-58.188153671215154,-15.63189151515949],[-58.188151341321678,-15.631801624526556],[-58.188150132093313,-15.631754985080486],[-58.188148684348334,-15.631699335901265],[-58.188146138919635,-15.631601345640917],[-58.188146028204358,-15.631596866489431],[-58.188143372072027,-15.631494397980328],[-58.188142166286347,-15.631447706991519],[-58.18814073739437,-15.631391928450034],[-58.188138111529469,-15.63128936848042],[-58.188130988867059,-15.631153840342506],[-58.188128645956247,-15.631063464376078],[-58.188128205750054,-15.63104649233501],[-58.188126303055654,-15.630973089312647],[-58.188125422634876,-15.630939143422388],[-58.188124977661687,-15.630921991529888],[-58.188122640464719,-15.630831795407333],[-58.188121617269438,-15.630792339183094],[-58.188120189803534,-15.630737289177061],[-58.188116931497966,-15.630611588146081],[-58.188115522321674,-15.630521209830095],[-58.188114112211586,-15.630430830614443],[-58.18810522526082,-15.630300395575889],[-58.188102752740633,-15.630210019399032],[-58.188100281158299,-15.630119643216222],[-58.188097809586274,-15.630029267936377],[-58.188095338014151,-15.629938891751753],[-58.188092866452351,-15.629848516470094],[-58.188090394890438,-15.629758140283661],[-58.188085450854381,-15.629577388816987],[-58.188078728514078,-15.629375529048234],[-58.188076127839565,-15.629244474225739],[-58.188073437773511,-15.629108914824021],[-58.188062616678678,-15.628563550921095],[-58.188054909143524,-15.628344810617525],[-58.188052826982457,-15.628285720975127],[-58.188050387918636,-15.628216498683235],[-58.187983183368409,-15.628202424438385],[-58.18792602387591,-15.628190453416501],[-58.187878028770086,-15.628180401476678],[-58.187840812771768,-15.628172607888173],[-58.187818926769936,-15.62816802333694],[-58.187781446480166,-15.628160174222623],[-58.187725846625256,-15.628148530053972],[-58.187435246292274,-15.628087669078859],[-58.187218232514027,-15.628046534156937],[-58.187162170300233,-15.628313910678285],[-58.187153945460381,-15.628385703545183],[-58.187147901895386,-15.628493356989059],[-58.187182961687803,-15.629437657703937],[-58.187183616812334,-15.629520441915382],[-58.187190238551935,-15.630357090359388],[-58.187205050955193,-15.631225225333042],[-58.187227907060475,-15.632441177227175],[-58.187244975211421,-15.6333124246118],[-58.187257518756141,-15.634237241005273],[-58.18725766799799,-15.634270740710292],[-58.187257714215079,-15.63428118688574],[-58.187257737438131,-15.634286510758194],[-58.187268892749437,-15.634288763475425],[-58.187318274043179,-15.634298737446638],[-58.187598055886454,-15.634293368715594],[-58.187702937927362,-15.634291356449266],[-58.187704066784569,-15.634373406786155],[-58.187704103852639,-15.634376114683269],[-58.187880525012083,-15.634410433394237],[-58.188022322634914,-15.634437832072633],[-58.188047344708799,-15.634442620126338]]]]}},
{"type":"Feature","properties":{"COD":0.0,"NOME":"JD. ITALIA"},"geometry":{"type":"MultiPolygon","coordinates":[[[[-58.174374199595313,-15.613962998656879],[-58.174358432398876,-15.613959290160571],[-58.174308370948694,-15.613947515951443],[-58.174271666965915,-15.613939520968589],[-58.174207196156203,-15.613925476323747],[-58.174109355314734,-15.613904164550574],[-58.174102546449298,-15.613902680573842],[-58.174018356029642,-15.61388434196081],[-58.17399789676206,-15.613879884772423],[-58.173927356759421,-15.613864519332086],[-58.173893247094476,-15.613857088919481],[-58.173836356571385,-15.613844696669394],[-58.173788597446574,-15.613834293015021],[-58.173745357330908,-15.613824873962779],[-58.17368394781834,-15.613811497059043],[-58.173652908741488,-15.613804736266479],[-58.173579298209745,-15.613788701051549],[-58.173561909530974,-15.61378491348133],[-58.173474648620839,-15.613765904992555],[-58.173383649439472,-15.61374608213109],[-58.173369999984288,-15.61374310887706],[-58.173292650272963,-15.613726259230683],[-58.173267394027874,-15.613836578086447],[-58.173242018539312,-15.613947418229198],[-58.173227082415075,-15.613996677960145],[-58.173209406993976,-15.61405497334648],[-58.173188200425784,-15.614149203559684],[-58.173186967737863,-15.614154678800766],[-58.173168324751494,-15.614237516897548],[-58.173164588519647,-15.614254119990809],[-58.173148450000639,-15.614325831132987],[-58.173141731661907,-15.614355680687984],[-58.173128574297564,-15.614414144468208],[-58.173118874785139,-15.614457241383432],[-58.173108698580116,-15.614502457802118],[-58.173096018822022,-15.614558802072123],[-58.173088823780965,-15.614590771129699],[-58.173073161907212,-15.614660362764067],[-58.173068948039884,-15.614679085364843],[-58.173050304973366,-15.614761923454257],[-58.17304907321197,-15.614767398689789],[-58.173029197436961,-15.614855712018393],[-58.173027448953185,-15.614863484137706],[-58.173009322580263,-15.61494402534071],[-58.173004591976152,-15.614965043920522],[-58.172989446781628,-15.615032339570554],[-58.172987527257085,-15.615040870079858],[-58.172981734985235,-15.615066604605445],[-58.172969571896161,-15.615120652890219],[-58.172958878907977,-15.61516816528367],[-58.172949696063618,-15.615208966213528],[-58.172936021879011,-15.615269725965112],[-58.172929821149381,-15.615297279530553],[-58.172886333147794,-15.615490510164246],[-58.172881364175929,-15.615512588493816],[-58.17287069775098,-15.615557725266289],[-58.17289586920532,-15.615563317099344],[-58.173020721620503,-15.615591053802108],[-58.1731496598902,-15.615619698728059],[-58.173284619058066,-15.61564968083162],[-58.173777352784825,-15.615759145213568],[-58.174762071860101,-15.615976139289002],[-58.175045419609376,-15.616037603213979],[-58.175058281716062,-15.61598142511416],[-58.175087935632327,-15.615851907953624],[-58.175107538638507,-15.615766286894205],[-58.175127742288858,-15.615678043993578],[-58.175147945919392,-15.615589800187699],[-58.175168149535253,-15.615501556380462],[-58.175188353141614,-15.615413313475745],[-58.175208556728172,-15.615325069665799],[-58.175228760300072,-15.615236825854467],[-58.175248963862458,-15.615148582945682],[-58.175269167405034,-15.615060339131649],[-58.175274238304127,-15.615038189713651],[-58.175289370932958,-15.614972095316253],[-58.175297169303924,-15.61493803314087],[-58.175309574451376,-15.614883852403375],[-58.175320100289987,-15.61483787747021],[-58.175329777949983,-15.614795608585258],[-58.175343253301477,-15.614736749810666],[-58.175349981433932,-15.614707364765767],[-58.175370183975694,-15.614619121853812],[-58.175391741620025,-15.614524965543337],[-58.175416636366144,-15.614420473244071],[-58.175436089864917,-15.614341719058617],[-58.175436176466498,-15.614341366974324],[-58.17545980090798,-15.614245728936201],[-58.175470921603321,-15.614200708053824],[-58.175455402648645,-15.614197357162229],[-58.175379884782757,-15.614181048950309],[-58.175350709931955,-15.614174748461068],[-58.175340131119192,-15.614172463949579],[-58.175288847039091,-15.614161388908926],[-58.175246017234741,-15.614152139708379],[-58.175197810247965,-15.614141729727461],[-58.175141324562148,-15.61412953180802],[-58.175106772538889,-15.614122070512016],[-58.175036631903886,-15.614106922952232],[-58.175015735772078,-15.614102410348712],[-58.174931938337558,-15.614084314953759],[-58.174924698092468,-15.614082751055312],[-58.174833661360246,-15.614063091717943],[-58.174827245718255,-15.614061705994876],[-58.17474262370493,-15.614043431442701],[-58.174722553118407,-15.61403909698446],[-58.174651587002181,-15.61402377202738],[-58.174617860543208,-15.614016488826367],[-58.174532478397637,-15.613998050128922],[-58.174509386770829,-15.613993062913568],[-58.174419441794882,-15.613973639808536],[-58.174374199595313,-15.613962998656879]]]]}},
{"type":"Feature","properties":{"COD":0.0,"NOME":"JD. ITALIA II"},"geometry":{"type":"MultiPolygon","coordinates":[[[[-58.173088823780965,-15.614590771129699],[-58.173096018822022,-15.614558802072123],[-58.173108698580116,-15.614502457802118],[-58.173118874785139,-15.614457241383432],[-58.173128574297564,-15.614414144468208],[-58.173141731661907,-15.614355680687984],[-58.173148450000639,-15.614325831132987],[-58.173164588519647,-15.614254119990809],[-58.173168324751494,-15.614237516897548],[-58.173186967737863,-15.614154678800766],[-58.173188200425784,-15.614149203559684],[-58.173209406993976,-15.61405497334648],[-58.173242018539312,-15.613947418229198],[-58.173267394027874,-15.613836578086447],[-58.173292650272963,-15.613726259230683],[-58.173369999984288,-15.61374310887706],[-58.173383649439472,-15.61374608213109],[-58.173474648620839,-15.613765904992555],[-58.173561909530974,-15.61378491348133],[-58.173579298209745,-15.613788701051549],[-58.173652908741488,-15.613804736266479],[-58.17368394781834,-15.613811497059043],[-58.173745357330908,-15.613824873962779],[-58.173788597446574,-15.613834293015021],[-58.173836356571385,-15.613844696669394],[-58.173893247094476,-15.613857088919481],[-58.173927356759421,-15.613864519332086],[-58.17399789676206,-15.613879884772423],[-58.174018356029642,-15.61388434196081],[-58.174102546449298,-15.613902680573842],[-58.174109355314734,-15.613904164550574],[-58.174207196156203,-15.613925476323747],[-58.174271666965915,-15.613939520968589],[-58.174308370948694,-15.613947515951443],[-58.174419441794882,-15.613973639808536],[-58.174509386770829,-15.613993062913568],[-58.174532478397637,-15.613998050128922],[-58.174617860543208,-15.614016488826367],[-58.174651587002181,-15.61402377202738],[-58.174722553118407,-15.61403909698446],[-58.17474262370493,-15.614043431442701],[-58.174827245718255,-15.614061705994876],[-58.174833661360246,-15.614063091717943],[-58.174924698092468,-15.614082751055312],[-58.174931938337558,-15.614084314953759],[-58.175015735772078,-15.614102410348712],[-58.175036631903886,-15.614106922952232],[-58.175106772538889,-15.614122070512016],[-58.175141324562148,-15.61412953180802],[-58.175197810247965,-15.614141729727461],[-58.175246017234741,-15.614152139708379],[-58.175288847039091,-15.614161388908926],[-58.175340131119192,-15.614172463949579],[-58.175350709931955,-15.614174748461068],[-58.175379884782757,-15.614181048950309],[-58.175455402648645,-15.614197357162229],[-58.175470921603321,-15.614200708053824],[-58.175436176466498,-15.614341366974324],[-58.175416636366144,-15.614420473244071],[-58.175391741620025,-15.614524965543337],[-58.175370183975694,-15.614619121853812],[-58.175343253301477,-15.614736749810666],[-58.175329777949983,-15.614795608585258],[-58.175320100289987,-15.61483787747021],[-58.175309574451376,-15.614883852403375],[-58.175297169303924,-15.61493803314087],[-58.175289370932958,-15.614972095316253],[-58.175274238304127,-15.615038189713651],[-58.175557246434636,-15.615100663635447],[-58.175666375705575,-15.615124753463359],[-58.175772059860257,-15.615148082510343],[-58.175869009323229,-15.615169484135697],[-58.175869334883679,-15.615168018963375],[-58.175950537961995,-15.615185944363981],[-58.175973771690707,-15.615084464605234],[-58.175996601330084,-15.614984748727627],[-58.176009363924003,-15.614929002285159],[-58.17601943095589,-15.614885033752163],[-58.1760679185927,-15.614673249383777],[-58.176085604009991,-15.61456400853335],[-58.176110571858231,-15.614460130444643],[-58.176125663342056,-15.614397341822617],[-58.176135326487099,-15.61435713932671],[-58.176160081981124,-15.614254140066807],[-58.176184837448844,-15.614151139901008],[-58.17619433565455,-15.614111621641854],[-58.176209593838394,-15.614048141535934],[-58.176234349263794,-15.613945141366075],[-58.176259104673186,-15.613842142098065],[-58.176283860056273,-15.613739141924142],[-58.17628614600838,-15.613729633209919],[-58.176308616361204,-15.61363614355095],[-58.176327661867688,-15.61355689886204],[-58.176333371696828,-15.613533142469098],[-58.176358127959446,-15.613430144091852],[-58.176379761322963,-15.613327280851198],[-58.176450095306038,-15.613023440078065],[-58.176350508059869,-15.613001197674475],[-58.176350117688969,-15.613001110278223],[-58.176269579452899,-15.612983495065514],[-58.176248855856102,-15.61297896266732],[-58.176147411004379,-15.612956775312405],[-58.176045967098744,-15.612934587000204],[-58.175944523216828,-15.61291239954347],[-58.17584307935347,-15.612890212038314],[-58.175741635508686,-15.61286802448476],[-58.175640190749775,-15.612845836887777],[-58.175538746936951,-15.612823648333494],[-58.175437303147859,-15.612801460634692],[-58.17533585937732,-15.612779272887471],[-58.175234415625347,-15.612757085091834],[-58.175132970959254,-15.612734897252784],[-58.175031527239256,-15.612712708456455],[-58.174930083542975,-15.612690520515574],[-58.17482545536528,-15.612667636374821],[-58.174720827202194,-15.61264475127869],[-58.174612019753724,-15.612623859908741],[-58.174508028530077,-15.612601114119689],[-58.174404037325949,-15.612578368279758],[-58.174299409246061,-15.612555483880188],[-58.174194781180766,-15.612532598525245],[-58.174090153140384,-15.612509714022675],[-58.173985525114588,-15.612486828564727],[-58.173880897113698,-15.612463943959167],[-58.173776269127416,-15.612441058398222],[-58.173671641160887,-15.612418172785782],[-58.173567013219255,-15.612395288025724],[-58.173462385292225,-15.612372402310291],[-58.1733577573901,-15.612349517447253],[-58.173302540515138,-15.61233957201217],[-58.173245174784277,-15.612326527685825],[-58.173129854049883,-15.612300306547505],[-58.173014806037443,-15.612274146260022],[-58.172899758055152,-15.61224798681409],[-58.172784710092735,-15.612221826401919],[-58.17266966216048,-15.612195666831292],[-58.172554614248099,-15.612169506294437],[-58.17243956636586,-15.612143346599126],[-58.172330602951284,-15.612118569890967],[-58.17186796023757,-15.612013371153973],[-58.171636751419506,-15.613040695057114],[-58.171614015440689,-15.613140337805822],[-58.171589950469482,-15.613241811733573],[-58.171566972325401,-15.613343163257476],[-58.171541749517985,-15.613453288358684],[-58.171516436179118,-15.613564228364021],[-58.171489700734377,-15.613676371826296],[-58.17146696463579,-15.61377601456384],[-58.171444289504521,-15.613875392128545],[-58.171421130187284,-15.61397688923264],[-58.171397971778262,-15.614078385426108],[-58.171374812417241,-15.614179881622725],[-58.171351653969587,-15.614281377812601],[-58.171328495502614,-15.61438287400067],[-58.17130533608362,-15.614484370191915],[-58.171282177578,-15.614585866376405],[-58.171259018125497,-15.61468736346796],[-58.17123585958123,-15.614788859648849],[-58.171212701017623,-15.614890355827951],[-58.171162354908397,-15.615110999539315],[-58.17114208027801,-15.615188681270268],[-58.171422615393524,-15.615247597003439],[-58.171860498166367,-15.615339555877593],[-58.172002892221514,-15.615369459347718],[-58.172295444352379,-15.615430896791345],[-58.172576788659121,-15.615492429833967],[-58.172787933509639,-15.61553933792694],[-58.172839153352157,-15.615550717594287],[-58.172870697745843,-15.615557724362416],[-58.172881364175929,-15.615512588493816],[-58.172886333147794,-15.615490510164246],[-58.172929821149381,-15.615297279530553],[-58.172936021879011,-15.615269725965112],[-58.172949696063618,-15.615208966213528],[-58.172958878907977,-15.61516816528367],[-58.172969571896161,-15.615120652890219],[-58.172981734985235,-15.615066604605445],[-58.172989446781628,-15.615032339570554],[-58.173004591976152,-15.614965043920522],[-58.173009322580263,-15.61494402534071],[-58.173027448953185,-15.614863484137706],[-58.173029197436961,-15.614855712018393],[-58.17304907321197,-15.614767398689789],[-58.173050304973366,-15.614761923454257],[-58.173068948039884,-15.614679085364843],[-58.173073161907212,-15.614660362764067],[-58.173088823780965,-15.614590771129699]]]]}},
{"type":"Feature","properties":{"COD":0.0,"NOME":"JD. ITALIA III"},"geometry":{"type":"MultiPolygon","coordinates":[[[[-58.17210239379277,-15.610965772312193],[-58.17186796023757,-15.612013371153973],[-58.172330602951284,-15.612118569890967],[-58.17243956636586,-15.612143346599126],[-58.172554614248099,-15.612169506294437],[-58.17266966216048,-15.612195666831292],[-58.172784710092735,-15.612221826401919],[-58.172899758055152,-15.61224798681409],[-58.173014806037443,-15.612274146260022],[-58.173129854049883,-15.612300306547505],[-58.173245174784277,-15.612326527685825],[-58.1733577573901,-15.612349517447253],[-58.173462385292225,-15.612372402310291],[-58.173567013219255,-15.612395288025724],[-58.173671641160887,-15.612418172785782],[-58.173776269127416,-15.612441058398222],[-58.173880897113698,-15.612463943959167],[-58.173985525114588,-15.612486828564727],[-58.174090153140384,-15.612509714022675],[-58.174194781180766,-15.612532598525245],[-58.174299409246061,-15.612555483880188],[-58.174404037325949,-15.612578368279758],[-58.174508028530077,-15.612601114119689],[-58.174612019753724,-15.612623859908741],[-58.174720827202194,-15.61264475127869],[-58.17482545536528,-15.612667636374821],[-58.174930083542975,-15.612690520515574],[-58.175031527239256,-15.612712708456455],[-58.175132970959254,-15.612734897252784],[-58.175234415625347,-15.612757085091834],[-58.17533585937732,-15.612779272887471],[-58.175437303147859,-15.612801460634692],[-58.175538746936951,-15.612823648333494],[-58.175640190749775,-15.612845836887777],[-58.175741635508686,-15.61286802448476],[-58.17584307935347,-15.612890212038314],[-58.175944523216828,-15.61291239954347],[-58.176045967098744,-15.612934587000204],[-58.176147411004379,-15.612956775312405],[-58.176248855856102,-15.61297896266732],[-58.176350117688969,-15.613001110278223],[-58.176450095306038,-15.613023440078065],[-58.176501134781617,-15.612802946359688],[-58.176528339948298,-15.61269941510227],[-58.176579380216829,-15.612478921365641],[-58.176630420392669,-15.612258427620359],[-58.176654506755291,-15.61215134803979],[-58.176695665772421,-15.611973541906973],[-58.17659695108734,-15.611951951146331],[-58.176498237357649,-15.611930361238739],[-58.176399522707719,-15.611908770386419],[-58.176292177503257,-15.611885498336477],[-58.176181453337541,-15.611861280758488],[-58.176071093406385,-15.611837143428504],[-58.175960734429857,-15.611813006036227],[-58.175850374537468,-15.611788867687777],[-58.175740014672208,-15.61176473018589],[-58.175629655756431,-15.611740591717851],[-58.175519295935089,-15.611716454101392],[-58.17540893613058,-15.611692315523747],[-58.175298577285851,-15.611668177787708],[-58.175188217525282,-15.611644039095479],[-58.175077857791827,-15.611619901249838],[-58.1749671348013,-15.611595683034349],[-58.174854851146812,-15.611576821543405],[-58.174750860441243,-15.611554075832707],[-58.174646869760316,-15.611531330975014],[-58.174542242196495,-15.611508445750399],[-58.174437614652426,-15.611485560474286],[-58.174332987133262,-15.611462676050573],[-58.174228359628685,-15.611439790671477],[-58.174123732149006,-15.61141690614477],[-58.174019104683929,-15.611394020662676],[-58.173914477243756,-15.611371136032975],[-58.173809849818184,-15.611348250447914],[-58.173705222412373,-15.611325364811345],[-58.173600595031445,-15.611302480027163],[-58.173480781939041,-15.611279196342011],[-58.173376357706616,-15.611255452551637],[-58.173271934427461,-15.611231708704935],[-58.173167511168927,-15.611207964806864],[-58.173063087930984,-15.61118422085743],[-58.17295866470851,-15.611160475952762],[-58.172854240579106,-15.611136731905592],[-58.172749817402988,-15.611112987802091],[-58.172566305249347,-15.61107125951229],[-58.17210239379277,-15.610965772312193]]]]}},
{"type":"Feature","properties":{"COD":0.0,"NOME":"JD. POPULAR"},"geometry":{"type":"MultiPolygon","coordinates":[[[[-58.178388545398356,-15.6304440120407],[-58.178387815419164,-15.63045761795961],[-58.178384037353808,-15.630544174728204],[-58.178379915425779,-15.63063861903105],[-58.178378648642223,-15.630667640357515],[-58.178374939803341,-15.630752601356557],[-58.17837415559336,-15.630755746646344],[-58.178369791317586,-15.630773240806739],[-58.178339628035843,-15.630894154881355],[-58.178355395574165,-15.631054582456361],[-58.178358707546771,-15.631189071506748],[-58.178363227280727,-15.631372613639297],[-58.178364584368694,-15.63142771667675],[-58.17837377424614,-15.631800862627486],[-58.178375725243811,-15.631857218903759],[-58.178378659651614,-15.631941994166292],[-58.178381383232825,-15.63209297724857],[-58.178391383802548,-15.632318365236747],[-58.178396716981922,-15.632465038025254],[-58.178400853479616,-15.632578784283117],[-58.178404939220194,-15.632691156873143],[-58.178413879585527,-15.632770158248869],[-58.178537186372878,-15.63279872463009],[-58.178536985110142,-15.632799741702925],[-58.178523140300278,-15.632869817359154],[-58.178500029630811,-15.632986790490097],[-58.178484320037533,-15.633066306625107],[-58.178479831430117,-15.633515692809393],[-58.178478496149438,-15.633649319149377],[-58.178498306447089,-15.634242385487527],[-58.178508047471084,-15.634534020347296],[-58.178512806812257,-15.634672794223331],[-58.178529818246155,-15.635168872752448],[-58.178540604564233,-15.635483394313155],[-58.178573674097557,-15.636447713331053],[-58.178567508364416,-15.636471706320414],[-58.178552956233808,-15.636624248291477],[-58.17855269478018,-15.636683864161766],[-58.178550457029139,-15.637193280117451],[-58.178546598978272,-15.638072041063207],[-58.178545849154517,-15.638242727995658],[-58.178553370415216,-15.638721910900157],[-58.178564559802915,-15.639434834272203],[-58.17871656661422,-15.639428249489669],[-58.178872442515086,-15.639409234974789],[-58.179054923830421,-15.639381468507219],[-58.179195031017294,-15.639367322017318],[-58.179221663583988,-15.639365913344188],[-58.179295700237155,-15.639361998130008],[-58.179688654920334,-15.639367537164306],[-58.179789876373277,-15.639357170802581],[-58.180771368760205,-15.639256652953188],[-58.181422056688369,-15.639190010779123],[-58.182221389228225,-15.639108142733626],[-58.182355555168471,-15.639094401396779],[-58.183284779865765,-15.638999225140788],[-58.184197633806932,-15.638922141897364],[-58.184564923855476,-15.638891125827982],[-58.185248878565389,-15.638833367960592],[-58.185245260891264,-15.638678235864631],[-58.185224735962329,-15.637797990447222],[-58.1852239866353,-15.637765850734208],[-58.185220436074921,-15.637613610754084],[-58.185209072465774,-15.636997508179771],[-58.185207140201697,-15.636892726205387],[-58.185205900947011,-15.63682553660534],[-58.185201196216674,-15.636570464670953],[-58.185199426921407,-15.636474546407984],[-58.185192040303889,-15.636074050634249],[-58.185191042625817,-15.636019982616977],[-58.185186958666279,-15.635798526249298],[-58.185181343074255,-15.635494071643491],[-58.185180079283775,-15.635425527212854],[-58.185177782221174,-15.635248414897806],[-58.185177634604962,-15.635237026490868],[-58.185176310668339,-15.635135007160997],[-58.185167246056686,-15.634436178361849],[-58.185164813479041,-15.63424863027268],[-58.185164605708643,-15.634232622330151],[-58.185160018961604,-15.633878993290201],[-58.185150468070582,-15.633339583385151],[-58.1851410479347,-15.632862924563755],[-58.185136758334188,-15.63264587035273],[-58.185134372938855,-15.632525191989716],[-58.185133317616,-15.632471787731308],[-58.185133165029974,-15.632464072819497],[-58.185131710788887,-15.632390454872402],[-58.185127188389103,-15.632161623117593],[-58.185124950412828,-15.632048404787392],[-58.185124754162821,-15.632038450233567],[-58.185123169945506,-15.631958287806441],[-58.185122612150245,-15.631930075412606],[-58.185120764635379,-15.631836571859193],[-58.185119977665636,-15.6317967346716],[-58.185119101666807,-15.631752447134499],[-58.185118734410977,-15.6317338449371],[-58.185118918248463,-15.631704021392789],[-58.185119092763948,-15.631675820408978],[-58.1851197204318,-15.631574129466593],[-58.185119917741069,-15.631542269350184],[-58.185120065653045,-15.631518362060469],[-58.185120243592266,-15.631489458723212],[-58.18512029863016,-15.631480540494943],[-58.185120529559185,-15.631443173604779],[-58.185120603159881,-15.631431320295263],[-58.185120687952676,-15.631417520816862],[-58.185120810299338,-15.631397763494864],[-58.185120903007764,-15.631382745509143],[-58.18512112132737,-15.631347402531077],[-58.185121193279151,-15.631335748993472],[-58.185121413676924,-15.631300118562107],[-58.185121472820754,-15.631290454589521],[-58.185121506344188,-15.631285093345243],[-58.185121527456751,-15.631281628561622],[-58.185121725114051,-15.631249666301247],[-58.185121740414786,-15.631247137091142],[-58.185121769102878,-15.631242556847281],[-58.185121882589776,-15.631224178028667],[-58.185121926251099,-15.631217011630405],[-58.185121928819584,-15.631216647342638],[-58.185121142371742,-15.631149006922008],[-58.185120549848719,-15.631098052452211],[-58.185119797509756,-15.631033260052712],[-58.185119351320516,-15.630994934159176],[-58.18511840043498,-15.630913137657744],[-58.185117962077967,-15.6308753621999],[-58.185117606116869,-15.630844775961101],[-58.185116915475334,-15.630785356944909],[-58.185116651635106,-15.630762677573488],[-58.185115349345374,-15.63065059851851],[-58.185115266470369,-15.630643487941587],[-58.185115213419969,-15.630638967796729],[-58.18511416591754,-15.630548804361107],[-58.185113998414032,-15.630534440399511],[-58.185113843200405,-15.63052107789882],[-58.185113097316638,-15.630456918194763],[-58.185112048088556,-15.630366615565457],[-58.185108988878049,-15.630103463608515],[-58.185101853812078,-15.629489579425716],[-58.185100899445175,-15.629407491873796],[-58.185106098194325,-15.62901036359739],[-58.185112163823845,-15.628547112639264],[-58.185115180043162,-15.628316734181281],[-58.185116165625168,-15.628241413629157],[-58.185116301158921,-15.628231082159084],[-58.18512040290404,-15.627917779850602],[-58.185120981554057,-15.62787355765813],[-58.185121747809561,-15.627815082570882],[-58.185123332354067,-15.627694041941137],[-58.185124171581563,-15.627629926991109],[-58.185101744361937,-15.627625126338517],[-58.185070357091369,-15.627618408074126],[-58.185047839495986,-15.627613300575931],[-58.185047663583475,-15.627612880305781],[-58.184194797851134,-15.627422225979016],[-58.183697238437389,-15.627310997315378],[-58.18360110945185,-15.627289507483939],[-58.183583760939257,-15.627285629285586],[-58.183340584850392,-15.62723176079686],[-58.183094674234248,-15.627177285788282],[-58.182846982118811,-15.627122157533984],[-58.182729990935876,-15.627096119210091],[-58.182687490532174,-15.627087085019706],[-58.182676001756391,-15.627134738512613],[-58.182550790191051,-15.627654091054499],[-58.182478549471639,-15.627962761236869],[-58.182455968406082,-15.628059245666998],[-58.182417651026668,-15.628222968808055],[-58.182332782845727,-15.628585594279489],[-58.182283112374137,-15.62879498878725],[-58.182265779856237,-15.62886805363344],[-58.182226858876611,-15.629032130716652],[-58.182146258976047,-15.629371907691581],[-58.182103861470694,-15.629550638636305],[-58.182070064638268,-15.629699534102034],[-58.181997619863253,-15.63001870051955],[-58.181894294660658,-15.63047391389439],[-58.181880050914891,-15.630536667489235],[-58.181838716560783,-15.630527440694369],[-58.18177827104828,-15.630513947341507],[-58.181351990517449,-15.630419495951895],[-58.180969217571729,-15.630334684723321],[-58.180560402952317,-15.630244102274844],[-58.180343032231399,-15.63019593827444],[-58.180122046944888,-15.630146941108068],[-58.180036377437325,-15.63012794615836],[-58.179276715166679,-15.629959510546032],[-58.179176322683524,-15.629937250824401],[-58.179084595593679,-15.629916912297722],[-58.178599971865495,-15.629808662517579],[-58.178587479102426,-15.629863460308259],[-58.178553288472301,-15.630013436773853],[-58.17854217610406,-15.630062181815621],[-58.178526080102834,-15.630149783677854],[-58.178400725968977,-15.630128132222911],[-58.178393446927743,-15.630202742773001],[-58.178385870110112,-15.630287428066087],[-58.178385095299184,-15.630293358244183],[-58.178375272874483,-15.630368516661823],[-58.178370900258521,-15.630403308039256],[-58.17839065793784,-15.630404666260828],[-58.178389761879622,-15.630421363531111],[-58.178388545398356,-15.6304440120407]]]]}},
{"type":"Feature","properties":{"COD":0.0,"NOME":"JD. BANDEIRANTES I"},"geometry":{"type":"MultiPolygon","coordinates":[[[[-58.191994801724924,-15.627745699403331],[-58.191988776711561,-15.627322499057547],[-58.191984790098878,-15.627174623966221],[-58.191361143818419,-15.62717597391959],[-58.191360919537559,-15.62722269431986],[-58.191360413252909,-15.627328254978044],[-58.191360129974491,-15.627387197383925],[-58.191359553306732,-15.627749228521909],[-58.191358708119388,-15.62828019894372],[-58.191357713988168,-15.628905263832262],[-58.191420500808938,-15.628918285352949],[-58.192013246431067,-15.629041217766661],[-58.192002360333255,-15.628276623169848],[-58.191994801724924,-15.627745699403331]]]]}},
{"type":"Feature","properties":{"COD":0.0,"NOME":"JARDIM BELA VISTA"},"geometry":{"type":"MultiPolygon","coordinates":[[[[-58.190436274049837,-15.628714136345572],[-58.190421278762024,-15.627940703492683],[-58.190414978209105,-15.627615709978926],[-58.190397452027362,-15.626711663036092],[-58.190389990216836,-15.626490477443966],[-58.190368848257059,-15.625982912421895],[-58.190368312391918,-15.625948594982598],[-58.190364204632644,-15.625629327494019],[-58.190359909553564,-15.625295544306255],[-58.190358431167894,-15.625180718495356],[-58.190352967976104,-15.624756100131565],[-58.190351577621435,-15.62464811368266],[-58.19035074237658,-15.624456157820621],[-58.190350086759821,-15.624305318694089],[-58.190348182442861,-15.623867820241284],[-58.190346766088169,-15.623542270420227],[-58.190343662007116,-15.623426475381605],[-58.190332165741538,-15.622997589788763],[-58.190320091913513,-15.622547166355877],[-58.190308396088213,-15.622110817359665],[-58.18948143416322,-15.622137346064028],[-58.189410347748094,-15.622139625820587],[-58.188570720044083,-15.622166557792701],[-58.18858482448401,-15.622667326241221],[-58.188595039084717,-15.623049282031875],[-58.188595042774068,-15.623049436579674],[-58.188607230349326,-15.623505176482009],[-58.188617851786191,-15.62390233010259],[-58.18861875446332,-15.623936097818563],[-58.188629976532248,-15.6243557056881],[-58.188632993503212,-15.62446852200347],[-58.188636184679105,-15.625643635388904],[-58.18863663895506,-15.625810714325102],[-58.188638572804187,-15.626522866085553],[-58.188678429267796,-15.628348028008284],[-58.189418930209989,-15.628503106417973],[-58.189500769210419,-15.628520082863625],[-58.18957430496517,-15.628535336252369],[-58.190374134510527,-15.628701246609209],[-58.190436274049837,-15.628714136345572]]]]}},
{"type":"Feature","properties":{"COD":0.0,"NOME":"RESIDENCIAL SOLARES"},"geometry":{"type":"MultiPolygon","coordinates":[[[[-58.188546488159339,-15.621306147707177],[-58.188521412629591,-15.620428265098891],[-58.188505798224668,-15.61988257427779],[-58.188503590268958,-15.619832058822631],[-58.18850156815585,-15.6197857898126],[-58.188492414170327,-15.619576377364908],[-58.18846555799017,-15.619577037967717],[-58.187408364966075,-15.619603039042488],[-58.187429738799246,-15.620450123509999],[-58.18745351667939,-15.621331042546375],[-58.187477810909961,-15.622201608084575],[-58.187502777711089,-15.623096226441401],[-58.187534881087743,-15.62395320544694],[-58.18861875446332,-15.623936097818563],[-58.188570720044083,-15.622166557792701],[-58.188546488159339,-15.621306147707177]]]]}},
{"type":"Feature","properties":{"COD":0.0,"NOME":"RESIDENCIAL BERTINI"},"geometry":{"type":"MultiPolygon","coordinates":[[[[-58.188243519632351,-15.630831357746295],[-58.188198155433099,-15.63083152206387],[-58.188122640464719,-15.630831795407333],[-58.188124977661687,-15.630921991529888],[-58.188125422634876,-15.630939143422388],[-58.188126303055654,-15.630973089312647],[-58.188128205750054,-15.63104649233501],[-58.188128645956247,-15.631063464376078],[-58.188130988867059,-15.631153840342506],[-58.188134470531331,-15.631220083119773],[-58.188138111529469,-15.63128936848042],[-58.188139292677519,-15.631335508221637],[-58.18814073739437,-15.631391928450034],[-58.188142166286347,-15.631447706991519],[-58.188143372072027,-15.631494397980328],[-58.188146028204358,-15.631596866489431],[-58.188146138919635,-15.631601345640917],[-58.188148684348334,-15.631699335901265],[-58.188150132093313,-15.631754985080486],[-58.188151341321678,-15.631801624526556],[-58.188153671215154,-15.63189151515949],[-58.188154115015841,-15.631908623669144],[-58.188156564808352,-15.632003128988302],[-58.188391890588406,-15.632002336223865],[-58.188497666157872,-15.632002133852479],[-58.188614262707986,-15.63200171191119],[-58.188730858315068,-15.632001289009128],[-58.188847454855043,-15.632000866943949],[-58.188925828243121,-15.632000582353038],[-58.188964051384744,-15.632000443912938],[-58.188961345865344,-15.631711210999704],[-58.188954574117147,-15.631575653006546],[-58.188951867728093,-15.631286420086008],[-58.188944913758874,-15.631150151700922],[-58.188943841931994,-15.630827826105818],[-58.18890674951993,-15.630827960209265],[-58.188833682153152,-15.630828225054362],[-58.188721750636653,-15.6308287212252],[-58.188488559805862,-15.630829565966563],[-58.188375793479878,-15.63083087909301],[-58.188243519632351,-15.630831357746295]]]]}},
{"type":"Feature","properties":{"COD":0.0,"NOME":"JARDIM SAO FRANCISCO"},"geometry":{"type":"MultiPolygon","coordinates":[[[[-58.19046412042492,-15.636735727719985],[-58.191518391234311,-15.636720316853182],[-58.191518007820022,-15.636654043848027],[-58.191509025637707,-15.635101386558718],[-58.191508545956779,-15.635018464166942],[-58.190443759665982,-15.63504012142775],[-58.190389354714867,-15.635040601069091],[-58.189802611902486,-15.635045777457744],[-58.18925230778018,-15.635051711962889],[-58.188665363530625,-15.635070682692634],[-58.188683205251841,-15.635954158607484],[-58.188700936771674,-15.636833011571335],[-58.189269958803145,-15.636829154158903],[-58.189837602997351,-15.636825305456737],[-58.190224684818929,-15.636822679232992],[-58.190397494746463,-15.636821506399682],[-58.190413774498751,-15.63682139635076],[-58.190451431619977,-15.636821140446806],[-58.19045023294791,-15.6367359305449],[-58.19046412042492,-15.636735727719985]]]]}},
{"type":"Feature","properties":{"COD":0.0,"NOME":"JD. BANDEIRANTES II"},"geometry":{"type":"MultiPolygon","coordinates":[[[[-58.191984790098878,-15.627174623966221],[-58.191973990715312,-15.626070244047401],[-58.191934766670947,-15.622058634217199],[-58.191884604512559,-15.622060244354053],[-58.191273726264384,-15.622079845882146],[-58.19127523442527,-15.622237371970012],[-58.191278158121449,-15.622542845966557],[-58.191281476857164,-15.622889555735867],[-58.191282295654652,-15.622975074204152],[-58.191284903156955,-15.623247444399128],[-58.191286532173308,-15.623417637129192],[-58.191290739435573,-15.623857059127308],[-58.191292649042957,-15.624056588346001],[-58.191294915292005,-15.624293291399718],[-58.191295359685199,-15.624339680065933],[-58.191298585172838,-15.624676662465886],[-58.191299469921425,-15.624732264947824],[-58.191306449293123,-15.625171309379946],[-58.191313089895814,-15.625589004512046],[-58.191313567622636,-15.625619046788993],[-58.191315706047533,-15.625753564139199],[-58.1913207977478,-15.626073843062656],[-58.191322821862101,-15.626201165950715],[-58.191323080401276,-15.626205873887676],[-58.191326319152537,-15.626264806220584],[-58.191350953560345,-15.626713083037073],[-58.191361780229492,-15.626910106982233],[-58.19136236921269,-15.626920826798418],[-58.191361143818419,-15.62717597391959],[-58.191401475186801,-15.627175540745421],[-58.1918789656211,-15.627174791065789],[-58.191942200252051,-15.62717469077837],[-58.191984790098878,-15.627174623966221]]]]}},
{"type":"Feature","properties":{"COD":0.0,"NOME":"MORADA DO SOL"},"geometry":{"type":"MultiPolygon","coordinates":[[[[-58.187218232514027,-15.628046534156937],[-58.187081265481119,-15.628020571946101],[-58.186691161061049,-15.62794662634246],[-58.186680748336371,-15.627944653382864],[-58.186646265215536,-15.627938116602357],[-58.186448260920038,-15.627900584117103],[-58.186451455895778,-15.628238743135233],[-58.186453851934431,-15.628492403972523],[-58.186455308423753,-15.628646546297313],[-58.186456372075028,-15.62868758326943],[-58.18645696938583,-15.628710645894703],[-58.18645921769717,-15.628797373392157],[-58.186460502226531,-15.628846962824884],[-58.186467519916008,-15.629117735797905],[-58.186475813555177,-15.629437731253621],[-58.186477948431055,-15.629520141402582],[-58.186479105641084,-15.629564787158476],[-58.186481610649629,-15.629684260841247],[-58.186481987405436,-15.629702226631421],[-58.186490882124694,-15.630126423715319],[-58.186495786393522,-15.630360275420367],[-58.186501220914366,-15.630619465232302],[-58.186503292494208,-15.630749834206386],[-58.186504247573751,-15.630809911613525],[-58.186508766902421,-15.631094336161155],[-58.1865100845854,-15.63117720628332],[-58.186510939140327,-15.631231002091379],[-58.186521047063458,-15.631867087770212],[-58.186525678521384,-15.632158483501069],[-58.186527555982572,-15.632276670674084],[-58.186529237062025,-15.632382461851222],[-58.186530230364369,-15.632444956083868],[-58.1865314944191,-15.632524497403143],[-58.186538341852348,-15.633011129112568],[-58.186542624597948,-15.633315477846095],[-58.186545288594594,-15.633504779083264],[-58.18654610778718,-15.633562950873801],[-58.186549416895787,-15.633798172406969],[-58.186554372330683,-15.634150296079795],[-58.186554758124423,-15.63417775823703],[-58.186555770145318,-15.634249645736272],[-58.186636200327172,-15.634248224518359],[-58.186801694366338,-15.634245299075838],[-58.186828561005271,-15.6342448237985],[-58.187016966986661,-15.634241493120223],[-58.187033409687047,-15.63424120257654],[-58.187257518756141,-15.634237241005273],[-58.187244975388538,-15.633312455343598],[-58.187244975211421,-15.6333124246118],[-58.187229560352314,-15.632525573099095],[-58.187227907060475,-15.632441177227175],[-58.187208993462356,-15.631434948794759],[-58.187205050955193,-15.631225225333042],[-58.187202861975592,-15.631096903475649],[-58.187190238551935,-15.630357090359388],[-58.187183616812334,-15.629520441915382],[-58.187182961687803,-15.629437657703937],[-58.187147901895386,-15.628493356989059],[-58.187153945460381,-15.628385703545183],[-58.187162170300233,-15.628313910678285],[-58.187218232514027,-15.628046534156937]]]]}},
{"type":"Feature","properties":{"COD":0.0,"NOME":"RESIDENCIAL SANTIAGO"},"geometry":{"type":"MultiPolygon","coordinates":[[[[-58.187049378809292,-15.621441123774211],[-58.187056328831154,-15.621441148563273],[-58.187076122083234,-15.621441220508553],[-58.187163197456094,-15.621441535138722],[-58.187392423235458,-15.621442363561194],[-58.187456630031747,-15.621442595674417],[-58.187456455907267,-15.621436169847703],[-58.187455887443591,-15.621415205929059],[-58.187426337898295,-15.620315352396664],[-58.187361324230451,-15.620315212294656],[-58.187162589524746,-15.620314783825288],[-58.186914586041631,-15.620314099987459],[-58.186786010851357,-15.620313800764119],[-58.186687809176895,-15.620313627445602],[-58.186557330658573,-15.620313398033911],[-58.186475799071474,-15.62031325474366],[-58.186494745459612,-15.621152772455707],[-58.186503377595201,-15.621439573090683],[-58.186588502001726,-15.621439457387464],[-58.186821738700573,-15.621440299979293],[-58.18693555923106,-15.621440713259579],[-58.186992517524473,-15.621440918713981],[-58.187049378809292,-15.621441123774211]]]]}},
{"type":"Feature","properties":{"COD":0.0,"NOME":"JD. PLANALTO"},"geometry":{"type":"MultiPolygon","coordinates":[[[[-58.188894145700147,-15.632000697094371],[-58.188847454855043,-15.632000866943949],[-58.188730858315068,-15.632001289009128],[-58.188614262707986,-15.63200171191119],[-58.188497666157872,-15.632002133852479],[-58.188446226985484,-15.632002232621041],[-58.188391890588406,-15.632002336223865],[-58.188156564808352,-15.632003128988302],[-58.188158097958002,-15.63206226315908],[-58.188159183737085,-15.632104155061716],[-58.188159609706624,-15.632120597489893],[-58.188160088499131,-15.632139082456209],[-58.188162079976628,-15.632215901747625],[-58.188164071457713,-15.632292721038393],[-58.188166062947637,-15.632369541232398],[-58.188169224524344,-15.632437366662545],[-58.188172886410108,-15.632515923248397],[-58.188175201481172,-15.632714831162254],[-58.188176464136085,-15.632823291052539],[-58.188177725863795,-15.632931750946755],[-58.188178988529835,-15.633040210834745],[-58.188179767069443,-15.633107105490135],[-58.188181303280039,-15.633239054563219],[-58.188189551411668,-15.633307683125722],[-58.188197794641589,-15.633376269230196],[-58.188201946672002,-15.63351181522942],[-58.188204747694911,-15.633603317667268],[-58.188206097651374,-15.633647338634701],[-58.188208067920144,-15.633711735670465],[-58.188209969868367,-15.633773829023539],[-58.188211388158294,-15.633820154576188],[-58.188213843018204,-15.633900317597748],[-58.188214707476611,-15.6339285743895],[-58.188217716173327,-15.634026805266263],[-58.188218679346029,-15.634058267671698],[-58.188221659684743,-15.634155623721227],[-58.188221670180383,-15.634155826138951],[-58.188226031561712,-15.634221248805584],[-58.188228904293531,-15.634264372983763],[-58.188230589298108,-15.634289662331369],[-58.188232367096859,-15.634478028171449],[-58.188293706929329,-15.634489767547279],[-58.188302648393481,-15.634491479013285],[-58.188321237328445,-15.634495041840461],[-58.18834936073381,-15.634500433136923],[-58.188582975721708,-15.634545215063858],[-58.188717720324334,-15.634577419589951],[-58.189016113588025,-15.63463554234511],[-58.189016328171853,-15.63450433227176],[-58.189016443477826,-15.634433974463338],[-58.189016672040893,-15.634293872607188],[-58.189004296770229,-15.634158002446],[-58.189004665869426,-15.633932029834648],[-58.189004699332216,-15.633911323920991],[-58.189004842932,-15.63382356308867],[-58.188996762528561,-15.633710029518568],[-58.188995748446274,-15.633601567418289],[-58.188993633614956,-15.633375604642261],[-58.1889839129501,-15.633242761714866],[-58.188984238105164,-15.633043906449046],[-58.188984415212389,-15.632935439693807],[-58.188975869059746,-15.632826691192694],[-58.188974854094518,-15.632718229087784],[-58.188972993805976,-15.632519382040648],[-58.188967479986331,-15.632366956715897],[-58.188964051384744,-15.632000443912938],[-58.188925828243121,-15.632000582353038],[-58.188894145700147,-15.632000697094371]]]]}},
{"type":"Feature","properties":{"COD":0.0,"NOME":"JD. SAO JOSE"},"geometry":{"type":"MultiPolygon","coordinates":[[[[-58.191273726264384,-15.622079845882146],[-58.190308396088213,-15.622110817359665],[-58.190320091913513,-15.622547166355877],[-58.190332165741538,-15.622997589788763],[-58.190343662007116,-15.623426475381605],[-58.190346766088169,-15.623542270420227],[-58.190347636706605,-15.623742302493522],[-58.190348182442861,-15.623867820241284],[-58.190350086759821,-15.624305318694089],[-58.190350503217566,-15.624401015518838],[-58.19035074237658,-15.624456157820621],[-58.190351577621435,-15.62464811368266],[-58.190352967976104,-15.624756100131565],[-58.190358431167894,-15.625180718495356],[-58.190359909553564,-15.625295544306255],[-58.190364204632644,-15.625629327494019],[-58.190368312391918,-15.625948594982598],[-58.190368711823986,-15.6259796392202],[-58.190368848257059,-15.625982912421895],[-58.190389990216836,-15.626490477443966],[-58.190397452027362,-15.626711663036092],[-58.190398086596431,-15.626730445437609],[-58.190405478652416,-15.626949560557337],[-58.190405982957785,-15.62696452286146],[-58.190406014295441,-15.626965426595769],[-58.190449821787759,-15.626964299527257],[-58.191233314262526,-15.626958756443013],[-58.191362191437342,-15.626957843537481],[-58.191359702599541,-15.626872288069098],[-58.191350953560345,-15.626713083037073],[-58.191326696521486,-15.626271675651077],[-58.191326319152537,-15.626264806220584],[-58.191323080401276,-15.626205873887676],[-58.191322821862101,-15.626201165950715],[-58.1913207977478,-15.626073843062656],[-58.191317472135793,-15.625864652505893],[-58.191315706047533,-15.625753564139199],[-58.191313567622636,-15.625619046788993],[-58.191313089895814,-15.625589004512046],[-58.191306449293123,-15.625171309379946],[-58.191299469921425,-15.624732264947824],[-58.191298585172838,-15.624676662465886],[-58.191295359685199,-15.624339680065933],[-58.191294915292005,-15.624293291399718],[-58.191292649042957,-15.624056588346001],[-58.191290739435573,-15.623857059127308],[-58.191289673886054,-15.623745797002934],[-58.191273726264384,-15.622079845882146]]]]}},
{"type":"Feature","properties":{"COD":0.0,"NOME":"RESIDENCIAL ESCOBAR"},"geometry":{"type":"MultiPolygon","coordinates":[[[[-58.186706423186003,-15.62610240427801],[-58.186713196088824,-15.626103878082004],[-58.187217013667841,-15.626213517754612],[-58.187612134444024,-15.626299501717162],[-58.188175732356385,-15.626422147319309],[-58.188175517594644,-15.626406576007176],[-58.188174797153081,-15.626354256464248],[-58.188171331760365,-15.626102634404445],[-58.1881696774281,-15.625982486364833],[-58.18816802217021,-15.625862338328826],[-58.188164482923334,-15.625610515086072],[-58.18816411962375,-15.625563513086879],[-58.188169022593051,-15.625564709527691],[-58.188164736511034,-15.625476519733636],[-58.188165350671483,-15.62538355158213],[-58.188166399500993,-15.625224889776224],[-58.188166607672052,-15.625108255066181],[-58.188166813486838,-15.624992828888825],[-58.187636859241131,-15.624871750915627],[-58.187568379579098,-15.624847438505068],[-58.187556212533977,-15.624522653432845],[-58.187534881087743,-15.62395320544694],[-58.187524686288192,-15.623681074813375],[-58.187464252282787,-15.623680119116431],[-58.187068815071918,-15.623673863429898],[-58.186673379285359,-15.623667697411845],[-58.186585500192251,-15.623664524323196],[-58.186611818987821,-15.624305231233558],[-58.186645084878784,-15.625192778823207],[-58.186666475644159,-15.625794598228692],[-58.186669230458655,-15.625872099552742],[-58.186670321206641,-15.625902778533041],[-58.186670828765905,-15.625917058398496],[-58.186677190990039,-15.626096042467942],[-58.186706423186003,-15.62610240427801]]]]}},
{"type":"Feature","properties":{"COD":0.0,"NOME":"NUCLEO URBANO"},"geometry":{"type":"MultiPolygon","coordinates":[[[[-58.178302176225664,-15.623326368128788],[-58.178278467381354,-15.623126616931618],[-58.178222728260131,-15.623154435599442],[-58.178186288738793,-15.623172622572154],[-58.178159316714108,-15.623186083712568],[-58.178041057011171,-15.623245105448083],[-58.17738446032083,-15.623572804086058],[-58.177233822224672,-15.623647984700956],[-58.176745899246328,-15.623956729435667],[-58.176332670753951,-15.624111274657636],[-58.176214669525599,-15.624161843445028],[-58.176054744106253,-15.624235739803733],[-58.176001719348541,-15.624260240517289],[-58.175762932415232,-15.624370575419013],[-58.175760141967771,-15.62438290521748],[-58.175738987557033,-15.624476385966226],[-58.175724110044754,-15.624542130099842],[-58.175781580940807,-15.624554834009354],[-58.175778473148391,-15.6245676183661],[-58.175772536467029,-15.624592043948928],[-58.175769673830082,-15.62460381913426],[-58.175560392398864,-15.625464815722511],[-58.175539349522793,-15.625551387285366],[-58.175342296857103,-15.626376878672119],[-58.175341874075627,-15.626378799934162],[-58.175292688835569,-15.626602514053992],[-58.175234924392576,-15.626865250644569],[-58.175160519751557,-15.627203667489749],[-58.175142184033049,-15.627279374008612],[-58.174942857059868,-15.628102370758706],[-58.174739445042576,-15.628942227246897],[-58.17524741541375,-15.629055516680451],[-58.175472378101709,-15.629105688053169],[-58.175611759605594,-15.62913699937665],[-58.176149572449951,-15.629257814512712],[-58.176467323018109,-15.629329193922331],[-58.17732881391575,-15.629522716314876],[-58.177407608437662,-15.629540416885115],[-58.178254249339034,-15.629730886784531],[-58.178845523559815,-15.629863903639709],[-58.179176322683524,-15.629937250824401],[-58.180036377437325,-15.63012794615836],[-58.180122046944888,-15.630146941108068],[-58.180343032231399,-15.63019593827444],[-58.180560402952317,-15.630244102274844],[-58.180969217571729,-15.630334684723321],[-58.181351990517449,-15.630419495951895],[-58.18177827104828,-15.630513947341507],[-58.181838716555596,-15.630527439790496],[-58.181880050914891,-15.630536667489235],[-58.182103861470694,-15.629550638636305],[-58.182332782845727,-15.628585594279489],[-58.182550790191051,-15.627654091054499],[-58.182687490532174,-15.627087085019706],[-58.181794347209745,-15.626888844640561],[-58.181794490089381,-15.626888222887246],[-58.181803517284763,-15.62684899353504],[-58.18198439276167,-15.626062962913872],[-58.182013003788001,-15.625942979717246],[-58.181165364565018,-15.625754042912087],[-58.181078505469024,-15.625734681340303],[-58.180214050876124,-15.625541992339393],[-58.18014302477382,-15.625526066868266],[-58.17929886577587,-15.625336788447393],[-58.17929867805293,-15.625336746972401],[-58.179498429191355,-15.624491530630619],[-58.178483005282494,-15.624272721772593],[-58.17840762471328,-15.624256478307444],[-58.178393043258332,-15.624091915191777],[-58.178383625876599,-15.624012574614673],[-58.178375054203336,-15.623940358617723],[-58.178367622207723,-15.623877741426917],[-58.178359488632871,-15.623809223674979],[-58.178350869932082,-15.623736609303799],[-58.178341200723814,-15.623655143176833],[-58.178336972224159,-15.623619516650745],[-58.178334383202333,-15.623597705691623],[-58.178326505400449,-15.623531338767199],[-58.178320757971719,-15.623482912921922],[-58.178316614756795,-15.623448008159112],[-58.178312294179527,-15.623411610188231],[-58.178305714786198,-15.623356175385602],[-58.178302812188015,-15.623331722177593],[-58.178302176225664,-15.623326368128788]]]]}}
]
}
