{
"type": "FeatureCollection",
"name": "Canteiros",
"crs": { "type": "name", "properties": { "name": "urn:ogc:def:crs:OGC:1.3:CRS84" } },
"features": [
{"type":"Feature","properties":{"OBJECTID":84,"ID":0,"SHAPE_AREA":111.920564215,"SHAPE_LEN":142.43218068100001},"geometry":{"type":"MultiPolygon","coordinates":[[[[-58.180262143590632,-15.629416359563374],[-58.180262087901291,-15.629415105240055],[-58.180261812227023,-15.62941387740938],[-58.180261324242124,-15.629412713090264],[-58.180260639072586,-15.629411647453695],[-58.1802597755443,-15.62941071022734],[-58.180258759934922,-15.629409929290999],[-58.180257622227145,-15.629409327984956],[-58.180256395170915,-15.629408924211203],[-58.180255114273002,-15.629408728625648],[-58.180253817812527,-15.629408747349739],[-58.180252544970344,-15.629408981076653],[-58.180251330211732,-15.629409421485839],[-58.180250211707126,-15.629410055717265],[-58.180249221071769,-15.62941086642671],[-58.18024838800882,-15.629411828144978],[-58.180101252186432,-15.630019878664381],[-58.180101305051068,-15.630021128483387],[-58.180101569511699,-15.630022352758875],[-58.180102039775036,-15.630023517173575],[-58.180102700740981,-15.630024591075854],[-58.18010353638185,-15.630025544722944],[-58.180104522290648,-15.630026351128945],[-58.18010563129836,-15.630026989650105],[-58.180106834386024,-15.630027442364343],[-58.18010809882945,-15.630027695889053],[-58.180109388214923,-15.630027744092743],[-58.18011066802525,-15.630027586257128],[-58.180111903763986,-15.630027225279479],[-58.180113060981228,-15.630026672191953],[-58.180114108978856,-15.630025941622161],[-58.180115017089761,-15.630025053620997],[-58.180115762134832,-15.630024032718611],[-58.180116323753907,-15.63002290704565],[-58.180262143590632,-15.629416359563374]]]]}},
{"type":"Feature","properties":{"OBJECTID":85,"ID":0,"SHAPE_AREA":67.95794909,"SHAPE_LEN":83.782239432200001},"geometry":{"type":"MultiPolygon","coordinates":[[[[-58.180061650144935,-15.630258533264682],[-58.180061725069123,-15.630257120055175],[-58.180061547257388,-15.630255715436158],[-58.180061121611658,-15.630254360961011],[-58.180060459568324,-15.630253099051819],[-58.180059583725821,-15.630251966647245],[-58.18005851853259,-15.630250997964268],[-58.180057295873198,-15.630250222660335],[-58.180055954120142,-15.630249663126738],[-58.180054532552766,-15.630249337230367],[-58.180053074134861,-15.630249254683134],[-58.180051623649142,-15.630249417052033],[-58.180050223049008,-15.630249820495788],[-58.180048916106735,-15.630250453028188],[-58.180047741879129,-15.630251293649367],[-58.18004673474875,-15.630252319576694],[-58.180045926243032,-15.630253498100005],[-58.180045339484209,-15.630254794746454],[-58.179963908422735,-15.630601774328076],[-58.179963767848605,-15.630602962817782],[-58.179963838114311,-15.630604156500988],[-58.179964116230053,-15.630605321949218],[-58.179964593604289,-15.630606424860192],[-58.179965257924813,-15.630607432759501],[-58.179966089443191,-15.63060831773222],[-58.17996706281447,-15.63060905189352],[-58.179968151812666,-15.630609616402401],[-58.179969322754914,-15.630609993361864],[-58.17997054293253,-15.63061017210091],[-58.179971777802365,-15.630610147381892],[-58.179972989126419,-15.630609920314319],[-58.179974143361626,-15.630609497405962],[-58.179975207928692,-15.630608890582794],[-58.179976149351802,-15.630608118102991],[-58.17997694256551,-15.630607200891216],[-58.179977563483739,-15.630606168002011],[-58.17997799453935,-15.630605046647075],[-58.180061650144935,-15.630258533264682]]]]}},
{"type":"Feature","properties":{"OBJECTID":86,"ID":0,"SHAPE_AREA":101.64566085,"SHAPE_LEN":129.602889917},"geometry":{"type":"MultiPolygon","coordinates":[[[[-58.179962806582445,-15.630668027593407],[-58.179962877946032,-15.630666806935256],[-58.179962740397364,-15.630665591920131],[-58.179962395993471,-15.630664415981512],[-58.179961855175904,-15.63066331070001],[-58.179961133055173,-15.630662308534982],[-58.179960249369344,-15.6306614355936],[-58.179959228515088,-15.630660717054049],[-58.179958099521848,-15.630660172646179],[-58.179956892320746,-15.630659816671535],[-58.179955641486018,-15.630659659791052],[-58.179954380617666,-15.630659705439692],[-58.179953145160603,-15.6306599534268],[-58.179951969585481,-15.630660396335788],[-58.179950885538837,-15.630661022245661],[-58.17994992369821,-15.630661812913315],[-58.17994911006182,-15.63066274740906],[-58.179948467798532,-15.630663799395034],[-58.179819091517984,-15.631214800894144],[-58.179819032274324,-15.631216020583173],[-58.179819184726249,-15.631217231902601],[-58.179819542158107,-15.631218402347882],[-58.179820095988688,-15.631219499424509],[-58.179820830179892,-15.631220491581983],[-58.179821724983263,-15.631221350905379],[-58.179822754146869,-15.631222054034279],[-58.179823890506746,-15.631222581228807],[-58.179825101333392,-15.631222918202436],[-58.179826352990432,-15.63122305519307],[-58.179827610944947,-15.631222988770764],[-58.179828839751991,-15.631222719126134],[-58.179830004956294,-15.631222256387428],[-58.179831074906041,-15.63122161157173],[-58.179832018923605,-15.631220802922146],[-58.179832811021065,-15.631219853176091],[-58.179833428967385,-15.631218789570339],[-58.179962806582445,-15.630668027593407]]]]}},
{"type":"Feature","properties":{"OBJECTID":87,"ID":0,"SHAPE_AREA":125.21918404500001,"SHAPE_LEN":160.906875353},"geometry":{"type":"MultiPolygon","coordinates":[[[[-58.179792429211282,-15.631385942666594],[-58.179792265757669,-15.631384764850877],[-58.179791895479148,-15.631383631534838],[-58.179791330693142,-15.631382576096819],[-58.179790587442945,-15.631381630991156],[-58.179789687337404,-15.631380823218878],[-58.179788658493983,-15.631380176130394],[-58.179787529947355,-15.631379710359404],[-58.179786336282206,-15.631379438374639],[-58.179785111129782,-15.631379369034342],[-58.179783892743686,-15.631379503940622],[-58.179782715615445,-15.631379839292386],[-58.179781616065867,-15.63138036495134],[-58.179780624793331,-15.631381066289929],[-58.179779773387516,-15.631381921444508],[-58.179779085027789,-15.631382905884966],[-58.179616437271477,-15.632071602078211],[-58.179616300176399,-15.632072909864741],[-58.179616393500417,-15.632074220931917],[-58.179616714227869,-15.632075497331869],[-58.179617253762025,-15.632076703858466],[-58.17961799603367,-15.632077803537902],[-58.179618920345987,-15.6320787657486],[-58.179619998555559,-15.632079562620778],[-58.179621200684473,-15.632080171717966],[-58.179622492111704,-15.632080574244235],[-58.179623835459331,-15.632080758649769],[-58.17962519059251,-15.632080720630819],[-58.17962652020578,-15.632080461291881],[-58.179627785159177,-15.632079987170727],[-58.179628949152473,-15.632079312021169],[-58.179629978719944,-15.632078455909088],[-58.179630843220039,-15.6320774434047],[-58.179631518571625,-15.632076304466434],[-58.179792429211282,-15.631385942666594]]]]}},
{"type":"Feature","properties":{"OBJECTID":88,"ID":0,"SHAPE_AREA":132.057864585,"SHAPE_LEN":159.7046662},"geometry":{"type":"MultiPolygon","coordinates":[[[[-58.179596569216187,-15.632222379338451],[-58.179596419739852,-15.632221036032536],[-58.179596039175415,-15.632219735548805],[-58.179595438005883,-15.632218516698883],[-58.179594634145303,-15.632217412831018],[-58.179593649228472,-15.632216455465635],[-58.179592512336747,-15.632215673371386],[-58.179591256236002,-15.632215087161958],[-58.179589915542103,-15.632214714729374],[-58.179588529488178,-15.632214565805677],[-58.179587138214259,-15.632214645598483],[-58.179585779948248,-15.632214951190546],[-58.179584493814573,-15.632215473332449],[-58.179583317046273,-15.632216198265388],[-58.17958228310394,-15.632217105019611],[-58.179581421686009,-15.632218167222137],[-58.179580755940854,-15.632219354919604],[-58.179420294687212,-15.632902060804877],[-58.179420332003154,-15.632903364941944],[-58.179420601439105,-15.632904643425654],[-58.179421095310339,-15.632905857429314],[-58.179421798480412,-15.632906969974098],[-58.179422689309312,-15.632907948635729],[-58.179423741503541,-15.63290876282268],[-58.179424923209183,-15.632909388300746],[-58.179426198877486,-15.632909807182877],[-58.179427530182096,-15.632910005212604],[-58.179428876050082,-15.632909977187305],[-58.179430197310239,-15.632909724221475],[-58.179431452962149,-15.632909253766782],[-58.179432606710535,-15.632908580480867],[-58.179433621353283,-15.632907723545772],[-58.179434469057369,-15.632906709324439],[-58.179435122943232,-15.632905567790299],[-58.179596569216187,-15.632222379338451]]]]}},
{"type":"Feature","properties":{"OBJECTID":89,"ID":0,"SHAPE_AREA":132.73021182,"SHAPE_LEN":162.34764386800001},"geometry":{"type":"MultiPolygon","coordinates":[[[[-58.179401878002061,-15.633047807237473],[-58.179401967786141,-15.633046544900754],[-58.179401841172634,-15.633045284631276],[-58.179401502099616,-15.633044062564162],[-58.17940096007591,-15.633042910285017],[-58.179400229284546,-15.633041861162178],[-58.179399329474123,-15.633040943110556],[-58.17939828690713,-15.633040181298371],[-58.179397127820131,-15.633039596374429],[-58.179395885886031,-15.633039204428041],[-58.179394593819055,-15.633039017034116],[-58.179393288017948,-15.633039037612594],[-58.179392003000402,-15.633039266881852],[-58.179390775108224,-15.633039698319132],[-58.179389636921123,-15.633040319998525],[-58.179388620992896,-15.633041115474702],[-58.179387753311794,-15.633042062010279],[-58.179387058917676,-15.63304313416123],[-58.179386556295221,-15.633044301999288],[-58.179223691978322,-15.633738739845647],[-58.179223798080798,-15.633740002033255],[-58.179224119462589,-15.633741229619099],[-58.179224646604482,-15.633742389209788],[-58.179225364390639,-15.633743447442052],[-58.17922625306727,-15.633744375497004],[-58.179227289170122,-15.6337451481914],[-58.17922844272627,-15.633745743992588],[-58.179229682855855,-15.633746145892346],[-58.179230974046206,-15.633746342330738],[-58.179232280826042,-15.633746328978921],[-58.179233566817196,-15.633746106032445],[-58.179234797538058,-15.633745679100102],[-58.179235938543272,-15.633745060117835],[-58.179236957284076,-15.633744266434862],[-58.179237825901417,-15.633743319894682],[-58.179238520293261,-15.633742246840162],[-58.179401878002061,-15.633047807237473]]]]}},
{"type":"Feature","properties":{"OBJECTID":90,"ID":0,"SHAPE_AREA":120.36819033,"SHAPE_LEN":155.581902214},"geometry":{"type":"MultiPolygon","coordinates":[[[[-58.17920531800938,-15.633883178985716],[-58.179205499786072,-15.633882017392152],[-58.179205473471292,-15.633880842454637],[-58.179205241132358,-15.633879689414423],[-58.179204807624636,-15.633878591689962],[-58.17920418712599,-15.633877581745713],[-58.179203397535069,-15.633876690218278],[-58.179202462316098,-15.633875942290912],[-58.179201408654095,-15.633875361319088],[-58.17920026741853,-15.633874962503285],[-58.179199073199698,-15.63387475921617],[-58.179197860546445,-15.633874757599358],[-58.179196665831817,-15.633874956553456],[-58.179195522604616,-15.633875350474689],[-58.179194467180977,-15.633875928320945],[-58.179193528378583,-15.633876672763105],[-58.17919273591685,-15.633877561043759],[-58.179192111109884,-15.633878568642819],[-58.179191674302821,-15.633879664718119],[-58.179033482526442,-15.634545473205685],[-58.179033781189432,-15.634546805767025],[-58.179034312653592,-15.634548068380187],[-58.179035060844399,-15.634549223167491],[-58.179036003178616,-15.634550235901841],[-58.179037112429789,-15.634551075996727],[-58.179038353935084,-15.634551717425175],[-58.179039691212722,-15.634552142305106],[-58.179041084075649,-15.634552337293922],[-58.179042490512686,-15.634552296290074],[-58.179043868553975,-15.634552020423046],[-58.179045177209062,-15.634551518952224],[-58.17904637737891,-15.634550805646363],[-58.179047431881706,-15.634549903302972],[-58.179048310080717,-15.634548837396141],[-58.17920531800938,-15.633883178985716]]]]}},
{"type":"Feature","properties":{"OBJECTID":91,"ID":0,"SHAPE_AREA":108.850000585,"SHAPE_LEN":157.88003566200001},"geometry":{"type":"MultiPolygon","coordinates":[[[[-58.179002737283611,-15.634738111866252],[-58.179002713217919,-15.634737003805741],[-58.179002501767265,-15.634735914830518],[-58.179002108699024,-15.634734874738481],[-58.179001543496213,-15.634733910595875],[-58.179000823109241,-15.634733050332731],[-58.178999966322984,-15.634732316445726],[-58.178998996570733,-15.634731728694879],[-58.178997940068591,-15.634731304113522],[-58.178996826727527,-15.634731053387757],[-58.178995684572286,-15.634730983598248],[-58.178994547193234,-15.634731096372253],[-58.178993444428926,-15.634731389741585],[-58.17899240607651,-15.634731854507027],[-58.178991460979709,-15.634732477858869],[-58.178990634235575,-15.6347332442958],[-58.178989949039391,-15.634734131999403],[-58.178989423907055,-15.634735116464663],[-58.178830369503657,-15.635412079167331],[-58.178830159799197,-15.635413088150475],[-58.178830129307748,-15.635414116960359],[-58.178830279729347,-15.635415136662866],[-58.178830606219023,-15.635416115647246],[-58.178831099298968,-15.635417027751165],[-58.178831744817046,-15.635417845029545],[-58.178832523988333,-15.635418544985658],[-58.178833415239872,-15.635419106945605],[-58.178834390489918,-15.635419513886049],[-58.178835423558517,-15.635419755100802],[-58.178836483622483,-15.635419823524268],[-58.178837539879339,-15.635419715706334],[-58.17883856251111,-15.635419437230706],[-58.178839521699828,-15.635418993681075],[-58.178840389544817,-15.635418399669881],[-58.178841140021305,-15.635417671607296],[-58.178841752727095,-15.635416830392861],[-58.178842210079004,-15.635415900526521],[-58.179002737283611,-15.634738111866252]]]]}},
{"type":"Feature","properties":{"OBJECTID":92,"ID":0,"SHAPE_AREA":42.805910495,"SHAPE_LEN":156.39961154},"geometry":{"type":"MultiPolygon","coordinates":[[[[-58.189447423935974,-15.622252379604904],[-58.189447412632269,-15.622252037086181],[-58.18944734073839,-15.622251701223096],[-58.1894472092496,-15.622251382857099],[-58.189447022881694,-15.622251091001724],[-58.189446787288304,-15.622250835569258],[-58.189446509034994,-15.62225062285148],[-58.189446197490653,-15.622250460028853],[-58.189445862018978,-15.62225035337797],[-58.189445511019642,-15.622250303757239],[-58.189445157566347,-15.622250313807527],[-58.189444810986259,-15.622250383478313],[-58.189444482456402,-15.622250509997295],[-58.189444181288266,-15.622250690602316],[-58.189443916772539,-15.622250918915705],[-58.189443697261964,-15.622251187660961],[-58.18944352924386,-15.62225148957169],[-58.189443418262371,-15.622251815578815],[-58.189443367053087,-15.622252154820639],[-58.189443377424077,-15.622252497344411],[-58.189450518284239,-15.622951304599725],[-58.189450574416895,-15.622951818617448],[-58.189450720929671,-15.622952315875139],[-58.189450952137562,-15.622952781037228],[-58.189451262371215,-15.62295320147976],[-58.189451641297708,-15.622953564604076],[-58.1894520795272,-15.622953859614171],[-58.189452563016751,-15.622954077547101],[-58.189453077739024,-15.62295421215155],[-58.189453608749609,-15.622954259892868],[-58.189454141114517,-15.622954219044152],[-58.189454657117274,-15.622954090605335],[-58.189455143720643,-15.622953878262669],[-58.189455586037568,-15.622953588424149],[-58.189455970129394,-15.622953230204377],[-58.189456285793554,-15.622952813601552],[-58.189456522843116,-15.622952351325569],[-58.189456674822054,-15.622951856066075],[-58.189456738082946,-15.622951342305312],[-58.189447423935974,-15.622252379604904]]]]}},
{"type":"Feature","properties":{"OBJECTID":93,"ID":0,"SHAPE_AREA":37.204911595,"SHAPE_LEN":147.665420966},"geometry":{"type":"MultiPolygon","coordinates":[[[[-58.18946210559298,-15.62317999934532],[-58.189462025090279,-15.623179626468842],[-58.189461879406551,-15.623179272927546],[-58.189461673267957,-15.623178949542728],[-58.189461412317797,-15.623178664418901],[-58.189461105013152,-15.623178428357141],[-58.189460759779806,-15.623178246735181],[-58.189460387841741,-15.623178124915659],[-58.18945999948496,-15.623178067362335],[-58.189459606845304,-15.623178075817297],[-58.189459221115435,-15.623178150219859],[-58.18945885533261,-15.623178286883769],[-58.189458518808401,-15.623178483046845],[-58.189458221771453,-15.623178733230244],[-58.189457974429587,-15.623179028339607],[-58.189457783264892,-15.623179360204661],[-58.189457653821556,-15.623179719756317],[-58.189457589762682,-15.623180095223953],[-58.189467143118179,-15.623840606263585],[-58.189467226591532,-15.623841008952795],[-58.18946737990975,-15.623841392281502],[-58.189467598341416,-15.623841744524622],[-58.189467875305297,-15.623842056678715],[-58.189468203271794,-15.623842317033869],[-58.189468571954826,-15.623842521126276],[-58.18946897104226,-15.623842659972768],[-58.189469389330981,-15.623842731826256],[-58.189469813747145,-15.623842734045873],[-58.189470232160147,-15.62384266579344],[-58.189470632460164,-15.623842529846295],[-58.189471002537445,-15.623842328981793],[-58.189471333111655,-15.623842071385347],[-58.189471613016167,-15.623841761636999],[-58.189471834857002,-15.623841411527593],[-58.189471991219278,-15.623841029232429],[-58.189472078439898,-15.623840626522149],[-58.18946210559298,-15.62317999934532]]]]}},
{"type":"Feature","properties":{"OBJECTID":94,"ID":0,"SHAPE_AREA":37.28919266,"SHAPE_LEN":161.77586878899999},"geometry":{"type":"MultiPolygon","coordinates":[[[[-58.189475521672968,-15.623977936311944],[-58.189475509243195,-15.623977560354906],[-58.189475433424548,-15.623977191068699],[-58.189475295207153,-15.623976838390941],[-58.189475098384484,-15.623976513147898],[-58.189474849537781,-15.623976224342979],[-58.189474555232664,-15.623975978267913],[-58.189474222045121,-15.623975783022239],[-58.189473861199183,-15.623975643968535],[-58.189473481110241,-15.623975564676826],[-58.189473092981437,-15.623975546894215],[-58.189472707077982,-15.62397559146897],[-58.189472333654642,-15.623975697441624],[-58.189471983883266,-15.623975861136017],[-58.189471666137521,-15.623976078891141],[-58.18947139064089,-15.623976344324275],[-58.189471163880725,-15.623976650169022],[-58.189470992339174,-15.623976988255091],[-58.189470879694973,-15.623977349523525],[-58.189470831481898,-15.623977723097477],[-58.189480688020808,-15.624702200877122],[-58.189480702993315,-15.624702532529026],[-58.189480775753339,-15.624702856636514],[-58.189480904383231,-15.624703164170946],[-58.189481086032629,-15.624703446108718],[-58.189481313192793,-15.624703694355363],[-58.189481582085833,-15.62470390079624],[-58.189481882420431,-15.624704060063676],[-58.189482206708668,-15.624704167678725],[-58.18948254466968,-15.624704220081489],[-58.189482887898443,-15.624704215509704],[-58.18948322426948,-15.624704154029084],[-58.189483545403895,-15.624704038396757],[-58.189483841990018,-15.624703871374896],[-58.189484103793902,-15.624703657538474],[-58.189484325260928,-15.624703404148853],[-58.189484498033032,-15.624703117578647],[-58.189484618431443,-15.624702806886845],[-58.189484682772203,-15.624702480228555],[-58.189484687386987,-15.624702148470496],[-58.189484635126149,-15.624701820636304],[-58.189475521672968,-15.623977936311944]]]]}},
{"type":"Feature","properties":{"OBJECTID":95,"ID":0,"SHAPE_AREA":38.70146872,"SHAPE_LEN":163.20419789300001},"geometry":{"type":"MultiPolygon","coordinates":[[[[-58.189497976529232,-15.625586107901434],[-58.189487542940007,-15.624855926057753],[-58.18948759007435,-15.624855527180339],[-58.189487566305573,-15.624855125975454],[-58.18948747357215,-15.624854735087263],[-58.189487314729639,-15.624854364443257],[-58.189487093571572,-15.624854024869718],[-58.189486816684429,-15.624853726273914],[-58.189486491577,-15.624853476750284],[-58.189486128556261,-15.624853284378119],[-58.189485736970376,-15.624853152722372],[-58.189485328048612,-15.624853088049523],[-58.189484913916473,-15.624853090293872],[-58.189484505766707,-15.624853159394734],[-58.189484115724802,-15.624853295286419],[-58.189483754014283,-15.624853491586183],[-58.189483432739792,-15.624853744612814],[-58.189483159316197,-15.624854046190963],[-58.189482942091132,-15.624854388140266],[-58.189482786603591,-15.624854760487754],[-58.189482698387373,-15.624855152356576],[-58.189482680183303,-15.62485555378893],[-58.189482730985603,-15.624855952135585],[-58.189493906286295,-15.625586488810921],[-58.189494002422464,-15.625586822734631],[-58.189494157195632,-15.625587134646821],[-58.189494364962471,-15.625587416442951],[-58.189494620074406,-15.625587659114601],[-58.189494915022593,-15.6255878545673],[-58.189495240453667,-15.625587998332223],[-58.189495586071018,-15.625588084137847],[-58.189495942542095,-15.625588111130849],[-58.189496298668892,-15.625588078468001],[-58.189496642320634,-15.625587985311146],[-58.189496965128818,-15.625587836225174],[-58.189497255926746,-15.625587635790117],[-58.189497506345859,-15.625587388570866],[-58.189497708976489,-15.625587103646609],[-58.189497858263969,-15.625586788278694],[-58.189497947741721,-15.625586453349031],[-58.189497976529232,-15.625586107901434]]]]}},
{"type":"Feature","properties":{"OBJECTID":96,"ID":0,"SHAPE_AREA":32.680115235000002,"SHAPE_LEN":159.28645572900001},"geometry":{"type":"MultiPolygon","coordinates":[[[[-58.18950082731493,-15.625720622389073],[-58.189500811258164,-15.625720264529861],[-58.189500730884482,-15.625719914250446],[-58.189500590920169,-15.62571958237211],[-58.189500394220786,-15.625719278822297],[-58.189500146434924,-15.62571901260945],[-58.189499856004126,-15.625718791822962],[-58.189499530421557,-15.625718621845643],[-58.18949917905109,-15.625718508954083],[-58.189498813095945,-15.625718454895367],[-58.189498443769807,-15.625718463224342],[-58.189498080394806,-15.625718532986575],[-58.18949773508082,-15.625718661404736],[-58.189497418072285,-15.625718845711569],[-58.18949713772728,-15.625719079534452],[-58.189496903336618,-15.625719356495694],[-58.189496720449789,-15.625719668430092],[-58.189496596476467,-15.62572000625843],[-58.189496533219547,-15.625720359124076],[-58.189496533425036,-15.625720717973113],[-58.189509142408021,-15.626434394418824],[-58.189509154301007,-15.626434677276492],[-58.189509216530496,-15.626434954437922],[-58.189509326246103,-15.626435216879502],[-58.189509480607903,-15.626435457385394],[-58.189509675843212,-15.626435668744802],[-58.189509905386323,-15.626435844665977],[-58.189510161744067,-15.626435979766118],[-58.189510439299127,-15.626436070460045],[-58.189510728703283,-15.6264361131828],[-58.189511020629169,-15.626436107984944],[-58.189511307609642,-15.626436054003044],[-58.189511581260533,-15.626435953090342],[-58.189511832275315,-15.62643580891292],[-58.189512055078438,-15.626435625116594],[-58.189512241301365,-15.626435406266268],[-58.18951238632733,-15.62643516052208],[-58.189512486461929,-15.6264348942314],[-58.189512537083203,-15.626434614650513],[-58.18950082731493,-15.625720622389073]]]]}},
{"type":"Feature","properties":{"OBJECTID":97,"ID":0,"SHAPE_AREA":12.49928042,"SHAPE_LEN":52.602366888},"geometry":{"type":"MultiPolygon","coordinates":[[[[-58.189516105375837,-15.626594204070322],[-58.189516196296786,-15.626593795916545],[-58.189516214406801,-15.626593378214476],[-58.189516158846175,-15.626592963623416],[-58.189516032480931,-15.626592563878607],[-58.189515838177108,-15.626592190715249],[-58.189515580661016,-15.626591854954597],[-58.189515269317397,-15.626591566488729],[-58.189514910722373,-15.626591333417132],[-58.1895145179708,-15.626591161996201],[-58.189514099493849,-15.626591058507534],[-58.189513670220514,-15.626591023774129],[-58.189513240431793,-15.626591061355878],[-58.189512823165153,-15.626591167566506],[-58.189512431473716,-15.626591341431375],[-58.189512074653528,-15.626591577476646],[-58.189511764788485,-15.626591868405598],[-58.189511510226239,-15.626592206037838],[-58.189511318371338,-15.626592580390291],[-58.189511194757593,-15.626592980586103],[-58.189511143053352,-15.626593395758542],[-58.189511164118322,-15.626593813248286],[-58.189511257879467,-15.626594220401069],[-58.189513170860785,-15.626823037090368],[-58.189513046006404,-15.626823383962549],[-58.189512981868724,-15.626823745872015],[-58.189512983054094,-15.626824112850841],[-58.189513047634406,-15.626824474062627],[-58.189513174624757,-15.626824820473681],[-58.189513359293628,-15.626825140358871],[-58.189513597863112,-15.626825425603529],[-58.18951388282435,-15.626825668113245],[-58.189514204808212,-15.626825860707523],[-58.189514556316269,-15.626825997099701],[-58.189514927072729,-15.626826074633756],[-58.189515305863878,-15.626826089754838],[-58.189515681496836,-15.626826042523629],[-58.189516043727117,-15.626825935707371],[-58.189516381367078,-15.626825770270575],[-58.189516686053366,-15.626825551682044],[-58.189516948500362,-15.626825287223317],[-58.189517160344664,-15.626824982363161],[-58.189517316985217,-15.626824647973372],[-58.189517412877727,-15.62682429312302],[-58.189517445281396,-15.62682392776995],[-58.189517413320857,-15.626823561861832],[-58.189517317991466,-15.626823206240129],[-58.189516105375837,-15.626594204070322]]]]}},
{"type":"Feature","properties":{"OBJECTID":98,"ID":0,"SHAPE_AREA":23.65656803,"SHAPE_LEN":78.045134288200003},"geometry":{"type":"MultiPolygon","coordinates":[[[[-58.189533274978558,-15.627623960177342],[-58.189533208875567,-15.627623496832651],[-58.189533062650611,-15.627623050192531],[-58.189532841050905,-15.627622634693742],[-58.189532550663031,-15.627622260243506],[-58.189532199021961,-15.627621939455654],[-58.189531797367586,-15.627621680404406],[-58.189531356007009,-15.627621491169036],[-58.189530887091998,-15.627621376203182],[-58.189530406500005,-15.627621339036409],[-58.189529925434407,-15.627621381415803],[-58.189529458808636,-15.627621501452714],[-58.189529019660228,-15.627621695460846],[-58.189528620088737,-15.627621958855102],[-58.189528272172872,-15.627622283434864],[-58.189527986125832,-15.627622661009644],[-58.189527769336514,-15.627623078884694],[-58.189527629209493,-15.627623527076974],[-58.189527567526746,-15.627623991114318],[-58.189532996887529,-15.627969105859579],[-58.18953326245186,-15.627969542813739],[-58.189533601416009,-15.627969929655276],[-58.189534003446759,-15.62797025378555],[-58.189534456371476,-15.627970507135403],[-58.189534948017524,-15.627970681635668],[-58.189535463424484,-15.627970771040125],[-58.189535986730462,-15.627970774530821],[-58.189536503006366,-15.627970691284812],[-58.189536996405955,-15.62797052319578],[-58.189537453902133,-15.627970275757759],[-58.189537859674751,-15.627969955383865],[-58.189538203531477,-15.627969573880078],[-58.189538475259077,-15.627969139436924],[-58.189538665618784,-15.627968667470828],[-58.189538770952687,-15.627968170656304],[-58.1895387857478,-15.6279676634857],[-58.18953871102557,-15.627967161319855],[-58.189533274978558,-15.627623960177342]]]]}},
{"type":"Feature","properties":{"OBJECTID":99,"ID":0,"SHAPE_AREA":26.326663035,"SHAPE_LEN":103.785094425},"geometry":{"type":"MultiPolygon","coordinates":[[[[-58.189523791184229,-15.627060566317981],[-58.189523800983004,-15.627060163123447],[-58.189523738981677,-15.627059763933692],[-58.189523606186015,-15.627059381397961],[-58.189523407322319,-15.627059026337461],[-58.18952314805486,-15.62705871047226],[-58.189522835897733,-15.627058442800667],[-58.189522481163245,-15.627058232305856],[-58.189522093204879,-15.627058083456621],[-58.189521685117512,-15.62705800250933],[-58.189521269037215,-15.627057991206033],[-58.189520856162069,-15.627058050389897],[-58.189520461400257,-15.627058177268411],[-58.189520094063532,-15.62705836907943],[-58.1895197681065,-15.627058619419932],[-58.189519490949316,-15.627058921018495],[-58.189519271867212,-15.627059264785792],[-58.189519117326768,-15.627059639839924],[-58.189519031923865,-15.627060034405206],[-58.189519019332074,-15.627060438518773],[-58.189526612296788,-15.627521686957454],[-58.189526590299373,-15.627522077563436],[-58.189526635448949,-15.627522465997638],[-58.189526747682912,-15.627522841413555],[-58.189526923207701,-15.627523192984897],[-58.189527157307403,-15.627523511698184],[-58.189527442462733,-15.627523787651205],[-58.189527772102721,-15.627524013648349],[-58.189528135930694,-15.627524183418107],[-58.189528523655184,-15.627524291592835],[-58.189528924062422,-15.627524334617682],[-58.189529326892249,-15.627524312548275],[-58.189529720018996,-15.627524225450349],[-58.189530092265414,-15.627524076096178],[-58.189530434324972,-15.627523868151846],[-58.189530735041266,-15.627523608005147],[-58.189530986994107,-15.627523302927544],[-58.189531181830539,-15.627522960195542],[-58.189531315887443,-15.627522591579776],[-58.189531383620512,-15.62752220614931],[-58.189531384164873,-15.627521815659607],[-58.189523791184229,-15.627060566317981]]]]}},
{"type":"Feature","properties":{"OBJECTID":100,"ID":0,"SHAPE_AREA":35.379609795,"SHAPE_LEN":86.992543550199997},"geometry":{"type":"MultiPolygon","coordinates":[[[[-58.173434763394965,-15.626974660328885],[-58.173434887352016,-15.626973987157761],[-58.173434895581771,-15.626973302854601],[-58.173434785399223,-15.626972627319768],[-58.173434560638263,-15.626971978610932],[-58.17343422700349,-15.626971375679682],[-58.173433794847696,-15.62697083474103],[-58.17343327638406,-15.626970371096119],[-58.173432684743098,-15.626969997329471],[-58.173432037713809,-15.626969725096805],[-58.173431353049303,-15.626969559726625],[-58.173430649445585,-15.626969508350246],[-58.1734299464852,-15.626969569959053],[-58.173429263760909,-15.626969745352215],[-58.173428620824353,-15.626970028097807],[-58.173428035351357,-15.626970409966138],[-58.173427524074732,-15.626970880924741],[-58.173427100913578,-15.626971428244486],[-58.173426776973372,-15.626972036499517],[-58.173426562416495,-15.62697268846126],[-58.173426463664129,-15.626973365113235],[-58.173369381532069,-15.627350969186471],[-58.17336946417614,-15.627351558997209],[-58.173369649293697,-15.62735212566232],[-58.173369933066269,-15.627352653835768],[-58.173370306068605,-15.627353126393681],[-58.173370757963291,-15.627353529832691],[-58.173371273759493,-15.62735385248212],[-58.173371840336976,-15.627354083565239],[-58.17337243900478,-15.627354216854597],[-58.173373052015002,-15.627354247925538],[-58.173373661645435,-15.627354176872837],[-58.173374249251431,-15.627354005603982],[-58.173374798069311,-15.627353738728166],[-58.173375291350759,-15.627353383566192],[-58.173375714238759,-15.627352951948328],[-58.173376053746892,-15.627352456598739],[-58.173376300624895,-15.627351911125507],[-58.173376446580967,-15.627351333651152],[-58.173376487971623,-15.627350739561603],[-58.173434763394965,-15.626974660328885]]]]}},
{"type":"Feature","properties":{"OBJECTID":101,"ID":0,"SHAPE_AREA":18.5199524,"SHAPE_LEN":44.461487177899997},"geometry":{"type":"MultiPolygon","coordinates":[[[[-58.173354802132557,-15.627495116679949],[-58.173354832160463,-15.627494492822164],[-58.173354755875764,-15.627493873148429],[-58.173354574303801,-15.627493273923651],[-58.173354293138885,-15.627492712291629],[-58.173353919930449,-15.62749220357844],[-58.173353465021073,-15.627491762191356],[-58.173352940598235,-15.627491398912124],[-58.17335236164763,-15.627491124507499],[-58.173351744072306,-15.627490947027681],[-58.173351104692578,-15.62749087180614],[-58.173350461230655,-15.627490898748135],[-58.173349830486266,-15.627491029571692],[-58.17334923201625,-15.627491258748766],[-58.173348679786073,-15.627491581685145],[-58.173348191456185,-15.627491987439514],[-58.173347778168107,-15.627492466913193],[-58.173347452897929,-15.627493005574255],[-58.173347223958054,-15.627493588915746],[-58.173347096857476,-15.627494201541721],[-58.173318743015052,-15.627681088993956],[-58.173318759000495,-15.627681766840274],[-58.173318890584966,-15.627682433221596],[-58.17331913485701,-15.627683068267542],[-58.173319485194746,-15.627683655743112],[-58.173319931240201,-15.627684178529439],[-58.173320461712869,-15.62768462132038],[-58.173321059761534,-15.627684973359102],[-58.173321710400486,-15.62768522387884],[-58.173322394933557,-15.627685365748285],[-58.173323094680065,-15.62768539454774],[-58.173323789124701,-15.627685311290827],[-58.173324459612488,-15.627685116077286],[-58.173325087529605,-15.627684816237901],[-58.1733256542623,-15.627684419103472],[-58.17332614588107,-15.627683935595371],[-58.173326547544299,-15.627683380255514],[-58.173326847208592,-15.627682767610812],[-58.173354802132557,-15.627495116679949]]]]}},
{"type":"Feature","properties":{"OBJECTID":102,"ID":0,"SHAPE_AREA":76.97064676,"SHAPE_LEN":153.22679272},"geometry":{"type":"MultiPolygon","coordinates":[[[[-58.173301798165454,-15.627860644400075],[-58.173301758125376,-15.627859837423399],[-58.17330157827071,-15.627859048368515],[-58.173301266192105,-15.627858299792566],[-58.173300828532028,-15.627857611546053],[-58.173300277534565,-15.6278570043534],[-58.173299631019759,-15.627856495293605],[-58.173298904921516,-15.627856097840114],[-58.173298119827201,-15.627855823633675],[-58.173297300034662,-15.627855680679556],[-58.173296466084921,-15.627855672483564],[-58.173295642229441,-15.627855798916052],[-58.173294852709439,-15.627856058039578],[-58.173294117993912,-15.627856440705617],[-58.173293460417391,-15.627856937755698],[-58.173292897614601,-15.627857533729053],[-58.173292445354797,-15.627858213174919],[-58.173292117510869,-15.627858955229229],[-58.173291921436721,-15.627859740870573],[-58.173187745744144,-15.628531284857596],[-58.17318788705272,-15.628532020787951],[-58.17318815316996,-15.628532724414244],[-58.173188537443124,-15.628533374078215],[-58.173189029509018,-15.628533951757081],[-58.173189614356119,-15.628534442164659],[-58.17319027604016,-15.628534830019733],[-58.173190994911586,-15.628535104580425],[-58.173191752269034,-15.628535257811571],[-58.173192524773135,-15.628535286222276],[-58.173193290965408,-15.628535189023376],[-58.173194029402872,-15.628534968137338],[-58.173194719600986,-15.62853463000102],[-58.173195341095806,-15.628534184666846],[-58.173195876231944,-15.628533643980006],[-58.173196311110736,-15.628533024285169],[-58.173196631838685,-15.628532342830908],[-58.173196830129079,-15.628531618643597],[-58.173301798165454,-15.627860644400075]]]]}},
{"type":"Feature","properties":{"OBJECTID":103,"ID":0,"SHAPE_AREA":35.786806265000003,"SHAPE_LEN":73.386803708900004},"geometry":{"type":"MultiPolygon","coordinates":[[[[-58.173171522184028,-15.628698782769403],[-58.173171497109259,-15.628697982943988],[-58.173171333136651,-15.628697198323721],[-58.173171035063731,-15.628696452384554],[-58.173170610465775,-15.628695764971971],[-58.173170071592047,-15.628695157714352],[-58.173169435329875,-15.628694647695628],[-58.173168718551167,-15.628694249288175],[-58.173167942776125,-15.628693974127746],[-58.173167130437129,-15.628693830229592],[-58.173166303940825,-15.62869382108958],[-58.173165488476705,-15.628693947476904],[-58.17316470641024,-15.62869420565641],[-58.173163981024253,-15.628694589176231],[-58.173163332767231,-15.628695085272337],[-58.17316278114982,-15.628695680281771],[-58.173162341003426,-15.628696357854885],[-58.173162024335511,-15.628697097137579],[-58.173161842225852,-15.628697878184637],[-58.173115857725293,-15.629013241158317],[-58.173116015885384,-15.629013987845521],[-58.173116305358022,-15.629014697674346],[-58.173116717614612,-15.629015347188769],[-58.173117240426443,-15.62901591837598],[-58.17311785689585,-15.629016392344234],[-58.17311854829574,-15.629016756538915],[-58.173119294961054,-15.629016997506525],[-58.173120073547203,-15.629017110852311],[-58.173120860699306,-15.629017090373763],[-58.173121632181193,-15.629016938912194],[-58.173122364689434,-15.629016659303893],[-58.173123036827263,-15.629016261606267],[-58.173123627203104,-15.629015756780579],[-58.173124117249344,-15.629015160292552],[-58.173124494010338,-15.629014490289617],[-58.173124745478624,-15.629013767625871],[-58.173171522184028,-15.628698782769403]]]]}},
{"type":"Feature","properties":{"OBJECTID":104,"ID":0,"SHAPE_AREA":68.70233043,"SHAPE_LEN":137.74577857400001},"geometry":{"type":"MultiPolygon","coordinates":[[[[-58.173114896906107,-15.629087289998816],[-58.173114679334006,-15.629086429736724],[-58.173114318380115,-15.629085616340518],[-58.173113823500643,-15.629084872357362],[-58.173113208800117,-15.629084217597864],[-58.173112491165867,-15.629083669145988],[-58.17311168935079,-15.629083244075803],[-58.173110826730344,-15.629082952205264],[-58.173109926674854,-15.629082802448584],[-58.173109012528911,-15.629082799200473],[-58.173108110409643,-15.629082942321316],[-58.17310724547572,-15.62908322715707],[-58.173106441004819,-15.629083646352036],[-58.173105718388562,-15.629084188944914],[-58.173105098992799,-15.629084839455061],[-58.173104597638734,-15.629085579725045],[-58.173104230069967,-15.629086389784701],[-58.173012890790282,-15.629689177930631],[-58.173012932892561,-15.629689855637272],[-58.173013090569299,-15.629690517359631],[-58.173013358121032,-15.629691145049975],[-58.173013729848307,-15.629691720660633],[-58.173014195398181,-15.629692227976534],[-58.173014740707231,-15.629692654418172],[-58.173015350779309,-15.629692987410975],[-58.173016009706075,-15.62969321800089],[-58.173016699723973,-15.629693339051622],[-58.173017400296921,-15.629693347961215],[-58.173018092769723,-15.629693244829394],[-58.173018757564797,-15.629693031568626],[-58.173019376995761,-15.629692714600861],[-58.173019934319292,-15.62969230215074],[-58.173020412812626,-15.629691806058513],[-58.173020800432269,-15.629691240851079],[-58.173114896906107,-15.629087289998816]]]]}},
{"type":"Feature","properties":{"OBJECTID":105,"ID":0,"SHAPE_AREA":76.51112589,"SHAPE_LEN":156.788962408},"geometry":{"type":"MultiPolygon","coordinates":[[[[-58.172995552174527,-15.629868927946632],[-58.172995542838528,-15.629868107247214],[-58.172995389929774,-15.629867299970032],[-58.172995097313098,-15.629866529596045],[-58.172994674444723,-15.629865818672451],[-58.172994133563719,-15.62986518701979],[-58.17299348970743,-15.629864654443686],[-58.172992762540929,-15.629864234397663],[-58.172991971729367,-15.62986394033519],[-58.172991140643134,-15.629863781170449],[-58.172990294487278,-15.629863760384335],[-58.17298945658591,-15.629863878756083],[-58.172988651175302,-15.629864133444384],[-58.172987902466026,-15.62986451708854],[-58.172987231844601,-15.629865017823439],[-58.172986657889012,-15.62986562199109],[-58.172986199151531,-15.629866311414199],[-58.172985866712054,-15.629867066147469],[-58.172881588499479,-15.630555446754766],[-58.172881643830181,-15.630556154219688],[-58.172881818451437,-15.630556842968765],[-58.172882108524156,-15.630557494040429],[-58.172882505555719,-15.63055809030582],[-58.17288299918286,-15.630558613742137],[-58.172883575342105,-15.630559051769847],[-58.17288421717172,-15.630559391824358],[-58.172884908758157,-15.630559624047725],[-58.17288563047741,-15.630559742217491],[-58.172886362726047,-15.630559743726712],[-58.172887084978171,-15.630559627781222],[-58.172887776728459,-15.630559397202328],[-58.172888421233516,-15.63055906021474],[-58.172888998013747,-15.630558624159184],[-58.172889493149782,-15.630558101764811],[-58.172889892732506,-15.63055750756849],[-58.172995552174527,-15.629868927946632]]]]}},
{"type":"Feature","properties":{"OBJECTID":106,"ID":0,"SHAPE_AREA":72.46226585,"SHAPE_LEN":155.46709839299999},"geometry":{"type":"MultiPolygon","coordinates":[[[[-58.172865524436709,-15.630716439259096],[-58.172865712649546,-15.630715746762704],[-58.172865774810845,-15.630715032342387],[-58.172865708250939,-15.630714318610121],[-58.172865516819272,-15.630713626335272],[-58.172865204370346,-15.630712977191036],[-58.17286478126745,-15.630712389200189],[-58.172864260677343,-15.630711881274433],[-58.172863656668582,-15.630711466897196],[-58.172862987978782,-15.630711160430872],[-58.172862275175,-15.630710969900701],[-58.172861539741639,-15.630710900615277],[-58.172860802220043,-15.630710956080449],[-58.172860085913825,-15.630711133459913],[-58.172859411318036,-15.630711428124581],[-58.172858799829605,-15.630711830017075],[-58.172858269114414,-15.630712329099968],[-58.172857834004034,-15.6307129090236],[-58.172857509324913,-15.630713552534475],[-58.172857304296613,-15.630714240601217],[-58.172857223469762,-15.63071495331349],[-58.172753921665155,-15.631401606697676],[-58.172756307873136,-15.631400644838699],[-58.172758510200687,-15.631399334149821],[-58.172760474727511,-15.631397706556093],[-58.172762153176173,-15.631395802087541],[-58.172763504767424,-15.631393667061511],[-58.17276449622014,-15.631391354082622],[-58.172765103601414,-15.631388919321127],[-58.172865524436709,-15.630716439259096]]]]}},
{"type":"Feature","properties":{"OBJECTID":107,"ID":0,"SHAPE_AREA":90.737235435000002,"SHAPE_LEN":159.12178860899999},"geometry":{"type":"MultiPolygon","coordinates":[[[[-58.172740738980416,-15.631565237666432],[-58.172740756634823,-15.631564242368389],[-58.1727406008565,-15.631563258844269],[-58.17274027739635,-15.631562314180595],[-58.172739793876062,-15.631561436357821],[-58.172739164425998,-15.631560649705955],[-58.172738406897345,-15.63155997672728],[-58.172737543794852,-15.631559438091434],[-58.172736599447596,-15.631559047226995],[-58.172735600972686,-15.631558815739806],[-58.172734575466613,-15.631558751620267],[-58.172733554643457,-15.631558854698838],[-58.172732565548252,-15.631559123927035],[-58.172731637978082,-15.631559550106532],[-58.172730797055884,-15.631560122256122],[-58.172730067868585,-15.631560823067435],[-58.172729470823839,-15.63156163254542],[-58.172729023515593,-15.631562527998302],[-58.172728737925738,-15.631563484052581],[-58.172623708797296,-15.632259139600993],[-58.172623657111629,-15.632259891929429],[-58.172623735075739,-15.632260642660983],[-58.172623938835073,-15.632261370122459],[-58.172624264550535,-15.632262055352307],[-58.172624702781228,-15.632262678514977],[-58.172625241308559,-15.632263223405419],[-58.17262586512075,-15.6322636747374],[-58.172626557350782,-15.632264019042466],[-58.172627299296948,-15.632264248285386],[-58.172628070397202,-15.632264355344764],[-58.172628848249609,-15.632264337628639],[-58.172629612333267,-15.632264195246671],[-58.172630342147812,-15.63226393192409],[-58.172631017218634,-15.632263555905485],[-58.172631618009028,-15.632263076334393],[-58.172632128744226,-15.632262507757639],[-58.172632536447765,-15.632261864707138],[-58.172632828163799,-15.632261165330325],[-58.172632996538205,-15.632260428648577],[-58.172740738980416,-15.631565237666432]]]]}},
{"type":"Feature","properties":{"OBJECTID":108,"ID":0,"SHAPE_AREA":26.3557895,"SHAPE_LEN":55.743691466100003},"geometry":{"type":"MultiPolygon","coordinates":[[[[-58.172606704838579,-15.632429579339131],[-58.172597220543089,-15.632428338344727],[-58.172561123943652,-15.632668743239492],[-58.172569721070104,-15.632670132697898],[-58.172606704838579,-15.632429579339131]]]]}},
{"type":"Feature","properties":{"OBJECTID":109,"ID":0,"SHAPE_AREA":10.3020766,"SHAPE_LEN":27.220958055899999},"geometry":{"type":"MultiPolygon","coordinates":[[[[-58.172559257475925,-15.632739880898134],[-58.172559119257158,-15.632739196473983],[-58.172558861833991,-15.632738546131536],[-58.17255849370428,-15.6327379479036],[-58.172558026153872,-15.632737418000181],[-58.172557471411693,-15.632736974434135],[-58.172556847267288,-15.632736628861153],[-58.172556171499899,-15.632736391129239],[-58.17255546374404,-15.632736269268614],[-58.1725547445361,-15.63273626588126],[-58.172554035329824,-15.632736380852498],[-58.172553356635888,-15.632736612264905],[-58.172552728928984,-15.632736951873863],[-58.17255217081307,-15.632737390540846],[-58.17255169714047,-15.632737915531774],[-58.172551323675705,-15.632738510492],[-58.172551059653863,-15.632739159101835],[-58.172535702142412,-15.632850785340604],[-58.172535740710529,-15.632851333807144],[-58.172535875271862,-15.632851867298095],[-58.172536102012977,-15.632852371371296],[-58.17253641337912,-15.63285282979677],[-58.17253680184124,-15.632853230863939],[-58.172537255196104,-15.632853561079381],[-58.172537760333476,-15.632853811474105],[-58.172538301355068,-15.632853974901787],[-58.172538864238426,-15.632854046013918],[-58.172539430317848,-15.632854023102453],[-58.172539984668951,-15.632853906247147],[-58.172540510527575,-15.632853700057145],[-58.172540992067461,-15.632853410040491],[-58.172541415343332,-15.632853044406879],[-58.172541768290884,-15.63285261406773],[-58.172542039788887,-15.632852131737177],[-58.172542222452343,-15.63285161101332],[-58.172559257475925,-15.632739880898134]]]]}},
{"type":"Feature","properties":{"OBJECTID":1,"ID":0,"SHAPE_AREA":219.28157067500001,"SHAPE_LEN":164.04184589799999},"geometry":{"type":"MultiPolygon","coordinates":[[[[-58.178077601513799,-15.626053133452988],[-58.17737136660196,-15.625898206008671],[-58.177369194006758,-15.625897847965154],[-58.177366991815418,-15.625897860682684],[-58.177364824386949,-15.625898243816],[-58.17736275880106,-15.625898983446648],[-58.177360855572196,-15.625900059364017],[-58.177359174209748,-15.625901438708196],[-58.177357764844089,-15.625903079630495],[-58.177356670097261,-15.625904932187318],[-58.177355923227701,-15.625906940157995],[-58.17735554627523,-15.625909042862412],[-58.177355551941929,-15.625911177862823],[-58.177355937985411,-15.625913279185927],[-58.177356694722,-15.625915284514043],[-58.177357797544254,-15.625917131609503],[-58.177359214429224,-15.625918766409615],[-58.177360902181789,-15.625920138527231],[-58.177362810191354,-15.625921205750176],[-58.177364879519779,-15.625921937661728],[-58.177870458464675,-15.626033303512623],[-58.178071602749043,-15.626077424731257],[-58.178073752333219,-15.62607783622169],[-58.178075943710205,-15.626077889540266],[-58.178078112500266,-15.626077581416929],[-58.178080196271871,-15.626076923033692],[-58.178082134495114,-15.626075931889732],[-58.178083871370951,-15.626074637209603],[-58.178085357676011,-15.626073076317761],[-58.178086549824712,-15.626071293739656],[-58.178087413605361,-15.626069342085577],[-58.178087923216438,-15.626067276632423],[-58.178088065007856,-15.626065157111352],[-58.178087834667252,-15.626063045011289],[-58.178087239069988,-15.626061000857106],[-58.178086294413639,-15.626059084219806],[-58.178085029000705,-15.626057350989727],[-58.178083479481884,-15.626055848877249],[-58.178081689026662,-15.626054623749939],[-58.178079710997523,-15.626053709669856],[-58.178077601513799,-15.626053133452988]]]]}},
{"type":"Feature","properties":{"OBJECTID":2,"ID":0,"SHAPE_AREA":219.28072937,"SHAPE_LEN":164.04187502400001},"geometry":{"type":"MultiPolygon","coordinates":[[[[-58.177213388480077,-15.625862775978208],[-58.176507154676706,-15.625707845659845],[-58.176504983017139,-15.625707487602538],[-58.176502779894413,-15.625707500316249],[-58.176500612460508,-15.62570788253713],[-58.176498546877959,-15.625708623063609],[-58.176496643645699,-15.625709698973692],[-58.176494962278447,-15.62571107831157],[-58.176493552906706,-15.625712719228734],[-58.176492458152644,-15.625714571781737],[-58.176491711275013,-15.625716579750033],[-58.176491334313816,-15.625718682453599],[-58.17649133997142,-15.62572081745467],[-58.176491726005686,-15.62572291877998],[-58.176492482733266,-15.625724924111738],[-58.176493585546943,-15.625726771212175],[-58.176495002424041,-15.62572840601846],[-58.176496690169685,-15.625729778143247],[-58.176498598173481,-15.625730845374145],[-58.1765006674975,-15.625731577294214],[-58.177006246579637,-15.625842945197714],[-58.177207389615589,-15.625887067239923],[-58.17720953919666,-15.625887478739068],[-58.177211730572004,-15.625887532066443],[-58.177213899362016,-15.625887223951684],[-58.177215983135113,-15.625886565576595],[-58.17721792136134,-15.625885574440082],[-58.177219658241597,-15.625884279766508],[-58.177221144552355,-15.625882718880135],[-58.177222336707892,-15.625880936306254],[-58.177223200496321,-15.625878984655042],[-58.177223710115868,-15.625876919203288],[-58.177223851916246,-15.625874799682141],[-58.177223621584787,-15.625872687580509],[-58.177223025996611,-15.625870643423314],[-58.177222081349022,-15.625868726781647],[-58.177220815939137,-15.62586699264209],[-58.177219266432857,-15.625865491426831],[-58.177217475983987,-15.625864266291984],[-58.177215497959992,-15.625863352203703],[-58.177213388480077,-15.625862775978208]]]]}},
{"type":"Feature","properties":{"OBJECTID":3,"ID":0,"SHAPE_AREA":220.2264573,"SHAPE_LEN":164.730398415},"geometry":{"type":"MultiPolygon","coordinates":[[[[-58.176335465062756,-15.62566962399209],[-58.175626777564197,-15.625511131656719],[-58.175624607726689,-15.625510765445512],[-58.175622404553806,-15.625510769111438],[-58.175620236135401,-15.62551114228979],[-58.175618166773624,-15.625511874693142],[-58.175616259760609,-15.625512942480842],[-58.175614571823218,-15.625514315520103],[-58.175613155880029,-15.625515950139814],[-58.175612052698234,-15.625517798214519],[-58.175611297397111,-15.625519802609825],[-58.175610911094509,-15.625521904458591],[-58.175610907415447,-15.62552403951031],[-58.175611284123271,-15.62552614269557],[-58.175612032462467,-15.625528150787641],[-58.175613127831262,-15.625530002452534],[-58.175614537269361,-15.625531642728362],[-58.175616219447598,-15.625533021217617],[-58.175618121895475,-15.625534096621537],[-58.175620188463121,-15.625534836700172],[-58.176128410008488,-15.625648953975936],[-58.176329361490986,-15.625693891392086],[-58.176331509255,-15.625694311948914],[-58.176333700675137,-15.625694373420144],[-58.176335870449414,-15.625694074347921],[-58.176337957068661,-15.625693424101032],[-58.176339899075323,-15.625692441087009],[-58.176341642530495,-15.625691153616152],[-58.176343135412345,-15.625689599027506],[-58.176344335062531,-15.625687820937333],[-58.176345207274132,-15.625685872859551],[-58.176345726240015,-15.625683809166999],[-58.176345877381991,-15.625681690499658],[-58.176345655449325,-15.625679577447549],[-58.176345068254712,-15.625677531434549],[-58.176344132922772,-15.625675611122938],[-58.176342874952155,-15.625673871514408],[-58.176341331013688,-15.62567236393523],[-58.176339546126435,-15.625671131531666],[-58.176337571792196,-15.625670209280139],[-58.176335465062756,-15.62566962399209]]]]}},
{"type":"Feature","properties":{"OBJECTID":4,"ID":0,"SHAPE_AREA":323.92545232499998,"SHAPE_LEN":242.26265146099999},"geometry":{"type":"MultiPolygon","coordinates":[[[[-58.175256817921202,-15.625454644579529],[-58.175457769079564,-15.625499582820824],[-58.175459916840367,-15.625500003386458],[-58.17546210825882,-15.625500064866541],[-58.175464278032955,-15.625499765802992],[-58.175466363720908,-15.625499115569314],[-58.175468306663269,-15.625498132557849],[-58.17547005012284,-15.62549684509362],[-58.175471543005244,-15.625495289606636],[-58.175472742667459,-15.625493512424637],[-58.175473614886862,-15.625491564349781],[-58.175474133861265,-15.62548950065869],[-58.175474285012264,-15.625487381991306],[-58.175474063088821,-15.625485268937648],[-58.175473475903374,-15.625483222921641],[-58.175472540580323,-15.625481302605655],[-58.175471282617984,-15.62547956299152],[-58.175469738687006,-15.625478055405633],[-58.175467953806233,-15.625476822994489],[-58.175465979477259,-15.625475900734708],[-58.175463872751678,-15.625475315437971],[-58.174401111793472,-15.625239300329119],[-58.174398961098468,-15.625239182577978],[-58.174396819879043,-15.625239418204504],[-58.174394750592548,-15.625240000547157],[-58.174392811908689,-15.625240913021619],[-58.174391060569903,-15.625242128207056],[-58.174389544887944,-15.625243612400297],[-58.174388309397301,-15.625245323783275],[-58.174387389253546,-15.625247211548963],[-58.174386811207363,-15.625249223127554],[-58.174386591713279,-15.625251299676885],[-58.174386736038095,-15.62525338331862],[-58.17438724103858,-15.625255413507684],[-58.17438809145618,-15.625257331571628],[-58.174389264596201,-15.625259083397356],[-58.174390724726251,-15.625260618557139],[-58.174392432419012,-15.625261892970416],[-58.174394336162777,-15.625262869852547],[-58.175256817921202,-15.625454644579529]]]]}},
{"type":"Feature","properties":{"OBJECTID":5,"ID":0,"SHAPE_AREA":144.963710765,"SHAPE_LEN":109.73501527099999},"geometry":{"type":"MultiPolygon","coordinates":[[[[-58.174292372022578,-15.625214277113653],[-58.17383065040287,-15.625112895938274],[-58.173828491085942,-15.625113065670643],[-58.173826390606571,-15.62511357586205],[-58.173824404862067,-15.625114414462731],[-58.173822587817234,-15.625115557682443],[-58.173820990602756,-15.625116975418758],[-58.173819654965271,-15.625118627676386],[-58.173818617967171,-15.625120470869501],[-58.173817908229864,-15.625122453322225],[-58.173817544109546,-15.625124522509655],[-58.173817536474765,-15.6251266214274],[-58.173817884068477,-15.625128693135908],[-58.173818579109685,-15.62513068163441],[-58.173819602629635,-15.625132531885914],[-58.173820925425254,-15.625134193427682],[-58.17382251273304,-15.625135622154071],[-58.173824320487867,-15.625136778528747],[-58.174085238793921,-15.625194363019869],[-58.17428636255076,-15.625238566566455],[-58.174288513053966,-15.625238978090128],[-58.174290703496204,-15.625239032356067],[-58.174292872291097,-15.625238725174222],[-58.174294956074306,-15.62523806773053],[-58.174296895248496,-15.625237077518097],[-58.174298633081513,-15.625235783765577],[-58.174300119411534,-15.62523422289769],[-58.174301312528058,-15.625232441236996],[-58.174302177275464,-15.625230489590454],[-58.174302687856404,-15.62522842413847],[-58.174302830619723,-15.62522630461206],[-58.174302601251938,-15.62522419250014],[-58.174302006627236,-15.62522214832779],[-58.174301062942064,-15.625220231666358],[-58.174299797559883,-15.625218497507895],[-58.174298248073463,-15.62521699536623],[-58.174296458573721,-15.625215769297018],[-58.174294481494769,-15.625214854272167],[-58.174292372022578,-15.625214277113653]]]]}},
{"type":"Feature","properties":{"OBJECTID":6,"ID":0,"SHAPE_AREA":61.39718099,"SHAPE_LEN":49.159363833599997},"geometry":{"type":"MultiPolygon","coordinates":[[[[-58.173634707790832,-15.625075966032817],[-58.173447806457801,-15.625034928153864],[-58.173445647135935,-15.625035096978541],[-58.173443546656138,-15.625035607166295],[-58.173441560910526,-15.625036445763575],[-58.173439743864009,-15.625037588980218],[-58.173438146647271,-15.625039006713893],[-58.173436811007008,-15.625040658969386],[-58.173435774005689,-15.625042502160927],[-58.173435064269981,-15.625044485516533],[-58.17343470014584,-15.625046554703603],[-58.173434692507094,-15.625048653621604],[-58.173435041029563,-15.625050725326018],[-58.173435736061698,-15.625052712922134],[-58.173436758645167,-15.625054563180697],[-58.17343808144247,-15.625056225628905],[-58.173439668741992,-15.625057653454425],[-58.173441476494212,-15.625058809832462],[-58.173629006659702,-15.62510019778143],[-58.173631206710034,-15.625100465325231],[-58.173633421434317,-15.625100361283902],[-58.173635583690931,-15.625099888728172],[-58.1736376301413,-15.625099063363184],[-58.173639500286178,-15.625097908110185],[-58.173641135558782,-15.625096457630894],[-58.173642489574441,-15.625094756464883],[-58.173643520643111,-15.625092854550124],[-58.173644198308729,-15.625090808995715],[-58.173644502395952,-15.625088680471471],[-58.173644423942854,-15.625086533202856],[-58.173643965180318,-15.625084431355509],[-58.173643139526973,-15.625082438131267],[-58.173641971563356,-15.625080611248928],[-58.173640496124953,-15.625079007468454],[-58.173638758250767,-15.625077673552296],[-58.173636809472889,-15.6250766499008],[-58.173634707790832,-15.625075966032817]]]]}},
{"type":"Feature","properties":{"OBJECTID":7,"ID":0,"SHAPE_AREA":219.536346135,"SHAPE_LEN":162.840839711},"geometry":{"type":"MultiPolygon","coordinates":[[[[-58.173299307354569,-15.62500753452623],[-58.172853430576879,-15.624920922280857],[-58.172595879427085,-15.624873868721705],[-58.172593821067082,-15.624873256924699],[-58.172591685414545,-15.62487299535357],[-58.172589535014183,-15.62487309271326],[-58.17258743327146,-15.624873545049393],[-58.172585442612807,-15.624874340277643],[-58.172583621661758,-15.624875453679275],[-58.172582025264582,-15.624876852420556],[-58.172580698893981,-15.624878495582598],[-58.172579682385027,-15.624880335045436],[-58.172579006204387,-15.624882315507801],[-58.172578690543133,-15.624884379011645],[-58.17257874345141,-15.624886464952006],[-58.172579164574394,-15.624888510961055],[-58.172579940509308,-15.624890456548423],[-58.172581049479248,-15.624892244884181],[-58.172582458535111,-15.624893822813682],[-58.172584124503636,-15.624895143564258],[-58.172585999589039,-15.624896167619271],[-58.172588028595349,-15.62489686634845],[-58.172590150766162,-15.624897217478665],[-58.173091734011336,-15.624992521015741],[-58.173293910430189,-15.625031958982946],[-58.173296069969176,-15.625032319849399],[-58.173298261976733,-15.625032321690298],[-58.173300422088907,-15.625031963945814],[-58.173302488806826,-15.625031257791576],[-58.173304402538257,-15.625030221624366],[-58.173306107499123,-15.625028887379219],[-58.173307554465339,-15.62502729237953],[-58.173308701726185,-15.625025482947667],[-58.173309516929187,-15.625023510779414],[-58.17330997615251,-15.625021433852815],[-58.17331006481195,-15.625019311903877],[-58.173309782324701,-15.625017206401534],[-58.173309136492229,-15.625015176962084],[-58.173308145371003,-15.625013282243108],[-58.173306837262103,-15.62501157813568],[-58.173305249752822,-15.625010113249953],[-58.173303430654563,-15.625008929814104],[-58.173301429597835,-15.625008061911311],[-58.173299307354569,-15.62500753452623]]]]}},
{"type":"Feature","properties":{"OBJECTID":8,"ID":0,"SHAPE_AREA":217.943114095,"SHAPE_LEN":168.470519733},"geometry":{"type":"MultiPolygon","coordinates":[[[[-58.171702764833753,-15.624700883550357],[-58.171700584201545,-15.624700585150176],[-58.171698382362749,-15.624700658370076],[-58.171696227386462,-15.624701099231041],[-58.171694183564618,-15.624701895639038],[-58.171692312319024,-15.624703022860626],[-58.171690672221892,-15.624704447138484],[-58.171689310601231,-15.624706125736212],[-58.171688270069993,-15.624708006903461],[-58.17168758109505,-15.624710035339133],[-58.171687265702367,-15.624712147651966],[-58.171687332864813,-15.624714281424271],[-58.17168778034695,-15.624716371586507],[-58.171688593798123,-15.624718354941574],[-58.171689750493563,-15.624720171952758],[-58.171691214670766,-15.624721766768534],[-58.171692941291234,-15.624723092626047],[-58.171694878813021,-15.624724107316652],[-58.171696968309398,-15.624724782229833],[-58.172208725847447,-15.624822945019272],[-58.172319979891711,-15.624844184758006],[-58.172429958408443,-15.624865179965433],[-58.172431946703973,-15.624865445037022],[-58.172433952746324,-15.624865386414196],[-58.172435920571331,-15.624865004395893],[-58.172437795214428,-15.624864311026545],[-58.172439524545226,-15.624863324662801],[-58.172441060220812,-15.624862073584122],[-58.172442360458348,-15.624860591458329],[-58.172443387257289,-15.62485892097218],[-58.172444113830529,-15.624857108368126],[-58.172444518075174,-15.624855203479274],[-58.172444590034523,-15.624853259689464],[-58.172444328156693,-15.624851332145484],[-58.172443737403626,-15.624849473247576],[-58.172442836728223,-15.624847735321209],[-58.172441650659252,-15.624846167046517],[-58.172440211161678,-15.62484481254428],[-58.172438558553942,-15.624843708659411],[-58.172436740580359,-15.624842885869823],[-58.172434805881998,-15.624842368321209],[-58.171702764833753,-15.624700883550357]]]]}},
{"type":"Feature","properties":{"OBJECTID":9,"ID":0,"SHAPE_AREA":213.44586143500001,"SHAPE_LEN":165.530908831},"geometry":{"type":"MultiPolygon","coordinates":[[[[-58.171545258899705,-15.624694907019849],[-58.171547246260289,-15.62469517210463],[-58.171549252296685,-15.624695112586101],[-58.171551220127455,-15.624694731479599],[-58.17155309476744,-15.624694037213832],[-58.171554824106749,-15.624693051760737],[-58.171556360714568,-15.624691799779079],[-58.171557660030267,-15.624690318567007],[-58.17155868683593,-15.624688648084531],[-58.171559413411536,-15.624686834579009],[-58.171559818602134,-15.624684930590131],[-58.171559890569903,-15.624682986800021],[-58.17155962776787,-15.624681059259343],[-58.171559037955937,-15.624679200353455],[-58.171558136355848,-15.624677462427867],[-58.171556950294338,-15.624675894147815],[-58.171555510803429,-15.624674539639278],[-58.171553859128977,-15.624673434838444],[-58.171552040232335,-15.624672612950031],[-58.171550105537271,-15.624672095393361],[-58.171436030097865,-15.624650046849075],[-58.171422585401615,-15.62464744845435],[-58.170831511110464,-15.624533206013616],[-58.170829329547949,-15.624532907609536],[-58.170827127709991,-15.624532980820593],[-58.170824972732937,-15.624533421673009],[-58.170822928908756,-15.624534218073027],[-58.170821058592047,-15.624535345282448],[-58.17081941755692,-15.624536769559112],[-58.170818055929772,-15.624538448151865],[-58.170817015391016,-15.624540329315517],[-58.170816327335352,-15.624542356840161],[-58.170816011938911,-15.624544470056252],[-58.170816078159426,-15.624546603834457],[-58.170816525632375,-15.624548693999129],[-58.170817340007353,-15.624550677353096],[-58.170818495761658,-15.624552494374461],[-58.170819959931251,-15.62455408919663],[-58.170821686545125,-15.624555415061499],[-58.170823624061562,-15.624556429760226],[-58.170825714486675,-15.624557104677034],[-58.171545258899705,-15.624694907019849]]]]}},
{"type":"Feature","properties":{"OBJECTID":10,"ID":0,"SHAPE_AREA":216.158558615,"SHAPE_LEN":161.43605293799999},"geometry":{"type":"MultiPolygon","coordinates":[[[[-58.170549745254355,-15.624476619069972],[-58.169972301319412,-15.624363363654897],[-58.169970155308881,-15.62436357666575],[-58.169968074653312,-15.624364129198485],[-58.169966116172567,-15.624365007391551],[-58.169964333821582,-15.624366185647883],[-58.169962776860835,-15.624367632971971],[-58.169961487032488,-15.62436930846537],[-58.169960499529104,-15.62437116764889],[-58.169959842040257,-15.624373158852043],[-58.169959531980105,-15.62437522774742],[-58.169959578357897,-15.62437731824456],[-58.169959979912598,-15.624379372499927],[-58.169960724200557,-15.624381334537414],[-58.169961793197139,-15.624383151122377],[-58.1699631558348,-15.624384771801461],[-58.169964775485518,-15.624386152478289],[-58.169966608100417,-15.624387256327317],[-58.170088361634598,-15.624410920688252],[-58.170328235944176,-15.624458791935655],[-58.17033368666003,-15.624459880105503],[-58.170510143770159,-15.624494177198027],[-58.17066424144425,-15.624525479430226],[-58.170666204575191,-15.624526077291264],[-58.170668237863467,-15.624526381911277],[-58.170670295574233,-15.62452638811069],[-58.170672330132888,-15.624526095239366],[-58.170674297731672,-15.624525508954399],[-58.170676150883246,-15.624524643971641],[-58.170678023228916,-15.624523381166076],[-58.170679653311851,-15.624521834920987],[-58.170680994731491,-15.624520047063685],[-58.170682010465903,-15.62451806841063],[-58.170682672841082,-15.624515953344003],[-58.170682962603266,-15.62451376072066],[-58.170682872639695,-15.624511552044424],[-58.170682405164939,-15.624509388769358],[-58.170681572643367,-15.624507330487043],[-58.170680398727043,-15.624505435825467],[-58.17067891542159,-15.624503756136793],[-58.170677164972126,-15.62450233910292],[-58.170675196106771,-15.624501224236022],[-58.170673106071213,-15.624500453501163],[-58.170670914437444,-15.624500024082227],[-58.170668680024242,-15.624499945608532],[-58.170563182680759,-15.624479254618716],[-58.170549745254355,-15.624476619069972]]]]}},
{"type":"Feature","properties":{"OBJECTID":11,"ID":0,"SHAPE_AREA":190.414766985,"SHAPE_LEN":147.895892065},"geometry":{"type":"MultiPolygon","coordinates":[[[[-58.169816310909425,-15.624355830290652],[-58.169818389020357,-15.624355651087839],[-58.169820407393452,-15.624355135948775],[-58.169822307343402,-15.624354298744887],[-58.169824035847952,-15.624353165068237],[-58.169825541781144,-15.624351765924281],[-58.169826785261094,-15.624350141297615],[-58.169827728302188,-15.624348336586213],[-58.169828346023259,-15.624346405253394],[-58.169828620067165,-15.624344399823785],[-58.169828542372748,-15.62434237909453],[-58.169828115128666,-15.624340400000296],[-58.169827350773389,-15.624338517613323],[-58.169826271072715,-15.624336786956121],[-58.169824907078784,-15.624335255770436],[-58.169823297290208,-15.624333969046594],[-58.169821486688512,-15.624332963605188],[-58.169179467063863,-15.624204195613082],[-58.169177320100346,-15.624204405005576],[-58.169175239428306,-15.624204954819172],[-58.169173279997011,-15.624205830298624],[-58.169171495761482,-15.62420700584704],[-58.169169935982289,-15.624208450469085],[-58.16916864333961,-15.62421012416535],[-58.169167653020999,-15.624211981552905],[-58.169166992721401,-15.624213971865228],[-58.169166678922387,-15.624216040779913],[-58.169166722488676,-15.624218130388835],[-58.169167120309339,-15.624220185569992],[-58.169167861796183,-15.62422214852954],[-58.16916892706444,-15.624223966946573],[-58.169170286907146,-15.624225589453774],[-58.169171904701564,-15.624226972858503],[-58.169173735461129,-15.624228079436152],[-58.169295450712163,-15.624251928850869],[-58.16953524748714,-15.62430016387054],[-58.169540696371541,-15.624301259301671],[-58.169816310909425,-15.624355830290652]]]]}},
{"type":"Feature","properties":{"OBJECTID":12,"ID":0,"SHAPE_AREA":221.58872912499999,"SHAPE_LEN":173.10301001799999},"geometry":{"type":"MultiPolygon","coordinates":[[[[-58.179710369823781,-15.626438594121986],[-58.1798637675085,-15.62647167958812],[-58.17990752084917,-15.626481117076102],[-58.179909440692036,-15.626480663839992],[-58.179911259956704,-15.626479912855181],[-58.179912926523556,-15.626478884287884],[-58.179914398579655,-15.626477606383972],[-58.17991563527071,-15.626476111903797],[-58.179916603250923,-15.626474441702458],[-58.179917276662323,-15.626472641114326],[-58.179917637119168,-15.626470757241451],[-58.179917675594197,-15.62646884255896],[-58.179917390506567,-15.626466946790288],[-58.179916790551083,-15.626465122315299],[-58.179915889993133,-15.626463416964352],[-58.17991471521335,-15.626461876694913],[-58.179913295369936,-15.626460543833854],[-58.17991167077254,-15.626459453416848],[-58.179868550447736,-15.62644979378071],[-58.179795932653597,-15.62643352696155],[-58.179703809907416,-15.626412890621866],[-58.179659866778849,-15.626403047353483],[-58.179157146416486,-15.626290433846385],[-58.179154995443639,-15.626290595451692],[-58.179152901462388,-15.626291099331704],[-58.179150922214724,-15.626291929809803],[-58.179149110742692,-15.626293064907207],[-58.179147517243599,-15.626294474525263],[-58.179146185333863,-15.626296119561648],[-58.179145151126612,-15.626297953723041],[-58.179144442329964,-15.626299928953497],[-58.1791440800815,-15.626301990001059],[-58.179144073388024,-15.626304080775098],[-58.179144421918558,-15.626306143427307],[-58.179145116963028,-15.626308122866122],[-58.179146138618407,-15.6263099640601],[-58.179147459550848,-15.626311617441202],[-58.1791490440473,-15.626313036198098],[-58.179150848056949,-15.626314183507255],[-58.179271963385013,-15.626340748503111],[-58.179510548671665,-15.626394334467022],[-58.179515970363276,-15.626395551816911],[-58.179710369823781,-15.626438594121986]]]]}},
{"type":"Feature","properties":{"OBJECTID":13,"ID":0,"SHAPE_AREA":11.83998026,"SHAPE_LEN":12.2132888589},"geometry":{"type":"MultiPolygon","coordinates":[[[[-58.178185523208562,-15.626070670248204],[-58.178182373011616,-15.626070954715981],[-58.178179320961306,-15.626071764731167],[-58.178176460197172,-15.626073076292188],[-58.178173878164223,-15.626074848253788],[-58.178171652918003,-15.626077028674175],[-58.178169852166171,-15.62607955030076],[-58.178168530506333,-15.626082336912177],[-58.178167728493328,-15.626085303323407],[-58.178167470799607,-15.626088359915126],[-58.178167763417008,-15.626091412648776],[-58.178168599294516,-15.626094370267497],[-58.17816995273148,-15.626097142518461],[-58.178171782201687,-15.62609964465727],[-58.17817403223949,-15.626101801053411],[-58.178176634377692,-15.62610354608911],[-58.178179509961318,-15.626104826856068],[-58.178182571085465,-15.626105604054228],[-58.178185724336679,-15.626105853779537],[-58.178188875472046,-15.62610557021055],[-58.178191927522811,-15.626104760195197],[-58.178194788287236,-15.626103448633954],[-58.178197370315175,-15.626101675768233],[-58.178199595561331,-15.626099495347571],[-58.178201396312929,-15.626096973720767],[-58.178202717039674,-15.626094187114189],[-58.178203519052197,-15.626091220702873],[-58.178203777683287,-15.62608816501001],[-58.178203484127458,-15.626085111377581],[-58.178202648249496,-15.62608215375902],[-58.178201295744948,-15.626079381503271],[-58.178199466274592,-15.62607687936471],[-58.178197216236853,-15.626074722968836],[-58.178194614104044,-15.626072978837236],[-58.178191738520802,-15.626071698070437],[-58.178188677397138,-15.626070920872369],[-58.178185523208562,-15.626070670248204]]]]}},
{"type":"Feature","properties":{"OBJECTID":14,"ID":0,"SHAPE_AREA":210.23490481,"SHAPE_LEN":163.60721258199999},"geometry":{"type":"MultiPolygon","coordinates":[[[[-58.178934243469463,-15.6262434485438],[-58.178842053464813,-15.626223095115275],[-58.178294992828974,-15.626102316814096],[-58.178292842830857,-15.626102485636876],[-58.178290750745255,-15.626102994921958],[-58.17828877339695,-15.626103831709548],[-58.178286965688358,-15.626104973107193],[-58.178285376873802,-15.626106387213692],[-58.178284049642265,-15.626108035835745],[-58.178283021977691,-15.626109873574039],[-58.178282320645351,-15.626111850569954],[-58.178281964927862,-15.62611391338941],[-58.178281964754689,-15.62611600412902],[-58.178282319800253,-15.626118065844311],[-58.178283021354702,-15.626120043443683],[-58.178284048577389,-15.626121880996749],[-58.178285375072576,-15.626123529834178],[-58.17828696419987,-15.6261249440534],[-58.17828877190346,-15.626126085926785],[-58.178409973529213,-15.626152279443813],[-58.178648732399928,-15.626205132373139],[-58.178654158648449,-15.626206332546268],[-58.178874511977355,-15.626254411101153],[-58.178929705924247,-15.626266179980469],[-58.179001550526486,-15.626281500337646],[-58.179003572736818,-15.626281168587047],[-58.179005510087322,-15.626280514597306],[-58.179007307654928,-15.626279557645534],[-58.179008916149158,-15.626278323305941],[-58.179010290067453,-15.626276847075358],[-58.179011391400117,-15.626275169833839],[-58.179012188702885,-15.626273338753499],[-58.179012659874395,-15.626271403667975],[-58.179012792176877,-15.626269420687967],[-58.17901258218447,-15.626267443162423],[-58.179012034881467,-15.626265527106858],[-58.179011166434684,-15.626263726668846],[-58.179010000441878,-15.626262090532625],[-58.179008569822962,-15.626260666428459],[-58.179006913975385,-15.626259493012697],[-58.178934243469463,-15.6262434485438]]]]}},
{"type":"Feature","properties":{"OBJECTID":15,"ID":0,"SHAPE_AREA":409.90236985000001,"SHAPE_LEN":159.96264305099999},"geometry":{"type":"MultiPolygon","coordinates":[[[[-58.178484513233798,-15.624774171915741],[-58.178427128957324,-15.625010768754034],[-58.178427923676153,-15.62501289047834],[-58.178429061705828,-15.625014858502865],[-58.178430512914673,-15.625016623274472],[-58.178432238791821,-15.625018137996713],[-58.178434195266206,-15.625019362230347],[-58.178436329918647,-15.625020263716122],[-58.178438586655858,-15.625020820157518],[-58.178440906617389,-15.625021014696308],[-58.178443228222044,-15.625020844047482],[-58.178445490862757,-15.625020312152104],[-58.178447635854745,-15.625019432883883],[-58.178449605497669,-15.625018229150287],[-58.178451348671999,-15.625016732862591],[-58.178452819901111,-15.625014984036891],[-58.178464575839683,-15.62496479290189],[-58.178502740196521,-15.624802533587758],[-58.178511418831533,-15.624766517785783],[-58.178513728903532,-15.624756173715911],[-58.178554841439713,-15.624418833314156],[-58.178554992639803,-15.624414118622985],[-58.178554436041225,-15.624409433041707],[-58.178553182467361,-15.624404875038161],[-58.178530225222907,-15.624360801730496],[-58.178526006454952,-15.624355926105736],[-58.17852108908199,-15.624351708661152],[-58.17851558091072,-15.624348243728175],[-58.178509604563068,-15.624345606576652],[-58.178500099697978,-15.624343968206272],[-58.17849044901476,-15.624343744330272],[-58.178480873611896,-15.624344940992797],[-58.178471596257012,-15.624347529880609],[-58.178462832080186,-15.62435145198859],[-58.178454781096626,-15.624356614948253],[-58.178453026453219,-15.624358551500416],[-58.178451579975544,-15.624360713278914],[-58.178450473128436,-15.624363056727246],[-58.178449728935618,-15.624365530199041],[-58.178449362959,-15.624368082088019],[-58.178449382355566,-15.624370659025189],[-58.178452584420285,-15.624412734110662],[-58.178475262308531,-15.624623789629728],[-58.178486352461789,-15.624750485079106],[-58.178487103821347,-15.624756443220853],[-58.178487044863047,-15.624762445485334],[-58.178486175930423,-15.624768388825204],[-58.178484513233798,-15.624774171915741]]]]}},
{"type":"Feature","properties":{"OBJECTID":16,"ID":0,"SHAPE_AREA":12.08386539,"SHAPE_LEN":12.3384350833},"geometry":{"type":"MultiPolygon","coordinates":[[[[-58.180486099951381,-15.62841514994718],[-58.180482917093748,-15.628415437337441],[-58.180479833353907,-15.62841625569175],[-58.180476943737609,-15.628417580997475],[-58.180474335685112,-15.628419371204512],[-58.180472087252198,-15.628421574370268],[-58.180470268001521,-15.628424121423638],[-58.180468933468305,-15.628426937041594],[-58.180468123258514,-15.62842993333213],[-58.180467862043798,-15.628433020675718],[-58.180468158618346,-15.628436105922654],[-58.180469003105841,-15.628439093311904],[-58.180470369809449,-15.628441893494911],[-58.180472218134234,-15.628444421722792],[-58.180474491669976,-15.628446600562981],[-58.180477120072084,-15.628448362600857],[-58.180480024694496,-15.628449656736786],[-58.180483117620533,-15.62845044186399],[-58.180486303575137,-15.628450694993404],[-58.180489487366053,-15.628450407598038],[-58.180492570173591,-15.628449589248577],[-58.180495459790201,-15.628448263942634],[-58.180498068775591,-15.62844647373033],[-58.180500316275719,-15.628444270569329],[-58.180502135520989,-15.628441722611838],[-58.180503470991752,-15.628438907892566],[-58.180504281201031,-15.62843591160194],[-58.180504541477276,-15.628432823359484],[-58.180504245840126,-15.628429739011493],[-58.180503401352183,-15.628426751622408],[-58.180502033710326,-15.628423950540771],[-58.180500185390564,-15.628421423217027],[-58.180497912787615,-15.628419244372092],[-58.180495283452984,-15.628417482339458],[-58.180492378830976,-15.628416188203694],[-58.180489286838174,-15.628415403071568],[-58.180486099951381,-15.62841514994718]]]]}},
{"type":"Feature","properties":{"OBJECTID":17,"ID":0,"SHAPE_AREA":12.083899535,"SHAPE_LEN":12.338452520900001},"geometry":{"type":"MultiPolygon","coordinates":[[[[-58.18268646727865,-15.627070342955212],[-58.182683283514329,-15.627070630380791],[-58.182680200737977,-15.627071448759107],[-58.182677310218281,-15.627072773192827],[-58.182674702208175,-15.62707456432762],[-58.182672453814057,-15.627076767513543],[-58.182670635535338,-15.627079314577735],[-58.182669300102596,-15.627082129307889],[-58.182668489934443,-15.627085126508195],[-58.182668228753109,-15.627088213852371],[-58.182668525356966,-15.627091299094547],[-58.18266936986879,-15.627094286473872],[-58.182670737523779,-15.627097086637026],[-58.182672584928177,-15.627099614850657],[-58.182674858464424,-15.627101792763847],[-58.182677486870602,-15.627103555679343],[-58.182680392417844,-15.627104849781617],[-58.182683484396676,-15.627105634883735],[-58.18268667125826,-15.627105887073586],[-58.18268985409555,-15.627105600556801],[-58.182692936872357,-15.627104782178318],[-58.182695827387178,-15.627103456840503],[-58.182698435397427,-15.627101665705467],[-58.182700683796682,-15.627099463423148],[-58.182702502070001,-15.627096915454853],[-58.182703837502352,-15.627094100724527],[-58.182704647675187,-15.627091104428001],[-58.182704908850788,-15.627088016179931],[-58.182704612251584,-15.627084931841729],[-58.182703767734125,-15.627081943558702],[-58.182702400078824,-15.627079143395768],[-58.182700552679449,-15.62707661608626],[-58.182698279138073,-15.627074437269473],[-58.182695650732128,-15.627072674354199],[-58.182692745190465,-15.627071381155968],[-58.182689653212122,-15.627070596053933],[-58.18268646727865,-15.627070342955212]]]]}},
{"type":"Feature","properties":{"OBJECTID":18,"ID":0,"SHAPE_AREA":7.017678715,"SHAPE_LEN":10.0258198979},"geometry":{"type":"MultiPolygon","coordinates":[[[[-58.180770775785568,-15.626673611015661],[-58.180785937233672,-15.626676902824043],[-58.180788216682977,-15.626676698027703],[-58.180790428737829,-15.6266761266077],[-58.180792510992603,-15.626675204266213],[-58.180794404829605,-15.626673956628014],[-58.180796056356975,-15.626672420139363],[-58.180797418243124,-15.626670636634641],[-58.180798453473606,-15.626668657835705],[-58.180799132516611,-15.626666539039778],[-58.180799435193642,-15.626664340013299],[-58.180799354400122,-15.626662123164069],[-58.180798891420935,-15.626659949950858],[-58.180798059671815,-15.62665788267107],[-58.180796882807911,-15.626655979951368],[-58.180795393780713,-15.626654294944993],[-58.180793633905324,-15.62665287533671],[-58.180791654710326,-15.626651760621172],[-58.180777311987491,-15.626648588243379],[-58.180770775785568,-15.626673611015661]]]]}},
{"type":"Feature","properties":{"OBJECTID":19,"ID":0,"SHAPE_AREA":208.14637404000001,"SHAPE_LEN":150.47460529599999},"geometry":{"type":"MultiPolygon","coordinates":[[[[-58.180729350294754,-15.626664614038692],[-58.180735927573899,-15.626639433766499],[-58.180315351697011,-15.626546402579434],[-58.180085234748397,-15.626495921194561],[-58.18008296580782,-15.626495517597432],[-58.180080659907269,-15.626495501071318],[-58.180078386079884,-15.626495873052827],[-58.180076212348446,-15.626496621425412],[-58.18007420667881,-15.626497724129859],[-58.180072428574853,-15.626499147401633],[-58.180070931892324,-15.626500848467543],[-58.180069762968031,-15.626502774651817],[-58.180068956920124,-15.626504868819454],[-58.180068537632394,-15.626507066664642],[-58.180068518712979,-15.626509301225061],[-58.180068900711632,-15.626511505608638],[-58.180069671114595,-15.626513612089591],[-58.180070807173813,-15.626515557516736],[-58.180072274031133,-15.626517281515726],[-58.180074027557886,-15.626518733705009],[-58.180076015256667,-15.626519868267589],[-58.180078175369893,-15.626520651187064],[-58.180080442471123,-15.626521059313649],[-58.180728176342477,-15.626664359125469],[-58.180729350294754,-15.626664614038692]]]]}},
{"type":"Feature","properties":{"OBJECTID":20,"ID":0,"SHAPE_AREA":14.09377437,"SHAPE_LEN":14.6510239803},"geometry":{"type":"MultiPolygon","coordinates":[[[[-58.181035054996578,-15.626734050557083],[-58.181041717625675,-15.62670700505876],[-58.181012629560492,-15.626700395850015],[-58.181010212140137,-15.626699800529572],[-58.181007725255462,-15.626699616860611],[-58.181005242629276,-15.626699850773688],[-58.181002838844591,-15.626700495540161],[-58.181000584680966,-15.626701531797053],[-58.180998548985144,-15.626702928441089],[-58.180996792147056,-15.626704643567562],[-58.180995365177395,-15.626706626283191],[-58.180994312511082,-15.626708817594908],[-58.180993664555672,-15.626711152257782],[-58.180993440494703,-15.626713559663846],[-58.180993648313724,-15.626715968361486],[-58.180994280141597,-15.62671830698439],[-58.180995318779807,-15.626720504216475],[-58.180996732147406,-15.626722496052947],[-58.180998477929172,-15.626724223063688],[-58.181000504518757,-15.626725632195853],[-58.181002751049682,-15.626726682197281],[-58.181005150188462,-15.62672734269745],[-58.181035054996578,-15.626734050557083]]]]}},
{"type":"Feature","properties":{"OBJECTID":21,"ID":0,"SHAPE_AREA":207.08800285000001,"SHAPE_LEN":145.13157826700001},"geometry":{"type":"MultiPolygon","coordinates":[[[[-58.181082168219582,-15.626744618588155],[-58.181707942158198,-15.626884991949112],[-58.181710213312272,-15.626885129768439],[-58.181712475812212,-15.626884897032582],[-58.18171466626265,-15.626884299506312],[-58.181716722263154,-15.626883353795986],[-58.181718586144392,-15.626882088233236],[-58.181720203066341,-15.6268805365579],[-58.181721529454471,-15.626878745103879],[-58.181722526413523,-15.626876762891566],[-58.181723166282552,-15.626874646112141],[-58.181723430754005,-15.626872455425911],[-58.181723311790833,-15.626870253245748],[-58.181722813481599,-15.626868101919175],[-58.181721949232006,-15.626866061935765],[-58.181720744557751,-15.626864191008185],[-58.181719233343351,-15.626862542284414],[-58.181717457836854,-15.626861163444062],[-58.181715468624013,-15.626860092178806],[-58.18108831793851,-15.626717593927276],[-58.181082168219582,-15.626744618588155]]]]}},
{"type":"Feature","properties":{"OBJECTID":22,"ID":0,"SHAPE_AREA":216.89863984,"SHAPE_LEN":164.57611687900001},"geometry":{"type":"MultiPolygon","coordinates":[[[[-58.182583203782585,-15.627052603455542],[-58.182008675934284,-15.626925835244675],[-58.18187179944718,-15.626895122786339],[-58.181869579350163,-15.626894942210127],[-58.181867358554257,-15.62689512771988],[-58.181865203247817,-15.62689567263179],[-58.181863173043361,-15.626896562162347],[-58.181861326558526,-15.62689777068646],[-58.181859716767768,-15.626899264474337],[-58.18185839098696,-15.626900998979744],[-58.181857385318303,-15.626902926101177],[-58.181856729288178,-15.626904989637453],[-58.181856442147243,-15.626907130730963],[-58.181856531937726,-15.626909287872722],[-58.181856996446847,-15.626911400512917],[-58.181857821320662,-15.626913405455367],[-58.181858983857161,-15.626915247684016],[-58.18186045017184,-15.626916874050831],[-58.181862178016566,-15.62691823687628],[-58.181864118665857,-15.626919297554767],[-58.181866216911708,-15.626920025650783],[-58.182121825812047,-15.626976430298365],[-58.182578670577868,-15.627075371978322],[-58.182580728140287,-15.627075349140151],[-58.182582752039252,-15.627074986614534],[-58.182584682641519,-15.627074295569665],[-58.18258646409658,-15.627073296192451],[-58.182588043398944,-15.627072016789647],[-58.182589375067245,-15.627070496474301],[-58.182590421108017,-15.627068778838675],[-58.182591149155343,-15.627066912868109],[-58.18259153901051,-15.627064954713678],[-58.182591578869406,-15.627062960481179],[-58.182591269069221,-15.627060988922718],[-58.182590616465916,-15.627059096947461],[-58.182589640973831,-15.627057341394199],[-58.182588371788086,-15.627055770916561],[-58.182586844627785,-15.627054433229096],[-58.182585105420323,-15.627053366952303],[-58.182583203782585,-15.627052603455542]]]]}},
{"type":"Feature","properties":{"OBJECTID":23,"ID":0,"SHAPE_AREA":216.665103475,"SHAPE_LEN":162.60081607500001},"geometry":{"type":"MultiPolygon","coordinates":[[[[-58.1847520966801,-15.627560142392966],[-58.184982398137329,-15.627610079003356],[-58.184984689873488,-15.627609739414719],[-58.184986886141935,-15.627609018893331],[-58.18498891990982,-15.627607939494872],[-58.184990729808298,-15.627606534995264],[-58.184992260111855,-15.627604847275082],[-58.184993464479518,-15.627602928107162],[-58.184994306861732,-15.627600834632243],[-58.184994762443417,-15.627598631161653],[-58.184994815757769,-15.627596385571831],[-58.184994465318709,-15.627594163855925],[-58.184993722719405,-15.627592035552068],[-58.184992610714701,-15.62759006471469],[-58.184991161355782,-15.627588309924631],[-58.18498942066411,-15.627586826071575],[-58.18498744020048,-15.627585658072434],[-58.184531039788936,-15.627486957793524],[-58.184283439839589,-15.627433048275323],[-58.184281248989123,-15.627432926320104],[-58.184279068611048,-15.627433165870739],[-58.184276962085164,-15.627433758450056],[-58.184274989023947,-15.627434689273864],[-58.184273207096446,-15.627435930009883],[-58.184271667400992,-15.627437445130024],[-58.184270415387509,-15.627439190097629],[-58.184269485287004,-15.627441115917058],[-58.184268905692498,-15.627443166391865],[-58.184268692123034,-15.627445282684386],[-58.184268851687342,-15.627447403290665],[-58.184269379373703,-15.627449467676049],[-58.184270259905048,-15.627451414457353],[-58.184271467785635,-15.627453189537817],[-58.184272968202691,-15.627454740678733],[-58.1842747179955,-15.627456023821651],[-58.184276666572536,-15.62745700037158],[-58.1847520966801,-15.627560142392966]]]]}},
{"type":"Feature","properties":{"OBJECTID":24,"ID":0,"SHAPE_AREA":141.29237725499999,"SHAPE_LEN":105.135397725},"geometry":{"type":"MultiPolygon","coordinates":[[[[-58.184108855422167,-15.627393727660296],[-58.183668478252329,-15.627291829637096],[-58.183666199439884,-15.62729165843521],[-58.183663923735445,-15.627291865953229],[-58.183661719208452,-15.627292448208371],[-58.183659648243669,-15.627293385882142],[-58.183657773184308,-15.627294652425013],[-58.183656148849373,-15.62729621048117],[-58.183654823481916,-15.627298014595098],[-58.183653834085383,-15.627300011236779],[-58.183653212040795,-15.627302142386952],[-58.183652973779317,-15.627304345587465],[-58.183653128249389,-15.627306554804896],[-58.183653668558485,-15.627308706803028],[-58.183654580352012,-15.627310738385807],[-58.183655837160153,-15.627312588230394],[-58.183657400434178,-15.627314203214226],[-58.183659226065174,-15.627315536572079],[-58.183661259720424,-15.627316547921234],[-58.183663441533035,-15.62731720775567],[-58.184017568304832,-15.627398524597139],[-58.184101831767478,-15.627416963402068],[-58.184103968752389,-15.627417126325517],[-58.18410610277391,-15.627416935837665],[-58.184108173224445,-15.627416395881166],[-58.184110119579593,-15.627415524860721],[-58.18411188413382,-15.627414344781407],[-58.184113416731982,-15.627412892974046],[-58.184114672830852,-15.627411209450832],[-58.184115616333919,-15.627409343217435],[-58.184116218642941,-15.627407349566472],[-58.184116463300924,-15.6274052864367],[-58.184116343178346,-15.627403211716596],[-58.184115861431764,-15.627401187758624],[-58.184115031452016,-15.627399272340531],[-58.184113878739943,-15.627397520462983],[-58.184112436242835,-15.627395984374752],[-58.184110745250678,-15.6273947072405],[-58.184108855422167,-15.627393727660296]]]]}},
{"type":"Feature","properties":{"OBJECTID":25,"ID":0,"SHAPE_AREA":211.1609563,"SHAPE_LEN":164.31512685300001},"geometry":{"type":"MultiPolygon","coordinates":[[[[-58.183183217370797,-15.627186835468853],[-58.182801278780403,-15.627101458542949],[-58.182799212116656,-15.627101195797813],[-58.182797129702124,-15.627101276622001],[-58.182795090283975,-15.627101697987163],[-58.182793155355817,-15.62710244781108],[-58.182791377959404,-15.627103504114144],[-58.182789812022662,-15.627104836776788],[-58.182788500233826,-15.627106407604893],[-58.182787482436261,-15.627108170284474],[-58.182786787259687,-15.627110074946392],[-58.182786434902816,-15.627112065439585],[-58.182786434371458,-15.627114085673309],[-58.182786788121454,-15.627116075976536],[-58.182787483705532,-15.627117980374118],[-58.182788502147218,-15.627119742926133],[-58.18278981330824,-15.627121313176266],[-58.182791380547094,-15.627122645222734],[-58.18279315700876,-15.627123701354025],[-58.182795093081481,-15.627124451104686],[-58.18290086476717,-15.62714932688124],[-58.183200357394377,-15.627214677380207],[-58.183507572112191,-15.627284002772615],[-58.183509674700353,-15.627283861271074],[-58.183511721196126,-15.627283372972018],[-58.183513651043889,-15.627282550856732],[-58.183515406564084,-15.627281421449531],[-58.183516936637503,-15.627280016662867],[-58.183518195798555,-15.627278378321577],[-58.183519146085054,-15.627276555441341],[-58.183519760753732,-15.627274601496856],[-58.18352001962166,-15.627272575350869],[-58.183519917424597,-15.627270534881786],[-58.183519454520734,-15.6272685424572],[-58.183518647098914,-15.62726665583979],[-58.183517517872019,-15.627264931853142],[-58.183516099771523,-15.627263420034515],[-58.183514435968384,-15.627262166250304],[-58.183512575183215,-15.627261208201798],[-58.183183217370797,-15.627186835468853]]]]}},
{"type":"Feature","properties":{"OBJECTID":26,"ID":0,"SHAPE_AREA":149.42026434499999,"SHAPE_LEN":142.51855176399999},"geometry":{"type":"MultiPolygon","coordinates":[[[[-58.17793938656412,-15.627076849499064],[-58.177796693346565,-15.62767787521555],[-58.177796748150612,-15.627679630310336],[-58.177797115233723,-15.627681350284517],[-58.177797783103273,-15.627682982773164],[-58.177798732825408,-15.627684479066819],[-58.177799935221515,-15.627685793222829],[-58.177801354625053,-15.627686886564559],[-58.177802947000657,-15.627687724979854],[-58.177804664638714,-15.627688284319229],[-58.177806457072748,-15.627688547679341],[-58.177808269219042,-15.627688506316705],[-58.177810046050674,-15.627688161430589],[-58.177811735395821,-15.627687524147875],[-58.177813285129126,-15.627686613730386],[-58.177814648763054,-15.62768545664099],[-58.177815786390994,-15.627684088346236],[-58.177816661873422,-15.627682550619864],[-58.177958342288598,-15.627081404687218],[-58.177958305681152,-15.627079732654307],[-58.177957970766109,-15.627078092051542],[-58.177957347149906,-15.627076531638348],[-58.177956454704329,-15.627075101023021],[-58.17795531884596,-15.627073840744963],[-58.177953975251555,-15.627072791288537],[-58.177952464204743,-15.627071983170362],[-58.177950831549488,-15.627071440549907],[-58.177949126819378,-15.627071180335513],[-58.177947401366971,-15.627071211290657],[-58.177945707415624,-15.627071531327196],[-58.177944095276651,-15.627072130232099],[-58.177942616157978,-15.627072991460167],[-58.17794131281601,-15.627074088568596],[-58.177940225162388,-15.627075386994671],[-58.17793938656412,-15.627076849499064]]]]}},
{"type":"Feature","properties":{"OBJECTID":27,"ID":0,"SHAPE_AREA":146.610381485,"SHAPE_LEN":139.96521279199999},"geometry":{"type":"MultiPolygon","coordinates":[[[[-58.177996341458964,-15.626834480900486],[-58.177996496716034,-15.626836185741134],[-58.177996942720242,-15.626837842017942],[-58.177997668010029,-15.626839402789228],[-58.177998652744627,-15.626840823870017],[-58.177999867781679,-15.626842065644773],[-58.178001281206441,-15.626843093032413],[-58.178002850880134,-15.626843877334075],[-58.178004533767442,-15.626844396183035],[-58.17800628221579,-15.62684463537256],[-58.178008048613933,-15.626844587926964],[-58.178009780738613,-15.626844255934349],[-58.17801143199916,-15.626843647780012],[-58.178012953985949,-15.626842779994133],[-58.178014306740849,-15.626841679004492],[-58.178015449388504,-15.62684037395559],[-58.178016351360228,-15.626838902071713],[-58.178155432625815,-15.626248782301245],[-58.178155396012265,-15.62624710936446],[-58.178155061097499,-15.626245468761885],[-58.178154437488004,-15.62624390925296],[-58.178153544107239,-15.626242477739295],[-58.178152409190609,-15.626241218360787],[-58.178151065601021,-15.626240168905191],[-58.178149554554722,-15.626239359884075],[-58.178147921910984,-15.626238818168499],[-58.178146216254959,-15.626238557960177],[-58.178144490809672,-15.62623858891638],[-58.178142796860328,-15.626238908050084],[-58.178141185666277,-15.62623950785486],[-58.178139705621504,-15.62624036908886],[-58.178138402280432,-15.626241465294239],[-58.178137315570062,-15.626242764619862],[-58.178136476971034,-15.62624422622091],[-58.177996341458964,-15.626834480900486]]]]}},
{"type":"Feature","properties":{"OBJECTID":28,"ID":0,"SHAPE_AREA":95.06469565,"SHAPE_LEN":79.044065332700001},"geometry":{"type":"MultiPolygon","coordinates":[[[[-58.178305933950234,-15.625626185211045],[-58.178305982494088,-15.625624234317385],[-58.178305693485228,-15.625622302410195],[-58.178305073773188,-15.625620445494979],[-58.178304141374539,-15.625618714997724],[-58.178302922695295,-15.625617161395544],[-58.17830145248962,-15.625615826985479],[-58.178299772025284,-15.625614751317938],[-58.178297929970029,-15.625613963056679],[-58.178295976831158,-15.625613486336041],[-58.178293968645228,-15.625613333509921],[-58.17829196326781,-15.625613508787243],[-58.178290015704526,-15.625614007353143],[-58.178288182774843,-15.625614815343985],[-58.178286515655302,-15.625615910791247],[-58.178285060796725,-15.625617260904868],[-58.17828386089316,-15.625618828395421],[-58.178282949269985,-15.625620568792526],[-58.178206291181816,-15.625939301403902],[-58.178207244178935,-15.625941371660213],[-58.178208542188742,-15.625943259282847],[-58.178210147581339,-15.625944908431469],[-58.178212014399335,-15.625946275061338],[-58.178214091114718,-15.625947319677111],[-58.178216318799606,-15.625948013670097],[-58.178218634836469,-15.625948335682633],[-58.178220973892245,-15.625948278834203],[-58.178223270670017,-15.625947842571454],[-58.178225459022855,-15.625947040808068],[-58.178227478446715,-15.625945895562694],[-58.17822927223056,-15.625944439680426],[-58.178305933950234,-15.625626185211045]]]]}},
{"type":"Feature","properties":{"OBJECTID":29,"ID":0,"SHAPE_AREA":64.64911226,"SHAPE_LEN":54.498019871300002},"geometry":{"type":"MultiPolygon","coordinates":[[[[-58.178392161344398,-15.62526508836808],[-58.17839220827274,-15.62526301816726],[-58.178391887822102,-15.625260970728744],[-58.17839120780576,-15.625259007476338],[-58.178390190940121,-15.625257186138164],[-58.178388864594929,-15.625255562609544],[-58.178387271011999,-15.6252541836669],[-58.178385455200342,-15.625253090648336],[-58.178383473315314,-15.625252316696931],[-58.178381384248439,-15.625251884094203],[-58.178379248710186,-15.625251806976737],[-58.178377131069652,-15.625252086806729],[-58.178375094706325,-15.625252715108742],[-58.178373201077427,-15.625253673474694],[-58.178371505048943,-15.625254932684944],[-58.178370057714673,-15.625256456308854],[-58.178368902654782,-15.625258198917118],[-58.178368073142892,-15.625260107000489],[-58.178320797213019,-15.625465085990205],[-58.178320382669583,-15.625466974671356],[-58.178320307885137,-15.625468904012115],[-58.178320572539327,-15.625470817971916],[-58.178321170710163,-15.625472659636364],[-58.178322083443213,-15.625474376680554],[-58.178323285254905,-15.625475916814638],[-58.178324740442847,-15.625477235034898],[-58.178326406822045,-15.625478294507614],[-58.178328234771406,-15.625479062958473],[-58.178330171928501,-15.625479518070911],[-58.178332159448217,-15.625479645698316],[-58.178334141356011,-15.62547944433339],[-58.178336057972238,-15.625478917008278],[-58.178337854363612,-15.625478081192126],[-58.178339477503648,-15.625476961575163],[-58.178340879998487,-15.625475589144694],[-58.178341693786628,-15.62547451997224],[-58.178342372769777,-15.625473365652285],[-58.178342906775669,-15.625472141605874],[-58.178392161344398,-15.62526508836808]]]]}},
{"type":"Feature","properties":{"OBJECTID":30,"ID":0,"SHAPE_AREA":80.11644148000001,"SHAPE_LEN":109.60964765},"geometry":{"type":"MultiPolygon","coordinates":[[[[-58.186376586954793,-15.62947544990066],[-58.185885899805733,-15.629466622728945],[-58.185884673054993,-15.629467084023206],[-58.185883541604646,-15.629467734622557],[-58.18588253613148,-15.629468556283088],[-58.185881683565619,-15.629469528069446],[-58.185881007997395,-15.629470621830365],[-58.185880526982622,-15.629471808546002],[-58.185880254325305,-15.629473055601173],[-58.18588019636227,-15.629474329517091],[-58.185880356621617,-15.629475595022411],[-58.185880729309176,-15.629476817800045],[-58.185881303977411,-15.62947796536586],[-58.185882066442559,-15.629479004352],[-58.185882994167727,-15.629479908667003],[-58.185884062750461,-15.6294806522295],[-58.18588524315583,-15.629481214406582],[-58.1863776454055,-15.629487880106224],[-58.186378698088276,-15.629487643918878],[-58.186379694781117,-15.629487241715692],[-58.186380608486246,-15.629486682681678],[-58.186381413185472,-15.62948598413171],[-58.186382086602038,-15.629485165168246],[-58.186382608350712,-15.629484249403026],[-58.186382965513488,-15.629483261311355],[-58.186383147991407,-15.629482228968877],[-58.186383149426966,-15.629481182238854],[-58.186382970919432,-15.629480150040306],[-58.186382616366373,-15.629479161277136],[-58.186382097116912,-15.629478243005106],[-58.186381426385744,-15.629477422269959],[-58.186380624823485,-15.62947672155766],[-58.186379712127227,-15.629476159743728],[-58.186378716383615,-15.629475754754409],[-58.186377664694511,-15.629475515482213],[-58.186376586954793,-15.62947544990066]]]]}},
{"type":"Feature","properties":{"OBJECTID":31,"ID":0,"SHAPE_AREA":92.906305474999996,"SHAPE_LEN":107.83715477699999},"geometry":{"type":"MultiPolygon","coordinates":[[[[-58.185682606889735,-15.629461310816408],[-58.185411657171692,-15.629455458510684],[-58.185367451137324,-15.629455841039173],[-58.185303778667681,-15.629456184991588],[-58.185283042741531,-15.629455339765055],[-58.185254156081605,-15.629453343599993],[-58.185215619587701,-15.629447094251258],[-58.185213921211194,-15.629446807847662],[-58.185212197386178,-15.629446799984416],[-58.185210496615774,-15.629447070399557],[-58.185208865501195,-15.629447612514015],[-58.185207351519203,-15.62944840980108],[-58.185205995591353,-15.629449441249879],[-58.18520483578888,-15.62945067682589],[-58.185203904560588,-15.62945208200547],[-58.185203228737919,-15.629453618679625],[-58.185202826726375,-15.629455243361505],[-58.18520270945384,-15.629456909892893],[-58.185202881318929,-15.629458572150833],[-58.185203336454805,-15.629460183163955],[-58.185204062475719,-15.629461697803844],[-58.185205038621987,-15.629463074602993],[-58.185206238547778,-15.629464273931848],[-58.185207627548877,-15.629465262533342],[-58.185209167226496,-15.629466013497725],[-58.185210814544021,-15.62946650445979],[-58.185212523718583,-15.629466722108253],[-58.185322605986229,-15.629468519222513],[-58.185683739335708,-15.629479961305359],[-58.185685351715932,-15.629479892031204],[-58.185686929957086,-15.629479563520633],[-58.185688430277033,-15.629478985953215],[-58.185689810790343,-15.629478174921653],[-58.18569103338416,-15.629477153229542],[-58.18569206370794,-15.629475949083561],[-58.185692873033567,-15.629474595179531],[-58.185693439198658,-15.62947313050516],[-58.185693746575275,-15.629471594916724],[-58.185693786080357,-15.629470030946868],[-58.185693557030817,-15.629468481986729],[-58.185693066210789,-15.629466992291041],[-58.185692326907656,-15.629465601559804],[-58.185691358938051,-15.629464349457809],[-58.185690190482219,-15.629463270181169],[-58.18568885249779,-15.629462394295375],[-58.185687383368055,-15.629461745998494],[-58.185685824238114,-15.629461343146282],[-58.185684216211484,-15.629461196363525],[-58.185682606889735,-15.629461310816408]]]]}},
{"type":"Feature","properties":{"OBJECTID":32,"ID":0,"SHAPE_AREA":34.344723334999998,"SHAPE_LEN":60.233775925899998},"geometry":{"type":"MultiPolygon","coordinates":[[[[-58.185009658125097,-15.62942964311514],[-58.184752518298858,-15.629375618589394],[-58.184751577346745,-15.629375495315179],[-58.184750627934996,-15.629375523038904],[-58.184749697118647,-15.629375702518372],[-58.184748808180103,-15.62937602730055],[-58.184747987189652,-15.629376489109523],[-58.184747255527832,-15.629377075175192],[-58.184746632694107,-15.629377770025856],[-58.184746136301598,-15.629378554584404],[-58.184745780216886,-15.629379407082231],[-58.184745572704799,-15.629380304877087],[-58.184745520154301,-15.629381223529013],[-58.184745624290571,-15.629382138623239],[-58.184745882164655,-15.629383023962408],[-58.184746287117342,-15.629383856984871],[-58.184746826882559,-15.629384613351355],[-58.184747488292622,-15.629385274150962],[-58.184748252583368,-15.629385820502977],[-58.184749099145883,-15.629386237152268],[-58.185008224847543,-15.629439770078879],[-58.185009101050248,-15.629439825908705],[-58.185009974571344,-15.629439739839825],[-58.185010821174863,-15.629439514714838],[-58.185011618511119,-15.629439156981794],[-58.185012342380546,-15.629438675810425],[-58.185012974206053,-15.62943808485964],[-58.185013496358934,-15.629437400494963],[-58.185013894024308,-15.629436641778389],[-58.185014156128709,-15.629435829559565],[-58.185014275340059,-15.629434986475735],[-58.185014248990065,-15.629434135138945],[-58.18501407629153,-15.629433300862788],[-58.185013763898482,-15.629432505305092],[-58.185013319402884,-15.629431771022473],[-58.185012755982825,-15.629431118733597],[-58.185012087733583,-15.629430566440465],[-58.185011335258842,-15.629430128494302],[-58.18501051729163,-15.629429818352504],[-58.185009658125097,-15.62942964311514]]]]}},
{"type":"Feature","properties":{"OBJECTID":33,"ID":0,"SHAPE_AREA":104.63018392,"SHAPE_LEN":147.45159558399999},"geometry":{"type":"MultiPolygon","coordinates":[[[[-58.184550284421505,-15.629332062880042],[-58.183899828188643,-15.629187565895078],[-58.183898534906831,-15.629187487905522],[-58.183897246581608,-15.629187623211022],[-58.183896000517834,-15.629187970706409],[-58.183894834890843,-15.629188518434919],[-58.183893781320691,-15.629189249955678],[-58.183892873277379,-15.629190146106064],[-58.183892134846261,-15.629191177831158],[-58.18389158918513,-15.629192316984909],[-58.183891251958656,-15.629193530038318],[-58.183891133219333,-15.629194780780878],[-58.183891235552551,-15.629196032138514],[-58.183891556890238,-15.629197248870055],[-58.183892087697167,-15.629198394870693],[-58.183892811919229,-15.629199435878625],[-58.183893708869689,-15.629200343080466],[-58.183894752265353,-15.629201087693019],[-58.183895911211131,-15.629201649997059],[-58.184546791924255,-15.629343067804129],[-58.18454776148225,-15.629343299393504],[-58.184548757170369,-15.629343370850492],[-58.184549751923157,-15.629343279609477],[-58.184550715908188,-15.629343028543245],[-58.184551623977498,-15.629342624114884],[-58.184552448216081,-15.629342078225848],[-58.184553167253775,-15.629341405454003],[-58.18455375975681,-15.629340626704355],[-58.184554209049942,-15.629339761952851],[-58.184554503152896,-15.629338836573499],[-58.18455463288884,-15.629337876829133],[-58.184554594682673,-15.629336909856223],[-58.184554389622981,-15.629335962766053],[-58.184554023457032,-15.629335061740875],[-58.184553507528499,-15.629334232932706],[-58.184552855963751,-15.629333499766862],[-58.184552085671882,-15.629332882941858],[-58.184551221003133,-15.629332399500482],[-58.184550284421505,-15.629332062880042]]]]}},
{"type":"Feature","properties":{"OBJECTID":34,"ID":0,"SHAPE_AREA":58.584275175000002,"SHAPE_LEN":93.8115418621},"geometry":{"type":"MultiPolygon","coordinates":[[[[-58.183675700556307,-15.629138677827113],[-58.1832665900602,-15.629050227018217],[-58.183265652389437,-15.629050025079959],[-58.18326469229266,-15.629049978734479],[-58.183263737747168,-15.629050086927013],[-58.183262815797598,-15.629050348607803],[-58.183261950648735,-15.6290507555112],[-58.183261168350128,-15.629051295745942],[-58.183260490277235,-15.629051955638195],[-58.183259934038119,-15.629052715207049],[-58.183259517240849,-15.629053554471641],[-58.18325925000557,-15.629054448971928],[-58.183259140586905,-15.629055374257945],[-58.183259191632587,-15.629056304102116],[-58.183259402997273,-15.629057213195846],[-58.183259766130526,-15.629058074468086],[-58.18326027344574,-15.629058866265991],[-58.183260908946025,-15.629059564270328],[-58.1832616566656,-15.629060149585191],[-58.18326249412501,-15.629060606061469],[-58.183263397938006,-15.629060922074492],[-58.183672609652852,-15.629150264497241],[-58.183673675234061,-15.62915032473439],[-58.1836747360666,-15.62915020783157],[-58.183675759519723,-15.62914991667652],[-58.183676717657619,-15.629149459555084],[-58.183677579777402,-15.629148850191477],[-58.18367832266928,-15.629148107692908],[-58.183678922195945,-15.629147252075532],[-58.183679362651233,-15.62914630963734],[-58.183679629272042,-15.629145308479055],[-58.183679715695298,-15.629144277560012],[-58.183679618366519,-15.629143247632161],[-58.183679341188061,-15.629142248503383],[-58.183678890865714,-15.62914131087026],[-58.183678281546534,-15.62914046177371],[-58.183677532025726,-15.629139725517781],[-58.18367666295881,-15.629139125492607],[-58.183675700556307,-15.629138677827113]]]]}},
{"type":"Feature","properties":{"OBJECTID":35,"ID":0,"SHAPE_AREA":104.68285436,"SHAPE_LEN":143.370932654},"geometry":{"type":"MultiPolygon","coordinates":[[[[-58.183046352019353,-15.628997377186135],[-58.182416099591961,-15.628859192606223],[-58.182415013350798,-15.628858945365538],[-58.182413900164434,-15.628858879051325],[-58.182412791761955,-15.628858996204317],[-58.182411718892986,-15.628859291235399],[-58.182410713234752,-15.62885975764654],[-58.182409802691971,-15.628860381728774],[-58.182409013277926,-15.628861145263809],[-58.182408368186913,-15.62886202643292],[-58.182407884995961,-15.628862999831998],[-58.182407577545916,-15.628864039173209],[-58.182407455915509,-15.628865112765489],[-58.182407521804301,-15.628866191674689],[-58.182407774097975,-15.628867244270101],[-58.182408206096149,-15.628868240758905],[-58.18240880457433,-15.628869152287354],[-58.182409552597818,-15.628869953637324],[-58.182410429506014,-15.628870620514649],[-58.182411410016144,-15.628871135881361],[-58.182412466052313,-15.628871483618436],[-58.182413566776695,-15.628871653949037],[-58.183044025775708,-15.62901136863718],[-58.183045253416203,-15.629011386424031],[-58.183046465923773,-15.629011205433123],[-58.183047630678061,-15.629010830359814],[-58.183048715095047,-15.629010272226669],[-58.183049687549435,-15.629009546570575],[-58.183050521105592,-15.629008673422733],[-58.18305119259005,-15.629007678217405],[-58.183051683498284,-15.629006587267684],[-58.183051980025851,-15.629005433188585],[-58.183052073026886,-15.629004247666149],[-58.183051959889937,-15.629003063255068],[-58.183051645470769,-15.629001913373703],[-58.183051136485474,-15.629000830526467],[-58.183050448039715,-15.628999846268631],[-58.183049599866543,-15.628998985803181],[-58.183048615435226,-15.628998275216871],[-58.183047522842486,-15.628997734244134],[-58.183046352019353,-15.628997377186135]]]]}},
{"type":"Feature","properties":{"OBJECTID":36,"ID":0,"SHAPE_AREA":99.06301697000001,"SHAPE_LEN":142.64209851499999},"geometry":{"type":"MultiPolygon","coordinates":[[[[-58.182127718413689,-15.628794592128635],[-58.181499642706569,-15.628652900411971],[-58.18149858506132,-15.628652759673622],[-58.181497517218098,-15.628652792540263],[-58.181496470900768,-15.628653000648884],[-58.181495475910701,-15.628653375703898],[-58.18149456017855,-15.628653908515822],[-58.181493749728055,-15.628654582674246],[-58.181493068707034,-15.628655379971024],[-58.181492536568506,-15.628656276799823],[-58.181492168096554,-15.628657248675591],[-58.181491973385576,-15.62865826661894],[-58.181491958793821,-15.62865930076674],[-58.181492124165793,-15.628660324002608],[-58.181492464656372,-15.628661304715912],[-58.181492971715343,-15.628662215835487],[-58.181493630263226,-15.628663030325301],[-58.181494420587896,-15.628663726597752],[-58.181495320184148,-15.62866428398414],[-58.18149630470203,-15.628664685441347],[-58.182124534398767,-15.628807523393059],[-58.182125700218172,-15.628807659026029],[-58.182126872379534,-15.628807599381036],[-58.182128017319428,-15.62880734735058],[-58.18212910056755,-15.628806910351642],[-58.182130091410549,-15.628806300300457],[-58.182130960104097,-15.628805535435381],[-58.182131682526347,-15.628804638484029],[-58.182132236441632,-15.628803635779455],[-58.182132605221213,-15.628802555432369],[-58.182132778796692,-15.628801430941555],[-58.182132751747851,-15.628800293069016],[-58.18213252614246,-15.628799177055949],[-58.182132106825726,-15.628798114513021],[-58.182131507037653,-15.628797137005607],[-58.182130743728493,-15.628796272463488],[-58.182129839434651,-15.628795546978557],[-58.182128821325101,-15.628794981194304],[-58.182127718413689,-15.628794592128635]]]]}},
{"type":"Feature","properties":{"OBJECTID":37,"ID":0,"SHAPE_AREA":109.18533623,"SHAPE_LEN":144.43574072499999},"geometry":{"type":"MultiPolygon","coordinates":[[[[-58.181257215812252,-15.62859765352359],[-58.18062194337957,-15.628458488217676],[-58.180620942385353,-15.62845814107941],[-58.180619894784137,-15.628457962318603],[-58.180618830454947,-15.628457957197902],[-58.180617781111309,-15.628458125546716],[-58.18061677564252,-15.628458462690064],[-58.180615843839597,-15.628458958524703],[-58.180615010814286,-15.628459600260825],[-58.180614301642052,-15.628460368781498],[-58.180613735781201,-15.628461241384329],[-58.180613329886533,-15.628462194478169],[-58.180613094990548,-15.62846319998253],[-58.180613038389524,-15.628464228933122],[-58.180613160855664,-15.628465253304718],[-58.180613460347402,-15.628466242375433],[-58.180613926443975,-15.628467168180217],[-58.180614547807394,-15.628468005470687],[-58.180615305637652,-15.628468729038575],[-58.18061617743485,-15.628469319118997],[-58.180617140709423,-15.628469757754793],[-58.180618165546072,-15.628470033356145],[-58.181253552034399,-15.628612980002602],[-58.181254945904747,-15.628612869453994],[-58.181256301174926,-15.628612534040359],[-58.181257579654016,-15.628611983006401],[-58.181258745058017,-15.628611232817711],[-58.181259763927123,-15.628610304444301],[-58.181260608423891,-15.628609223345398],[-58.181261254478194,-15.628608021287311],[-58.181261683621571,-15.628606730910102],[-58.181261883940714,-15.628605389338073],[-58.181261849123999,-15.628604034569285],[-58.181261581249373,-15.628602703652732],[-58.181261087068883,-15.628601435420073],[-58.181260380775853,-15.628600265047224],[-58.181259482149763,-15.628599225872293],[-58.181258417478567,-15.628598347582692],[-58.181257215812252,-15.62859765352359]]]]}},
{"type":"Feature","properties":{"OBJECTID":38,"ID":0,"SHAPE_AREA":107.01613874500001,"SHAPE_LEN":141.193668731},"geometry":{"type":"MultiPolygon","coordinates":[[[[-58.17972785604087,-15.628270009687155],[-58.180349106592921,-15.628409778252907],[-58.180350500462815,-15.628409667710086],[-58.180351855733562,-15.628409332302045],[-58.180353134214243,-15.628408781273249],[-58.180354299620802,-15.628408031089217],[-58.180355318493341,-15.628407102719772],[-58.180356162994357,-15.628406021624063],[-58.180356809053585,-15.628404819568297],[-58.180357238202419,-15.628403529192468],[-58.180357438527416,-15.628402187620846],[-58.180357403716783,-15.628400832851487],[-58.180357135848276,-15.628399501933375],[-58.180356641673775,-15.628398233698238],[-58.180355935386459,-15.628397063322062],[-58.180355036765619,-15.628396024143022],[-58.180353972099077,-15.628395145848682],[-58.180352770436677,-15.628394451784313],[-58.179730680811183,-15.628258171395128],[-58.179729626230696,-15.62825807673083],[-58.179728570778231,-15.628258155621403],[-58.179727543358666,-15.628258406103628],[-58.179726574700929,-15.628258818973244],[-58.179725690865091,-15.628259384147171],[-58.179724917880137,-15.628260086119056],[-58.179724278007839,-15.62826090307547],[-58.17972378791351,-15.628261813233015],[-58.179723463298622,-15.628262789390078],[-58.179723313340617,-15.628263805284025],[-58.179723340666975,-15.628264831071798],[-58.179723546044862,-15.628265837824229],[-58.179723922779452,-15.628266796652261],[-58.179724460455283,-15.628267680494702],[-58.17972514400347,-15.628268464123138],[-58.179725953712108,-15.628269125949782],[-58.179726866143461,-15.628269645310759],[-58.17972785604087,-15.628270009687155]]]]}},
{"type":"Feature","properties":{"OBJECTID":39,"ID":0,"SHAPE_AREA":117.12591581,"SHAPE_LEN":152.06308424299999},"geometry":{"type":"MultiPolygon","coordinates":[[[[-58.177640939555623,-15.627793951200681],[-58.176976462952311,-15.627642136005164],[-58.176975128762862,-15.62764207988717],[-58.176973805150176,-15.627642242458183],[-58.176972528481038,-15.627642621715344],[-58.176971336920623,-15.627643203895348],[-58.176970263965224,-15.627643974356015],[-58.176969342131926,-15.627644910325252],[-58.176968597377638,-15.627645983642706],[-58.176968051912723,-15.62764716345638],[-58.176967720475339,-15.627648417146544],[-58.176967613108857,-15.6276497066952],[-58.176967732399888,-15.627650995028249],[-58.176968076266114,-15.627652244192719],[-58.176968634251189,-15.627653419896172],[-58.176969389359122,-15.627654486073471],[-58.176970319966422,-15.627655413011587],[-58.176971399801296,-15.62765617373419],[-58.176972597021276,-15.627656745814372],[-58.177637036732378,-15.627806667529708],[-58.177643930068285,-15.627807994534789],[-58.177645077102682,-15.62780778228843],[-58.177646173683904,-15.627807392242994],[-58.17764718907776,-15.627806832698559],[-58.177648096327559,-15.627806120070112],[-58.177648871285164,-15.627805272565434],[-58.177649491698944,-15.627804313805512],[-58.177649942789571,-15.627803269179095],[-58.177650210731109,-15.62780216768541],[-58.177650289159658,-15.627801038283684],[-58.177650175452555,-15.627799911720842],[-58.1776498725837,-15.627798818713771],[-58.177649389113078,-15.627797788141621],[-58.1776487382593,-15.627796847954571],[-58.177647937894385,-15.627796024270056],[-58.177647008657537,-15.627795337767171],[-58.177640939555623,-15.627793951200681]]]]}},
{"type":"Feature","properties":{"OBJECTID":40,"ID":0,"SHAPE_AREA":105.03251463,"SHAPE_LEN":151.32332020600001},"geometry":{"type":"MultiPolygon","coordinates":[[[[-58.176575071373527,-15.627555286890129],[-58.176111356799211,-15.627451124933804],[-58.176110117384752,-15.627451004125044],[-58.176108873503502,-15.627451081296133],[-58.176107658724028,-15.627451354459337],[-58.17610650751665,-15.627451816198679],[-58.176105449662217,-15.627452454603738],[-58.17610451304509,-15.627453252350822],[-58.176103724585957,-15.627454186697937],[-58.176103103743543,-15.627455234943126],[-58.176102668997366,-15.627456366254435],[-58.176102430442597,-15.627457551652737],[-58.17610239536063,-15.627458759462199],[-58.176102564493391,-15.62745995623424],[-58.176102932991427,-15.627461109454149],[-58.176103492289819,-15.627462189338866],[-58.17610422542888,-15.627463166150305],[-58.176105113598943,-15.627464012872005],[-58.176106133357543,-15.627464707935811],[-58.176433855876859,-15.627536194131233],[-58.176772082687783,-15.627610313525608],[-58.176773167734815,-15.627610843724735],[-58.176774330996913,-15.627611186395495],[-58.176775536967781,-15.627611330881352],[-58.176776751115121,-15.627611273751853],[-58.176777937072117,-15.627611017009837],[-58.176779060368446,-15.627610568071413],[-58.176780088425041,-15.627609938862065],[-58.17678098964209,-15.627609149437236],[-58.176781738959271,-15.627608221625092],[-58.176782313217934,-15.627607183570985],[-58.176782696736879,-15.627606066091872],[-58.176782877576208,-15.627604901792454],[-58.176782850330419,-15.627603724146335],[-58.176782615200814,-15.627602568404857],[-58.17678218077824,-15.627601468870434],[-58.176781558436318,-15.627600457118891],[-58.176780767005489,-15.627599563782093],[-58.17677982994892,-15.627598814043658],[-58.176778773512552,-15.62759823036054],[-58.176777630445777,-15.627597830635311],[-58.176776434389403,-15.627597625534456],[-58.176775218958419,-15.627597621205066],[-58.176575071373527,-15.627555286890129]]]]}},
{"type":"Feature","properties":{"OBJECTID":41,"ID":0,"SHAPE_AREA":104.90570316,"SHAPE_LEN":132.53981250300001},"geometry":{"type":"MultiPolygon","coordinates":[[[[-58.175877602129916,-15.627399732126118],[-58.175636655087843,-15.627343623937268],[-58.175295040786253,-15.627270417555168],[-58.175293929839071,-15.627270088154752],[-58.175292777068108,-15.627269948799082],[-58.175291616072819,-15.627270002923883],[-58.17529048323027,-15.627270250334327],[-58.175289410202261,-15.627270681821757],[-58.175288429567914,-15.627271285460914],[-58.175287570139233,-15.627272043019317],[-58.175286858842135,-15.627272932658959],[-58.175286315109645,-15.627273927158512],[-58.175285955571368,-15.627274998407762],[-58.175285791229555,-15.627276112903157],[-58.175285826562344,-15.627277238080051],[-58.175286061379047,-15.627278340494794],[-58.175286487099356,-15.627279387652669],[-58.175287093282662,-15.62728034797277],[-58.175287860181491,-15.627281193539703],[-58.175288765265627,-15.627281899164672],[-58.175289782299615,-15.6272824441983],[-58.175290880399757,-15.627282810727801],[-58.175292026868391,-15.627282989889196],[-58.175873913956835,-15.627412976970787],[-58.175875192359229,-15.627412737816487],[-58.175876408941747,-15.627412290190588],[-58.175877529270139,-15.627411647836224],[-58.175878519868704,-15.627410829010943],[-58.175879351033949,-15.627409859183309],[-58.175879999596795,-15.627408764690852],[-58.175880445232806,-15.627407579990951],[-58.17588067507436,-15.627406338597178],[-58.17588068279855,-15.627405076699745],[-58.175880467694398,-15.627403833170534],[-58.175880036487079,-15.627402642322004],[-58.175879402446547,-15.627401541143309],[-58.175878582542701,-15.627400561180313],[-58.175877602129916,-15.627399732126118]]]]}},
{"type":"Feature","properties":{"OBJECTID":42,"ID":0,"SHAPE_AREA":230.84547646499999,"SHAPE_LEN":319.58942573500002},"geometry":{"type":"MultiPolygon","coordinates":[[[[-58.174167476364936,-15.627017046813814],[-58.17364530845623,-15.626896432837363],[-58.173644122960489,-15.626896115577756],[-58.173642899396178,-15.626895992862165],[-58.173641672310865,-15.626896070833199],[-58.173640476195523,-15.626896345690756],[-58.173639343649867,-15.626896809125345],[-58.173638306325472,-15.626897450120774],[-58.173637394894783,-15.626898249530923],[-58.17363663348565,-15.62689918553296],[-58.173636043396755,-15.626900230895711],[-58.173635642190696,-15.626901357504055],[-58.173635439942352,-15.626902532763429],[-58.173635442995646,-15.626903724099172],[-58.17363565116527,-15.626904898971533],[-58.173636058659142,-15.626906023062961],[-58.173636653176594,-15.626907065706323],[-58.173637419628989,-15.626907998057236],[-58.173638336408757,-15.626908793113946],[-58.173639376337654,-15.626909428424101],[-58.173640511340651,-15.626909887867461],[-58.173641708684187,-15.62691015625264],[-58.174025726505029,-15.626997069494108],[-58.175069310369963,-15.627235905669851],[-58.175070524098977,-15.627236102550459],[-58.175071753483586,-15.627236100487352],[-58.175072966810433,-15.627235899650339],[-58.175074127743642,-15.627235507465219],[-58.175075205549007,-15.627234932231772],[-58.175076168611078,-15.627234191293532],[-58.175076991864273,-15.627233305574604],[-58.175077651196339,-15.627232299609622],[-58.175078129039747,-15.627231200609927],[-58.17507841065094,-15.627230040291256],[-58.17507848968625,-15.627228851228299],[-58.175078362595059,-15.627227665076839],[-58.175078034242127,-15.62722651706328],[-58.175077513192235,-15.627225436970761],[-58.175076813616947,-15.627224456360155],[-58.175075955258542,-15.627223602243047],[-58.175074962507558,-15.627222898894349],[-58.175073862521856,-15.627222365150738],[-58.175072686169635,-15.627222016213359],[-58.174991112972151,-15.627203488069821],[-58.174167476364936,-15.627017046813814]]]]}},
{"type":"Feature","properties":{"OBJECTID":43,"ID":0,"SHAPE_AREA":452.89120021999997,"SHAPE_LEN":260.94689744099998},"geometry":{"type":"MultiPolygon","coordinates":[[[[-58.184128857834075,-15.620869694175427],[-58.184052649226103,-15.621189682277491],[-58.184052774811377,-15.621192222481449],[-58.18405335244173,-15.621194704205079],[-58.184054363959568,-15.621197051618184],[-58.184055779107894,-15.621199193475329],[-58.184057554618448,-15.621201066736404],[-58.184059638859651,-15.621202613829878],[-58.184061967204165,-15.621203788101163],[-58.184064469501109,-15.62120455558016],[-58.184067071915386,-15.621204890451827],[-58.184069694186746,-15.621204785013862],[-58.184072258915371,-15.621204242395484],[-58.184074687836194,-15.621203277481287],[-58.184076907430814,-15.621201919592876],[-58.184078851715242,-15.621200210665771],[-58.184080461286385,-15.621198201639205],[-58.184107241012079,-15.621080570138885],[-58.184178591789916,-15.620774061970604],[-58.184229476579731,-15.620556451304767],[-58.184236273744233,-15.620504696723403],[-58.184236123687661,-15.620481656955002],[-58.184232857665691,-15.620458835565524],[-58.18422653017474,-15.620436626364055],[-58.184217252549352,-15.620415412910026],[-58.184206563789509,-15.62039990077445],[-58.184193402992619,-15.620386289329037],[-58.184178123903926,-15.620374944555266],[-58.184161136826297,-15.6203661733757],[-58.18414289828258,-15.620360210151174],[-58.184040668090368,-15.620338937599492],[-58.183851354970315,-15.620301992628333],[-58.183849259152282,-15.620302001217881],[-58.183847196117007,-15.620302358538611],[-58.183845227361168,-15.620303053412032],[-58.183843410598676,-15.620304065640994],[-58.183841800688242,-15.620305365100775],[-58.183840444042254,-15.620306912673113],[-58.183839381440549,-15.620308662942799],[-58.183838644299456,-15.620310564217752],[-58.183838255609864,-15.620312559427862],[-58.18383822529421,-15.620314589765718],[-58.18383855487545,-15.620316595565251],[-58.183839234678736,-15.620318516316884],[-58.183840244790183,-15.620320295181877],[-58.18384155506201,-15.620321879896199],[-58.183843126050455,-15.620323223669388],[-58.183844911819129,-15.620324286073338],[-58.183846859954556,-15.620325035753963],[-58.184028774385354,-15.620362918209061],[-58.184060596205306,-15.620371116762843],[-58.184088732333947,-15.620382325313305],[-58.184105178320294,-15.620389779713314],[-58.184120402544828,-15.620399367593862],[-58.184134111999725,-15.620410904330774],[-58.18414604237821,-15.620424168084963],[-58.184166375808317,-15.62045496930496],[-58.184181162679458,-15.620488608877698],[-58.184189994710813,-15.620524157982887],[-58.184192627471781,-15.62056063358561],[-58.184188988942857,-15.620597027315089],[-58.184179367006131,-15.620640426957454],[-58.184128857834075,-15.620869694175427]]]]}},
{"type":"Feature","properties":{"OBJECTID":44,"ID":0,"SHAPE_AREA":146.15932983499999,"SHAPE_LEN":140.85391747599999},"geometry":{"type":"MultiPolygon","coordinates":[[[[-58.177726263789985,-15.627974214302773],[-58.17758572422332,-15.628567893144002],[-58.177585696577552,-15.62856958450381],[-58.177585967308787,-15.628571256184259],[-58.177586530536409,-15.628572858502002],[-58.17758736733164,-15.628574343651511],[-58.177588455060544,-15.628575668366654],[-58.177589759916799,-15.628576793056915],[-58.177591244399274,-15.628577684478916],[-58.177592863586106,-15.628578316660434],[-58.177594571664024,-15.62857867086524],[-58.177596316342168,-15.628578737430942],[-58.177598047231285,-15.62857851301233],[-58.17759971307143,-15.628578005115736],[-58.177601264509413,-15.628577228468544],[-58.177602655969586,-15.628576205913026],[-58.177603846581349,-15.628574967497471],[-58.177604801111968,-15.628573550471165],[-58.177605490878591,-15.628571995663876],[-58.177745241289507,-15.627978321952829],[-58.177745135809538,-15.627976676502858],[-58.177744740472193,-15.627975072380467],[-58.177744068614899,-15.627973558325065],[-58.177743140068166,-15.627972176713898],[-58.177741980259007,-15.627970969894161],[-58.177740625771193,-15.627969973825831],[-58.177739115002389,-15.627969215420057],[-58.177737491936391,-15.627968719750209],[-58.177735806086346,-15.627968500109166],[-58.177734105991298,-15.62796856256379],[-58.177732442014467,-15.62796890593987],[-58.177730863534677,-15.627969520029431],[-58.177729416153277,-15.627970386509594],[-58.177728142637186,-15.627971480745311],[-58.177727081970708,-15.627972769082794],[-58.177726263789985,-15.627974214302773]]]]}},
{"type":"Feature","properties":{"OBJECTID":45,"ID":0,"SHAPE_AREA":142.33792839500001,"SHAPE_LEN":141.09091763000001},"geometry":{"type":"MultiPolygon","coordinates":[[[[-58.177528463622615,-15.628811101223507],[-58.177444130014116,-15.629169097183697],[-58.177386749139139,-15.629406651033158],[-58.177387106471933,-15.629408296939687],[-58.177387734797385,-15.629409864559996],[-58.177388618948662,-15.629411311491795],[-58.177389734457222,-15.629412599902265],[-58.177391051278668,-15.6294136956041],[-58.177392534725449,-15.629414568050564],[-58.177394144560012,-15.629415194859847],[-58.177395838710247,-15.629415559083474],[-58.177397571419519,-15.629415651927845],[-58.177399296956992,-15.629415469118841],[-58.17740096778833,-15.629415017238838],[-58.177402541068787,-15.629414307364618],[-58.177403974000121,-15.629413358707932],[-58.177405228478797,-15.62941219587872],[-58.177406270178835,-15.629410851601849],[-58.177477594726973,-15.629108410933648],[-58.177527018798756,-15.628903663708169],[-58.177547001856503,-15.6288160247599],[-58.177547247515484,-15.628814451546047],[-58.177547213235236,-15.628812859948436],[-58.177546899289517,-15.6288112978727],[-58.177546316196853,-15.628809810457781],[-58.177545480994716,-15.628808440999839],[-58.177544417229186,-15.628807229144458],[-58.177543155882518,-15.62880620997776],[-58.177541733507653,-15.628805414036471],[-58.177540193140317,-15.628804863687344],[-58.177538577785214,-15.628804575873852],[-58.177536935991945,-15.62880455847063],[-58.177535315336023,-15.628804812126326],[-58.17753376240853,-15.628805328455709],[-58.177532322842033,-15.628806094559229],[-58.177531038470875,-15.628807085806898],[-58.177529947382951,-15.628808274877066],[-58.177529080162785,-15.628809627257155],[-58.177528463622615,-15.628811101223507]]]]}},
{"type":"Feature","properties":{"OBJECTID":46,"ID":0,"SHAPE_AREA":110.50743416,"SHAPE_LEN":124.31561373},"geometry":{"type":"MultiPolygon","coordinates":[[[[-58.177305188222022,-15.629764962905133],[-58.177263401050872,-15.629941399403668],[-58.177181129929934,-15.63028910046172],[-58.177181112961563,-15.630290538669987],[-58.177181339360637,-15.630291961110061],[-58.177181805163706,-15.630293327127356],[-58.177182496167674,-15.630294599737871],[-58.177183394459071,-15.630295745593097],[-58.177184474667484,-15.630296732288475],[-58.177185707727631,-15.630297533766633],[-58.177187060858685,-15.630298126701813],[-58.177188494802145,-15.630298496842117],[-58.177189973113272,-15.630298632632282],[-58.177191453797263,-15.630298530681953],[-58.177192897698887,-15.630298194816845],[-58.177194263818073,-15.630297632488199],[-58.177195516802932,-15.630296860156015],[-58.177196621327411,-15.630295898799696],[-58.177197546760219,-15.630294774796907],[-58.177198269947652,-15.63029351719692],[-58.177198768715201,-15.630292163178931],[-58.177299075556228,-15.629861424580877],[-58.177320764921092,-15.629770045162307],[-58.177321074414721,-15.629768705718263],[-58.177321142138531,-15.629767335030754],[-58.177320966454232,-15.62976597288049],[-58.177320551330418,-15.629764660825961],[-58.177319910980543,-15.629763437658903],[-58.177319062395618,-15.629762338540582],[-58.177318031883914,-15.629761396774416],[-58.177316849453732,-15.629760640220534],[-58.177315551616864,-15.62976009218465],[-58.177314175771343,-15.629759767832507],[-58.177312762087666,-15.629759677795491],[-58.177311354415721,-15.629759823646124],[-58.177309992843341,-15.629760201553694],[-58.177308718349849,-15.62976080045145],[-58.177307569074948,-15.629761602056595],[-58.17730657846878,-15.629762583591955],[-58.177305777141854,-15.629763715064369],[-58.177305188222022,-15.629764962905133]]]]}},
{"type":"Feature","properties":{"OBJECTID":47,"ID":0,"SHAPE_AREA":119.35141716,"SHAPE_LEN":151.58893030799999},"geometry":{"type":"MultiPolygon","coordinates":[[[[-58.17705838233573,-15.630809272720978],[-58.176986747250631,-15.631122358463999],[-58.176921368955938,-15.631396546209793],[-58.176906145455348,-15.631453478243369],[-58.176906317821199,-15.631454912724262],[-58.176906730587213,-15.631456301624139],[-58.176907374193391,-15.631457604318451],[-58.176908229793426,-15.631458787463693],[-58.17690927388233,-15.631459818645252],[-58.176910479239545,-15.631460668180207],[-58.176911813094407,-15.631461314550545],[-58.17691323803308,-15.631461739878802],[-58.176914715739933,-15.631461931715796],[-58.176916205147521,-15.631461885762295],[-58.176917667084901,-15.631461603132291],[-58.176919061484526,-15.63146109127203],[-58.176920350180495,-15.631460363944804],[-58.176921496908612,-15.631459441231124],[-58.176922471964986,-15.631458348599772],[-58.176923248464689,-15.631457115119995],[-58.176923805150359,-15.631455775254304],[-58.176958486180773,-15.631305516128918],[-58.176996419761338,-15.631141369087162],[-58.177072561026009,-15.630817976313557],[-58.177074128484904,-15.63081151038781],[-58.177074211702404,-15.630810239047101],[-58.177074077602008,-15.630808971583951],[-58.177073730116206,-15.630807743229656],[-58.177073178763635,-15.630806587377769],[-58.177072437711303,-15.630805534685106],[-58.177071529515885,-15.630804614859645],[-58.177070475770307,-15.630803852191036],[-58.177069308312383,-15.630803268202266],[-58.177068056145494,-15.630802878104175],[-58.177066755714442,-15.630802693452063],[-58.177065441557225,-15.630802718580169],[-58.177064150051493,-15.630802953293356],[-58.177062914740532,-15.630803391084294],[-58.177061771929729,-15.630804019103548],[-58.177060750441697,-15.630804820926151],[-58.177059880006063,-15.630805775602704],[-58.177059182854165,-15.630806855896775],[-58.177058679336355,-15.630808031870178],[-58.17705838233573,-15.630809272720978]]]]}},
{"type":"Feature","properties":{"OBJECTID":48,"ID":0,"SHAPE_AREA":23.47660173,"SHAPE_LEN":29.075346708600001},"geometry":{"type":"MultiPolygon","coordinates":[[[[-58.177168368997528,-15.630419644391065],[-58.177168066626557,-15.630418149142058],[-58.177167508144386,-15.630416724867967],[-58.177166711500675,-15.630415411244442],[-58.177165698365783,-15.630414246119338],[-58.17716449784632,-15.63041326278109],[-58.177163144609324,-15.630412488160943],[-58.177161676099416,-15.63041194555958],[-58.17716013344063,-15.630411649218944],[-58.177158562389813,-15.630411607932583],[-58.177157005864217,-15.630411823278084],[-58.177155508594986,-15.630412287784207],[-58.177154113427065,-15.630412990374204],[-58.17715286035034,-15.630413910043654],[-58.177151783727133,-15.63041502039489],[-58.17715091509055,-15.630416289621959],[-58.177127320121294,-15.630521583159844],[-58.17712713815552,-15.63052287672412],[-58.177127185720956,-15.630524181711719],[-58.177127461667979,-15.630525460164689],[-58.177127956452111,-15.630526674170087],[-58.177128657751247,-15.630527789445534],[-58.177129543920827,-15.630528772662558],[-58.177130589621434,-15.63052959683986],[-58.177131764854991,-15.630530235925054],[-58.177133034078494,-15.630530672934588],[-58.177134361774748,-15.630530895404265],[-58.177135709654152,-15.630530895404354],[-58.177137037613186,-15.630530674053912],[-58.177138307439641,-15.630530236981384],[-58.177139482833368,-15.630529597940139],[-58.17714052844758,-15.630528774294049],[-58.17714141457342,-15.630527790608006],[-58.177142116191597,-15.630526675941294],[-58.177168368997528,-15.630419644391065]]]]}},
{"type":"Feature","properties":{"OBJECTID":49,"ID":0,"SHAPE_AREA":49.655616005,"SHAPE_LEN":66.332217662800005},"geometry":{"type":"MultiPolygon","coordinates":[[[[-58.176883353960989,-15.63162336883245],[-58.176883336595907,-15.631622125148569],[-58.176883102937786,-15.631620901606956],[-58.176882660644949,-15.631619732515015],[-58.176882022977487,-15.631618653054034],[-58.176881205962786,-15.631617692966975],[-58.176880234940398,-15.63161687923516],[-58.176879136156828,-15.631616234315503],[-58.176877941439677,-15.631615777923219],[-58.17687668537868,-15.631615523431408],[-58.176875401584354,-15.631615476083223],[-58.176874128315546,-15.631615638385156],[-58.17687290192427,-15.631616005622707],[-58.17687175593327,-15.631616567673028],[-58.176870723829126,-15.631617308086202],[-58.17686983534157,-15.631618205912861],[-58.176869114583099,-15.631619236618183],[-58.176804642395183,-15.631893371569756],[-58.176804834934117,-15.631894581773379],[-58.17680523706666,-15.631895742041769],[-58.176805837408551,-15.6318968189914],[-58.176806618989332,-15.631897781076546],[-58.176807557397019,-15.631898600406981],[-58.176808626374758,-15.631899252718055],[-58.176809795027651,-15.631899718289469],[-58.176811027838305,-15.631899984657062],[-58.176812290247923,-15.631900043871017],[-58.176813543997582,-15.631899893424817],[-58.176814752735204,-15.631899538032998],[-58.176815881072457,-15.631898987828365],[-58.176816897393415,-15.631898260154729],[-58.176817770097578,-15.631897375067584],[-58.176818474149997,-15.631896358914515],[-58.176883353960989,-15.63162336883245]]]]}},
{"type":"Feature","properties":{"OBJECTID":50,"ID":0,"SHAPE_AREA":162.37365869499999,"SHAPE_LEN":115.587738673},"geometry":{"type":"MultiPolygon","coordinates":[[[[-58.184003272362673,-15.621403715252606],[-58.183893101405616,-15.621879996562971],[-58.183893928801169,-15.621882278984375],[-58.18389513023083,-15.621884399397151],[-58.183896671794933,-15.621886301941917],[-58.183898512158002,-15.621887935318894],[-58.183900603502245,-15.621889256398491],[-58.183902888724191,-15.62189022933236],[-58.183905307046594,-15.621890828234985],[-58.18390779401841,-15.62189103718365],[-58.183910283385494,-15.621890851112212],[-58.183912707074953,-15.621890273099524],[-58.183915001760504,-15.621889320661333],[-58.183917105090181,-15.621888018539366],[-58.183918961298097,-15.621886401382877],[-58.183920521194132,-15.62188451194071],[-58.184029223294843,-15.62141039074433],[-58.184029260187216,-15.621408206707178],[-58.184028924117648,-15.621406046375329],[-58.184028224755927,-15.621403969354468],[-58.184027181088609,-15.621402033392187],[-58.184025821398279,-15.621400290762555],[-58.184024183273905,-15.62139879007375],[-58.184022311719467,-15.62139757175885],[-58.184020258236799,-15.621396670792439],[-58.184018078918633,-15.621396109469641],[-58.184015834495369,-15.621395905541027],[-58.184013586557391,-15.621396064097878],[-58.184011395705291,-15.621396580293801],[-58.184009323415268,-15.621397439334741],[-58.184007425525735,-15.621398619225786],[-58.184005755009437,-15.621400086236713],[-58.184004358273775,-15.621401800345318],[-58.184003272362673,-15.621403715252606]]]]}},
{"type":"Feature","properties":{"OBJECTID":51,"ID":0,"SHAPE_AREA":255.47697668500001,"SHAPE_LEN":169.77982787799999},"geometry":{"type":"MultiPolygon","coordinates":[[[[-58.183889856013067,-15.622014908555879],[-58.183889805414609,-15.622012432124878],[-58.183889324133538,-15.622009998692354],[-58.183888424710418,-15.622007680503186],[-58.18388713362998,-15.622005541591884],[-58.183885487636779,-15.622003645937658],[-58.183883535543657,-15.622002047511629],[-58.183881331707852,-15.622000791215983],[-58.183878940704957,-15.621999914666532],[-58.183876431696348,-15.621999441895767],[-58.183873875656857,-15.621999387887337],[-58.183871347209227,-15.621999753142696],[-58.183868919048408,-15.62200052732684],[-58.183866661003741,-15.622001688369441],[-58.183864637245968,-15.622003203383821],[-58.183862908142309,-15.622005026849079],[-58.183861520975967,-15.622007108795374],[-58.183860518293876,-15.622009386623732],[-58.183696460406452,-15.622717883699941],[-58.183696413614705,-15.622720131063877],[-58.183696750047289,-15.622722354667566],[-58.183697460034445,-15.622724494905349],[-58.183698523646491,-15.622726492226827],[-58.18369991351787,-15.622728291641263],[-58.183701590193991,-15.622729844550483],[-58.183703508660223,-15.622731108713593],[-58.183705614616279,-15.622732049171034],[-58.183707852881,-15.622732640007078],[-58.183710160868529,-15.622732865288892],[-58.183712475117446,-15.622732719031335],[-58.183714733150865,-15.622732204283045],[-58.18371687255943,-15.622731335843046],[-58.183718835654481,-15.622730138427919],[-58.183720567581851,-15.622728643066278],[-58.183722021011448,-15.622726891593061],[-58.183723157044014,-15.622724932125081],[-58.183723944268031,-15.622722817258287],[-58.183889856013067,-15.622014908555879]]]]}},
{"type":"Feature","properties":{"OBJECTID":52,"ID":0,"SHAPE_AREA":529.35647455000003,"SHAPE_LEN":358.40583137200002},"geometry":{"type":"MultiPolygon","coordinates":[[[[-58.18369443723806,-15.622849132796651],[-58.183694858238503,-15.622846915955515],[-58.183694883536035,-15.622844661476257],[-58.183694511644134,-15.622842435352091],[-58.183693754134353,-15.62284030350577],[-58.183692632817419,-15.622838328189252],[-58.183691180670841,-15.622836567074701],[-58.183689439957782,-15.622835070552979],[-58.183687461309958,-15.622833884450294],[-58.183685303675745,-15.622833040989402],[-58.183683028770574,-15.62283256695472],[-58.183680704761024,-15.622832475537262],[-58.183678397885998,-15.62283276909154],[-58.183676176187525,-15.622833439115523],[-58.183674104847206,-15.622834466275695],[-58.183672244320782,-15.622835820417155],[-58.183670649410502,-15.622837461472507],[-58.183669366482654,-15.622839342188595],[-58.183668432529579,-15.62284140722767],[-58.183667875185229,-15.622843595878971],[-58.183309538323549,-15.624381108696236],[-58.183309172711283,-15.624383388511664],[-58.183309201804676,-15.624385694220299],[-58.183309623385433,-15.62438796436845],[-58.18331042776304,-15.624390135734906],[-58.183311591271583,-15.624392147885528],[-58.183313081881742,-15.624393945854667],[-58.183314859200699,-15.624395480145221],[-58.183316874477455,-15.624396707632522],[-58.183319071561371,-15.624397596078595],[-58.183321389674518,-15.624398119597863],[-58.183323765308188,-15.624398264070168],[-58.183326132217807,-15.624398026237044],[-58.183328427008838,-15.624397411863692],[-58.183330584483556,-15.624396437571933],[-58.183332546040845,-15.624395131698787],[-58.183334257774334,-15.624393527979423],[-58.183335671446692,-15.624391672773143],[-58.183336750039324,-15.624389616898299],[-58.183337462155947,-15.624387415662449],[-58.18369443723806,-15.622849132796651]]]]}},
{"type":"Feature","properties":{"OBJECTID":53,"ID":0,"SHAPE_AREA":220.14856524499999,"SHAPE_LEN":157.542344372},"geometry":{"type":"MultiPolygon","coordinates":[[[[-58.183296489144702,-15.624558396240928],[-58.183296748908532,-15.624556201059459],[-58.183296625242164,-15.624553994386524],[-58.183296121301836,-15.624551838574609],[-58.183295252369298,-15.624549795910893],[-58.183294041157005,-15.624547923219051],[-58.183292523414856,-15.624546273636795],[-58.183290741390771,-15.624544894843435],[-58.183288746602862,-15.624543824525279],[-58.183286594263855,-15.624543094021405],[-58.183284346048104,-15.624542722885263],[-58.183282065453952,-15.624542723429201],[-58.183279816834627,-15.624543094402419],[-58.183277665424185,-15.624543825510255],[-58.183275669865317,-15.624544895646718],[-58.18327388875398,-15.6245462755709],[-58.183272370363916,-15.624547925250713],[-58.183271160129074,-15.624549797438055],[-58.183270291337202,-15.624551841334743],[-58.183117845232246,-15.625209393679039],[-58.183117863317108,-15.625211569284463],[-58.183118253386361,-15.625213712151908],[-58.183119005770259,-15.625215762675632],[-58.183120098689052,-15.625217664026955],[-58.183121502916705,-15.625219362129021],[-58.18312317808104,-15.625220811100194],[-58.183125078244622,-15.625221970512335],[-58.183127150987573,-15.625222808107383],[-58.183129338340279,-15.625223299792296],[-58.18313157960241,-15.625223433239636],[-58.18313381318756,-15.625223204261832],[-58.183135975706151,-15.625222619527936],[-58.18313800847892,-15.62522169381678],[-58.183139853832039,-15.625220454556455],[-58.183141461589848,-15.625218935461977],[-58.183142786287071,-15.625217178358138],[-58.183143791827248,-15.625215232250456],[-58.183296489144702,-15.624558396240928]]]]}},
{"type":"Feature","properties":{"OBJECTID":54,"ID":0,"SHAPE_AREA":224.983889465,"SHAPE_LEN":159.58634357099999},"geometry":{"type":"MultiPolygon","coordinates":[[[[-58.18310113778886,-15.625394353405413],[-58.183101214562789,-15.625392128477714],[-58.183100907148621,-15.625389922795208],[-58.183100223355865,-15.625387796877497],[-58.183099183124767,-15.625385812082738],[-58.183097814753879,-15.625384023396697],[-58.18309615771377,-15.625382482129245],[-58.183094257952312,-15.62538123051632],[-58.183092168837689,-15.625380303522606],[-58.183089950220591,-15.625379727942638],[-58.183087662822125,-15.625379519719443],[-58.183085371970023,-15.62537968482822],[-58.183083141064287,-15.625380218407669],[-58.183081034380585,-15.625381105648854],[-58.183079110541087,-15.625382321830291],[-58.18307742251455,-15.625383832318015],[-58.183076018559284,-15.625385594368296],[-58.18307493850272,-15.625387558955529],[-58.182917839532308,-15.626051593781602],[-58.18291735487535,-15.626053773000615],[-58.182917257589857,-15.626055999846624],[-58.182917551043666,-15.626058211028004],[-58.182918225535872,-15.626060341515808],[-58.182919262996897,-15.626062330845667],[-58.182920632319565,-15.626064122239104],[-58.182922294950373,-15.626065661669585],[-58.182924203081029,-15.626066907815025],[-58.182926300524201,-15.626067822110327],[-58.182928527439401,-15.626068379568617],[-58.18293082030187,-15.626068563358057],[-58.182933110990646,-15.626068368422375],[-58.182935335177888,-15.626067800531732],[-58.182937428598102,-15.626066876302847],[-58.182939329841012,-15.626065622279997],[-58.182940985015335,-15.626064074909888],[-58.182942345867751,-15.626062277840177],[-58.182943373524168,-15.626060283706945],[-58.182944037531101,-15.626058149620428],[-58.18310113778886,-15.625394353405413]]]]}},
{"type":"Feature","properties":{"OBJECTID":55,"ID":0,"SHAPE_AREA":228.729050285,"SHAPE_LEN":172.892911129},"geometry":{"type":"MultiPolygon","coordinates":[[[[-58.182899850831795,-15.626236650791384],[-58.182900478940098,-15.626234600057845],[-58.182900734444729,-15.626232474500531],[-58.182900611190092,-15.626230339233871],[-58.182900111394424,-15.626228255711549],[-58.182899251267067,-15.626226285311821],[-58.182898055396436,-15.626224486656108],[-58.182896559537866,-15.626222913786043],[-58.182894807794632,-15.626221612563176],[-58.18289285168526,-15.626220620673863],[-58.182890749215886,-15.626219968538328],[-58.182888562061365,-15.626219675710063],[-58.182886356487643,-15.626219749063164],[-58.18288419592092,-15.6262201882558],[-58.182882144642306,-15.626220979382898],[-58.182880264082847,-15.626222099515719],[-58.182878609082188,-15.626223514914159],[-58.182877227909245,-15.626225184642262],[-58.182876163184687,-15.626227058755497],[-58.18287544537246,-15.626229081951344],[-58.182875096510699,-15.626231193549302],[-58.182707013738046,-15.626955645813434],[-58.182707031062755,-15.626957689452599],[-58.182707397994498,-15.626959701378741],[-58.182708103961879,-15.626961627414486],[-58.182709129993654,-15.626963412523745],[-58.182710445967167,-15.626965008961822],[-58.182712018039183,-15.626966370811857],[-58.182713801230562,-15.626967462159991],[-58.182715745929642,-15.626968252540784],[-58.182717798835235,-15.626968718739883],[-58.182719902982676,-15.626968849313526],[-58.18272200051598,-15.626968640053958],[-58.182724033636291,-15.626968096696126],[-58.182725945529306,-15.626967234008696],[-58.182727683168821,-15.626966076682946],[-58.182729199161344,-15.626964655707097],[-58.182730450829006,-15.626963011083042],[-58.182731403919696,-15.626961188190702],[-58.18273203260717,-15.626959237788032],[-58.182899850831795,-15.626236650791384]]]]}},
{"type":"Feature","properties":{"OBJECTID":56,"ID":0,"SHAPE_AREA":35.945013385000003,"SHAPE_LEN":46.633787497599997},"geometry":{"type":"MultiPolygon","coordinates":[[[[-58.182653616045023,-15.6272504461881],[-58.182653839895956,-15.627249143356478],[-58.182653834183135,-15.627247822779928],[-58.182653598186498,-15.627246521522508],[-58.182653138658267,-15.627245278415803],[-58.182652468853981,-15.627244127736834],[-58.182651607625615,-15.627243103732432],[-58.182650580323205,-15.627242235190991],[-58.182649416939775,-15.627241547260269],[-58.182648150235465,-15.62724105964967],[-58.182646816670236,-15.627240786625203],[-58.18264545453323,-15.62724073611567],[-58.182644103010027,-15.627240909717761],[-58.182642801244732,-15.627241301797049],[-58.18264158647964,-15.627241900402076],[-58.182640494075976,-15.627242690879777],[-58.182639554669038,-15.627243647755671],[-58.182638796095894,-15.627244745570387],[-58.182638239617702,-15.62724595076479],[-58.182637900904389,-15.627247230713829],[-58.182595563489635,-15.627430128416467],[-58.182595447027367,-15.627431289659954],[-58.182595531125813,-15.627432453438283],[-58.182595814670698,-15.627433588120743],[-58.182596289075427,-15.627434660309058],[-58.182596942048313,-15.627435641144448],[-58.18259775384098,-15.627436502712252],[-58.182598702860247,-15.627437220723355],[-58.182599761942413,-15.627437775438159],[-58.182600902084253,-15.62743815164659],[-58.182602090577468,-15.627438338678004],[-58.182603294739721,-15.627438330381171],[-58.182604480064626,-15.627438127845968],[-58.182605614870035,-15.627437736666558],[-58.182606665639391,-15.627437167870408],[-58.182607604478562,-15.627436436974278],[-58.182608404457234,-15.627435564913114],[-58.182609043329627,-15.627434576212304],[-58.182609502591284,-15.627433497184814],[-58.182653616045023,-15.6272504461881]]]]}},
{"type":"Feature","properties":{"OBJECTID":57,"ID":0,"SHAPE_AREA":56.92603984,"SHAPE_LEN":75.740021795000004},"geometry":{"type":"MultiPolygon","coordinates":[[[[-58.182586813979377,-15.627531053333952],[-58.182587286087085,-15.627529937177114],[-58.182587551695164,-15.627528758859606],[-58.182587604476716,-15.627527553667877],[-58.182587440908229,-15.627526357777157],[-58.182587067726381,-15.627525207307427],[-58.182586495388477,-15.62752413655077],[-58.182585741803386,-15.627523177951284],[-58.182584827647126,-15.627522358514769],[-58.182583781990324,-15.627521705201762],[-58.182582634784595,-15.627521235928981],[-58.182581422495097,-15.627520965866323],[-58.182580179674893,-15.627520902058869],[-58.182578943649311,-15.62752104701717],[-58.182577752634948,-15.627521396015778],[-58.182576642019036,-15.627521938921017],[-58.182575643421501,-15.627522659292195],[-58.182574789369113,-15.627523536164178],[-58.182574103024891,-15.627524542294946],[-58.182573606608699,-15.627525648639782],[-58.182573314847382,-15.627526820770857],[-58.182500176047107,-15.627838599813103],[-58.182500046044282,-15.627839839769367],[-58.18250013712818,-15.627841083053845],[-58.182500445355167,-15.627842292627616],[-58.182500963060996,-15.627843433279635],[-58.18250167419189,-15.62784447074795],[-58.182502558061515,-15.627845376219026],[-58.182503588386957,-15.627846120909487],[-58.182504736133829,-15.627846684185926],[-58.182505964831655,-15.62784704997453],[-58.18250724082899,-15.627847205801976],[-58.182508525857287,-15.627847147354913],[-58.182509780761983,-15.627846878459971],[-58.182510970124639,-15.627846403827514],[-58.182512058599471,-15.627845740822249],[-58.182513013633709,-15.6278449058899],[-58.182513806462644,-15.62784392539875],[-58.182514415799112,-15.627842828388509],[-58.182586813979377,-15.627531053333952]]]]}},
{"type":"Feature","properties":{"OBJECTID":58,"ID":0,"SHAPE_AREA":113.72913415,"SHAPE_LEN":145.47842599099999},"geometry":{"type":"MultiPolygon","coordinates":[[[[-58.182460150092574,-15.628074698012961],[-58.182460318462795,-15.628073479543746],[-58.182460270368281,-15.628072250490119],[-58.182460006954422,-15.628071047906101],[-58.182459535885506,-15.628069907002734],[-58.182458871334234,-15.628068859340388],[-58.182458033069835,-15.628067936449236],[-58.182457044566569,-15.628067165319997],[-58.182455935807191,-15.628066569292686],[-58.182454737660542,-15.628066163567365],[-58.182453486586709,-15.628065962410089],[-58.182452218056014,-15.628065970149267],[-58.182450968445565,-15.628066186588869],[-58.182449775966909,-15.628066606099562],[-58.182448675059035,-15.628067215841112],[-58.182447696409241,-15.628067999377825],[-58.18244686972541,-15.628068932144172],[-58.182446219103355,-15.628069986893134],[-58.182445763032071,-15.628071134600058],[-58.182299245892423,-15.628691783312375],[-58.182299336939565,-15.628693020269759],[-58.182299643275606,-15.628694225334373],[-58.18230015536561,-15.628695362401331],[-58.182300859031628,-15.628696399006422],[-58.18230173358203,-15.62869730543219],[-58.182302753676986,-15.628698054697951],[-58.182303890281979,-15.628698626170316],[-58.182305109719465,-15.628699002856504],[-58.182306378348216,-15.628699174090881],[-58.182307657889183,-15.628699133752358],[-58.182308911985857,-15.628698885652428],[-58.18231010428692,-15.628698434506509],[-58.182311201291171,-15.628697794053648],[-58.182312170456065,-15.628696982547366],[-58.182312983006391,-15.628696024548139],[-58.182313617639323,-15.628694946384066],[-58.182314054015826,-15.628693779801424],[-58.182314280207272,-15.628692559212942],[-58.182460150092574,-15.628074698012961]]]]}},
{"type":"Feature","properties":{"OBJECTID":59,"ID":0,"SHAPE_AREA":103.92137085500001,"SHAPE_LEN":142.10129182599999},"geometry":{"type":"MultiPolygon","coordinates":[[[[-58.18224956421178,-15.62897028061802],[-58.182249438176513,-15.62896912339291],[-58.182249109008936,-15.628968003418473],[-58.182248586238813,-15.628966955895709],[-58.182247885888863,-15.62896600966331],[-58.182247028650742,-15.628965194438695],[-58.182246039843577,-15.628964533587011],[-58.182244948496731,-15.628964046837815],[-58.182243787344639,-15.62896374938115],[-58.182242590940604,-15.628963648262083],[-58.182241394755081,-15.628963747809072],[-58.18224023328429,-15.628964045124532],[-58.182239140982979,-15.628964530079861],[-58.182238151357588,-15.628965189839858],[-58.182237293209312,-15.628966004363422],[-58.182236592520361,-15.628966950008971],[-58.182236068712541,-15.628967997746896],[-58.18209277703145,-15.629573207428058],[-58.182092485897314,-15.629574327128706],[-58.182092389895416,-15.629575478318761],[-58.182092492575286,-15.629576629342411],[-58.182092790951998,-15.629577747675082],[-58.182093276454474,-15.629578802630125],[-58.18209393492026,-15.629579764454924],[-58.182094750347368,-15.629580607926322],[-58.182095697411441,-15.62958130877524],[-58.182096751746784,-15.629581847247028],[-58.182097884355038,-15.629582209035371],[-58.182099062527627,-15.629582383469636],[-58.182100254524961,-15.629582366201241],[-58.182101426773094,-15.62958215831498],[-58.182102546651535,-15.62958176450611],[-58.182103584374403,-15.629581195781983],[-58.182104511119661,-15.62958046856817],[-58.182105299018751,-15.629579602900773],[-58.182105929546246,-15.629578621477231],[-58.18210638234752,-15.629577553332215],[-58.182106646395425,-15.629576427450132],[-58.182106713466311,-15.629575273704226],[-58.18224956421178,-15.62897028061802]]]]}},
{"type":"Feature","properties":{"OBJECTID":60,"ID":0,"SHAPE_AREA":117.16126687000001,"SHAPE_LEN":148.15364944699999},"geometry":{"type":"MultiPolygon","coordinates":[[[[-58.182051276921165,-15.629813748979384],[-58.182051545959439,-15.629812517313423],[-58.182051591903324,-15.629811257924274],[-58.182051412182723,-15.629810010597662],[-58.182051013534341,-15.62980881145357],[-58.182050407363825,-15.629807697490682],[-58.182049610647461,-15.629806701158206],[-58.182048649678663,-15.629805853047309],[-58.182047551652538,-15.629805178320861],[-58.182046350272699,-15.629804698491068],[-58.182045081056408,-15.629804426021259],[-58.182043782298507,-15.629804369744226],[-58.182042493190245,-15.629804532160554],[-58.182041251943438,-15.629804907640969],[-58.182040096738831,-15.629805485132906],[-58.18203906105191,-15.629806246377907],[-58.182038177409801,-15.629807170410905],[-58.182037470830991,-15.629808228172124],[-58.182036963520112,-15.629809387905226],[-58.182036671136963,-15.629810615177403],[-58.181890648374186,-15.630440899371242],[-58.181890444762267,-15.630442154186197],[-58.181890468831405,-15.63044342314117],[-58.181890719436304,-15.630444669182131],[-58.181891188897104,-15.630445854386407],[-58.181891863015068,-15.630446942674233],[-58.181892721082868,-15.630447901616476],[-58.181893738682881,-15.630448702419688],[-58.181894883018224,-15.630449319047226],[-58.181896121349013,-15.63044973540512],[-58.181897414411303,-15.630449936338474],[-58.181898724868823,-15.630449917528864],[-58.181900011680227,-15.630449679197351],[-58.181901235711152,-15.630449228786002],[-58.181902361589394,-15.630448579140014],[-58.181903353984197,-15.630447750335694],[-58.181904183192501,-15.63044676784236],[-58.181904824190575,-15.630445659815946],[-58.181905257597876,-15.630444462517083],[-58.182051276921165,-15.629813748979384]]]]}},
{"type":"Feature","properties":{"OBJECTID":61,"ID":0,"SHAPE_AREA":127.58673105,"SHAPE_LEN":106.926111721},"geometry":{"type":"MultiPolygon","coordinates":[[[[-58.182999787112792,-15.617871771077507],[-58.183000094346497,-15.617869721168752],[-58.183000048889717,-15.617867650562498],[-58.18299965199148,-15.61786561439035],[-58.182998914243349,-15.617863670445294],[-58.182997856465491,-15.617861871041754],[-58.18299650691894,-15.617860264838463],[-58.182994903160612,-15.617858895020627],[-58.182993088322895,-15.617857801127728],[-58.182991112004849,-15.617857011817604],[-58.182989029360229,-15.617856548486881],[-58.182986895496157,-15.617856424397221],[-58.182984770120996,-15.617856641938717],[-58.18298271010876,-15.617857197189281],[-58.182980773188348,-15.617858072663696],[-58.182979011461349,-15.617859245483562],[-58.182977473246709,-15.617860683751845],[-58.182976200287825,-15.617862347471704],[-58.182975228705942,-15.617864192157104],[-58.182974582460908,-15.617866167060175],[-58.182869989055803,-15.618303913349759],[-58.182869990097984,-15.618305558455067],[-58.182870269893833,-15.618307180364901],[-58.182870821665574,-15.618308735728224],[-58.182871628380852,-15.618310182153179],[-58.182872670229955,-15.618311480878452],[-58.18287391809173,-15.618312595904651],[-58.182875337285061,-15.618313497589664],[-58.182876890356667,-15.618314160825864],[-58.182878534298517,-15.618314567766822],[-58.18288022613887,-15.6183147068932],[-58.18288191736162,-15.618314575754685],[-58.18288356414012,-15.618314176395179],[-58.182885119911809,-15.618313521720243],[-58.182886544658608,-15.618312627311871],[-58.182887797481591,-15.618311517795892],[-58.182888845917638,-15.618310224983951],[-58.182889661239628,-15.618308781571468],[-58.182999787112792,-15.617871771077507]]]]}},
{"type":"Feature","properties":{"OBJECTID":62,"ID":0,"SHAPE_AREA":36.423322225,"SHAPE_LEN":39.456241361499998},"geometry":{"type":"MultiPolygon","coordinates":[[[[-58.182829174339048,-15.618573634029365],[-58.182858247585735,-15.618425497873517],[-58.182858554191029,-15.618423988504748],[-58.182858595737521,-15.618422450734961],[-58.182858368743254,-15.618420927970464],[-58.182857880923933,-15.618419464461132],[-58.182857145575902,-15.618418101715058],[-58.182856183436407,-15.618416877584631],[-58.182855022693943,-15.618415828074259],[-58.182853697096917,-15.618414982831085],[-58.182852243160731,-15.618414366063879],[-58.182850702028048,-15.618413995629144],[-58.182849119458325,-15.618413881223313],[-58.182847539314523,-15.618414027129653],[-58.182846006340498,-15.618414428587583],[-58.18284456617647,-15.618415074504346],[-58.182843257887072,-15.618415945687444],[-58.182842119578332,-15.618417018430028],[-58.182841184646115,-15.618418260915435],[-58.182840478076365,-15.618419638660592],[-58.182840022025836,-15.618421111774234],[-58.18281095048242,-15.618569547112603],[-58.182811021191924,-15.618571142127704],[-58.182811375241208,-15.618572700364085],[-58.182812002111298,-15.61857417668303],[-58.182812881023501,-15.618575526001129],[-58.182813987499351,-15.618576708678338],[-58.182815287748959,-15.618577687836483],[-58.182816743370736,-15.618578435661304],[-58.182818309460046,-15.618578928893134],[-58.182819940226295,-15.618579152412222],[-58.182821587137767,-15.618579101056564],[-58.182823198890517,-15.618578774198641],[-58.182824728911584,-15.618578182936204],[-58.182826130669461,-15.618577345598109],[-58.182827362327274,-15.618576285911285],[-58.182828386763511,-15.618575036616383],[-58.182829174339048,-15.618573634029365]]]]}},
{"type":"Feature","properties":{"OBJECTID":63,"ID":0,"SHAPE_AREA":36.42382647,"SHAPE_LEN":39.456228874499999},"geometry":{"type":"MultiPolygon","coordinates":[[[[-58.182761801417918,-15.618870117833097],[-58.182792974761782,-15.618722383456602],[-58.182793303778681,-15.6187208784867],[-58.182793366782931,-15.618719341505242],[-58.182793161225312,-15.618717815913492],[-58.182792693888793,-15.618716345966391],[-58.182791978069744,-15.618714973172006],[-58.182791033577892,-15.61871373629161],[-58.182789888601789,-15.618712671329664],[-58.182788574096953,-15.61871180885224],[-58.182787129376948,-15.618711173053036],[-58.182785593719053,-15.618710781798624],[-58.182784012893201,-15.618710646593211],[-58.182782430757229,-15.618710770816195],[-58.182780893003297,-15.618711152413589],[-58.182779443395916,-15.618711778494967],[-58.182778122880755,-15.618712632569421],[-58.182776969558731,-15.618713690026222],[-58.1827760168309,-15.618714919952591],[-58.182775290616007,-15.61871628786046],[-58.182774813076016,-15.618717754762404],[-58.18274363677196,-15.618865788346378],[-58.182743686034172,-15.618867384380929],[-58.182744017724623,-15.618868947257363],[-58.182744623189755,-15.618870431826901],[-58.182745483516229,-15.618871792996096],[-58.182746572354986,-15.618872990231065],[-58.182747858714194,-15.618873986638542],[-58.182749303254333,-15.618874753505409],[-58.182750862936153,-15.618875267561958],[-58.182752490098345,-15.618875512794578],[-58.182754137136655,-15.618875483132353],[-58.182755753679793,-15.618875177942737],[-58.182757292216827,-15.618874607424647],[-58.18275870527826,-15.618873789007997],[-58.182759951954722,-15.618872745510883],[-58.182760994191895,-15.618871509678913],[-58.182761801417918,-15.618870117833097]]]]}},
{"type":"Feature","properties":{"OBJECTID":64,"ID":0,"SHAPE_AREA":111.915578715,"SHAPE_LEN":113.643247168},"geometry":{"type":"MultiPolygon","coordinates":[[[[-58.182737437380695,-15.618968483892743],[-58.182737698393197,-15.618966831048475],[-58.182737660830988,-15.618965160830523],[-58.182737324968848,-15.618963521144483],[-58.182736702289624,-15.618961962547296],[-58.18273581078428,-15.618960531945206],[-58.18273467775019,-15.618959272578708],[-58.182733336044585,-15.618958221330999],[-58.182731827831049,-15.618957411419505],[-58.182730198014248,-15.618956866103915],[-58.182728495193388,-15.618956602296674],[-58.182726770713913,-15.618956627856361],[-58.182725076802178,-15.618956941597745],[-58.182723464710307,-15.618957535109558],[-58.18272198189743,-15.618958389154125],[-58.182720674858821,-15.61895947907548],[-58.18271958164879,-15.618960772128011],[-58.182718735616618,-15.618962228360143],[-58.182718161696499,-15.618963804250022],[-58.182605641040119,-15.619439619612239],[-58.182606076919313,-15.61944113402053],[-58.18260677435029,-15.619442553013659],[-58.182607712574992,-15.619443835123729],[-58.182608864321992,-15.619444941629606],[-58.182610195827195,-15.61944584017253],[-58.182611666823391,-15.619446502948225],[-58.182613233364478,-15.619446911211394],[-58.182614848742475,-15.619447052558911],[-58.182616465363338,-15.619446922727587],[-58.182618034746987,-15.619446525594201],[-58.182619510325424,-15.619445873160366],[-58.182620848370235,-15.619444984643692],[-58.182622008925314,-15.619443886472697],[-58.182622957661927,-15.619442610469033],[-58.182623665894234,-15.619441196559137],[-58.182737437380695,-15.618968483892743]]]]}},
{"type":"Feature","properties":{"OBJECTID":65,"ID":0,"SHAPE_AREA":75.270906534999995,"SHAPE_LEN":85.132425657100001},"geometry":{"type":"MultiPolygon","coordinates":[[[[-58.182600947781005,-15.61953952029698],[-58.182600916344931,-15.619538104947816],[-58.182600645327227,-15.619536712582901],[-58.182600143350378,-15.619535382927694],[-58.182599423674503,-15.619534151163158],[-58.18259850514039,-15.619533049728439],[-58.182597413102215,-15.619532108315912],[-58.182596176629502,-15.619531353886231],[-58.182594829408593,-15.619530805239959],[-58.18259340697054,-15.619530477552154],[-58.182591949478798,-15.619530380549456],[-58.18259049518479,-15.619530515833635],[-58.182589082308802,-15.619530879583214],[-58.182587750910649,-15.61953146344726],[-58.182586536334739,-15.619532250061136],[-58.182585470173919,-15.619533218464829],[-58.182584583067587,-15.619534344087837],[-58.182583897214123,-15.619535594269902],[-58.182500768957098,-15.619886745304052],[-58.182500601269325,-15.61988808218187],[-58.182500664945458,-15.619889426852655],[-58.182500957912737,-15.61989074317124],[-58.182501472491751,-15.61989199321491],[-58.182502194505247,-15.619893144519384],[-58.182503103236613,-15.619894162847753],[-58.182504174274698,-15.619895020310357],[-58.182505376710466,-15.619895694476032],[-58.182506678717751,-15.619896165630207],[-58.182508042910378,-15.619896420415639],[-58.182509431943657,-15.619896452706147],[-58.182510806633381,-15.619896260904946],[-58.182512129697081,-15.619895849732362],[-58.182513364831649,-15.619895232038658],[-58.182514475754679,-15.619894424289559],[-58.182515433681772,-15.619893449237791],[-58.182516210781969,-15.619892333246568],[-58.182516786711886,-15.61989110715829],[-58.182600947781005,-15.61953952029698]]]]}},
{"type":"Feature","properties":{"OBJECTID":66,"ID":0,"SHAPE_AREA":42.869724175000002,"SHAPE_LEN":71.678015075999994},"geometry":{"type":"MultiPolygon","coordinates":[[[[-58.182470782140101,-15.620126604890393],[-58.182470983157671,-15.620125549852085],[-58.182470994731212,-15.620124477755962],[-58.182470817036993,-15.620123419333941],[-58.182470454914814,-15.620122405292769],[-58.18246991973345,-15.620121466304063],[-58.182469226576998,-15.620120630307698],[-58.182468396105037,-15.620119921597892],[-58.182467452682104,-15.620119359929378],[-58.182466424398406,-15.620118964132908],[-58.182465341152501,-15.620118743086518],[-58.182464234708426,-15.620118705658202],[-58.182463138643733,-15.620118851667115],[-58.182462083717205,-15.620119177331961],[-58.182461102521849,-15.620119673438122],[-58.18246022295088,-15.620120324468967],[-58.182459471011356,-15.620121111302373],[-58.182458868958726,-15.620122011220788],[-58.182458435296901,-15.620122997911242],[-58.182458181052532,-15.620124042389328],[-58.182387579214812,-15.620421696880957],[-58.18238736369765,-15.620422500711133],[-58.182387292890859,-15.620423328167448],[-58.18238736665969,-15.620424155749022],[-58.182387583926257,-15.620424958152281],[-58.182387938969931,-15.62042571371426],[-58.182388420473714,-15.620426400802137],[-58.182389015260441,-15.620426998696997],[-58.182389706437604,-15.620427489411718],[-58.182390472480272,-15.620427860407496],[-58.182391292801334,-15.620428100044403],[-58.182392143114029,-15.620428202125927],[-58.182392999141889,-15.620428162263247],[-58.182393835717235,-15.620427983303639],[-58.182394628615455,-15.62042766989712],[-58.182395355498116,-15.620427230299134],[-58.182395994985377,-15.62042667727955],[-58.182396528521487,-15.620426028112529],[-58.182396941281546,-15.620425300052148],[-58.182397220331978,-15.620424514861835],[-58.182470782140101,-15.620126604890393]]]]}},
{"type":"Feature","properties":{"OBJECTID":67,"ID":0,"SHAPE_AREA":38.22974367,"SHAPE_LEN":70.173025711799994},"geometry":{"type":"MultiPolygon","coordinates":[[[[-58.182383710913015,-15.620479072425555],[-58.182383798373884,-15.620478221377972],[-58.182383735652451,-15.620477368427498],[-58.1823835238214,-15.620476537973842],[-58.182383169554861,-15.620475755290467],[-58.182382683237073,-15.620475042015213],[-58.182382078045237,-15.620474418866971],[-58.182381372742462,-15.620473904726742],[-58.182380587931362,-15.620473513946068],[-58.182379745131698,-15.620473258159862],[-58.182378870506092,-15.620473145362364],[-58.182377989253332,-15.620473178129597],[-58.182377125623937,-15.620473356330949],[-58.182376305697574,-15.620473673498608],[-58.182375554610843,-15.620474121362061],[-58.182374891872939,-15.620474686257609],[-58.182374337910275,-15.620475351804931],[-58.182373909407971,-15.620476099836003],[-58.182373618356536,-15.620476906784699],[-58.182301912923535,-15.620772942877776],[-58.182312145505861,-15.620775613954851],[-58.182383710913015,-15.620479072425555]]]]}},
{"type":"Feature","properties":{"OBJECTID":68,"ID":0,"SHAPE_AREA":84.67324092,"SHAPE_LEN":159.89979780600001},"geometry":{"type":"MultiPolygon","coordinates":[[[[-58.182266704266453,-15.620962531750559],[-58.182266936889555,-15.620961782966688],[-58.182267037839175,-15.620961006870793],[-58.182267005374271,-15.620960225166003],[-58.182266840551975,-15.620959459540432],[-58.18226654628964,-15.620958730768224],[-58.182266132033639,-15.620958059588339],[-58.182265609080183,-15.620957464018124],[-58.182264991513328,-15.62095696025203],[-58.182264296204856,-15.620956562661716],[-58.182263542803966,-15.620956281988263],[-58.182262751877055,-15.620956126256049],[-58.182261945829993,-15.620956098960086],[-58.182261145192882,-15.620956201797597],[-58.182260374195579,-15.620956431022469],[-58.182259652393974,-15.620956781105951],[-58.182259000250802,-15.620957241994873],[-58.182258435420252,-15.620957801843382],[-58.182257974592716,-15.620958443387332],[-58.182257629800191,-15.620959150291643],[-58.18225740932828,-15.620959903529604],[-58.18208899461262,-15.621647484223942],[-58.182088779222916,-15.621648310650883],[-58.182088710409857,-15.621649160694053],[-58.182088790826519,-15.621650009029752],[-58.182089018472695,-15.621650832167189],[-58.182089385751915,-15.621651606645671],[-58.18208988227471,-15.621652309923459],[-58.182090494868994,-15.621652922185527],[-58.182091205704296,-15.621653424545853],[-58.182091993255554,-15.62165380446562],[-58.182092835064957,-15.621654049411077],[-58.1820937077783,-15.62165415318062],[-58.182094587124141,-15.621654112289304],[-58.182095446064046,-15.621653928690561],[-58.182096260373243,-15.621653607034364],[-58.182097006790819,-15.621653157388936],[-58.182097664859121,-15.621652590711328],[-58.182098214162032,-15.62165192518961],[-58.182098639884913,-15.621651179885614],[-58.182098930016423,-15.621650374749965],[-58.182099075369308,-15.621649534237619],[-58.182266704266453,-15.620962531750559]]]]}},
{"type":"Feature","properties":{"OBJECTID":69,"ID":0,"SHAPE_AREA":56.1757846,"SHAPE_LEN":116.68852990400001},"geometry":{"type":"MultiPolygon","coordinates":[[[[-58.182060708793109,-15.62180669976896],[-58.182060923898156,-15.621805986331957],[-58.18206101199798,-15.621805246461591],[-58.182060969496433,-15.621804503678858],[-58.182060797445445,-15.621803778767923],[-58.182060501555362,-15.621803091584008],[-58.182060090345011,-15.621802463774987],[-58.182059574172783,-15.621801912459356],[-58.182058969915701,-15.621801452912626],[-58.182058294445653,-15.621801099506472],[-58.18205756647918,-15.621800862986992],[-58.182056807499904,-15.621800748661958],[-58.182056039913832,-15.621800760026352],[-58.182055285178649,-15.62180089786853],[-58.182054565648521,-15.621801156644683],[-58.182053901812154,-15.621801530821042],[-58.182053312251384,-15.621802007642865],[-58.182052814615318,-15.621802574360432],[-58.182052423734135,-15.621803214623531],[-58.182052150696848,-15.621803910294339],[-58.182052001913256,-15.621804640548469],[-58.181933138300522,-15.622303808794424],[-58.181932918779758,-15.622304565642654],[-58.181932838384725,-15.622305347955113],[-58.181932897908219,-15.622306131322034],[-58.181933097220693,-15.622306893146446],[-58.181933429658351,-15.622307609962654],[-58.181933884836909,-15.622308260132773],[-58.181934449584233,-15.622308823841786],[-58.181935106085376,-15.622309284915296],[-58.181935835597805,-15.622309628087764],[-58.181936615684371,-15.622309844440938],[-58.181937422047731,-15.622309925970495],[-58.181938230426717,-15.622309870999224],[-58.181939017513699,-15.62230968146044],[-58.181939759083818,-15.622309362004119],[-58.181940431881252,-15.62230892360235],[-58.181941016391391,-15.622308379014891],[-58.181941494053113,-15.622307744612037],[-58.181941851911951,-15.622307038541651],[-58.182060708793109,-15.62180669976896]]]]}},
{"type":"Feature","properties":{"OBJECTID":70,"ID":0,"SHAPE_AREA":82.23095031,"SHAPE_LEN":153.656230459},"geometry":{"type":"MultiPolygon","coordinates":[[[[-58.181901952476807,-15.622470198881388],[-58.181901874765238,-15.622469334260744],[-58.18190164703055,-15.622468495757239],[-58.181901275931338,-15.62246770593271],[-58.18190077186749,-15.622466989136619],[-58.181900149876554,-15.622466365173981],[-58.181899427783861,-15.622465852026949],[-58.181898627130145,-15.622465464945977],[-58.181897769435338,-15.622465215565986],[-58.181896880851959,-15.622465110073511],[-58.181895986584202,-15.622465151948489],[-58.181895112743085,-15.622465340146443],[-58.181894284481025,-15.622465669108479],[-58.181893525996962,-15.622466129665241],[-58.181892857733033,-15.622466708148087],[-58.18189230197612,-15.622467387262784],[-58.181891871675489,-15.622468147957552],[-58.181734951373478,-15.623129263432713],[-58.181734602202567,-15.623130020978769],[-58.181734389473746,-15.623130823889561],[-58.181734319591733,-15.6231316504368],[-58.181734395214804,-15.623132476200709],[-58.181734613410065,-15.623133277695493],[-58.181734969384358,-15.623134032349293],[-58.181735450882705,-15.623134717630387],[-58.181736044738152,-15.623135314627621],[-58.181736734990757,-15.623135805348763],[-58.181737500104916,-15.623136175447252],[-58.181738318576159,-15.623136415999781],[-58.181739167967258,-15.623136518088067],[-58.181740023084281,-15.623136480039944],[-58.181740858748839,-15.623136302894846],[-58.181741651668702,-15.62313599129773],[-58.181742378572402,-15.623135553509027],[-58.181743019022875,-15.623135004101268],[-58.181743554443351,-15.623134356733075],[-58.181743969091528,-15.623133631375156],[-58.181744250961124,-15.623132848882005],[-58.181901952476807,-15.622470198881388]]]]}},
{"type":"Feature","properties":{"OBJECTID":71,"ID":0,"SHAPE_AREA":21.70242869,"SHAPE_LEN":41.596284658400002},"geometry":{"type":"MultiPolygon","coordinates":[[[[-58.181703180001783,-15.623308425240749],[-58.181703117224444,-15.623307562347504],[-58.181702907200787,-15.623306721940693],[-58.181702555656734,-15.623305926587207],[-58.181702072054236,-15.623305199737674],[-58.181701470493017,-15.623304560298243],[-58.181700767870936,-15.62330402715998],[-58.181699982925409,-15.623303614684534],[-58.181699138114396,-15.623303335405701],[-58.181698256797503,-15.623303196428985],[-58.18169736417903,-15.623303201234311],[-58.181696484509843,-15.623303349691152],[-58.181695642957997,-15.62330363895229],[-58.181694862784639,-15.623304058949509],[-58.181694166318174,-15.623304599619644],[-58.181693572125042,-15.62330524549632],[-58.181693096890669,-15.623305978411583],[-58.181653274559302,-15.623475325545376],[-58.18165318131733,-15.623476144987094],[-58.181653231741144,-15.623476968174966],[-58.181653424758132,-15.62347777070924],[-58.181653754647563,-15.623478530926997],[-58.18165421288019,-15.623479225372545],[-58.18165478442878,-15.623479836048611],[-58.181655455188427,-15.6234803431452],[-58.181656203633885,-15.623480734123477],[-58.181657010110541,-15.623480997338467],[-58.181657850315688,-15.623481123881923],[-58.181658700920806,-15.623481112071618],[-58.181659537669809,-15.623480961134213],[-58.181660335399826,-15.623480674820799],[-58.181661071782393,-15.623480263194576],[-58.181661726354541,-15.62347973630863],[-58.181662279617093,-15.623479109634404],[-58.181662715822497,-15.623478402238689],[-58.181703180001783,-15.623308425240749]]]]}},
{"type":"Feature","properties":{"OBJECTID":72,"ID":0,"SHAPE_AREA":31.407513635000001,"SHAPE_LEN":59.263278721200003},"geometry":{"type":"MultiPolygon","coordinates":[[[[-58.181642762911963,-15.623565234106859],[-58.18164288646247,-15.623564332246454],[-58.181642848609769,-15.623563424023656],[-58.181642650436864,-15.623562535645952],[-58.181642298623089,-15.623561693290686],[-58.181641802635625,-15.623560921312388],[-58.181641177537983,-15.623560244035424],[-58.181640442088337,-15.623559679437015],[-58.181639617843025,-15.623559245479202],[-58.181638729125488,-15.62355895468577],[-58.181637802103886,-15.623558815954919],[-58.181636864780756,-15.62355883275152],[-58.18163594327762,-15.623559005838882],[-58.181635066467557,-15.623559327830302],[-58.181634259492746,-15.623559791359195],[-58.181633546526363,-15.623560382736793],[-58.181632947979601,-15.62356108287122],[-58.181632482392992,-15.623561871776678],[-58.181632163627917,-15.623562726780897],[-58.181574035329533,-15.623809600220227],[-58.181574051003956,-15.623810382015428],[-58.181574201846217,-15.623811149524421],[-58.181574484938963,-15.623811881973026],[-58.181574890830603,-15.623812557718384],[-58.181575409152295,-15.623813157834253],[-58.181576023944046,-15.623813664328381],[-58.181576718333851,-15.623814062829096],[-58.181577471734343,-15.62381434169642],[-58.181578263584051,-15.623814493809792],[-58.181579070538881,-15.623814514775319],[-58.181579869270251,-15.623814402910797],[-58.181580637418584,-15.623814162856087],[-58.181581351696792,-15.623813800160004],[-58.181581993512474,-15.623813325769524],[-58.181582543350878,-15.623812752444389],[-58.181582985459237,-15.623812098347527],[-58.181583307815743,-15.623811381621806],[-58.181642762911963,-15.623565234106859]]]]}},
{"type":"Feature","properties":{"OBJECTID":73,"ID":0,"SHAPE_AREA":98.34779102,"SHAPE_LEN":139.187647379},"geometry":{"type":"MultiPolygon","coordinates":[[[[-58.181492391179411,-15.624194150472199],[-58.181492591603501,-15.624192990584559],[-58.181492583002864,-15.624191815551727],[-58.181492365569191,-15.624190658817232],[-58.18149194510093,-15.624189555602205],[-58.181491335780713,-15.624188539274913],[-58.181490553641119,-15.62418764048186],[-58.181489624016081,-15.624186885299979],[-58.181488574089443,-15.62418629708454],[-58.181487434739772,-15.624185892843565],[-58.181486240550555,-15.624185685045591],[-58.181485027001806,-15.624185679826999],[-58.181483831407888,-15.624185877890836],[-58.181482689171091,-15.624186271815271],[-58.181481632879937,-15.624186851481941],[-58.181480696009096,-15.624187598632494],[-58.181479906410949,-15.62418849051936],[-58.181479287258639,-15.624189501708406],[-58.181478857025496,-15.624190600463439],[-58.18133964909822,-15.624785410999303],[-58.181339672756927,-15.624786446749411],[-58.181339871670929,-15.624787464382022],[-58.181340241021125,-15.624788436805856],[-58.181340769459332,-15.624789336964785],[-58.181341443787431,-15.624790140524343],[-58.181342245226432,-15.624790825891855],[-58.181343152219881,-15.624791375105177],[-58.181344139490733,-15.624791772030063],[-58.181345179927611,-15.624792005965514],[-58.181346247382876,-15.624792071628832],[-58.181347310128118,-15.624791966479068],[-58.181348342057163,-15.624791692464559],[-58.181349312441633,-15.624791258789736],[-58.181350196165127,-15.624790677340615],[-58.181350969986994,-15.624789961800859],[-58.181351611640835,-15.624789133080174],[-58.181352103534252,-15.624788213870945],[-58.181492391179411,-15.624194150472199]]]]}},
{"type":"Feature","properties":{"OBJECTID":74,"ID":0,"SHAPE_AREA":108.424759295,"SHAPE_LEN":137.51750603400001},"geometry":{"type":"MultiPolygon","coordinates":[[[[-58.181297132974265,-15.6250332940806],[-58.181296941061234,-15.625032033259314],[-58.181296527447721,-15.625030824250045],[-58.181295903528536,-15.625029702243813],[-58.181295089087946,-15.625028701482636],[-58.181294108553168,-15.625027852567854],[-58.181292990989178,-15.625027181556346],[-58.181291770083135,-15.625026707248853],[-58.18129048323248,-15.625026444810519],[-58.181289168725911,-15.62502640217042],[-58.181287866681295,-15.625026580920474],[-58.181286616237216,-15.62502697452266],[-58.181285454646016,-15.625027572833517],[-58.181284418170357,-15.62502835577194],[-58.181283536533343,-15.625029301484172],[-58.181143763324165,-15.625616950599937],[-58.181144067818089,-15.625618324707746],[-58.181144609760942,-15.625619627936846],[-58.1811453721511,-15.62562082331857],[-58.1811463333284,-15.625621874813167],[-58.181147466072602,-15.625622752738211],[-58.181148735722196,-15.62562343106694],[-58.181150105786543,-15.625623890109784],[-58.181151537007807,-15.625624115615462],[-58.181152987381772,-15.625624102386629],[-58.181154413997383,-15.625623849750285],[-58.181155774922942,-15.625623365163348],[-58.181157031066384,-15.625622663298714],[-58.181158146164975,-15.625621764237499],[-58.181159085857658,-15.625620694377925],[-58.181297132974265,-15.6250332940806]]]]}},
{"type":"Feature","properties":{"OBJECTID":75,"ID":0,"SHAPE_AREA":44.515033005,"SHAPE_LEN":58.648943140599997},"geometry":{"type":"MultiPolygon","coordinates":[[[[-58.181100647401898,-15.625865701014211],[-58.181100644067648,-15.625864468103005],[-58.181100429095217,-15.625863252601055],[-58.181100007345137,-15.62586208883066],[-58.181099391134666,-15.625861010170105],[-58.18109859742399,-15.625860046357044],[-58.181097649686947,-15.62585922438236],[-58.181096573236943,-15.6258585667075],[-58.181095398963087,-15.625858092148283],[-58.181094158661324,-15.625857814996126],[-58.181092888744672,-15.625857741382385],[-58.181091623745125,-15.625857874736891],[-58.181090400013545,-15.625858210344477],[-58.181089250143948,-15.625858738990681],[-58.181088207631987,-15.625859446032717],[-58.181087302216497,-15.625860312328514],[-58.181086558003628,-15.625861312438964],[-58.181085997223668,-15.625862419127211],[-58.181085633686408,-15.625863600682191],[-58.181030223349602,-15.626098438325238],[-58.181029831482526,-15.626099559470845],[-58.181029636702952,-15.626100728366829],[-58.181029644420903,-15.626101912443485],[-58.181029855382619,-15.626103079156094],[-58.181030262867303,-15.62610419509627],[-58.181030856443918,-15.626105230491243],[-58.181031618219485,-15.626106155608342],[-58.181032528466666,-15.626106946148239],[-58.181033560934104,-15.626107578750604],[-58.181034688479137,-15.626108037291205],[-58.181035877440323,-15.626108307488618],[-58.181037096995823,-15.626108382277508],[-58.181038312629134,-15.626108260939652],[-58.181039490772051,-15.626107945463547],[-58.181040597897727,-15.626107445068669],[-58.18104160423627,-15.626106773473801],[-58.18104248190906,-15.626105948907144],[-58.181043205866871,-15.626104995005059],[-58.181043756672388,-15.626103938085446],[-58.181100647401898,-15.625865701014211]]]]}},
{"type":"Feature","properties":{"OBJECTID":76,"ID":0,"SHAPE_AREA":70.132006814999997,"SHAPE_LEN":87.034484296900004},"geometry":{"type":"MultiPolygon","coordinates":[[[[-58.181023742850144,-15.626189332122081],[-58.181023785780226,-15.626188033880627],[-58.181023604909917,-15.626186746786459],[-58.181023206037686,-15.626185506060766],[-58.181022599630829,-15.626184347803489],[-58.181021802654762,-15.626183302656173],[-58.181020837666139,-15.626182400326373],[-58.181019730931858,-15.626181666886023],[-58.181018514273823,-15.626181121145942],[-58.181017220431109,-15.626180779200276],[-58.181015886770261,-15.626180650790925],[-58.181014548756053,-15.626180739342656],[-58.181013244610064,-15.626181041034208],[-58.181012011605603,-15.626181549337604],[-58.181010881372899,-15.626182249620152],[-58.181009888309369,-15.626183121810824],[-58.181009057464266,-15.626184142273216],[-58.181008414788565,-15.626185281942654],[-58.181007975029985,-15.626186510006967],[-58.180924533803683,-15.626547489544263],[-58.180924353402837,-15.626548726155855],[-58.180924393201281,-15.626549974237262],[-58.180924653924606,-15.626551197628318],[-58.180925126965796,-15.626552359315147],[-58.180925798136911,-15.626553425025614],[-58.18092664860707,-15.626554364128218],[-58.180927652088613,-15.626555146935473],[-58.180928779547465,-15.626555752813749],[-58.180929997285823,-15.626556161154509],[-58.180931269802571,-15.626556362205802],[-58.180932557881164,-15.626556348947396],[-58.180933825144713,-15.626556121575023],[-58.180935033387101,-15.626555686621625],[-58.180936147241866,-15.626555057836111],[-58.18093713323394,-15.626554253476755],[-58.180937961650287,-15.626553297205026],[-58.180938609332919,-15.626552217166656],[-58.180939055948038,-15.62655104601169],[-58.181023742850144,-15.626189332122081]]]]}},
{"type":"Feature","properties":{"OBJECTID":77,"ID":0,"SHAPE_AREA":86.870715954999994,"SHAPE_LEN":143.85126186},"geometry":{"type":"MultiPolygon","coordinates":[[[[-58.180870601897787,-15.62683365931032],[-58.180870615943725,-15.626832692054263],[-58.180870463085832,-15.626831735639257],[-58.180870149075929,-15.626830817151529],[-58.180869680593418,-15.626829962768488],[-58.180869072691621,-15.626829195006788],[-58.180868341356657,-15.626828536378069],[-58.180867507207239,-15.626828003945644],[-58.180866593660319,-15.62682761475774],[-58.180865625018974,-15.626827377722647],[-58.180864630239618,-15.626827299915826],[-58.180863635454578,-15.626827383908378],[-58.180862668630589,-15.626827626838102],[-58.180861756780864,-15.626828022232315],[-58.180860926892798,-15.626828559098902],[-58.18086019939868,-15.626829221961513],[-58.180859596585869,-15.626829993526018],[-58.180859134181567,-15.626830851110082],[-58.180712230508369,-15.627449246813836],[-58.180712292651748,-15.627450162137261],[-58.1807125104392,-15.627451054929535],[-58.1807128799948,-15.627451899902084],[-58.180713389990899,-15.627452673614302],[-58.180714025374165,-15.627453353549482],[-58.180714769251608,-15.627453921720379],[-58.180715601004444,-15.627454361063698],[-58.180716496319157,-15.627454660863355],[-58.180717429949496,-15.627454810408301],[-58.180718377628565,-15.62745480711739],[-58.180719310441269,-15.627454651146163],[-58.180720203224219,-15.62745434624566],[-58.180721031777821,-15.62745390158514],[-58.18072177191803,-15.627453329045515],[-58.18072240227977,-15.627452644108137],[-58.180722907125492,-15.627451867647562],[-58.180870601897787,-15.62683365931032]]]]}},
{"type":"Feature","properties":{"OBJECTID":78,"ID":0,"SHAPE_AREA":89.9577846,"SHAPE_LEN":143.754431047},"geometry":{"type":"MultiPolygon","coordinates":[[[[-58.180669820727395,-15.627678107408647],[-58.180669981225499,-15.627677141172512],[-58.180669965351782,-15.627676161422739],[-58.180669774220242,-15.627675199790108],[-58.18066941359308,-15.627674285168636],[-58.180668894823768,-15.627673445518354],[-58.180668232976075,-15.627672705163699],[-58.18066744870503,-15.627672087495139],[-58.180666566370782,-15.627671611363644],[-58.180665611235149,-15.627671290191916],[-58.18066461321331,-15.627671135569788],[-58.180663603106566,-15.627671150947194],[-58.180662610762823,-15.627671336163543],[-58.180661666931577,-15.627671685629956],[-58.180660799533101,-15.627672188349347],[-58.180660035534117,-15.627672829714111],[-58.180659398134203,-15.627673588809582],[-58.180658906801916,-15.627674444741151],[-58.18065857630581,-15.627675370312168],[-58.180513077023953,-15.628291438028686],[-58.180512982014015,-15.628292438260909],[-58.180513063309107,-15.628293440256412],[-58.180513317007346,-15.628294414207257],[-58.180513738289676,-15.62829533302215],[-58.180514313004345,-15.628296168756107],[-58.180515025165164,-15.628296898897448],[-58.18051585506015,-15.628297501858452],[-58.180516778334258,-15.628297959692004],[-58.180517766932546,-15.62829825989432],[-58.180518794691437,-15.628298394470979],[-58.180519830799163,-15.628298358164308],[-58.180520846350866,-15.628298152937615],[-58.180521810591728,-15.628297783475892],[-58.180522697477294,-15.628297262573916],[-58.180523480030303,-15.628296603031535],[-58.180524135978743,-15.62829582485451],[-58.180524646797068,-15.628294950740186],[-58.180669820727395,-15.627678107408647]]]]}},
{"type":"Feature","properties":{"OBJECTID":79,"ID":0,"SHAPE_AREA":115.18674545499999,"SHAPE_LEN":142.749781708},"geometry":{"type":"MultiPolygon","coordinates":[[[[-58.180459734604945,-15.628574984118268],[-58.180459828263743,-15.628573747973615],[-58.180459710193489,-15.628572513871848],[-58.180459383383983,-15.628571315241427],[-58.180458857354374,-15.62857018547572],[-58.180458145339159,-15.628569155236365],[-58.180457268024547,-15.62856825333709],[-58.180456248869106,-15.628567504057209],[-58.180455115974411,-15.628566928035392],[-58.180453901147118,-15.628566541370871],[-58.180452636157753,-15.628566353835714],[-58.180451357419749,-15.628566371561398],[-58.180450098512111,-15.628566594367287],[-58.180448895770681,-15.628567014826642],[-58.180447779914047,-15.628567621927356],[-58.180446783495256,-15.628568399223987],[-58.180445933439806,-15.628569324877924],[-58.18044525292661,-15.628570374358997],[-58.180444760445006,-15.62857151864274],[-58.180300441877385,-15.629178949395834],[-58.18030045761892,-15.629180231955148],[-58.180300695246871,-15.629181494338905],[-58.180301149885231,-15.629182699513171],[-58.180301807345955,-15.629183813205794],[-58.180302648792782,-15.629184803881325],[-58.180303649808451,-15.629185642746082],[-58.180304783208534,-15.62918630644471],[-58.180306015305206,-15.629186776176367],[-58.180307311503753,-15.629187037664627],[-58.180308634452658,-15.629187083879126],[-58.180309946831443,-15.629186913212804],[-58.180311211361051,-15.629186531289628],[-58.180312390788337,-15.629185948252942],[-58.180313451632564,-15.629185181457085],[-58.180314364164722,-15.629184251851822],[-58.180315102423066,-15.629183186694016],[-58.180459734604945,-15.628574984118268]]]]}},
{"type":"Feature","properties":{"OBJECTID":80,"ID":0,"SHAPE_AREA":170.23700763,"SHAPE_LEN":200.124182195},"geometry":{"type":"MultiPolygon","coordinates":[[[[-58.179000872076692,-15.61690351440657],[-58.179002184539854,-15.616903371773521],[-58.179003455713676,-15.616903022367135],[-58.179004650217635,-15.616902477224311],[-58.179005737350231,-15.616901750068489],[-58.179006687373651,-15.61690086004144],[-58.179007474311881,-15.616899831688123],[-58.179008076873082,-15.616898693144059],[-58.179008479366743,-15.616897473418529],[-58.179008671729548,-15.616896206914085],[-58.179008646691145,-15.616894927114384],[-58.179008407245981,-15.616893668351844],[-58.179007958253898,-15.616892464948901],[-58.179007312015685,-15.616891347572395],[-58.179006486438617,-15.616890348666853],[-58.179005503119427,-15.616889493425763],[-58.17900438924071,-15.616888805204791],[-58.178116435743142,-15.616693874074578],[-58.178115015816871,-15.616693818418961],[-58.178113606549751,-15.616693995914538],[-58.178112248959799,-15.616694402725649],[-58.178110981215276,-15.616695025992779],[-58.178109841458678,-15.616695848337034],[-58.178108861267418,-15.616696846087384],[-58.178108069389914,-15.616697990164518],[-58.178107488957679,-15.616699247903616],[-58.178107136547574,-15.616700582155524],[-58.178107023135105,-15.616701954897179],[-58.178107150363623,-15.616703327251694],[-58.178107516130225,-15.616704657650555],[-58.178108108103331,-15.616705910003608],[-58.178108911142921,-15.616707046427889],[-58.178109900818129,-15.616708035417652],[-58.178111048977669,-15.616708847294987],[-58.1781123228429,-15.616709458734102],[-58.179000872076692,-15.61690351440657]]]]}},
{"type":"Feature","properties":{"OBJECTID":81,"ID":0,"SHAPE_AREA":562.06524948000003,"SHAPE_LEN":660.97312573099998},"geometry":{"type":"MultiPolygon","coordinates":[[[[-58.186176418189369,-15.618457679908941],[-58.186177789149269,-15.618457490817445],[-58.186179108490208,-15.618457084163406],[-58.186180339893937,-15.618456470086016],[-58.186181448949291,-15.618455665945374],[-58.18618240500706,-15.618454694504749],[-58.18618318117489,-15.618453583026579],[-58.186183755244691,-15.618452362363652],[-58.186184113413127,-15.618451065131183],[-58.186184242840739,-15.618449729362577],[-58.1861841418701,-15.618448391223025],[-58.18618381350732,-15.618447086852564],[-58.186183265432362,-15.618445854173739],[-58.186182513698803,-15.618444727448258],[-58.186181579930327,-15.618443736388201],[-58.186180488548786,-15.618442910690549],[-58.186179270452946,-15.618442270978194],[-58.183192842165148,-15.617799692821833],[-58.183191476976361,-15.617799587189808],[-58.18319011497546,-15.617799712036874],[-58.18318879438236,-15.617800063541495],[-58.18318755804426,-15.617800631529775],[-58.183186441310404,-15.617801399540937],[-58.183185478550676,-15.617802342984273],[-58.183184699450713,-15.61780343367872],[-58.183184127141338,-15.617804638958985],[-58.183183780063906,-15.617805921665486],[-58.183183666394939,-15.617807243790102],[-58.18318379149725,-15.617808564628108],[-58.183184151411858,-15.617809844428901],[-58.183184734728549,-15.617811045289903],[-58.1831855235082,-15.61781212934366],[-58.183186494246605,-15.617813064176175],[-58.183187617869287,-15.617813821922995],[-58.183188859736667,-15.61781438017309],[-58.183190182437023,-15.617814721049912],[-58.186176418189369,-15.618457679908941]]]]}},
{"type":"Feature","properties":{"OBJECTID":82,"ID":0,"SHAPE_AREA":108.92562404,"SHAPE_LEN":134.37945673900001},"geometry":{"type":"MultiPolygon","coordinates":[[[[-58.182827017166446,-15.617736234454032],[-58.182828387365639,-15.617736400623169],[-58.18282976650768,-15.617736337151706],[-58.182831114491627,-15.61773604515956],[-58.182832390325324,-15.617735533002724],[-58.182833556794108,-15.617734817151996],[-58.182834579502114,-15.617733917678628],[-58.182835427820606,-15.617732860960924],[-58.182836075820617,-15.617731679679206],[-58.182836505977853,-15.61773040827635],[-58.182836704514401,-15.617729083886784],[-58.182836666056978,-15.617727745407453],[-58.182836390844102,-15.617726434416804],[-58.182835888415326,-15.617725187923647],[-58.182835172046211,-15.61772404382053],[-58.182834264313399,-15.617723035430453],[-58.182833190570861,-15.617722192445731],[-58.182831984546148,-15.617721540898009],[-58.182830680858068,-15.61772109958283],[-58.182242205473543,-15.61759340111926],[-58.18224095871313,-15.617593290324024],[-58.182239710330926,-15.617593384724472],[-58.182238495759115,-15.61759368232202],[-58.182237350383296,-15.617594172983178],[-58.182236307708123,-15.617594843872848],[-58.182235395605737,-15.617595675858912],[-58.182234640984547,-15.617596644390986],[-58.182234066073867,-15.617597722232183],[-58.182233686558625,-15.617598879469101],[-58.182233513429082,-15.617600080790181],[-58.182233552100115,-15.617601294529532],[-58.182233800493854,-15.617602483638112],[-58.182234252827541,-15.617603615606404],[-58.182234894918992,-15.617604657066201],[-58.182235708881073,-15.617605579188769],[-58.18223667124601,-15.61760635588713],[-58.182237755758308,-15.617606962897174],[-58.182238929685383,-15.617607385028689],[-58.182827017166446,-15.617736234454032]]]]}},
{"type":"Feature","properties":{"OBJECTID":83,"ID":0,"SHAPE_AREA":540.82579236000004,"SHAPE_LEN":609.09239404799996},"geometry":{"type":"MultiPolygon","coordinates":[[[[-58.181968277237175,-15.617549648805845],[-58.181969564129439,-15.61754960120283],[-58.181970825605859,-15.617549350357459],[-58.181972027182461,-15.61754890097489],[-58.181973136287262,-15.617548265885143],[-58.181974121306929,-15.617547462432649],[-58.181974957188082,-15.61754651334995],[-58.181975620753121,-15.617545443167291],[-58.181976092591498,-15.617544282722047],[-58.18197636074909,-15.617543061907483],[-58.181976418893854,-15.617541815106181],[-58.181976263486696,-15.617540575781749],[-58.181975900325853,-15.617539379155392],[-58.18197533798179,-15.617538255913786],[-58.181974593429587,-15.617537238506264],[-58.181973685473473,-15.617536353044878],[-58.181972639441405,-15.617535624702741],[-58.181971484361036,-15.61753507320952],[-58.17922381487849,-15.616935936339011],[-58.179222311049337,-15.616935888372527],[-58.179220820740724,-15.61693608438863],[-58.179219384965506,-15.616936519647568],[-58.179218043752158,-15.616937180375739],[-58.179216836175776,-15.616938049189061],[-58.179215794741232,-15.616939101507429],[-58.179214949124308,-15.616940307342544],[-58.179214323383917,-15.616941633120605],[-58.179213935029402,-15.616943041687323],[-58.179213795025731,-15.616944493211882],[-58.179213906871134,-15.616945946999593],[-58.179214267534945,-15.616947362390876],[-58.179214867457588,-15.61694869876122],[-58.17921568871111,-15.616949920050523],[-58.179216709641885,-15.61695099112268],[-58.179217900232992,-15.616951882309898],[-58.179219227690169,-15.616952567574952],[-58.179220654602112,-15.61695302904058],[-58.181968277237175,-15.617549648805845]]]]}}
]
}
