{
"type": "FeatureCollection",
"name": "Hidrografia",
"crs": { "type": "name", "properties": { "name": "urn:ogc:def:crs:OGC:1.3:CRS84" } },
"features": [
{"type":"Feature","properties":{"OBJECTID":25,"ID":0,"SHAPE_LEN":739.76897707299997},"geometry":{"type":"MultiLineString","coordinates":[[[-58.21169449941096,-15.627319498765376],[-58.211700219922427,-15.627327091561558],[-58.211702723911948,-15.627333355309027],[-58.211701839067437,-15.627340236148312],[-58.211698787913278,-15.627345933091345],[-58.211695105227165,-15.62734924180663],[-58.211690497269068,-15.627352555630626],[-58.211687446114432,-15.627358252573549],[-58.211686869071492,-15.62736513171329],[-58.211688189198732,-15.627379772094855],[-58.211685543448084,-15.62740190870778],[-58.211681678578195,-15.627426742956821],[-58.211681419987535,-15.627435114481983],[-58.211684550238154,-15.627442869819371],[-58.211688602248486,-15.627450022590596],[-58.211696071325967,-15.627461042352994],[-58.211701399525921,-15.627475362317496],[-58.211704892997837,-15.627492382413262],[-58.211703416222022,-15.627503451569458],[-58.211697302432718,-15.627513052185083],[-58.211687159477805,-15.627519385761738],[-58.211662539189398,-15.627529386844172],[-58.211653929258183,-15.627534217811373],[-58.211648736394032,-15.627542915770212],[-58.211643234794295,-15.627551615433545],[-58.211637403371867,-15.62755673024969],[-58.211629710854695,-15.627560061103187],[-58.211618002306274,-15.627562517462374],[-58.211605361448747,-15.627563782207051],[-58.211595805150118,-15.627565030825055],[-58.211584417638093,-15.627569577934445],[-58.211574295767953,-15.627579498961889],[-58.211553479427842,-15.627606818511294],[-58.211543363651963,-15.627617935361224],[-58.211534759918123,-15.627623662956971],[-58.211524581801605,-15.627624017434014],[-58.211505461346292,-15.627625020562574],[-58.211493442298114,-15.627627179439269],[-58.211476803913605,-15.62763055967376],[-58.211456179369094,-15.627638146961184],[-58.211434359474765,-15.627652317609183],[-58.211418727197682,-15.627669444193625],[-58.211379857035027,-15.627721974586949],[-58.211363880866337,-15.627733123779256],[-58.211347286398997,-15.627743977193134],[-58.211328558071777,-15.627759326623838],[-58.211315363922104,-15.627771357123663],[-58.211307701265625,-15.627779770421897],[-58.211300058757303,-15.627791770277096],[-58.211295907905466,-15.627806838575667],[-58.211274560128203,-15.627848808707133],[-58.211268439274875,-15.627857212590133],[-58.211253670743318,-15.627863870870216],[-58.211238916267995,-15.627872920786674],[-58.211225385261287,-15.627880170615146],[-58.211214304700022,-15.627884416822351],[-58.211199490482571,-15.627883302729598],[-58.211181970833863,-15.627876723232273],[-58.211167107419506,-15.627867238406486],[-58.211155351407911,-15.627861623192342],[-58.211147022073355,-15.627861669162614],[-58.211132542952264,-15.627865038359316],[-58.211117170994186,-15.627874090771922],[-58.21109845060311,-15.627890636902306],[-58.211091108028114,-15.627901140048019],[-58.211089299645678,-15.627908325173163],[-58.211090886311482,-15.627915789848105],[-58.211098962197276,-15.627925311234646],[-58.211115726285641,-15.627943155673773],[-58.211120720304628,-15.627952993258335],[-58.21112015729846,-15.627962264035087],[-58.211116203681748,-15.627971851810944],[-58.211102746448788,-15.627991656373126],[-58.211088638365993,-15.628005785333354],[-58.211076320267324,-15.628009439983222],[-58.211056596349337,-15.628012837216568],[-58.210953042568676,-15.628029850585392],[-58.210937654788651,-15.628036213976259],[-58.210925057814507,-15.628044952777357],[-58.210915251651535,-15.62805606789305],[-58.210897588242432,-15.628095028471082],[-58.21088935199753,-15.628110918353237],[-58.210879858901684,-15.628122928407308],[-58.21084706196492,-15.628158982391335],[-58.210828087237914,-15.628184796671038],[-58.21082230144026,-15.628197682934369],[-58.21081898191386,-15.628210257303019],[-58.210819415361343,-15.628231480253437],[-58.210828250583177,-15.628317527824468],[-58.210827720938383,-15.628332478514444],[-58.210821961485046,-15.628349848872366],[-58.210813406879389,-15.628363946270719],[-58.210797474540207,-15.6283825686164],[-58.210787338545252,-15.628390098878645],[-58.210775368620538,-15.628400627547313],[-58.21077142376447,-15.628411710317767],[-58.210769958296908,-15.628424871932905],[-58.210765425829429,-15.628441040566095],[-58.2107244557819,-15.628503745879875],[-58.210711884296643,-15.6285166704837],[-58.210698366341902,-15.628526311022489],[-58.21068083596154,-15.628535376220873],[-58.21065681271989,-15.628542085524227],[-58.210638640276109,-15.628546969212039],[-58.21061493454588,-15.628555170903374],[-58.210597092737096,-15.628563939527071],[-58.210574924486863,-15.628571236065126],[-58.210561358284544,-15.628572506762701],[-58.210546233523146,-15.628571095151671],[-58.21052337755885,-15.628566438709786],[-58.210426346659098,-15.628538573463441],[-58.210396674233792,-15.628528871986132],[-58.21036575550626,-15.628517084853858],[-58.210355844763384,-15.62851056275289],[-58.210350558759579,-15.628503416762314],[-58.210340264715633,-15.628484042434025],[-58.210334364754154,-15.62847749821009],[-58.210330341685108,-15.628475427874454],[-58.210324479526875,-15.628475161016889],[-58.21031924702374,-15.628477282401793],[-58.21031371198815,-15.628480303026414],[-58.210304464366743,-15.628481548984936],[-58.210297668980019,-15.628480092319965],[-58.210289627284311,-15.628476549099624],[-58.210282514380573,-15.628473599137232],[-58.210275409427787,-15.628471844084578],[-58.210267390559686,-15.628472187501153],[-58.210259391004094,-15.628475819193792],[-58.210249253220837,-15.628483049348235],[-58.210239449581536,-15.628494762803937],[-58.210236722905485,-15.628503147942322],[-58.210232864871486,-15.628529177996302],[-58.210232380007142,-15.628551601873534],[-58.210231511733284,-15.628561471810757],[-58.210229408620307,-15.628571049367832],[-58.210221447684397,-15.628581257612099],[-58.210207063290831,-15.628600768049456],[-58.210199128687421,-15.628615460388456],[-58.210190897634746,-15.628632246887264],[-58.210186045019313,-15.628646323848038],[-58.210184598825109,-15.628662773738135],[-58.210187542380062,-15.628691157996656],[-58.210193265275208,-15.628720123500058],[-58.210192382134423,-15.628727303517104],[-58.210188113525547,-15.628735996349196],[-58.210173821705233,-15.628757295089677],[-58.210170178648539,-15.628767360205201],[-58.210168786872686,-15.628782434965375],[-58.210199334698906,-15.628941186317315],[-58.210201768341491,-15.628977404763468],[-58.210201539201201,-15.629001441592452],[-58.210199078665397,-15.629023696489243],[-58.210188253647999,-15.62907146847286],[-58.210186874512559,-15.62908869534542],[-58.210186687504709,-15.629119906184338],[-58.210191295660735,-15.629148220699602],[-58.210202839113819,-15.629222773856457],[-58.210213047181334,-15.629258950327594],[-58.210216653567493,-15.629269004386046],[-58.210217676459067,-15.629274978032983],[-58.210218245725066,-15.629287888890923],[-58.21021978357679,-15.629297685899939],[-58.210224011363813,-15.629303163708569],[-58.210229210065492,-15.629305765380613],[-58.210244564157698,-15.629314768492353],[-58.210246328122558,-15.629320977584825],[-58.210248620615893,-15.629333161242787],[-58.210252721550845,-15.629358967522995],[-58.210256312089015,-15.629371563430361],[-58.210260679856475,-15.629379910343628],[-58.210269992478324,-15.629389724127426],[-58.210282105526325,-15.629403707514557],[-58.210288026586497,-15.629413839194328],[-58.210291809412148,-15.629427569336698],[-58.210292834780063,-15.62944460397464],[-58.210290225739826,-15.629473017950517],[-58.210282547470953,-15.629531355423573],[-58.210277203787314,-15.629566958724526],[-58.210269924329403,-15.629588224218478],[-58.2102573921998,-15.629608023635706],[-58.210245163539888,-15.62962692471131],[-58.210228300508099,-15.629644655489333],[-58.210214471143615,-15.629653700244349],[-58.210192331680581,-15.629666079213839],[-58.210172799289829,-15.629672576597827],[-58.210158019353372,-15.629677321323745],[-58.210135810008936,-15.629677802657694],[-58.210096567090716,-15.629677302288441],[-58.210073219456376,-15.629673125777337],[-58.210043916125336,-15.629663243255502],[-58.209980405920838,-15.629628078403133],[-58.209964808377578,-15.629619554778674],[-58.209947016419889,-15.629615706465902],[-58.209929247635408,-15.629615804444867],[-58.209912975967633,-15.629618764045178],[-58.209903008062554,-15.629623483124391],[-58.209890492049546,-15.629635390495965],[-58.209854498226662,-15.629684018035999],[-58.209824368341152,-15.629722568214865],[-58.209805206810096,-15.629737740948618],[-58.209790056564195,-15.629742488596172],[-58.209773417623495,-15.629745809059568],[-58.209747898491834,-15.629749895272464],[-58.209732369516516,-15.629753209613265],[-58.209717227689097,-15.629759391696622],[-58.209689583635992,-15.629779992094534],[-58.209669371087202,-15.629805214732853],[-58.209649842275816,-15.629820748326699],[-58.209631002581069,-15.629827667581941],[-58.209599934085894,-15.62983250297016],[-58.209562941474545,-15.629837011258982],[-58.209524532943782,-15.629852648915449],[-58.20947687390936,-15.629869054346933],[-58.209425845201459,-15.629879021793547],[-58.209398087403628,-15.629880251332047],[-58.209382549986465,-15.629882130304496],[-58.209376282950636,-15.62988647011554],[-58.209366319225914,-15.629891905940518],[-58.209357464295074,-15.629896976806124],[-58.209343037776648,-15.629898849653079],[-58.209331574838117,-15.629901065917251],[-58.209323091379474,-15.629906493581975],[-58.209317585059281,-15.629914415868861],[-58.209316203744216,-15.629931283904053],[-58.209322966237075,-15.629948107055535],[-58.20933567179361,-15.629968485025628],[-58.209351034724158,-15.629999969013937],[-58.209357426922047,-15.630016794204828],[-58.209359715167366,-15.630028261106039],[-58.209358699949171,-15.630044410331728],[-58.20934529943267,-15.630095065455253],[-58.209344244207408,-15.630104398601523],[-58.209348763854834,-15.630117647443109],[-58.209348824911878,-15.630128050076305],[-58.209343707838016,-15.630139198944688],[-58.209330462858553,-15.63015326248839],[-58.209312392029375,-15.630164841598264],[-58.209275895041458,-15.630190871650518],[-58.209218690889585,-15.630220962237455],[-58.209189860962987,-15.630228654209599],[-58.209156931292476,-15.630231705557289],[-58.209131024947219,-15.630232924862268],[-58.209112164148117,-15.630236257522435],[-58.209086323057328,-15.630248597128663],[-58.209078226719015,-15.630256892530383],[-58.209064271513014,-15.630275982034536],[-58.209053252522047,-15.630290750992794],[-58.209036318069344,-15.630306987937313],[-58.209019689589987,-15.630312101624568],[-58.208995257187134,-15.630312236249159],[-58.208972676288987,-15.630312360669389],[-58.208923464335612,-15.630316578240095],[-58.208885013564412,-15.630325040877104],[-58.208853230553444,-15.630334184468044],[-58.208827416790939,-15.630351187108799],[-58.208800487910231,-15.630367478194486],[-58.208790174891718,-15.630376503494238],[-58.20878466433372,-15.630383709001178],[-58.208780648772979,-15.630393416398931],[-58.208777017076962,-15.630405274768853],[-58.208769333113842,-15.630420743037208],[-58.208759742685366,-15.630426535628413],[-58.208753468371178,-15.630429798920021],[-58.208748327173716,-15.630437001487486],[-58.208745043797613,-15.630445270363753],[-58.208734052135739,-15.630464703275159],[-58.208713590842166,-15.6304938257218],[-58.208697647626103,-15.630510653755392],[-58.208619999771791,-15.630526626735339],[-58.208560770198758,-15.630526952986664],[-58.208460813515806,-15.630526308582521],[-58.208376904326926,-15.630526770709723],[-58.208296683191563,-15.630524820778495],[-58.208239914654094,-15.630523937532123],[-58.208158529604781,-15.630533951638983],[-58.208111695449723,-15.630543775479115],[-58.208067385436543,-15.63056315227891],[-58.208026882661557,-15.630600445080645],[-58.207990172156919,-15.630653261348561],[-58.207957108570298,-15.630696491570236],[-58.207914143769912,-15.630734993766637],[-58.207858840523805,-15.630773562975062],[-58.207658010095493,-15.630871441698055]]]}},
{"type":"Feature","properties":{"OBJECTID":350,"ID":0,"SHAPE_LEN":1047.1571},"geometry":{"type":"MultiLineString","coordinates":[[[-58.184817077423553,-15.645353314907812],[-58.184756773665228,-15.645356004519348],[-58.184717353228784,-15.645368175303458],[-58.184650796691109,-15.645382884449472],[-58.184554596367235,-15.645392971192983],[-58.184460918398187,-15.645412610288471],[-58.184394416865025,-15.64543688508317],[-58.184352775824088,-15.645492116254854],[-58.184298724680112,-15.645535456708194],[-58.184227246230073,-15.645552584051124],[-58.184123709812653,-15.645574667993948],[-58.184002745174155,-15.645570537872338],[-58.183896671677012,-15.645580676753552],[-58.183822600189288,-15.645576294192463],[-58.183731183996741,-15.645560046601618],[-58.18365708594164,-15.645550880663448],[-58.183580505876613,-15.645539335464019],[-58.1835385483081,-15.645539561984009],[-58.183511413099524,-15.645542100208997],[-58.183444897646496,-15.645563983971986],[-58.183376011094943,-15.645602620831852],[-58.183304710323384,-15.645650837631367],[-58.183221015093345,-15.645689554377604],[-58.183092851787634,-15.64572133678684],[-58.182991893342709,-15.64576253834624],[-58.182829328277933,-15.645820814398428],[-58.182627025447935,-15.645836255330563],[-58.182488989820918,-15.645868090655144],[-58.182392774418879,-15.645875783914844],[-58.182217539007823,-15.645876728988899],[-58.181963254256004,-15.645866142378589],[-58.181827535690537,-15.645871657543921],[-58.181694656086762,-15.645941729602294],[-58.181588829325946,-15.645994914544188],[-58.181502746765837,-15.64604799393044],[-58.181407012594306,-15.646139390323437],[-58.181119972385986,-15.646442276496813],[-58.180948315241544,-15.646636919988328],[-58.180759229863803,-15.646805349974935],[-58.180580127024051,-15.646992858116914],[-58.180559614019302,-15.647074283025136],[-58.180510979221097,-15.647201298708959],[-58.18050921054494,-15.647323279431692],[-58.180512145234324,-15.64740457805947],[-58.180512789974166,-15.647516978847293],[-58.180505892687393,-15.647605504721206],[-58.180456762992513,-15.647646426067285],[-58.180375534653102,-15.647685129424532],[-58.180267156063032,-15.647723978040124],[-58.180171104218779,-15.647760369407417],[-58.180099542286513,-15.647763146420187],[-58.180032861137384,-15.647756330198034],[-58.179931434821199,-15.647716219420833],[-58.179877190163431,-15.647726077441176],[-58.179805833883712,-15.647764727457538],[-58.179783908135803,-15.647815068273694],[-58.179744884454003,-15.64789659275406],[-58.179686115354201,-15.647978222593069],[-58.179651684543366,-15.647999932597939],[-58.179609726413616,-15.648000158400679],[-58.179562694626426,-15.647976495057785],[-58.179515703972378,-15.647960006686167],[-58.179476214138283,-15.647960219180709],[-58.179441810719339,-15.647986712475545],[-58.179409971516478,-15.648029932302501],[-58.179370974121305,-15.648116239150539],[-58.179378639398116,-15.648161638152422],[-58.17940360827459,-15.648211727518795],[-58.179458127213344,-15.648249699204623],[-58.179500222463176,-15.648273388226405],[-58.179542358847037,-15.648304252221269],[-58.179559937540596,-15.648356773068818],[-58.179560170570042,-15.648397428587376],[-58.179555577605726,-15.648457243047469],[-58.179536133737827,-15.648509962222649],[-58.179499344186802,-15.648550817873595],[-58.17944515504049,-15.648570241536584],[-58.179395819314109,-15.648575290473012],[-58.179346510991813,-15.648585121816087],[-58.179294735304701,-15.648594967327371],[-58.179211023413046,-15.648631291011036],[-58.179114998343458,-15.648672465276423],[-58.179022876062703,-15.648748594238922],[-58.17886325173172,-15.648889958644514],[-58.178706814831408,-15.649049242912477],[-58.178590450141385,-15.649202332270111],[-58.178477136895474,-15.649349426734476],[-58.178376267744028,-15.649514390449847],[-58.178306027001078,-15.649640326937064],[-58.178207728075556,-15.649715592128402],[-58.178090661876368,-15.6497461162866],[-58.1779797483753,-15.649773618098846],[-58.177862750546375,-15.649816099544596],[-58.177758144632669,-15.649867482897083]]]}},
{"type":"Feature","properties":{"OBJECTID":360,"ID":0,"SHAPE_LEN":36.711115219699998},"geometry":{"type":"MultiLineString","coordinates":[[[-58.152794104559376,-15.640102814999434],[-58.152801121740922,-15.640091050735194],[-58.152804015130087,-15.640078838113677],[-58.152804671433366,-15.64006376822997],[-58.152808253254435,-15.640042224503919],[-58.152813307414867,-15.640019238526916],[-58.152824325089334,-15.640003395563522],[-58.152836039234622,-15.639979657771732],[-58.152850771280633,-15.639965947499521],[-58.1528884118826,-15.639944225627215],[-58.152924580137849,-15.63992394600051],[-58.152979995708336,-15.639902847467713],[-58.152988761851525,-15.639898230287592],[-58.152994268445163,-15.639868919052782]]]}},
{"type":"Feature","properties":{"OBJECTID":323,"ID":0,"SHAPE_LEN":1985.3408707900001},"geometry":{"type":"MultiLineString","coordinates":[[[-58.207980071990185,-15.639548150749361],[-58.208077774610551,-15.63955545567568],[-58.208181498276979,-15.639566363769344],[-58.208380044896145,-15.639585358974951],[-58.208466057878752,-15.639606409540256],[-58.208507621466282,-15.639623399757781],[-58.208561023074509,-15.639638889337702],[-58.208611378863417,-15.639640047211429],[-58.208836664289358,-15.639673244012252],[-58.209017457285775,-15.639695206367797],[-58.209094526549059,-15.639706260968184],[-58.209177519038874,-15.639717282881302],[-58.20922789168754,-15.639721309490994],[-58.209247176326407,-15.63972694290527],[-58.209269446926797,-15.639736865118264],[-58.209291777448286,-15.639756831112155],[-58.209329042434639,-15.639798238364202],[-58.209361771857402,-15.639823887660008],[-58.209379651082905,-15.639842442801323],[-58.209401887990339,-15.639846625433774],[-58.209422593985948,-15.639842205975697],[-58.209441735365623,-15.639823446669851],[-58.209491813043819,-15.639777251566676],[-58.209528656644082,-15.639746915117696],[-58.209568562051821,-15.639733780125498],[-58.209615888808408,-15.639723474971026],[-58.209667709012464,-15.639721753743348],[-58.209724021747938,-15.639728618251686],[-58.209802572314359,-15.639739664428383],[-58.209885640713026,-15.639763599638362],[-58.210048790662377,-15.639807182983965],[-58.210233323504731,-15.639843903314567],[-58.210351781837339,-15.639842053690987],[-58.210494848712209,-15.639828110507601],[-58.210608426939892,-15.63983585453513],[-58.210717125088408,-15.639853191393032],[-58.210824596195742,-15.639871729923227],[-58.210940733096727,-15.63989500487682],[-58.211032133974058,-15.639908849519484],[-58.211184191063801,-15.639954644530208],[-58.211398054144553,-15.640018035861761],[-58.211514155233125,-15.640060251866517],[-58.211588389734899,-15.640092844833795],[-58.211631570005707,-15.640132784492245],[-58.211661490114047,-15.640184276902433],[-58.211709357256055,-15.640265804265411],[-58.211742255909598,-15.640320150076787],[-58.211754288152079,-15.640351652198294],[-58.211826066255007,-15.640637765639521],[-58.21188356244005,-15.640761808771545],[-58.211963088347026,-15.640854640587664],[-58.212064586709758,-15.640906693631466],[-58.212168426584277,-15.640937210085639],[-58.212311670950093,-15.640953159278896],[-58.212484362577882,-15.640940246828789],[-58.212612459869163,-15.640898882124295],[-58.212728006806465,-15.640821712898619],[-58.212818830600774,-15.640737506127437],[-58.212899965702839,-15.64068444244333],[-58.212973808958147,-15.640650551849713],[-58.213069990672153,-15.64063806215405],[-58.213232739735901,-15.640613246485303],[-58.21345742794891,-15.640628744326207],[-58.213821940090689,-15.640708039667443],[-58.214040621072229,-15.640751073010851],[-58.214392843027461,-15.640838806399698],[-58.21451391003459,-15.640860856237765],[-58.214564589420185,-15.640874924896176],[-58.214623821836604,-15.640874596813074],[-58.214679267340884,-15.640859940337242],[-58.214739628015678,-15.640841669055728],[-58.214781592133946,-15.64084263244353],[-58.214829788312144,-15.640854323086613],[-58.214865673721697,-15.640870865341425],[-58.214897779266742,-15.640874275033694],[-58.214939693063464,-15.640866867686695],[-58.21503940853087,-15.640825658845387],[-58.215155080518649,-15.640770012188099],[-58.215233810310622,-15.640727722794905],[-58.215297873147378,-15.640709431752491],[-58.215352183271584,-15.640711521560521],[-58.215439896536076,-15.640727776467561],[-58.215538765996371,-15.640752340479397],[-58.215597032530724,-15.640797456343227],[-58.215635364977807,-15.640810398244186],[-58.215695838498199,-15.640811258846798],[-58.215739049869974,-15.640814605941582],[-58.215873464996911,-15.640798315484945],[-58.215988193097182,-15.640791700951834],[-58.216068403041675,-15.64079125615344],[-58.216162067849595,-15.640770408086871],[-58.216216237658848,-15.640748584084685],[-58.216269243066712,-15.640738723262366],[-58.21632229178671,-15.640736037312372],[-58.216364261999516,-15.640738196218397],[-58.216403848814195,-15.640754717683183],[-58.216445940062265,-15.640777204518116],[-58.216479392718135,-15.64079973836308],[-58.2165326171408,-15.64082694593108],[-58.216670002021424,-15.640895538727017],[-58.216714680690046,-15.640938339764462],[-58.216748317126232,-15.640991962940632],[-58.21677071347375,-15.641022929062848],[-58.216809158153879,-15.641055001983428],[-58.216848731858938,-15.64106913172591],[-58.216900503219826,-15.641059277595771],[-58.216942416957984,-15.641051870772314],[-58.216985615183908,-15.641052826885637],[-58.217044953621382,-15.641070434460701],[-58.217124071859473,-15.641093910596997],[-58.217176027000967,-15.641115145773561],[-58.217231593450194,-15.641120816599143],[-58.217308044670098,-15.641110826277306],[-58.217442425369867,-15.641088555776689],[-58.21758903189366,-15.641047085459551],[-58.217734454701159,-15.64101399169296],[-58.217823232554927,-15.641001541034766],[-58.217937966763515,-15.640996120393343],[-58.218089870222641,-15.641015605243204],[-58.218233213860408,-15.64104829102434],[-58.218349337818154,-15.641069169412058],[-58.21841488216144,-15.641092721394099],[-58.218459341835789,-15.641098452716149],[-58.218538325749968,-15.641099209672067],[-58.218634550543264,-15.641093891519159],[-58.218740675395644,-15.64109330171393],[-58.218834424929113,-15.641086802281691],[-58.218886051135179,-15.641094048381978],[-58.218945359977077,-15.641106633554569],[-58.219000115486431,-15.641100589437535],[-58.219105024034285,-15.641061262565998],[-58.219236485135184,-15.641004568813514],[-58.219353325032486,-15.640979525724918],[-58.219470231947533,-15.640965960764454],[-58.219548757754914,-15.640972699171495],[-58.219636329908695,-15.641006650511422],[-58.219755143120217,-15.641064822351092],[-58.219799609889741,-15.641071749212529],[-58.219894466677104,-15.64108557085971],[-58.22000053165425,-15.641085747280682],[-58.22004474284666,-15.641089841803485],[-58.220093071209121,-15.641081919630183],[-58.220139294463735,-15.641052007459004],[-58.220198334058757,-15.641019154096812],[-58.220242463499986,-15.640969163593629],[-58.220289594225434,-15.640925853336489],[-58.220364372024129,-15.640883345530138],[-58.220440171643659,-15.640846572647957],[-58.220517071535433,-15.640828925450469],[-58.220668778385544,-15.640773552666928],[-58.220816912259131,-15.640726172928801],[-58.220902526730157,-15.64067977843399],[-58.22098666932839,-15.640634826584035],[-58.221032489661127,-15.640620222127067],[-58.221139022520148,-15.640605279580635],[-58.221201071642952,-15.640580539737265],[-58.221261495730019,-15.640531415528859],[-58.221345696830895,-15.640496508202215],[-58.221458033636992,-15.640461444128384],[-58.221536286855063,-15.640422265517609],[-58.221608718982566,-15.640400337591661],[-58.2216694229325,-15.64039856493598],[-58.221709405081604,-15.640398342190416],[-58.221740408754187,-15.640382384754089],[-58.221756458722531,-15.640342117232457],[-58.221761477431222,-15.640327363025378],[-58.221764356731235,-15.640313475821811],[-58.22176674968123,-15.640300787180029],[-58.221770177769841,-15.640296224204013],[-58.221779288485443,-15.640292585887412],[-58.221794807343144,-15.640287477386904],[-58.221839585781368,-15.640263790821601],[-58.221870018543264,-15.640248777503659],[-58.221900486161992,-15.640225648824925],[-58.221930890393558,-15.640191997358727],[-58.221972120072607,-15.640152545837653],[-58.222049700780701,-15.640083236778541],[-58.222155875548211,-15.640008028610294],[-58.2222000922077,-15.639978350482112],[-58.222220277923817,-15.639969628387648],[-58.22224892973977,-15.639973294881493],[-58.222270222520251,-15.63998465566018],[-58.222302805791628,-15.639985430370272],[-58.222330887506892,-15.639976186095073],[-58.222344595038791,-15.639956976962605],[-58.222354341794073,-15.639935877266856],[-58.222363059065493,-15.639907608197429],[-58.222370358470748,-15.639889870166668],[-58.222389043962309,-15.63987780839606],[-58.222425051022206,-15.639873302436595],[-58.222523190091927,-15.639857927877888],[-58.222583785935839,-15.639837979176376],[-58.222638952950213,-15.639818060726107],[-58.222683793664359,-15.639804896787943],[-58.222719755261977,-15.639792738667722],[-58.22273956547815,-15.639775926962065],[-58.22276070534781,-15.639752112604922],[-58.222774163020802,-15.639732307368048],[-58.222813181980428,-15.639653168100637],[-58.222833354646944,-15.639621367803631],[-58.222865924864522,-15.639599064284244],[-58.222900980043669,-15.639579736080858],[-58.222944655053368,-15.639557370625774],[-58.222977200392648,-15.639530882200718],[-58.222997397877862,-15.639503266781501],[-58.223025445917614,-15.639446908040863],[-58.223044959351157,-15.6394079371972],[-58.223071177098255,-15.639355176214666],[-58.223090765087399,-15.639328760039341],[-58.22311095543585,-15.639299948799565],[-58.223136706676172,-15.639272302394884],[-58.223163119715203,-15.639252424880615],[-58.223190190245106,-15.639239119524818],[-58.223218451300525,-15.639218634223047],[-58.223252219032538,-15.639190344714594],[-58.223290876876149,-15.639154256244264],[-58.223318425437512,-15.639117631359609],[-58.223336051687141,-15.639072690859338],[-58.223352926390788,-15.639005035176398],[-58.223357649564171,-15.638969135990818],[-58.223361013411427,-15.638912317435487],[-58.223366400253617,-15.638884186227608],[-58.223371636983117,-15.638830944779521],[-58.223381862336829,-15.638786643938793],[-58.223392188074918,-15.638759083557359],[-58.223415328995515,-15.638707536461174],[-58.223453369217829,-15.638671450510017],[-58.22349270837222,-15.638646119971439],[-58.223529585545982,-15.638621998109405],[-58.223563896043558,-15.638581150446409],[-58.223621474330962,-15.6385102784784],[-58.223643359784376,-15.638455150812455],[-58.223646691582168,-15.638392951554428],[-58.223636422085804,-15.638326044776361],[-58.22363496065794,-15.63828778838956],[-58.22363479013633,-15.63825909070945],[-58.223654292693851,-15.638218325653828],[-58.223684915112031,-15.63817988935304],[-58.223737713313284,-15.638135350960308],[-58.223784342096828,-15.638090846981274],[-58.223817368649847,-15.638041635489055]]]}},
{"type":"Feature","properties":{"OBJECTID":341,"ID":0,"SHAPE_LEN":434.11199206100002},"geometry":{"type":"MultiLineString","coordinates":[[[-58.229615519429558,-15.630953303537492],[-58.229711912987753,-15.630977157560109],[-58.229845221586267,-15.630983584562616],[-58.229966761436998,-15.631002992275695],[-58.230079425489144,-15.631023885062563],[-58.23019959648817,-15.631061953948604],[-58.230304960218255,-15.631100106700853],[-58.230475604717398,-15.631159416788053],[-58.230701164497845,-15.631239943097302],[-58.230834756137199,-15.631293721010039],[-58.230984670661861,-15.631353146971925],[-58.231187831641094,-15.631402229985506],[-58.231370356770398,-15.631467212387284],[-58.23148314981718,-15.631509627181666],[-58.231601969707761,-15.631569227228002],[-58.231731376450725,-15.631666075914838],[-58.231948695844828,-15.631841711259053],[-58.232039262466472,-15.631906348899282],[-58.232161051852138,-15.631967366415555],[-58.232226342512433,-15.631989958576415],[-58.232336002860428,-15.632003691927387],[-58.232589509777611,-15.632052490776385],[-58.232764545837092,-15.632103164739547],[-58.23284033867602,-15.63214865654766],[-58.232950213815883,-15.632198262028593],[-58.233060054646884,-15.632242127027771],[-58.233172900884114,-15.632293151071],[-58.233245817361549,-15.632353008173983],[-58.233319363689404,-15.632396535619689]]]}},
{"type":"Feature","properties":{"OBJECTID":359,"ID":0,"SHAPE_LEN":236.16744331199999},"geometry":{"type":"MultiLineString","coordinates":[[[-58.155134137364698,-15.639660991827691],[-58.155097025503672,-15.639645044320039],[-58.155058062956009,-15.639629106553238],[-58.15503206811487,-15.639614893844392],[-58.155010405590197,-15.639603049165398],[-58.154981949252033,-15.639590045291287],[-58.154959049281167,-15.639577610541288],[-58.154939244163025,-15.639566951949808],[-58.154916347548109,-15.63955511466391],[-58.15488728134261,-15.639543309865539],[-58.154863820863326,-15.63954104165642],[-58.154832336749173,-15.639538218209942],[-58.154802693264728,-15.639533590798854],[-58.154782310876989,-15.639530110495189],[-58.154758861394171,-15.639529636484495],[-58.154729254792422,-15.639531585741681],[-58.154688528769313,-15.639531202691124],[-58.154633634468823,-15.639535079347642],[-58.154570128243542,-15.639543783935],[-58.154526350938362,-15.639549395400932],[-58.15447520158753,-15.63956102505326],[-58.154435119886998,-15.63956542116934],[-58.15438889353986,-15.639574633132231],[-58.154362361668866,-15.639574772791391],[-58.154320421633273,-15.639577982791293],[-58.154267348769203,-15.639576468773837],[-58.154171704007354,-15.639575776285833],[-58.154110019207103,-15.639579090159469],[-58.154092739310961,-15.639578583609483],[-58.154071747974541,-15.639576302321331],[-58.154047670907708,-15.639574037269281],[-58.154021769956707,-15.639576565322011],[-58.153987836795729,-15.639577341369659],[-58.153971157667101,-15.639573842407108],[-58.15395385431308,-15.639569149946478],[-58.153938422689059,-15.639568035268134],[-58.153914335574193,-15.639563976889889],[-58.153895808170603,-15.639561085133336],[-58.153881589616809,-15.63955637643571],[-58.153866154645783,-15.639554664283006],[-58.153849514782948,-15.639558338561578],[-58.153840297241437,-15.639564963933118],[-58.15382923049431,-15.639572197424302],[-58.153809516817397,-15.639577682140539],[-58.153759097486223,-15.639609397264987],[-58.15372613019651,-15.63962822476692],[-58.153700531773289,-15.639640796381443],[-58.153668009692517,-15.639651011756978],[-58.153648798578267,-15.639658288083963],[-58.153628139245853,-15.639671310974514],[-58.153603520614148,-15.639682442009555],[-58.153584333608272,-15.639694022640571],[-58.153569560094802,-15.63970031837365],[-58.153535533515573,-15.639706237208156],[-58.153484730935631,-15.639713679691337],[-58.153434910834513,-15.639720159751072],[-58.153405815317647,-15.639725096289933],[-58.153368303197617,-15.639725771750067],[-58.153349054553807,-15.639726351153472],[-58.153331295250865,-15.639728358137361],[-58.153320452489453,-15.639731285086018],[-58.153311105237478,-15.639737074094896],[-58.153286811565863,-15.639753432527053],[-58.153256843384,-15.639778941286099],[-58.153223937629839,-15.639808769925738],[-58.153182192394176,-15.639846777554038],[-58.15315314948932,-15.639861279902053],[-58.153133460944424,-15.639871427718452],[-58.153104391250451,-15.639881147594206],[-58.153062994793693,-15.639893323131526]]]}},
{"type":"Feature","properties":{"OBJECTID":342,"ID":0,"SHAPE_LEN":1098.69142618},"geometry":{"type":"MultiLineString","coordinates":[[[-58.23510582301811,-15.636437430701351],[-58.235188086856517,-15.636582915970726],[-58.235226038835357,-15.636738153357065],[-58.235387925724723,-15.636982374921384],[-58.235561759003389,-15.637160761963193],[-58.235784592312193,-15.637279084025259],[-58.236106144718249,-15.637396849491967],[-58.236606697135784,-15.637525562852661],[-58.237242915163222,-15.637641552193379],[-58.238490566740161,-15.637855728359767],[-58.239071437443016,-15.638001919123129],[-58.239602697401068,-15.638106536820455],[-58.240010523400692,-15.638205871895355],[-58.240450064610066,-15.638448519181399],[-58.240846488592219,-15.638703367920623],[-58.241777097097746,-15.639547098699383],[-58.242386514624421,-15.640332855410524],[-58.24290304671247,-15.641062936423989],[-58.243182466099313,-15.641558792739895]]]}},
{"type":"Feature","properties":{"OBJECTID":333,"ID":0,"SHAPE_LEN":25.415638317500001},"geometry":{"type":"MultiLineString","coordinates":[[[-58.21184734670404,-15.621489688809641],[-58.21191151223757,-15.621433790022135],[-58.211947097783842,-15.621400111356985],[-58.211999951884629,-15.621365142395721],[-58.212031927811928,-15.621347028894427]]]}},
{"type":"Feature","properties":{"OBJECTID":326,"ID":0,"SHAPE_LEN":444.52809333699997},"geometry":{"type":"MultiLineString","coordinates":[[[-58.215029134306306,-15.625458442525826],[-58.215093711594228,-15.625443394876729],[-58.215122031662538,-15.62543307376106],[-58.215145426331233,-15.625424574147763],[-58.215165778776452,-15.625423265609067],[-58.21518738729872,-15.625425537682579],[-58.215214522719222,-15.625423594107797],[-58.215245784688314,-15.625415488410427],[-58.215291597050843,-15.625400167679611],[-58.215405475940315,-15.625376578091991],[-58.215435826267338,-15.625375693228898],[-58.215495735554349,-15.625365316443528],[-58.215523060078198,-15.625353685620924],[-58.215548164717269,-15.625342067089537],[-58.215565150204085,-15.625334798785309],[-58.21559327123785,-15.625332489954843],[-58.21561323504389,-15.625328075025271],[-58.215638335441263,-15.625315738813187],[-58.215665720127006,-15.625314152650372],[-58.215701962668767,-15.625308211254231],[-58.215728564449549,-15.625299454284157],[-58.215747737816798,-15.62528643410019],[-58.215763936153799,-15.625271277311107],[-58.215792704655016,-15.625253181016479],[-58.215823646479137,-15.625227180752827],[-58.215848696069173,-15.625206236082866],[-58.215869336949659,-15.625191054676652],[-58.215888496663808,-15.625175881474076],[-58.215909928908559,-15.625169305300911],[-58.215944759843097,-15.625174852084694],[-58.215969960849669,-15.625179734520351],[-58.215994384118069,-15.625178164724629],[-58.216023206679303,-15.625169395416822],[-58.216058705303425,-15.625162741295219],[-58.216094242023523,-15.625162544397933],[-58.216139964345416,-15.625163128065816],[-58.216181398453585,-15.625158594119181],[-58.216247243110594,-15.625150336425063],[-58.216285694649599,-15.62514223141933],[-58.216341859499039,-15.62512470092924],[-58.216420974894127,-15.625107043229521],[-58.216490500324909,-15.625095178401034],[-58.216509765843782,-15.625097941493307],[-58.216532031799993,-15.625107145393404],[-58.21655869703082,-15.625109149772316],[-58.216573431999898,-15.625096870912191],[-58.216584422649873,-15.625077438575508],[-58.216598434905933,-15.625068033592795],[-58.216619122299953,-15.625060744690918],[-58.216647216934838,-15.625054131517489],[-58.216710078966798,-15.62504230355805],[-58.216747794112017,-15.625034919346241],[-58.216777441902551,-15.62504049473155],[-58.216815221513592,-15.625043872851522],[-58.216864828813158,-15.625044315517156],[-58.216912240714706,-15.625049074700824],[-58.216974484990743,-15.625058056893865],[-58.217024782037242,-15.625049886081053],[-58.217057294717797,-15.625038943097456],[-58.217085355445157,-15.625026591216013],[-58.217102294237982,-15.625011430229566],[-58.217118425595501,-15.624984794229698],[-58.21713752164348,-15.624958859482456],[-58.217159563061614,-15.624930038527737],[-58.217193505106799,-15.624910478885678],[-58.217273221080532,-15.624869140885078],[-58.217349239292254,-15.624828541060698],[-58.217424428835443,-15.624772878753046],[-58.217472326994262,-15.624734587039182],[-58.217501102802657,-15.624717925881908],[-58.217536541950544,-15.624701226854608],[-58.217587537080021,-15.624685877819037],[-58.217617827930361,-15.624674947083115],[-58.217648930481758,-15.624676209926212],[-58.217677064101821,-15.624676053848001],[-58.217710375671487,-15.624675151345205],[-58.217739185359314,-15.624664229714378],[-58.217760553900213,-15.624646891927089],[-58.217786287746172,-15.624616615042376],[-58.217818549291302,-15.624563343865313],[-58.217846646483814,-15.624536186767529],[-58.217917516178375,-15.624501355070821],[-58.218031734957911,-15.624451933438545],[-58.218083939936733,-15.624432510949033],[-58.21815684065222,-15.624407234749757],[-58.218185404515502,-15.624396553057082],[-58.218219959911423,-15.624397317593132],[-58.218263484259865,-15.624412382604286],[-58.218305005772358,-15.624422674398952],[-58.218334653499696,-15.624428249577443],[-58.21839032058692,-15.624437825589684],[-58.21844163956284,-15.624435628067806],[-58.218514585462934,-15.624418003889163],[-58.218591547408337,-15.62441183687543],[-58.218625052842675,-15.624402084014269],[-58.218668300082449,-15.624370275316489],[-58.218695781881159,-15.624343337566627],[-58.218712358793262,-15.624308807071415],[-58.218721016687702,-15.62427049344776],[-58.218732692519517,-15.624241729906602]]]}},
{"type":"Feature","properties":{"OBJECTID":356,"ID":0,"SHAPE_LEN":494.98757535700003},"geometry":{"type":"MultiLineString","coordinates":[[[-58.168045066108448,-15.647555627796217],[-58.167841158134614,-15.647288855281298],[-58.167785163769246,-15.647222444200278],[-58.167717671947493,-15.647159665694156],[-58.167628352351912,-15.647077870389195],[-58.167584674095352,-15.647036010705353],[-58.167507277615833,-15.646967545058088],[-58.167420074083473,-15.646910611254308],[-58.167366447729876,-15.646855412182115],[-58.167308893474221,-15.646804060258514],[-58.167249397911085,-15.646758457574279],[-58.16714028993119,-15.646669114915733],[-58.16706072364552,-15.646566221699644],[-58.16702677771675,-15.646499437203431],[-58.166994838239653,-15.64643838274689],[-58.166966935185563,-15.646392612693401],[-58.166944976406683,-15.646350637240928],[-58.16690720118595,-15.646304919729451],[-58.166847651625893,-15.646249751134125],[-58.166798136977363,-15.646223229136254],[-58.166748622335902,-15.646196706222364],[-58.166703100713761,-15.646177816350198],[-58.166639851048977,-15.646166673310573],[-58.166620094900281,-15.646164864871267],[-58.166560859924488,-15.646165180093293],[-58.166487835670587,-15.646171308498765],[-58.166430618872084,-15.646179266348375],[-58.166367413512901,-15.646175775491267],[-58.166323909164682,-15.646164527302711],[-58.166258620594007,-15.646141915348089],[-58.166157725081348,-15.646108013137932],[-58.166064674644183,-15.646064503075129],[-58.165957650710524,-15.645994280832552],[-58.165935843910241,-15.645979090911604],[-58.165927773136417,-15.645948521128314],[-58.165929606120905,-15.645923638498145],[-58.16594130137824,-15.645896790742791],[-58.165958941797221,-15.645873737616682],[-58.165968706521959,-15.645854552626794],[-58.165964561824424,-15.645820135713709],[-58.165948560246093,-15.645783868284896],[-58.165920776729578,-15.645759144071953],[-58.165885094921386,-15.645734460955975],[-58.165849169986025,-15.645710496830826],[-58.165823214328121,-15.64570345962721],[-58.165791383021187,-15.645705064309539],[-58.165772859704802,-15.64570301060243],[-58.165746159316193,-15.645695259645382],[-58.165716460620587,-15.645681068001132],[-58.165682953877194,-15.645648242615957],[-58.165659668278572,-15.645622297673381],[-58.165614998372774,-15.645579486483079],[-58.165574138304294,-15.645555788084547],[-58.165540670447982,-15.645529657727511],[-58.165465175199834,-15.645491793876642],[-58.16535129009079,-15.645430217519166],[-58.165281884354727,-15.64537797166142],[-58.1652347124597,-15.645329194319464],[-58.16518869349504,-15.645266061268451],[-58.165141305054114,-15.645179019835444],[-58.165112515721411,-15.645107424988137],[-58.165080064615964,-15.645043023928418],[-58.165051424221552,-15.64499773567352],[-58.16498178277692,-15.644903638117546],[-58.164935750455278,-15.644838113325335],[-58.164883781173046,-15.644770229224404],[-58.164847565593163,-15.644738374420921]]]}},
{"type":"Feature","properties":{"OBJECTID":334,"ID":0,"SHAPE_LEN":464.72335695499999},"geometry":{"type":"MultiLineString","coordinates":[[[-58.218695781881159,-15.624343337566627],[-58.218973835349317,-15.624313732078772],[-58.219193428281983,-15.62430533821156],[-58.219442650028505,-15.624299170323287],[-58.219733838573973,-15.624295160653858],[-58.220017686871898,-15.624301954088731],[-58.220232408366016,-15.624304347143823],[-58.220587477056391,-15.624252150646392],[-58.220905570373318,-15.624207333480696],[-58.221197496703731,-15.624119613415516],[-58.221463787332382,-15.62407867032651],[-58.221659872136577,-15.624059642146772],[-58.22188165601262,-15.624004597832771],[-58.222162178880069,-15.623866716864693],[-58.222342946006428,-15.623761677341252],[-58.222690055871688,-15.623616250704471],[-58.222878356657269,-15.623524800449808]]]}},
{"type":"Feature","properties":{"OBJECTID":331,"ID":0,"SHAPE_LEN":1884.10525736},"geometry":{"type":"MultiLineString","coordinates":[[[-58.154418561835627,-15.594649945627246],[-58.154771348628572,-15.59461188757609],[-58.155329357958728,-15.59456112453236],[-58.155686980682098,-15.59452934986129],[-58.155973562470649,-15.594480010804409],[-58.156141513305883,-15.594507627324369],[-58.156294874428205,-15.594573786599845],[-58.156467976078474,-15.594639841028217],[-58.156858299375166,-15.59471910306905],[-58.157297920910032,-15.594788537869771],[-58.157756665527941,-15.59474785727798],[-58.157998106990938,-15.594679620094729],[-58.158278974549894,-15.59460160882211],[-58.158703442184077,-15.594608939364697],[-58.159054125015359,-15.594659706131235],[-58.159350817376009,-15.594763373036503],[-58.159627877924443,-15.594886276241862],[-58.16001337554237,-15.59498469029368],[-58.160526620637576,-15.594981981815183],[-58.160916165947761,-15.59492252671614],[-58.161226724241594,-15.594858704604864],[-58.161488442798209,-15.594886021485795],[-58.161868844279311,-15.594955759853857],[-58.162019578153405,-15.594993229585942],[-58.162106035233705,-15.59500951313268],[-58.162219528122748,-15.595006522379592],[-58.162278586994844,-15.594977510893639],[-58.162357211306819,-15.594917304910016],[-58.162443143424298,-15.594840318861714],[-58.162534078118192,-15.594775264219116],[-58.162624985832544,-15.594705427072705],[-58.162853737767151,-15.59457506966862],[-58.163013655353303,-15.594490517741567],[-58.163215425993442,-15.594389002891374],[-58.163353322899638,-15.594338049124188],[-58.163513549935672,-15.594308502024118],[-58.163646795262366,-15.594307796887486],[-58.163795021730976,-15.594338103411571],[-58.163967908578783,-15.59436588753001],[-58.164227145488184,-15.594390822547052],[-58.164469056738035,-15.594406282890338],[-58.164686561104524,-15.594469704670828],[-58.164899468407768,-15.594592940876376],[-58.165122287086312,-15.594723298701146],[-58.165238691643786,-15.594799213498776],[-58.165367299673527,-15.594851146891187],[-58.165607161265001,-15.594940756714731],[-58.16584466430772,-15.595049511005675],[-58.166000523136518,-15.595120433549672],[-58.166194958992577,-15.595249744844455],[-58.166303537199497,-15.595359780794881],[-58.166393474772647,-15.59544599892889],[-58.166551201243472,-15.595519900382541],[-58.166764346356217,-15.595575570364364],[-58.166992794886433,-15.595610231501782],[-58.167131677160036,-15.595624442292758],[-58.167319877267659,-15.595632411764369],[-58.167486620889072,-15.595664410747659],[-58.16781114231452,-15.595779277556977],[-58.167953447905241,-15.595853259864823],[-58.168138918227228,-15.595924022588598],[-58.168376705160952,-15.595973580637077],[-58.168515875258699,-15.596038610597921],[-58.16869554889071,-15.596175172332387],[-58.168964874116391,-15.596347132623899],[-58.169215913111586,-15.596558052626509],[-58.169460767405326,-15.596766015966921],[-58.16963483273851,-15.597001260589554],[-58.169777612989428,-15.597158944993522],[-58.169876856935666,-15.597254081548821],[-58.169991471832589,-15.597340166725081],[-58.170035060163059,-15.597411683683523],[-58.170050940113072,-15.597492315822652],[-58.170054447724652,-15.59756703443114],[-58.170054938946322,-15.5976537278534],[-58.170049311740613,-15.597749421554246],[-58.170074428194688,-15.59782701528764],[-58.170109203694651,-15.597976305639049]]]}},
{"type":"Feature","properties":{"OBJECTID":354,"ID":0,"SHAPE_LEN":319.44655269399999},"geometry":{"type":"MultiLineString","coordinates":[[[-58.171994553952445,-15.643179453077954],[-58.171932127082535,-15.643081333078374],[-58.17187015259816,-15.643033832210772],[-58.17178578798206,-15.642955360155836],[-58.171646635995913,-15.642791083567815],[-58.171485353662973,-15.642641275563328],[-58.171381041251919,-15.642527035589874],[-58.17123669492608,-15.642317346968168],[-58.171072414500799,-15.642074281209929],[-58.17092307796873,-15.641855052016099],[-58.170768479870404,-15.641578452590405],[-58.170629098498139,-15.641373518637995],[-58.170519633261286,-15.641221041414759],[-58.170444911662713,-15.641101860365167],[-58.170365117786943,-15.640958790736089],[-58.170300187670549,-15.640825207811293]]]}},
{"type":"Feature","properties":{"OBJECTID":346,"ID":0,"SHAPE_LEN":318.76379902999997},"geometry":{"type":"MultiLineString","coordinates":[[[-58.233618212559826,-15.639196088885116],[-58.233510795860965,-15.63939280037081],[-58.23330999723872,-15.639656999957863],[-58.232918067802899,-15.640151863281256],[-58.232550646263839,-15.640617889713093],[-58.23213979991187,-15.641251567511882],[-58.232091527148057,-15.641433596813643],[-58.232062998701942,-15.64161551516832]]]}},
{"type":"Feature","properties":{"OBJECTID":352,"ID":0,"SHAPE_LEN":85.835432873000002},"geometry":{"type":"MultiLineString","coordinates":[[[-58.17474878211921,-15.647128878425834],[-58.174766645470463,-15.647145045790495],[-58.174789570979769,-15.647183188026389],[-58.174846488689717,-15.647295766510743],[-58.175019167866601,-15.647624879998494],[-58.175094482742104,-15.647825489803443]]]}},
{"type":"Feature","properties":{"OBJECTID":337,"ID":0,"SHAPE_LEN":199.521890485},"geometry":{"type":"MultiLineString","coordinates":[[[-58.233968332961751,-15.622598664399487],[-58.233965060513761,-15.62267043013644],[-58.233958108554674,-15.622745802297072],[-58.233943666892394,-15.622806868176198],[-58.233910802499025,-15.622882386900919],[-58.233848689672932,-15.623019054726175],[-58.23378296073637,-15.623170092150549],[-58.2337321037866,-15.623331807711327],[-58.233680902332537,-15.623436128048542],[-58.233625871030902,-15.623518945516759],[-58.233463983232518,-15.623684872557384],[-58.233335433052602,-15.623854199723258],[-58.233298995137346,-15.623951261936265],[-58.233266430826646,-15.624077001862043],[-58.23326728932944,-15.624220489926714]]]}},
{"type":"Feature","properties":{"OBJECTID":327,"ID":0,"SHAPE_LEN":1321.9719969400001},"geometry":{"type":"MultiLineString","coordinates":[[[-58.218732692519517,-15.624241729906602],[-58.218731503902134,-15.6242243265573],[-58.218724632715308,-15.624189208561486],[-58.218712549664843,-15.624149097454792],[-58.218701968978699,-15.624112564666513],[-58.218685392508661,-15.62406386889249],[-58.218662639733175,-15.623972159338797],[-58.218604179926565,-15.623851949307635],[-58.21856379471415,-15.623783296599559],[-58.218542870022375,-15.62375040878984],[-58.218539599811599,-15.623739994170625],[-58.218542629516463,-15.623730709700345],[-58.218548751711147,-15.623722603917255],[-58.218562926965149,-15.623720133512981],[-58.21858451057966,-15.623718220358878],[-58.218606210729966,-15.623714562035435],[-58.218622216218328,-15.623708494805104],[-58.218655394009154,-15.62368499278803],[-58.218718026413718,-15.623634421846994],[-58.218773837012208,-15.623577910396559],[-58.218819240515252,-15.623535207697657],[-58.218836398653544,-15.623515382172052],[-58.218849911407787,-15.623505142823463],[-58.218869625883784,-15.623500250836281],[-58.218888712293129,-15.62349356810059],[-58.218895456292806,-15.623486355521427],[-58.218905856279122,-15.623471350938754],[-58.218916904599475,-15.623461722747008],[-58.218974864699341,-15.623424391747648],[-58.219017587650512,-15.623387563858444],[-58.21905139347907,-15.623345044838532],[-58.219062984363923,-15.623301932400336],[-58.219067911945359,-15.623258856967759],[-58.219066189887435,-15.62321797064244],[-58.219071168381546,-15.623183504540217],[-58.219066539188873,-15.623151961667016],[-58.21904795077031,-15.623138433238001],[-58.219035326567308,-15.623132045910953],[-58.219013750400677,-15.623114228812506],[-58.219009929673831,-15.623094160932247],[-58.219008330667485,-15.62307408071382],[-58.219016240832431,-15.623034576282754],[-58.219022776843182,-15.623013015499756],[-58.219015097209343,-15.622966422514748],[-58.219005341043399,-15.622944235418066],[-58.218996384844729,-15.622932087975718],[-58.218989663096544,-15.622922081205875],[-58.218988037704598,-15.622897695874482],[-58.218993841630244,-15.622877574545175],[-58.219016882108463,-15.622850900059799],[-58.219018059519271,-15.622841327585089],[-58.219022882287817,-15.622822168026346],[-58.219011571449428,-15.622787553755419],[-58.218991617573195,-15.622751790721205],[-58.218968010341719,-15.622724418957251],[-58.218950565923393,-15.622695817113328],[-58.218944227288368,-15.622667153598101],[-58.218945249148767,-15.622631274079883],[-58.21894379599393,-15.622594213353992],[-58.218926210182559,-15.622541696094427],[-58.218918587161006,-15.622504669627826],[-58.218898612125223,-15.622465320037525],[-58.21888240170945,-15.622436710429557],[-58.218819091011206,-15.622372490301277],[-58.218733506140588,-15.622297631119647],[-58.218709758549885,-15.622246343900574],[-58.218681778909371,-15.622105397359247],[-58.218693424967846,-15.621988146125171],[-58.218759263964174,-15.621853852956876],[-58.218881973939439,-15.621738376791097],[-58.218967838110984,-15.621651802974043],[-58.219068691812026,-15.621596237217933],[-58.21915492354907,-15.621571843047526],[-58.219209341724003,-15.621593064409797],[-58.219291005305735,-15.621630876403779],[-58.219362853733912,-15.621678307916255],[-58.219414833247136,-15.621704327093545],[-58.219513828270301,-15.621705904947547],[-58.219589232555819,-15.621686832336598],[-58.219649677325393,-15.621642013071321],[-58.219713073986995,-15.621595742906425],[-58.219791159382524,-15.621529302012245],[-58.219852973893033,-15.621465821377068],[-58.219916176101016,-15.621386548274018],[-58.219977718821873,-15.621277151186707],[-58.220009758545601,-15.621186571752888],[-58.220093187993953,-15.62102252546317],[-58.220143984207326,-15.620848615521268],[-58.220213935075577,-15.62065881527128],[-58.220268210479105,-15.620572416573728],[-58.220360736726029,-15.620444193475484],[-58.220409390111143,-15.620367033991055],[-58.220460519085314,-15.620249563233605],[-58.220535816615985,-15.62004586198988],[-58.220553122050568,-15.619951886215439],[-58.22057767623108,-15.619764251799269],[-58.220606643761272,-15.619655034768265],[-58.220643463095477,-15.619538121695369],[-58.220703882228428,-15.619405771731056],[-58.220782057781449,-15.619271409476232],[-58.22092736677876,-15.619138587437966],[-58.221114248008341,-15.619024665973336],[-58.221326778749223,-15.618897017935025],[-58.221479099432685,-15.618781375784588],[-58.221640639801052,-15.618555669959306],[-58.221738357386428,-15.618387717472874],[-58.22185576036059,-15.618210088571605],[-58.221908549132003,-15.617956289041361],[-58.221995970466303,-15.617716646113724],[-58.222073010809162,-15.617390964842377],[-58.222086484999799,-15.617166082780352],[-58.222138790522727,-15.616830973219553],[-58.222201109131817,-15.616519722294315],[-58.222307169118686,-15.616232742450368],[-58.222414227812287,-15.616079684567733],[-58.222548376019539,-15.615812876895019],[-58.222648396324828,-15.615513374528854],[-58.222662207357402,-15.615241257483939],[-58.222654779523651,-15.615029046882201],[-58.222682985442454,-15.614583461636894],[-58.222654356166643,-15.614437137438658]]]}},
{"type":"Feature","properties":{"OBJECTID":343,"ID":0,"SHAPE_LEN":232.714400754},"geometry":{"type":"MultiLineString","coordinates":[[[-58.240846488592219,-15.638703367920623],[-58.240819763206623,-15.638517675964655],[-58.240886299799421,-15.638296081745972],[-58.241008221001927,-15.638050259034655],[-58.241117802301154,-15.637804505196618],[-58.241221249122731,-15.637564765257578],[-58.241312536308286,-15.637354988415195],[-58.241391086389967,-15.637079516685143],[-58.241408262812605,-15.636858201718109],[-58.241407361869257,-15.636708735240605]]]}},
{"type":"Feature","properties":{"OBJECTID":369,"ID":0,"SHAPE_LEN":754.34487541399994},"geometry":{"type":"MultiLineString","coordinates":[[[-58.1386467906378,-15.633540470728041],[-58.139063595827615,-15.633362677541903],[-58.139277756311373,-15.633261117609324],[-58.139506883268112,-15.633188179134992],[-58.139821665888398,-15.633073180855115],[-58.140228169949957,-15.632941921246374],[-58.140627746640284,-15.632896794176531],[-58.141271852989675,-15.632886270047916],[-58.141753032273719,-15.632869416709726],[-58.142130753950532,-15.632888974702579],[-58.142567508362013,-15.632872350850997],[-58.14320393194059,-15.632811636734665],[-58.143690045475829,-15.632705785446776],[-58.144286288899323,-15.63252091323249],[-58.144655742679319,-15.632385055363423],[-58.145060012826555,-15.632296847737267],[-58.145208092352227,-15.632296074837239],[-58.145479649845797,-15.63230900685663]]]}},
{"type":"Feature","properties":{"OBJECTID":325,"ID":0,"SHAPE_LEN":641.48269697000001},"geometry":{"type":"MultiLineString","coordinates":[[[-58.22000053165425,-15.641085747280682],[-58.220133633360327,-15.64116049637958],[-58.220238583991581,-15.641211569960451],[-58.220398987728863,-15.641291033523087],[-58.220539670744436,-15.641374432915461],[-58.220678447207618,-15.641469323187085],[-58.220847214410355,-15.641627183413027],[-58.220966292076056,-15.641729835525998],[-58.221043895726723,-15.641830804978873],[-58.221119582399105,-15.641941351891813],[-58.221254852648649,-15.642110877751358],[-58.221370107120954,-15.642234597176584],[-58.221475285602587,-15.642323933388674],[-58.221618159241153,-15.642443671713961],[-58.221778802872585,-15.642563311820096],[-58.221943384797669,-15.64268101539918],[-58.222128051285559,-15.642856005064615],[-58.222326540332709,-15.643030917492494],[-58.222416162139346,-15.64316051800175],[-58.222494107900616,-15.643318883101509],[-58.222548167436337,-15.643444855640011],[-58.222604054078047,-15.643545946429423],[-58.222699713241376,-15.643694645843171],[-58.222761421061556,-15.643778484941633],[-58.222918254215926,-15.643921103332801],[-58.22320328735249,-15.644106118487114],[-58.223421385856042,-15.644257961462083],[-58.223619683084536,-15.644400347904707],[-58.2237387466675,-15.644500128506296],[-58.223832987958005,-15.64457613239],[-58.223971568968416,-15.644637539382154],[-58.224119993517341,-15.644694107915653],[-58.224288305134145,-15.644774481397345],[-58.224392504934698,-15.644864777804427]]]}},
{"type":"Feature","properties":{"OBJECTID":363,"ID":0,"SHAPE_LEN":1127.03792819},"geometry":{"type":"MultiLineString","coordinates":[[[-58.152994268445163,-15.639868919052782],[-58.153010705518263,-15.639811362705309],[-58.15301252400134,-15.639783610225946],[-58.153013372574065,-15.639758732771913],[-58.153011242473738,-15.639731001052759],[-58.152998248184133,-15.639702370112449],[-58.152986039321192,-15.639684896567882],[-58.152971150626335,-15.639670625215176],[-58.152955264307074,-15.639654445520881],[-58.152936370792681,-15.639630150027287],[-58.152927794457248,-15.639597191418003],[-58.152921638127424,-15.639555609403647],[-58.15291849703209,-15.63952357856008],[-58.152920224473363,-15.639479563343135],[-58.152926991037567,-15.639453698435579],[-58.152938226415529,-15.639432593545747],[-58.152950478157038,-15.639416744089976],[-58.152976535251049,-15.639397953031787],[-58.153001153888816,-15.639386822066868],[-58.153027288639322,-15.639381901150557],[-58.153048964359101,-15.639374134653492],[-58.15308687880858,-15.639357193921512],[-58.153103619031711,-15.639349452465606],[-58.153116852310745,-15.639332641499983],[-58.153124120339498,-15.639308209366067],[-58.153121040819656,-15.63928717883215],[-58.153117494636625,-15.639270935166943],[-58.153114439226705,-15.639254209846916],[-58.153112836100334,-15.639214804023677],[-58.153140667017993,-15.639160129095174],[-58.153167048766925,-15.63911120163565],[-58.153191360416123,-15.639089902333287],[-58.153227596091853,-15.639075696611608],[-58.153282298886452,-15.639059624813209],[-58.153331110492736,-15.639049322930656],[-58.153368042377025,-15.639033344566469],[-58.15340494303419,-15.639011625605194],[-58.153444732075293,-15.638976977233149],[-58.153462341279251,-15.638948185361386],[-58.15348133532197,-15.638902166650483],[-58.153479492330185,-15.638837602562882],[-58.153464386659081,-15.638784588836321],[-58.153450641722984,-15.638710042152086],[-58.153406989995688,-15.638583994989933],[-58.153387080694948,-15.638466432732447],[-58.153361006092645,-15.638305854003333],[-58.153286630020503,-15.637981942569864],[-58.153232170412927,-15.637777028757576],[-58.153185132494713,-15.637574945826067],[-58.153186331624504,-15.637524715358808],[-58.153181600379305,-15.637473081560628],[-58.1531754039219,-15.637424325391992],[-58.153151437649221,-15.637375662649713],[-58.153121548116815,-15.637327031045086],[-58.153075497682643,-15.637301443808846],[-58.153024973138599,-15.63727014022945],[-58.152977450407938,-15.637245995222091],[-58.152941709967088,-15.637210309466958],[-58.152913300854344,-15.637161669142831],[-58.152898251706176,-15.637118699347075],[-58.152892521317831,-15.637054036348859],[-58.152881135953777,-15.636871856298232],[-58.152868550461591,-15.63673990491397],[-58.152834033456905,-15.636658293873165],[-58.152793674474729,-15.636591062259008],[-58.152754755711818,-15.636516648700875],[-58.152726322658253,-15.63646370402817],[-58.152652000993847,-15.636413871331513],[-58.15260141248821,-15.636371087358237],[-58.152586299232901,-15.636316638158734],[-58.15257232907507,-15.636201914480155],[-58.152546593692094,-15.636101602254653],[-58.152523947493101,-15.636024233210385],[-58.152508924122507,-15.635974835504724],[-58.152490793104903,-15.635910356951751],[-58.152471101474063,-15.635831537862776],[-58.152399428602287,-15.635725726201828],[-58.152353105665071,-15.635651351446402],[-58.152330628186668,-15.635604116176392],[-58.152321566734273,-15.635572593671705],[-58.152319957950532,-15.635549642702516],[-58.152321213512224,-15.635509457120737],[-58.152325511894425,-15.635483605192123],[-58.152305955912183,-15.635429179299074],[-58.152266949266362,-15.63533898102971],[-58.152229656712052,-15.635290388150768],[-58.152202568797691,-15.635213042385931],[-58.152172679830713,-15.635164410606292],[-58.152126589630662,-15.635070901410305],[-58.151937217144912,-15.634859640593922],[-58.151682390692066,-15.634529142583018],[-58.151579900223567,-15.63440711073636],[-58.151505492682197,-15.63434173160377],[-58.151359628794985,-15.634187042896073],[-58.151263359179559,-15.634073945962385],[-58.151123748623981,-15.633934171386571],[-58.151024528177466,-15.633845006492496],[-58.150698099295859,-15.633398292258205],[-58.150477044296231,-15.633037719349893],[-58.150380792417216,-15.6329276120114],[-58.150281589479896,-15.632841436782044],[-58.150182402376032,-15.632758249761972],[-58.150160290220278,-15.632665690897012],[-58.15017221269742,-15.632590890891912],[-58.150218120626931,-15.632524880452792],[-58.150257741371526,-15.632437977336389],[-58.150358910385776,-15.632323844667646],[-58.150481691625828,-15.632212588778568],[-58.150545825575634,-15.632095661894976],[-58.150628668860556,-15.632014509644767],[-58.150677643586207,-15.631945494696787],[-58.150695669364289,-15.631858703868565],[-58.150670539207006,-15.631778118775367],[-58.150580774440598,-15.631724778573364],[-58.150447803722635,-15.631668674736648],[-58.150311681626697,-15.631600629444621],[-58.150169290118811,-15.631514679636581]]]}},
{"type":"Feature","properties":{"OBJECTID":365,"ID":0,"SHAPE_LEN":469.24689551},"geometry":{"type":"MultiLineString","coordinates":[[[-58.15652725246985,-15.636727324729288],[-58.15658482179996,-15.636782506962881],[-58.156612689883055,-15.63682253894047],[-58.156652564719721,-15.636891206832438],[-58.156674638520435,-15.636954228743077],[-58.156716617082182,-15.637045844912661],[-58.156728764476618,-15.637099353054113],[-58.156748798187586,-15.637150906019102],[-58.156786796063486,-15.637236804220352],[-58.15683261673427,-15.637309266972203],[-58.156904201033285,-15.637398814260886],[-58.156979744675247,-15.637490253315232],[-58.15707713665882,-15.637604536461195],[-58.157154859445619,-15.637732316604858],[-58.157191382631318,-15.637819178834386],[-58.157197854528548,-15.637872955513348],[-58.157167323195068,-15.637929917569222],[-58.157164523983475,-15.637980753924502],[-58.15716887025301,-15.638035079646697],[-58.157160211087181,-15.638075304251448],[-58.15713972953737,-15.638119896567115],[-58.157110290482656,-15.638151621035741],[-58.15705125110297,-15.638186371585434],[-58.156998102744708,-15.638215351197408],[-58.156956784827905,-15.638241398466901],[-58.156919997578683,-15.638283206857652],[-58.156896610737078,-15.638337858758058],[-58.156865900841993,-15.638406898898982],[-58.156836630983975,-15.638468757085361],[-58.156785172452174,-15.638535036736341],[-58.156733681647246,-15.638595576701206],[-58.156685121157054,-15.638650361354845],[-58.156630539690525,-15.638687958214659],[-58.15649923729567,-15.638776183751329],[-58.156415193261218,-15.638841200646038],[-58.156337168236192,-15.638923404411379],[-58.156281380215027,-15.639009796249027],[-58.156258532242248,-15.639072576852426],[-58.156209450274972,-15.639122581559791],[-58.15614062450598,-15.639172689438901],[-58.156056002565862,-15.639222881470451],[-58.155977411304868,-15.639292173904234],[-58.155896889131363,-15.639369129920654],[-58.155857678899132,-15.63941908162257],[-58.155808628968245,-15.639474825928163],[-58.155759504767609,-15.639517176433605],[-58.155694477000907,-15.639540478517306],[-58.15560770824429,-15.639560068882924],[-58.155560310859826,-15.639558405051755],[-58.155505015395114,-15.639556783729102],[-58.155461930870963,-15.639554020591774],[-58.155436221490255,-15.639559928435792],[-58.155416414970986,-15.639575290840675],[-58.155404512003443,-15.639591752342245],[-58.15539874969955,-15.639620481939813],[-58.155375228129827,-15.639651218684916],[-58.155341769293273,-15.639670527180691],[-58.15529047697725,-15.63967845082791],[-58.155243101034102,-15.639680613984684],[-58.155134137364698,-15.639660991827691]]]}},
{"type":"Feature","properties":{"OBJECTID":329,"ID":0,"SHAPE_LEN":527.79834942499997},"geometry":{"type":"MultiLineString","coordinates":[[[-58.170502425526784,-15.611553683660366],[-58.170196241477015,-15.611296589447488],[-58.16992370791754,-15.611106712966244],[-58.16954056945,-15.610995151461562],[-58.169336543874621,-15.610918510303344],[-58.169021165698261,-15.610788650815135],[-58.168730499353849,-15.610664638746011],[-58.16845857830549,-15.610582378576629],[-58.167983071869479,-15.610501201518266],[-58.167674710624659,-15.610520778087889],[-58.167378587062061,-15.610522351963837],[-58.167038939724151,-15.610464366502763],[-58.166766985659457,-15.610376125877398],[-58.166396661405763,-15.61034819742332],[-58.166069555589161,-15.610326018309417],[-58.165872004503342,-15.610303150248393]]]}},
{"type":"Feature","properties":{"OBJECTID":358,"ID":0,"SHAPE_LEN":470.29559501599999},"geometry":{"type":"MultiLineString","coordinates":[[[-58.152794104559376,-15.640102814999434],[-58.152779993101461,-15.640117238809829],[-58.152756066595728,-15.640141877819284],[-58.152741975216749,-15.640159889155512],[-58.152724820043737,-15.640181504229288],[-58.152702124289426,-15.640205539277199],[-58.152691137794108,-15.640227121923699],[-58.152683824432962,-15.640243303360307],[-58.152672814501024,-15.640260700104779],[-58.152655625841192,-15.640276335960621],[-58.152639059529065,-15.640293164421987],[-58.152617540971285,-15.640307029668731],[-58.152604640171489,-15.640317261985333],[-58.152589302201655,-15.640332888109317],[-58.152564842729447,-15.6403724779233],[-58.152564448768587,-15.640382922909392],[-58.152564015957957,-15.640393926718366],[-58.152562133158007,-15.640410199830114],[-58.152555307621007,-15.640425541675171],[-58.152540102141195,-15.640442841148227],[-58.152525862158519,-15.640456309279129],[-58.152507684281595,-15.640471710786663],[-58.152484092564414,-15.640490011575292],[-58.152470327288647,-15.640500128207659],[-58.152467403090043,-15.640506840672582],[-58.152465474769521,-15.640514982414901],[-58.152461074610478,-15.64052265807336],[-58.152449740077756,-15.640526065736925],[-58.152439380012758,-15.640527077426935],[-58.152426051974714,-15.640527147469118],[-58.152406302688469,-15.640526294010408],[-58.152397905746639,-15.640525381796499],[-58.152385561948975,-15.640524968493562],[-58.152375695336751,-15.640525976683529],[-58.152364848908277,-15.640528425437035],[-58.152356983832519,-15.640534206619993],[-58.152354070333935,-15.640542831709006],[-58.152349235604994,-15.640561033013491],[-58.152351296035484,-15.640576329062274],[-58.152357819939006,-15.640595427922875],[-58.152357873475708,-15.640604993761142],[-58.152356966866293,-15.640619348156644],[-58.152357500476135,-15.640626519716271],[-58.152354085489762,-15.6406337129294],[-58.152349706742818,-15.640645215644412],[-58.152337969758335,-15.640664888634394],[-58.152324271389261,-15.64068696368644],[-58.152319384052696,-15.640695599147232],[-58.152316470550701,-15.640704224235883],[-58.152315522850479,-15.640711403579569],[-58.152321003621822,-15.640720462728504],[-58.152331423528388,-15.640729974997212],[-58.152335924478656,-15.640740473805662],[-58.152333043099539,-15.640754838578198],[-58.152316837279741,-15.64076975244264],[-58.152301091856806,-15.640778923130286],[-58.152283367244756,-15.640787147876045],[-58.152257259057947,-15.640796851183573],[-58.15224298691232,-15.640804579614716],[-58.152223299162621,-15.640814727352733],[-58.152213477105917,-15.640823866910784],[-58.15221106067068,-15.640832968460884],[-58.152207161987299,-15.640842076895265],[-58.152206740794213,-15.640854993324906],[-58.152207335968157,-15.640873167000397],[-58.152207392174653,-15.640883210995259],[-58.152205959976193,-15.640891828299495],[-58.152201082405547,-15.640902377292308],[-58.152193259205603,-15.640915811688537],[-58.152181508808312,-15.640933092986121],[-58.152171725147163,-15.640948928534428],[-58.152164919238004,-15.640967619267053],[-58.152157363967333,-15.640984758301117],[-58.152150696313811,-15.641006318233336],[-58.152148469902201,-15.641049378826288],[-58.152148931605979,-15.641131887460309],[-58.152144199227386,-15.641168384342761],[-58.152137582680922,-15.641198911734978],[-58.152134661795621,-15.641228224735629],[-58.152130435594998,-15.641244987424013],[-58.152125590396444,-15.641261156781498],[-58.152117072018768,-15.641282725532861],[-58.152115833210317,-15.641296563730542],[-58.152115679284037,-15.641313066389536],[-58.152116251703603,-15.641327174380264],[-58.152118291115841,-15.64133888200349],[-58.152123285133982,-15.641349140495672],[-58.152134182462071,-15.641355779433217],[-58.152145804795943,-15.641359784171732],[-58.152160637357063,-15.64136401067549],[-58.152168074180132,-15.641369711452832],[-58.152170587918192,-15.641377829853203],[-58.15217039425746,-15.64138739789416],[-58.152167472708975,-15.641394587608508],[-58.152160623960199,-15.641405625128375],[-58.152151312327014,-15.641417631929441],[-58.15209854083394,-15.641496736806781],[-58.151997109433296,-15.641630721732714],[-58.151852852255708,-15.641786455581601],[-58.151723307988071,-15.641924892509827],[-58.151618897448635,-15.642056023005271],[-58.151539717941915,-15.64219706614889],[-58.151540063054625,-15.642258767305771],[-58.151537390280325,-15.642310440020417],[-58.151512793149749,-15.642413887455987],[-58.15149828154685,-15.642467056854269],[-58.151483802045242,-15.642525966840221],[-58.151463334900313,-15.642573427659222],[-58.151438353415976,-15.642607997965539],[-58.151404461775279,-15.642638310620685],[-58.151373484621793,-15.642659998187185],[-58.151345646157822,-15.64266928022472],[-58.15133238217382,-15.642680829579239],[-58.151332470443421,-15.642696613260279],[-58.151342909138002,-15.642709473569379],[-58.151362159819769,-15.642709372484386],[-58.151369620746451,-15.642719377597867],[-58.151380138762661,-15.642746587121335],[-58.151384726255017,-15.642772392370963],[-58.151375170322083,-15.6429173742935],[-58.151342138227321,-15.643101223046353],[-58.151288036049145,-15.643224913974892],[-58.151248573920377,-15.643318394245979],[-58.15117794188928,-15.643399123046411],[-58.15106309251717,-15.643517393918303],[-58.151010515526735,-15.643589405448834]]]}},
{"type":"Feature","properties":{"OBJECTID":340,"ID":0,"SHAPE_LEN":173.044298938},"geometry":{"type":"MultiLineString","coordinates":[[[-58.23468338139444,-15.626700628016398],[-58.234811190985951,-15.626676790091629],[-58.234917629217613,-15.626647492630065],[-58.235001702659318,-15.626592492275568],[-58.235128492188075,-15.626499943370995],[-58.235284715821457,-15.626377094795673],[-58.235798622505477,-15.62610365700426],[-58.236090852690772,-15.625964497808726]]]}},
{"type":"Feature","properties":{"OBJECTID":338,"ID":0,"SHAPE_LEN":1577.2808211399999},"geometry":{"type":"MultiLineString","coordinates":[[[-58.232524245353744,-15.623937836860261],[-58.232890857778528,-15.624207299057483],[-58.233133875729827,-15.624402041447757],[-58.233312560107834,-15.624568445557436],[-58.233461458433446,-15.624706319222083],[-58.233625507321626,-15.624901504761814],[-58.233819342973526,-15.625125221280246],[-58.233938800095338,-15.625291957733248],[-58.234033522313041,-15.625449268198061],[-58.234136027138284,-15.625669910320147],[-58.23418624302564,-15.625813120769084],[-58.234217609979119,-15.625899638447468],[-58.234249030662426,-15.625995123327119],[-58.234258732664316,-15.626069805248541],[-58.234292915656695,-15.626111465002626],[-58.234379611549741,-15.626164786986154],[-58.234413920847011,-15.626227372005003],[-58.234482412307266,-15.62633161764407],[-58.234572802626815,-15.626486559567882],[-58.23465366998942,-15.626596713858989],[-58.234694632031484,-15.626739977105377],[-58.234713910169916,-15.626868414681987],[-58.234751966902628,-15.627041587755105],[-58.234768500902604,-15.627226839495069],[-58.23475426345572,-15.627321983682011],[-58.234766706149109,-15.627514194899318],[-58.234767660470112,-15.627673466962774],[-58.234737803232669,-15.627880264553408],[-58.234665650687582,-15.628194920144317],[-58.23461796555312,-15.628391773985879],[-58.234591897363941,-15.628489496639503],[-58.234570107475328,-15.628559930238232],[-58.234555549670254,-15.628601625496989],[-58.234463184174182,-15.628755682848864],[-58.234426527856456,-15.628816156027009],[-58.234385970436087,-15.628967052046574],[-58.234360357641748,-15.629140822837517],[-58.234321220206112,-15.629281665914224],[-58.234284907568387,-15.629399534252126],[-58.234268997397514,-15.629462760568167],[-58.234235507690755,-15.629557654176962],[-58.234165839802394,-15.629710508131421],[-58.234124545134364,-15.629820751221885],[-58.234085532249615,-15.629899892124277],[-58.234036933695016,-15.630026917255993],[-58.234003328513033,-15.630184949214211],[-58.233974229664817,-15.63027120853204],[-58.233932791583001,-15.63035753723986],[-58.233861953797359,-15.630479904918342],[-58.233832998065914,-15.630590078579505],[-58.23381886296837,-15.630702561498024],[-58.233822061384657,-15.630824512827413],[-58.233825317094102,-15.630956029716907],[-58.233818472449236,-15.631049338060585],[-58.233781869069396,-15.631118899490207],[-58.233713069387008,-15.631169508381216],[-58.233641700465668,-15.631203391627254],[-58.23355558241871,-15.631246923660443],[-58.23351641064788,-15.631299758517262],[-58.233485187990048,-15.631443426841402],[-58.233488508400434,-15.631530939225724],[-58.233465218668378,-15.631763050315682],[-58.233417063216145,-15.631964210942405],[-58.233368778831448,-15.63214384882048],[-58.233330538389779,-15.632352128784413],[-58.233301610823304,-15.632467086533577],[-58.233299701121354,-15.632560367125823],[-58.233322342205938,-15.632631986236818],[-58.233362043082458,-15.632667636693942],[-58.233394369365499,-15.632708111093136],[-58.233449164061653,-15.632791507899244],[-58.233511377297198,-15.632877253769474],[-58.233561208252887,-15.632955894152165],[-58.233596102934619,-15.633013095950004],[-58.233626204717432,-15.633094238947143],[-58.233628987849762,-15.633146837911498],[-58.233639603879489,-15.633271138303856],[-58.233641749483851,-15.633320391934342],[-58.233649626296142,-15.63339926910772],[-58.233660601167912,-15.633501087698578],[-58.233662426109042,-15.633558474537287],[-58.233670087177209,-15.633601479280545],[-58.233682173772294,-15.633641589280566],[-58.233707682104182,-15.633697408453353],[-58.233730306295186,-15.633766157737428],[-58.233777772636728,-15.633862031376523],[-58.233821516730941,-15.633913442735386],[-58.233847366725357,-15.633943909429604],[-58.233863321515159,-15.633970604701195],[-58.233865513898245,-15.634006944164888],[-58.233859785711907,-15.634039501102871],[-58.233848100141699,-15.634066351838888],[-58.233844369520313,-15.63410272461679],[-58.23384069526216,-15.634148662958765],[-58.23384091299917,-15.634185013528757],[-58.233841084895772,-15.634213711109233],[-58.23384910860652,-15.634234711279207],[-58.233888824223463,-15.63427275322263],[-58.233920677506724,-15.634316578188509],[-58.23412507758453,-15.634489533154564],[-58.234222267550059,-15.634563603463382],[-58.234293687675752,-15.634620598697085],[-58.234355213518675,-15.634673822505698],[-58.234375198000357,-15.634713888912531],[-58.234377343696117,-15.634742575379363],[-58.234373750742535,-15.634801905312864],[-58.234362156930274,-15.634844062047655],[-58.234372177376038,-15.634868878030924],[-58.234392150410073,-15.634907030057255],[-58.234451655853725,-15.63495261285815],[-58.234541898851276,-15.634999936189111],[-58.234647342701976,-15.63505100009281],[-58.234709869968775,-15.635106610747981],[-58.234744280534294,-15.635165249506732],[-58.234793661209686,-15.635251067145946],[-58.234847510477316,-15.635341163943014],[-58.234902995878905,-15.635457081096725],[-58.23493059591808,-15.635614768552358],[-58.234938506851059,-15.635699384235664],[-58.234955492583737,-15.635815518115519],[-58.234966081150255,-15.635852766592576],[-58.234972220229537,-15.635888605645885],[-58.234999192308791,-15.635941545617225],[-58.235031975607221,-15.63597579926998],[-58.235039568252688,-15.63600732490389],[-58.235044260537705,-15.636048911806196],[-58.235044544482157,-15.636096263236263],[-58.235037535989143,-15.63616230932077],[-58.235047711469356,-15.636212953065684],[-58.235077944379064,-15.636315619383184],[-58.23510582301811,-15.636437430701351]]]}},
{"type":"Feature","properties":{"OBJECTID":348,"ID":0,"SHAPE_LEN":309.50876167799998},"geometry":{"type":"MultiLineString","coordinates":[[[-58.219532217995969,-15.632371105510719],[-58.219570025300364,-15.632373573589639],[-58.219595202706579,-15.63237415132267],[-58.219624787906817,-15.63236896481266],[-58.219662546708726,-15.632368754902794],[-58.219684783854838,-15.632372935628764],[-58.219715887562458,-15.632374198094078],[-58.219738839832232,-15.632374070488328],[-58.219766153161082,-15.632360286081875],[-58.219794193422423,-15.632344346359314],[-58.219819307098888,-15.632334161737706],[-58.219849619215857,-15.632326818981298],[-58.21990601862263,-15.632306894468819],[-58.219978701503962,-15.632286161702106],[-58.220048246030998,-15.632277165368819],[-58.2201054879894,-15.632274456232883],[-58.220142494828373,-15.632272336876881],[-58.220181487637561,-15.63227212001593],[-58.220259496849444,-15.632275512331045],[-58.220292524181609,-15.632268154412911],[-58.220319648355812,-15.632264176449473],[-58.220344756332892,-15.632253036384293],[-58.22038462265305,-15.632233681876412],[-58.220397405398558,-15.632225001168282],[-58.220442354428947,-15.632188638703974],[-58.220509817713861,-15.632120103375662],[-58.220596719884604,-15.632000041799476],[-58.220637044285318,-15.631932854179441],[-58.220700799182055,-15.631863143579151],[-58.220739923990138,-15.631801941884868],[-58.220825556440914,-15.631675908030092],[-58.220894190622651,-15.631596604308077],[-58.220914948498034,-15.631559420053113],[-58.220951732684256,-15.631519754905218],[-58.220982461032655,-15.631499255299012],[-58.221009522728444,-15.631484755361203],[-58.221043910628701,-15.631457061164857],[-58.221058555022886,-15.631429476844698],[-58.221069412285225,-15.63138756336074],[-58.221074037358576,-15.631369681170771],[-58.221089213432926,-15.631348550413318],[-58.221106829211926,-15.631322623567232],[-58.221115160687702,-15.63131253311443],[-58.221129902865165,-15.631301449756632],[-58.221155542856415,-15.631297002702713],[-58.221177229782086,-15.6312916204232],[-58.221200884728091,-15.631285269962685],[-58.221212679599411,-15.63127659471094],[-58.22122991250469,-15.631269324575477],[-58.221294700117923,-15.631249113509826],[-58.22133832728835,-15.631239544269317],[-58.221413793389779,-15.631230514566209],[-58.221509122523265,-15.631199849800163],[-58.221586729580928,-15.631177176478145],[-58.221644372429978,-15.631158918638807],[-58.221676812502722,-15.631135779077379],[-58.221705571766762,-15.631116247566561],[-58.221721034644879,-15.631101812131655],[-58.221787438491916,-15.631062698713663],[-58.221835353226801,-15.63102727579915]]]}},
{"type":"Feature","properties":{"OBJECTID":349,"ID":0,"SHAPE_LEN":681.32274567000002},"geometry":{"type":"MultiLineString","coordinates":[[[-58.204136987944807,-15.644069374571067],[-58.204062634577127,-15.643967101795175],[-58.204008887980983,-15.643892780085377],[-58.203911725592135,-15.643822522969629],[-58.203854186211288,-15.643775008189225],[-58.203550618909055,-15.643524124459793],[-58.203425546478847,-15.643408102225857],[-58.203347949414663,-15.643307125984386],[-58.203321957930015,-15.643251783676027],[-58.20325826067149,-15.64316412328205],[-58.203105602643454,-15.643057819093386],[-58.203013694800923,-15.642974331244355],[-58.202859836792143,-15.642831680418507],[-58.202611466345765,-15.642565187557588],[-58.202313847046028,-15.642318095458499],[-58.202237100055477,-15.642277859769083],[-58.202199926225674,-15.642251756491065],[-58.202170156073365,-15.642225612614338],[-58.20216251407134,-15.642184997101177],[-58.202157242526098,-15.642127628367399],[-58.202176679968055,-15.64207490760146],[-58.202205905465505,-15.642007782856094],[-58.202220420457351,-15.641957480794524],[-58.202222707109186,-15.641926377720722],[-58.202224979794863,-15.641892883004621],[-58.202212500099996,-15.641869036047684],[-58.202172927042689,-15.641854903603845],[-58.202113652177765,-15.641848053417036],[-58.202061753980729,-15.641836380240854],[-58.202017118882232,-15.641800750951131],[-58.202001919701956,-15.641733870657514],[-58.201954677760789,-15.641674340259939],[-58.201917615763556,-15.641667368255112],[-58.201878070685446,-15.641658019038804],[-58.201826074825,-15.641629605207749],[-58.201803638661282,-15.641591463381927],[-58.201781175513084,-15.641548537358723],[-58.201746441218923,-15.641517638084938],[-58.201726654734557,-15.641510571366243],[-58.201674658931097,-15.641482157494803],[-58.201577930500477,-15.641401373621967],[-58.201488816061207,-15.641356422870144],[-58.20138248107228,-15.641321131498126],[-58.201288430320965,-15.641276206800432],[-58.201246236693081,-15.641235781424747],[-58.201216090087449,-15.641145066644349],[-58.201210888613751,-15.641099655174708],[-58.201195815327111,-15.641054297781125],[-58.201138771719904,-15.641006778565668],[-58.201084209343819,-15.640961637462865],[-58.201044428208505,-15.640911632850784],[-58.201021964370092,-15.640868707639822],[-58.201011632214737,-15.640789841990326],[-58.201008717637123,-15.640713327434133],[-58.201016434968714,-15.640696544031213],[-58.201016138536325,-15.640645724769108],[-58.20099428178856,-15.64060100288903],[-58.200981593079291,-15.640541282997269],[-58.200990586739735,-15.640496391250812],[-58.200999475780868,-15.640433563984647],[-58.200992939164408,-15.640370821200507],[-58.20096491293598,-15.640326132198586],[-58.200933801036328,-15.640281460994432],[-58.200862618460818,-15.64024298761494],[-58.200800516774187,-15.640174569790634],[-58.200747339102143,-15.640049302889029],[-58.200694178934953,-15.639927025975544],[-58.200588730300773,-15.639831940812384],[-58.200507543325159,-15.639664974776283],[-58.200457625004816,-15.639569584636233]]]}},
{"type":"Feature","properties":{"OBJECTID":335,"ID":0,"SHAPE_LEN":965.83969252600002},"geometry":{"type":"MultiLineString","coordinates":[[[-58.229930253339383,-15.618322090441987],[-58.229704111492111,-15.61847258993369],[-58.229479737541617,-15.618588640960802],[-58.229362305615695,-15.618636077721128],[-58.229218412731029,-15.618715805028984],[-58.229019018132192,-15.618799429584142],[-58.228919416042714,-15.618857384357666],[-58.228838493211398,-15.618943933177327],[-58.228720982167211,-15.619102434218654],[-58.228537717652593,-15.619408382963174],[-58.228394465961493,-15.619595726524873],[-58.228302694420613,-15.619725383826131],[-58.228162993659481,-15.619887595409912],[-58.227960257857987,-15.620032222618903],[-58.227790430854533,-15.62010850657895],[-58.227439735831659,-15.620271897622015],[-58.226930424887385,-15.620529445690298],[-58.226631828426029,-15.620739179887405],[-58.226241096128383,-15.621017588344996],[-58.226053100418937,-15.621151369837637],[-58.22580234759274,-15.62131420026687],[-58.225591800607837,-15.621390710007404],[-58.225455158761683,-15.621445282568247],[-58.225307688314253,-15.621546551034291],[-58.225182364226761,-15.621636934040161],[-58.225064614359532,-15.621755973372483],[-58.22496186287286,-15.621907215175819],[-58.224729978176434,-15.622130924080444],[-58.224567743713699,-15.622239449587255],[-58.224268844938493,-15.622398959430711],[-58.224055169376207,-15.622572343023528],[-58.223635092323171,-15.622897546453279],[-58.223436158602901,-15.623060085551153],[-58.223281751366578,-15.623240313246566],[-58.223215483152956,-15.623301667447908],[-58.223141811028839,-15.623363061984531],[-58.223064224094614,-15.623388606325765],[-58.222878356657269,-15.623524800449808]]]}},
{"type":"Feature","properties":{"OBJECTID":345,"ID":0,"SHAPE_LEN":652.20424118400001},"geometry":{"type":"MultiLineString","coordinates":[[[-58.235423697759863,-15.637019083803668],[-58.235147118580883,-15.637334033050939],[-58.234931630017577,-15.637617449278665],[-58.234794743178483,-15.637838242357498],[-58.234667641578433,-15.638044631014678],[-58.234417686726104,-15.638342590109696],[-58.234270080685661,-15.638422342281418],[-58.234087937888155,-15.638504680399432],[-58.233905852252832,-15.638596583930857],[-58.233748676048549,-15.638726611607066],[-58.233714840488233,-15.638846379488665],[-58.233676154593361,-15.638980523919733],[-58.233647484460953,-15.639138527150795],[-58.233618212559826,-15.639196088885116],[-58.23354942461966,-15.639249090404943],[-58.233322771167586,-15.639317328138077],[-58.233022019864734,-15.63937641639424],[-58.232449933939584,-15.639460945348828],[-58.231468417699112,-15.639590819291985],[-58.230575433066576,-15.639667579319203]]]}},
{"type":"Feature","properties":{"OBJECTID":364,"ID":0,"SHAPE_LEN":347.43182070799998},"geometry":{"type":"MultiLineString","coordinates":[[[-58.155032126771559,-15.634710696418837],[-58.15480334001407,-15.634843439349595],[-58.154704968952878,-15.634906139211063],[-58.154574700407899,-15.635002488786004],[-58.154498540745053,-15.635065071655069],[-58.15442015414294,-15.635170715107625],[-58.154396037368222,-15.635271289430339],[-58.154391663999263,-15.635371760753555],[-58.154374870326841,-15.635457946906365],[-58.15436121730005,-15.635517310971405],[-58.154343009514619,-15.635571217672799],[-58.154313700752049,-15.635626378668279],[-58.154249935216825,-15.635698462362281],[-58.154176283577243,-15.635768207207015],[-58.154143213123973,-15.635812625980245],[-58.154126144603431,-15.635849785287789],[-58.15410655430896,-15.635877391744087],[-58.154068454618958,-15.63590509558346],[-58.154024117501031,-15.635920874358428],[-58.154000711041455,-15.635928172768359],[-58.153983521895228,-15.635943808708031],[-58.153976279114488,-15.635972546072036],[-58.153981382010038,-15.636002414364075],[-58.153987679723947,-15.636025101102939],[-58.153987827121739,-15.636051408735737],[-58.153978062568548,-15.636070592344174],[-58.153954743184762,-15.636093435800076],[-58.153927615281475,-15.636097166147886],[-58.153899233193059,-15.63609731545664],[-58.153874632815445,-15.63611179449849],[-58.153854983101404,-15.636128638347115],[-58.153841509582115,-15.636146646487072],[-58.153834947094218,-15.63617576895189],[-58.153817402462195,-15.636216040207321],[-58.153793894394745,-15.636249168467073],[-58.153739441562379,-15.636309723340643],[-58.153667186818851,-15.636364631982108],[-58.153593427582578,-15.636415244077071],[-58.153485536847541,-15.636453120523164],[-58.153407769848371,-15.636475532542693],[-58.153342678418007,-15.636487354520577],[-58.1532627698897,-15.636497818970522],[-58.153202145449221,-15.636513922762719],[-58.153140047751045,-15.636531468795368],[-58.15308237594455,-15.636546121617474],[-58.153017300532866,-15.636560813343722],[-58.152940418770406,-15.636582741475104],[-58.152894585404425,-15.636595897510386],[-58.152863536994843,-15.636604670484466],[-58.152814789916533,-15.636626237371223]]]}},
{"type":"Feature","properties":{"OBJECTID":1,"ID":0,"SHAPE_LEN":3190.3682995300001},"geometry":{"type":"MultiLineString","coordinates":[[[-58.195913535030279,-15.646780104126499],[-58.195470613932194,-15.64616310178141],[-58.195290883174025,-15.6458149119513],[-58.195088509327192,-15.645392705550309],[-58.195051112632974,-15.645328337395243],[-58.195006464886781,-15.645290315004081],[-58.194944595924987,-15.645261953364328],[-58.194895206089065,-15.645257439118192],[-58.194813828137193,-15.645269841265627],[-58.194762193090313,-15.645303604093494],[-58.194700851622713,-15.64536611958704],[-58.194622288849629,-15.645438294900227],[-58.194519059299864,-15.645512996317501],[-58.194364068659645,-15.645599938315975],[-58.194273128797818,-15.645637582300719],[-58.193827751696411,-15.645787329670496],[-58.193650225431277,-15.64581890880206],[-58.193464768529502,-15.645844790287095],[-58.193312778482067,-15.645853271018348],[-58.193107421138954,-15.645852475201188],[-58.192965081353769,-15.645822638284022],[-58.192506192213685,-15.64568546672249],[-58.1923379624399,-15.645617503512044],[-58.192234945862687,-15.645558753326808],[-58.192165496026377,-15.645499819650347],[-58.192095934490226,-15.645421753654963],[-58.191994604790757,-15.645313248807325],[-58.191825932361994,-15.645168757771989],[-58.19173883344974,-15.645130966354161],[-58.191665644783598,-15.645108405070264],[-58.191608341125459,-15.645101063202082],[-58.191533300455234,-15.645099557501799],[-58.191472169059701,-15.645113282868831],[-58.191405180683176,-15.645138519611749],[-58.191177966623549,-15.645199193110248],[-58.19097443147448,-15.645214648367798],[-58.1907782180105,-15.645215714213389],[-58.190529966663263,-15.645181188385392],[-58.190363100601509,-15.6451354585197],[-58.189030914618776,-15.64481683524065],[-58.188737707120339,-15.644797498996756],[-58.188651393247959,-15.644809924727372],[-58.188423457143024,-15.644873939237794],[-58.188340486924886,-15.644931189374965],[-58.188211480965649,-15.645030541534382],[-58.188034045368681,-15.645291587821449],[-58.187790271441472,-15.645819056534815],[-58.187747580021565,-15.645905983038666],[-58.18769551230956,-15.645972033159577],[-58.187592074528652,-15.645999523539512],[-58.18677234859944,-15.646187770670226],[-58.186535292622985,-15.646275749107938],[-58.186446116164163,-15.646327052858169],[-58.186347685066721,-15.646378406658886],[-58.186218384308646,-15.646426938251901],[-58.186018057062498,-15.646463895408207],[-58.185916281612698,-15.646470425344653],[-58.185792841327775,-15.646465113775468],[-58.185650648896072,-15.646418051896305],[-58.185147327148208,-15.646172287593339],[-58.185069980702302,-15.64611339424442],[-58.184952824557449,-15.645999231692549],[-58.184879206614504,-15.645902053130728],[-58.184835139899448,-15.645793234336068],[-58.184816389398264,-15.645623055453983],[-58.184817677865453,-15.645117945795205],[-58.184823435513664,-15.645046166359405],[-58.184831811903805,-15.64500068090946],[-58.184853687946344,-15.64494196888317],[-58.184864628938676,-15.644913210786106],[-58.184870655015821,-15.644888066848432],[-58.184870386575163,-15.64484143225317],[-58.184857894846772,-15.644815192529798],[-58.184823121007277,-15.644777115474035],[-58.184782273848704,-15.644755811543826],[-58.184684728657651,-15.644746772646993],[-58.184440394061504,-15.644749288681556],[-58.184293957742511,-15.644736447074456],[-58.184267240444065,-15.644725829508234],[-58.184233044110108,-15.644702337348011],[-58.184216626293043,-15.644680184552215],[-58.184197909939265,-15.644644411480332],[-58.184193972312293,-15.644603537390719],[-58.184197542597424,-15.644580558023964],[-58.184216652896232,-15.644556061125817],[-58.184245381644892,-15.644530076870826],[-58.184316128244909,-15.644471579069887],[-58.18432557971699,-15.644441393641058],[-58.184324691389044,-15.644415569364805],[-58.184314135081408,-15.644382623022755],[-58.184233310548201,-15.644233824046712],[-58.184220496075476,-15.644194432400404],[-58.184221042748391,-15.644160708379458],[-58.184234879460028,-15.644120455078562],[-58.184235409616456,-15.644083860345464],[-58.184225618763406,-15.644055214255815],[-58.184201727057015,-15.644020904533303],[-58.184098110795894,-15.643900210769015],[-58.184045905094955,-15.643835202767516],[-58.184027142533324,-15.643791537928623],[-58.184006965623212,-15.643759360315991],[-58.183980198950472,-15.643740133278362],[-58.183940112438158,-15.643722412661049],[-58.183859286355933,-15.643702042118742],[-58.183656956548397,-15.643669413447107],[-58.183404286231948,-15.64363849079977],[-58.183250819892066,-15.643604880298673],[-58.18311661331547,-15.643572600256231],[-58.183027510995586,-15.643529315772708],[-58.182934524957794,-15.643454482414709],[-58.182826652207304,-15.643366097530038],[-58.182709010486228,-15.64325265298803],[-58.182601824078866,-15.643154936877975],[-58.182551882206013,-15.643097090559595],[-58.182497398459475,-15.643022049327724],[-58.182426345736147,-15.642898309145526],[-58.18234401303409,-15.642744496268067],[-58.182326872336972,-15.642725216197498],[-58.182314256111937,-15.642720262129467],[-58.182243891667497,-15.642716337142389],[-58.182229037930703,-15.642708524330324],[-58.182219329829728,-15.642694227177037],[-58.182171172510671,-15.642560319246451],[-58.18215457794004,-15.642507315121005],[-58.182135955980087,-15.642488043922736],[-58.182109835538824,-15.642452310547633],[-58.182103743279406,-15.64242292669444],[-58.182092899079997,-15.642339758065479],[-58.182046298953644,-15.641961181607392],[-58.182037191506396,-15.641922487507067],[-58.182019120784538,-15.641870209021388],[-58.181914136096715,-15.641639747524831],[-58.18180109379923,-15.641424396586981],[-58.181525766526875,-15.640928668893112],[-58.181334663206947,-15.640529345972478],[-58.181287334728616,-15.640483770194475],[-58.181227847883996,-15.640439846251679],[-58.181162362058032,-15.640425849480865],[-58.181104356282496,-15.640424966040452],[-58.180855247805745,-15.640455006611271],[-58.180763930062071,-15.640455498327084],[-58.180693508788536,-15.640441527989154],[-58.180624218780729,-15.640409615330917],[-58.180572190593232,-15.640375217080733],[-58.180500007375372,-15.640269179775657],[-58.180154597827496,-15.639860881554981],[-58.180130850325455,-15.639808393876477],[-58.180126846500912,-15.639755800851759],[-58.180152370000513,-15.639687503550681],[-58.180233061670968,-15.639469434004198],[-58.18024610576343,-15.639419857766928],[-58.180246516496339,-15.639362457514384],[-58.180237232706325,-15.639292912124777],[-58.180202507750316,-15.63921991694775],[-58.180193784369671,-15.639205015995728],[-58.180191575256416,-15.639196358519591],[-58.180192743307892,-15.63918499194058],[-58.180197285255318,-15.639170020505208],[-58.180206471944565,-15.639158013291876],[-58.180208559409699,-15.639145445897059],[-58.180205992787485,-15.639128120980539],[-58.180195177944221,-15.639071378617988],[-58.180195394960236,-15.6390555328781],[-58.180200547563501,-15.639039362288562],[-58.180209061905622,-15.63901779175019],[-58.180222819655285,-15.638995894704967],[-58.180248285373523,-15.638971243722372],[-58.180287040585107,-15.638938047999185],[-58.180324550282663,-15.638894079891864],[-58.180343487865855,-15.638839449828621],[-58.180354343813995,-15.638795625167404],[-58.180350398915273,-15.638753315568163],[-58.180339099766009,-15.638719655255747],[-58.180321099716039,-15.638679573500088],[-58.180291335412953,-15.63865390456613],[-58.180215439292596,-15.638589022051036],[-58.180112349995468,-15.638430296752187],[-58.180108615420487,-15.638295431430679],[-58.180132934115186,-15.638016919127518],[-58.180139170396636,-15.637942268104716],[-58.180154336745403,-15.637875461036172],[-58.180185820281963,-15.637813589171927],[-58.180235735990166,-15.637737985402396],[-58.1802840973073,-15.637649474974921],[-58.180347869739933,-15.637493917511884],[-58.180461559540873,-15.636918566774753],[-58.180538019768505,-15.636586920597281],[-58.180691139090875,-15.636173547262862],[-58.180733026795949,-15.636053742213726],[-58.180786736142089,-15.635951212251443],[-58.180931967277516,-15.635776442002539],[-58.180957723214277,-15.635748800180895],[-58.181081510487189,-15.635492831699416],[-58.181112387229788,-15.635389827128069],[-58.181181391330938,-15.635264495048556],[-58.181289773283133,-15.635076769379944],[-58.181352476818731,-15.634993204536029],[-58.181531969427461,-15.634789431097524],[-58.181678794252427,-15.634591572409116],[-58.181702074958658,-15.634562747978766],[-58.181741953306926,-15.634523072227427],[-58.181853903490882,-15.634462679339897],[-58.181955960521755,-15.634398752100596],[-58.182019130647056,-15.634332045137553],[-58.182083235364082,-15.634213316040036],[-58.182190995851265,-15.634068044388965],[-58.182260091533998,-15.633958854390034],[-58.182299225195806,-15.633897060366639],[-58.18233232673645,-15.6338592143937],[-58.182389470419572,-15.633817651231887],[-58.182492839959032,-15.633767468721627],[-58.182625773485164,-15.633708158237178]]]}},
{"type":"Feature","properties":{"OBJECTID":2,"ID":0,"SHAPE_LEN":2266.0193096799999},"geometry":{"type":"MultiLineString","coordinates":[[[-58.204814689161708,-15.628944195360324],[-58.204465152642861,-15.628904419119158],[-58.204255312525028,-15.628893613121035],[-58.204104136542647,-15.628891453520385],[-58.203885233865485,-15.628913580788375],[-58.203691009657177,-15.628935572470644],[-58.203524462150746,-15.628942465290599],[-58.203308416960141,-15.628925713116573],[-58.203129215981811,-15.628878864016933],[-58.203005489867678,-15.628822742143447],[-58.202976791002044,-15.628796978318816],[-58.202812036881397,-15.628582640116674],[-58.202667652142168,-15.628420422032107],[-58.202582689160828,-15.628324746068646],[-58.202521418810299,-15.628228940235356],[-58.202473415973778,-15.628123017534509],[-58.202405384893616,-15.627989462036103],[-58.202225085258355,-15.627754281360296],[-58.202097351294697,-15.627539739686478],[-58.201870327001437,-15.627227089051809],[-58.201712477001223,-15.627029247090075],[-58.201678019349551,-15.626960558506445],[-58.201582391723925,-15.626813282519068],[-58.201337846976557,-15.626521892886515],[-58.201032251339427,-15.626172003000161],[-58.20084599973859,-15.62597356457187],[-58.200703074074617,-15.62584089724443],[-58.200582634584336,-15.625755458591632],[-58.200093788285344,-15.625351006710442],[-58.199786672357668,-15.625163272250214],[-58.199586579675184,-15.625045743296937],[-58.19945994754201,-15.624998604493674],[-58.199301872438632,-15.624976509190544],[-58.199242505674604,-15.624964396785161],[-58.199181341873484,-15.62497142797848],[-58.19913405393357,-15.62498794843688],[-58.19911311087548,-15.624997270905766],[-58.199102063321448,-15.625007375420598],[-58.199094806351724,-15.625032527272333],[-58.199067160820043,-15.625116622779039],[-58.199061329817255,-15.625132438571136],[-58.199054724842924,-15.625142519717615],[-58.199041432346057,-15.625148332112964],[-58.199020756716422,-15.625157771524428],[-58.199007488328839,-15.625167889071376],[-58.198995015710921,-15.625187328731371],[-58.198987075630683,-15.625222528471221],[-58.198976145854324,-15.625252722463335],[-58.198962183706065,-15.625270734862404],[-58.198911935662764,-15.625287511886194],[-58.198873408065282,-15.625282699355525],[-58.198848946957106,-15.625277810888472],[-58.198829680608569,-15.625275046235133],[-58.198806763267534,-15.625280911188872],[-58.198793503204094,-15.625292463171069],[-58.19877294021687,-15.625321274374409],[-58.198758204081997,-15.625333552115061],[-58.198729363902224,-15.62533944941049],[-58.1986708928805,-15.625342638641063],[-58.198635347558259,-15.62534139827283],[-58.198541384508871,-15.62535267326604],[-58.198466030648405,-15.625381065941276],[-58.198350432869809,-15.62543079528837],[-58.19830361313668,-15.625443008639627],[-58.198261698121037,-15.625449814273878],[-58.198218566483028,-15.625459616650767],[-58.198153334958519,-15.625488671660117],[-58.198096797033131,-15.625527245191751],[-58.197998443883506,-15.625589963308414],[-58.197961998559286,-15.625603674674045],[-58.197942046741851,-15.625610241053034],[-58.197934301620784,-15.625615305408081],[-58.197917557244594,-15.625664184925835],[-58.197907250187697,-15.625674286248234],[-58.197893968042727,-15.625681891863714],[-58.197870667821199,-15.625685606622477],[-58.197859561793635,-15.62568566723737],[-58.19784548276499,-15.625683590982321],[-58.197836234464837,-15.625684718004653],[-58.19782478617617,-15.625689443717699],[-58.197814450860292,-15.625694523109118],[-58.197792651722985,-15.625701816351812],[-58.197716532014681,-15.625725908580362],[-58.197688478188631,-15.625739693424245],[-58.197638346639664,-15.625776558763626],[-58.197602959650112,-15.625802580871394],[-58.197589281247161,-15.625805884248821],[-58.197576702149547,-15.6258070285316],[-58.197483304314673,-15.625788166610533],[-58.197418477460047,-15.625780628332686],[-58.197395879356712,-15.62577788173278],[-58.19738362794228,-15.625771849943186],[-58.197372838949242,-15.625762581435],[-58.197351580312024,-15.625735433003975],[-58.197343748580295,-15.625725431566101],[-58.197335955508457,-15.625722245341359],[-58.197314863599033,-15.625723795802978],[-58.19727820407806,-15.625721842694453],[-58.197218912859469,-15.625715051513946],[-58.197189562227052,-15.62570743895936],[-58.197166045095983,-15.625695011129071],[-58.197151765969494,-15.62567984289297],[-58.197146114446603,-15.625662833349802],[-58.197138559368206,-15.62563686657267],[-58.197126131718861,-15.625621688235535],[-58.197109717635598,-15.625610716709692],[-58.197085283934307,-15.625599788923704],[-58.196839643739239,-15.625585882445643],[-58.196308858848653,-15.625541791379232],[-58.196058351284684,-15.625539569087207],[-58.195893080522296,-15.625553623271689],[-58.195720449198745,-15.625574892614965],[-58.195673623688016,-15.625586149119039],[-58.195636209147906,-15.625603094129559],[-58.195606733654408,-15.625627170163654],[-58.195586048091663,-15.625634936193995],[-58.195544610369375,-15.6256389881405],[-58.195512006974667,-15.625634382282309],[-58.195496148288548,-15.625623467262546],[-58.195485719971785,-15.625612523566412],[-58.195413380658145,-15.625565085749891],[-58.195366383135941,-15.625546686972459],[-58.195257640198612,-15.625520015680051],[-58.195220095267636,-15.625514480358424],[-58.195201338978045,-15.625514582499276],[-58.195186066189393,-15.625519448219979],[-58.195115754517801,-15.625566228441215],[-58.195096550111259,-15.625573985457018],[-58.195086176349697,-15.625572607449621],[-58.195054523748745,-15.625561778395475],[-58.194986702017871,-15.625527230800037],[-58.194957024020162,-15.625516390979932],[-58.194923406090616,-15.625507007100364],[-58.194885384389252,-15.625504344208911],[-58.19485087575606,-15.62551170726133],[-58.194807475466838,-15.625517683315257],[-58.194781302222076,-15.625515434069055],[-58.194726465548349,-15.625507122900258],[-58.194702768631927,-15.625506295562982],[-58.194661846497532,-15.625514170757954],[-58.194616527056027,-15.625529724132486],[-58.194584478094008,-15.625535638357567],[-58.194497592454034,-15.625533241351965],[-58.194427499606583,-15.625532666487278],[-58.194343634521793,-15.625540297155686],[-58.194273638671035,-15.625556462907463],[-58.194230195841321,-15.62555526389569],[-58.194180831103616,-15.625554098000364],[-58.194145318966399,-15.625558595606929],[-58.194108891116208,-15.625575534996306],[-58.194080899381014,-15.625600080928875],[-58.194063288788143,-15.625627441177102],[-58.194060559194796,-15.625667634532222],[-58.194062171999221,-15.625690346272807],[-58.194059992726046,-15.625697532410156],[-58.194052990164593,-15.625702951444209],[-58.194041179794205,-15.62570911433388],[-58.19398798635612,-15.625728775275281],[-58.19394617896279,-15.625732949153237],[-58.193882842811391,-15.625727195055795],[-58.193823943036847,-15.625720341163456],[-58.193794684530729,-15.625717989267313],[-58.193782121090571,-15.62572200314173],[-58.193756662252206,-15.625736491084231],[-58.193719995490518,-15.625788851169261],[-58.193670959398403,-15.625844602176462],[-58.193619927463068,-15.625896538709132],[-58.193507757855969,-15.625960286380737],[-58.193397397535954,-15.625995325223908],[-58.193277109728719,-15.626020851074873],[-58.193139086532781,-15.626052213971043],[-58.193014905762091,-15.626087327762068],[-58.192888861081414,-15.626141584545147],[-58.192759012004544,-15.626220734653632],[-58.192552651672699,-15.626384483719729],[-58.192381585689915,-15.626505948767971],[-58.192310765735336,-15.626550338276953],[-58.192172941207339,-15.626616138252553],[-58.192009483646743,-15.626687817162681],[-58.191869750700562,-15.626765106904166],[-58.191673597932478,-15.6268846033961],[-58.191612643328853,-15.626927982796873],[-58.19151289661454,-15.627025711224318],[-58.191453958024326,-15.627076254829642],[-58.191436131890612,-15.627087711873342],[-58.191418280623061,-15.627094983072745],[-58.191390555649996,-15.627101710392498],[-58.191349287625698,-15.627113893073407],[-58.191312362367363,-15.627130236344293],[-58.191290872192653,-15.627148290072661],[-58.191268220571907,-15.627178905330842],[-58.191228994085485,-15.627223960937783],[-58.191173177947263,-15.627281063427958],[-58.191125254562948,-15.627316001822564],[-58.191073549635448,-15.627337208734936],[-58.191025495847128,-15.627349427283974],[-58.190947167662785,-15.62735463583194],[-58.190901532593202,-15.627358471076313],[-58.190869782957087,-15.627362828443399],[-58.190827884476576,-15.627372621818145],[-58.190782354768132,-15.627394692732814],[-58.190722660227998,-15.627421323859659],[-58.190700805957363,-15.627429812588723],[-58.190667849923464,-15.627438959934068],[-58.190641963342998,-15.627443584650981],[-58.190608031939796,-15.627444067934245],[-58.190459631506272,-15.627441584598678],[-58.190355351050997,-15.627440057718623],[-58.190314046621552,-15.62744596189096],[-58.190263844606918,-15.627460284467887],[-58.190203802455642,-15.627480041344111],[-58.19015350726481,-15.627495999565035],[-58.190083435753309,-15.627499249465732],[-58.189541604401072,-15.627522276390808],[-58.189110429582861,-15.627475824886659],[-58.188941549318642,-15.627463346742696],[-58.188810246438834,-15.627462144499297],[-58.18874417929414,-15.627474938304278],[-58.188686984544987,-15.62748577136969],[-58.188652484497716,-15.627494567931528],[-58.188610025297272,-15.627492885241448],[-58.188547685737461,-15.627467392894147],[-58.188516951924726,-15.627444600162294],[-58.188503958340441,-15.627416928790103],[-58.188499215261139,-15.627393325501767],[-58.188503048636584,-15.627373215457149],[-58.188517282496122,-15.62735926704743],[-58.188544806573944,-15.627339028698053],[-58.188560018990593,-15.627323639585299],[-58.188562870106601,-15.627304492094996],[-58.188554390888186,-15.62728923129402],[-58.18853750787477,-15.627271625177988],[-58.188513250175006,-15.627259320629577],[-58.188491020432032,-15.627256092954713],[-58.188464372865141,-15.627257193596989],[-58.188413117612171,-15.627270864320792],[-58.188285014398858,-15.627310779330697],[-58.187654602015726,-15.627544143540042],[-58.187535178383591,-15.627591425891422],[-58.18748837113764,-15.627606028669771],[-58.187427949262137,-15.627613529907368],[-58.187393350360836,-15.627605346953487],[-58.187333991524405,-15.627575880829539],[-58.187288239166399,-15.62755938713765],[-58.187247498673045,-15.627556020853017],[-58.187189503508151,-15.627556334600738],[-58.187140173092345,-15.627561384023281],[-58.187090897780351,-15.627576000069297]]]}},
{"type":"Feature","properties":{"OBJECTID":3,"ID":0,"SHAPE_LEN":901.27899822400002},"geometry":{"type":"MultiLineString","coordinates":[[[-58.180154336745403,-15.637875461036172],[-58.180107695403407,-15.637462420710765],[-58.180091723276895,-15.637388606879508],[-58.180060873234723,-15.637302674877061],[-58.180023109550788,-15.637173014723505],[-58.179984805776449,-15.637078514001272],[-58.179953298348416,-15.637006935930904],[-58.179937408532886,-15.636947471151858],[-58.179940740824541,-15.63688287995608],[-58.179949329673583,-15.636831175497299],[-58.179947683988743,-15.636802485320331],[-58.179918294828994,-15.636712958724157],[-58.179885458296795,-15.63666793371236],[-58.179840096411347,-15.636633738884335],[-58.179658336692682,-15.63657157863355],[-58.179408352609641,-15.63649113116052],[-58.179019619577005,-15.636359770069518],[-58.178893373528012,-15.636294440842404],[-58.178799112272564,-15.636254768784529],[-58.178679702611248,-15.636219536228214],[-58.178509814544725,-15.636161615587817],[-58.178325740208706,-15.636082964887791],[-58.178241034773521,-15.63603104392117],[-58.178219398839417,-15.636002461091968],[-58.178202066219256,-15.635949460502895],[-58.178186679596365,-15.63584837877951],[-58.178174067745282,-15.635812462885861],[-58.178146190350759,-15.635771477617789],[-58.17812528961371,-15.635741933589721],[-58.178114288824027,-15.635717120767742],[-58.178113197041341,-15.635698949964526],[-58.178113065721163,-15.635675991430464],[-58.178107999047484,-15.635653059403513],[-58.178099010332879,-15.635634931917144],[-58.178081120445739,-15.635613981427385],[-58.178054295638773,-15.635584470110887],[-58.177987195099625,-15.635417180106916],[-58.177858418026752,-15.635124901761944],[-58.177780898500572,-15.634948339290688],[-58.177746972975505,-15.634842096306521],[-58.177730215649483,-15.634501384317495],[-58.177729679642525,-15.634407636645253],[-58.177738895818514,-15.634292790038215],[-58.177740597039183,-15.634244949747242],[-58.177724407609759,-15.634176158928458],[-58.177596636285173,-15.633930032050351],[-58.177511081701731,-15.633815695054444],[-58.177461394919902,-15.633758563626916],[-58.177399850064042,-15.633699582257091],[-58.17730859126155,-15.633623540895412],[-58.177223277508233,-15.633551294733094],[-58.177171572455826,-15.633486520675014],[-58.177139730767564,-15.63344268569972],[-58.177083759381254,-15.633322449952807],[-58.177019967732363,-15.633215648437663],[-58.176912625048608,-15.633053078038833],[-58.176875417359653,-15.633020393481454],[-58.176827711354058,-15.632985970975618],[-58.176756542157406,-15.632948685090438],[-58.176671172499326,-15.632909681991737],[-58.176420148282837,-15.632818951644776],[-58.176374234976343,-15.632774355879864],[-58.176338121501026,-15.632717151375347],[-58.176306886227856,-15.632649756264501],[-58.176288290593909,-15.632526688585587],[-58.176274544926372,-15.632388647879358],[-58.176268541546797,-15.63230975716117],[-58.176256652182445,-15.632280524347811],[-58.176243483454947,-15.632243524785043],[-58.176224809758075,-15.632214925825179],[-58.176205488786628,-15.632180949369891],[-58.176199819961475,-15.632160650872999],[-58.176200327289287,-15.632141515135196],[-58.176193362979852,-15.632110462559861],[-58.176178350493522,-15.632074668745785],[-58.176124838304496,-15.632017557464287],[-58.176067385677889,-15.631983426551299],[-58.176008029387624,-15.631961741791363],[-58.175950701449217,-15.631949613104668],[-58.175851880204767,-15.6319319660674],[-58.175723489344243,-15.631896498714703]]]}},
{"type":"Feature","properties":{"OBJECTID":4,"ID":0,"SHAPE_LEN":359.12117747799999},"geometry":{"type":"MultiLineString","coordinates":[[[-58.187896091158088,-15.64168151937165],[-58.187951230994422,-15.642682695435466],[-58.188035479353616,-15.643381777273285],[-58.188206475320385,-15.644143167699337],[-58.188423457143024,-15.644873939237794]]]}},
{"type":"Feature","properties":{"OBJECTID":5,"ID":0,"SHAPE_LEN":278.87140698600001},"geometry":{"type":"MultiLineString","coordinates":[[[-58.185689153716979,-15.628550853719645],[-58.186218590301429,-15.628393157943595],[-58.186343778177061,-15.628360912299021],[-58.186507502758914,-15.628335155259188],[-58.186684193156836,-15.628332286274143],[-58.186859946279448,-15.628338031913241],[-58.187248589092292,-15.628284271417812],[-58.187299850204887,-15.628271558150026],[-58.187332671964135,-15.628249736559116],[-58.187381295482794,-15.628229144645235],[-58.187427499179769,-15.628216936879545],[-58.187460798708535,-15.628213767477583],[-58.187488538708429,-15.628209432288807],[-58.187499616417149,-15.628204588878031],[-58.187513093264876,-15.628187774724482],[-58.187571796194113,-15.627988954990073],[-58.187631407538404,-15.627733808909797],[-58.187663495709323,-15.627648973700179],[-58.187714749416543,-15.6275218784389]]]}},
{"type":"Feature","properties":{"OBJECTID":6,"ID":0,"SHAPE_LEN":3286.3545096799999},"geometry":{"type":"MultiLineString","coordinates":[[[-58.15925117661881,-15.624708905257902],[-58.159339791090751,-15.624409182310659],[-58.159372782507468,-15.624241595201639],[-58.159390097937319,-15.624029248661373],[-58.159390929430685,-15.62362864983305],[-58.159394073048517,-15.623090521035019],[-58.159405201616899,-15.622875217915299],[-58.159419415644749,-15.622659897592062],[-58.159446354510507,-15.622513269835434],[-58.159485599713868,-15.622360596785166],[-58.159613220812076,-15.622110772537205],[-58.159662302180053,-15.622061485009159],[-58.15971391785834,-15.622024142855153],[-58.159768022622949,-15.6219903742677],[-58.159856582321993,-15.62193968225235],[-58.159873742990982,-15.621919263479819],[-58.159885940750364,-15.621894086515633],[-58.159885806201274,-15.621870171491091],[-58.15984468078716,-15.621754395921085],[-58.159843521744293,-15.621723789215604],[-58.159854219083911,-15.621695033452783],[-58.159887539164657,-15.621651808540481],[-58.159914014187471,-15.621620099488519],[-58.159936503297978,-15.621581714401332],[-58.16000204890323,-15.621476137203942],[-58.160129214168357,-15.621268830675264],[-58.160347159485319,-15.620879281820576],[-58.160534606681324,-15.620596081201295],[-58.160601371685964,-15.620444100452493],[-58.1606217836719,-15.620387550402791],[-58.160635302218012,-15.620333906718239],[-58.160645756129526,-15.620262103349488],[-58.16063269594347,-15.619870905455659],[-58.160638101753968,-15.619779038397958],[-58.160645594275614,-15.619707250682492],[-58.160670866740219,-15.619637282558202],[-58.160695286065256,-15.61959123467618],[-58.160748273051382,-15.619534512405243],[-58.160998827158764,-15.619326552196302],[-58.161300840089446,-15.619141279854333],[-58.161474078129558,-15.619052352199731],[-58.161841337174401,-15.6188839535466],[-58.162177288735769,-15.618765465062815],[-58.16237331770413,-15.61871396464046],[-58.162595267902816,-15.618685883667808],[-58.162777268764358,-15.618684919905093],[-58.16299340396759,-15.6187196496754],[-58.1631538107045,-15.618718799976955],[-58.163311032697969,-15.618700029795068],[-58.163646848588598,-15.618623512119623],[-58.164669635289087,-15.618378929454478],[-58.164958875277662,-15.61824884609047],[-58.165198675255169,-15.618104076739705],[-58.165471831394285,-15.617857487909834],[-58.165668645427701,-15.617595877900118],[-58.165728988332198,-15.617530983893317],[-58.165807041508785,-15.617455951575707],[-58.165867926739871,-15.61736474720381],[-58.165934455727864,-15.617259163249507],[-58.165979456892686,-15.617187176294493],[-58.166018097785418,-15.617146871772174],[-58.166036548875539,-15.617136609305508],[-58.16605746790097,-15.617126334635937],[-58.166064156206851,-15.617108959377783],[-58.166068962676853,-15.617086214029108],[-58.166082291961786,-15.617043094443366],[-58.166102482891823,-15.617013092144417],[-58.16613313069471,-15.616977653324993],[-58.166198927246647,-15.616939037694719],[-58.1663243175799,-15.616855861755807],[-58.166373530397188,-15.616830487883989],[-58.166422137766787,-15.616806911482794],[-58.166457154615784,-15.616780418028073],[-58.166560866300266,-15.616682409131347],[-58.166682378557063,-15.616568162658547],[-58.166780491244936,-15.616461813193959],[-58.166868579917775,-15.616328611119924],[-58.166972715790251,-15.616196518710924],[-58.16701006826672,-15.61614122408244],[-58.167025896376309,-15.616125354956884],[-58.16704139480337,-15.616116662833326],[-58.167050620615967,-15.616111591669913],[-58.167057237122769,-15.616103305600797],[-58.167059405096722,-15.616093966614489],[-58.167066202166609,-15.616052317109435],[-58.167070583703435,-15.616041530947246],[-58.167075721113974,-15.616033611591355],[-58.167080116864277,-15.616025337324041],[-58.167085209610569,-15.61600952524859],[-58.167090259728255,-15.61598618019965],[-58.167101950708165,-15.615958854282361],[-58.167132058773383,-15.615915286620023],[-58.167177361942699,-15.615874866965578],[-58.167205364016972,-15.615851758777403],[-58.167233721056462,-15.615825778779802],[-58.167295195203678,-15.615764824861495],[-58.167335230970195,-15.615709365873705],[-58.167375713218853,-15.61566753639748],[-58.167507777421058,-15.615521186149927],[-58.167651277977278,-15.615378700714256],[-58.167797432233769,-15.615258343301267],[-58.167964637075521,-15.615151027567547],[-58.168160186925064,-15.615037582475196],[-58.168294212944517,-15.614954358681151],[-58.168423376630642,-15.614884315303376],[-58.16848722676886,-15.614828968966021],[-58.168523991854052,-15.614784528695909],[-58.168550778789424,-15.614721008421261],[-58.168590757913663,-15.614590453482268],[-58.168630533744384,-15.614424025184894],[-58.168648777818632,-15.614377291701402],[-58.168673211952623,-15.614334112901755],[-58.168739488166821,-15.614271578345134],[-58.168978796424568,-15.614084955892558],[-58.169054634521402,-15.614011368851617],[-58.169086932132402,-15.613962408319029],[-58.16911558982045,-15.613924229126217],[-58.16915383030247,-15.613878824573902],[-58.169164812875998,-15.613857241270283],[-58.169171345860818,-15.613834247146169],[-58.169175547386118,-15.613791893710836],[-58.169170251512689,-15.613771832474944],[-58.169154525628407,-15.613740347088202],[-58.169153687473091,-15.613723131136105],[-58.169162473715005,-15.613705864854021],[-58.169281633281948,-15.613568909828881],[-58.169291892475606,-15.613550200289627],[-58.169294015592889,-15.613532969476864],[-58.169289431801587,-15.613507882321677],[-58.169289346394358,-15.613492815479495],[-58.169293714634733,-15.61347987713939],[-58.169307646256208,-15.613456126820955],[-58.169349649447106,-15.613421464175808],[-58.169370276692746,-15.613403417138112],[-58.169382756593826,-15.61338469577186],[-58.169398807238075,-15.613342996951511],[-58.169421452756225,-15.613289064734317],[-58.169425068627142,-15.613273883274712],[-58.169425814076568,-15.613231308701591],[-58.169427180360586,-15.613211211999438],[-58.169434996049866,-15.613196820794329],[-58.169457599111283,-15.613179001862424],[-58.169461495642373,-15.613169893191539],[-58.1694638116739,-15.613143095257833],[-58.169463819307573,-15.613100843693827],[-58.169466210328309,-15.613087437709774],[-58.169476949319403,-15.613066334763708],[-58.169503424487694,-15.613035102861666],[-58.169590199345734,-15.61293180191074],[-58.169611714313277,-15.612896291081581],[-58.169616536168242,-15.612876175977512],[-58.169618331668822,-15.612844597316691],[-58.169620657590954,-15.612819712005567],[-58.169619920127538,-15.612776667160444],[-58.169624693164792,-15.612747942561711],[-58.169639380166451,-15.612726818585401],[-58.169654105131492,-15.612712390580452],[-58.169669318060755,-15.612697003637983],[-58.169681070907281,-15.612680677878929],[-58.16970988369129,-15.612626474162424],[-58.169733194092998,-15.612559384662982],[-58.169787733567446,-15.612428991549153],[-58.169841931480995,-15.612325385844555],[-58.16986678225792,-15.612260201709994],[-58.169870907256026,-15.612204215885415],[-58.169878863381513,-15.612040588178866],[-58.169902065180445,-15.611954367059381],[-58.169941724270288,-15.611898191969551],[-58.170018318074284,-15.611827470547134],[-58.170502425526784,-15.611553683660366],[-58.170934889529761,-15.611311740172743],[-58.170973198374298,-15.611278532359389],[-58.171042372656053,-15.611204980247631],[-58.171115711343397,-15.611082617321099],[-58.171192149665558,-15.610984632596125],[-58.171280481742009,-15.610895194180994],[-58.171700932909445,-15.610486698197727],[-58.171811419226344,-15.610387455114738],[-58.171897109059785,-15.610267417827911],[-58.171964308820243,-15.610150469295315],[-58.172034406044304,-15.610000620108973],[-58.172125755720081,-15.609790867428211],[-58.172250661990162,-15.609515166206519],[-58.172403873214293,-15.60933497836219],[-58.172587828269698,-15.609136690030432],[-58.172781359690568,-15.60899515037911],[-58.173174658334617,-15.608723995143164],[-58.174029623960692,-15.608271002480025],[-58.175047727087076,-15.607757344214695],[-58.17510770293061,-15.607722528418806],[-58.175154540887831,-15.607713907689389],[-58.175216232443177,-15.60771357770494],[-58.175271816692508,-15.607724042326403],[-58.175334864748194,-15.607745229861779],[-58.175433849942657,-15.607793727480159],[-58.175543892662155,-15.60783379658406],[-58.175648924852517,-15.607860737840504],[-58.175732887138381,-15.607871050485667],[-58.17584018277249,-15.607862106063305],[-58.175951029261334,-15.607826834286881],[-58.175987962803774,-15.607812287029564],[-58.176026074792965,-15.607788166476627],[-58.176141407951128,-15.607673948418448],[-58.176184407809075,-15.607641431469542],[-58.176227482631333,-15.607622068710924],[-58.176282971462058,-15.607615792272551],[-58.176348438724901,-15.607628595452018],[-58.176430021742107,-15.607654466013397],[-58.176574740620396,-15.607717068683987],[-58.176638988592288,-15.607732270048132],[-58.176697005680531,-15.607736742816146],[-58.176738956591166,-15.60773651813021],[-58.176811663681555,-15.607720583259745],[-58.176864555131708,-15.607691600818205],[-58.176938271037876,-15.607636198522297],[-58.176976396519024,-15.607614470389576],[-58.17700718770125,-15.607604739361982],[-58.177060242785821,-15.607604455128813],[-58.177109595224017,-15.607604190720409],[-58.17715651488826,-15.607609917793139],[-58.177228159460277,-15.607623883481864],[-58.177293613118913,-15.60763429470396],[-58.17739610344897,-15.607648095046988],[-58.177677531916835,-15.607666915617935],[-58.177730614304252,-15.607671414563873],[-58.177802251165026,-15.60768418423061],[-58.177925804780145,-15.607713416836901],[-58.178007401639533,-15.607741678466997],[-58.178056864250856,-15.607760546300605],[-58.178117547133652,-15.607799681971457],[-58.178176982478448,-15.607836432570132],[-58.178238762761396,-15.60785164668934],[-58.178327659793545,-15.607861932773591],[-58.178393032551512,-15.607857994535133],[-58.17852741054709,-15.607838140700974],[-58.178650547704265,-15.607794431463617],[-58.17872072534022,-15.607767747597375],[-58.178770024077757,-15.607757917031721],[-58.178839090733739,-15.60775276297257],[-58.178935357001286,-15.607757029913012],[-58.17908354600069,-15.607778954429314],[-58.179205722403701,-15.607783082196402],[-58.179287155425882,-15.607782645108625],[-58.179357463736508,-15.607778680093448],[-58.179403033384602,-15.607764085919101],[-58.179438772797333,-15.607756718832603],[-58.179493075448811,-15.607758819054808],[-58.179553608202667,-15.607771647754046],[-58.179610521275727,-15.607798845423421],[-58.179703624922865,-15.607870182768421]]]}},
{"type":"Feature","properties":{"OBJECTID":7,"ID":0,"SHAPE_LEN":3646.5179669099998},"geometry":{"type":"MultiLineString","coordinates":[[[-58.20292618105082,-15.647787403567332],[-58.202689693594969,-15.647326684926941],[-58.202605522756301,-15.647136378789904],[-58.202561760307418,-15.647017389137664],[-58.202530250566866,-15.646889389981194],[-58.202526372999415,-15.646752296959908],[-58.202537928094578,-15.646624061553764],[-58.20256814994508,-15.646531491944508],[-58.202644303947636,-15.646402902147058],[-58.203036045018358,-15.646057966956413],[-58.203112460835165,-15.645974086054576],[-58.203145810132618,-15.645890442398224],[-58.203157418034138,-15.645771148962963],[-58.203150463687933,-15.645634072851196],[-58.203125053531387,-15.645497097120234],[-58.203136661439935,-15.645377803682612],[-58.203175953505934,-15.645258358309407],[-58.203230800987789,-15.64516863453783],[-58.203304383936782,-15.645126500355955],[-58.203402627775588,-15.645093173059021],[-58.203509159260932,-15.645077282537379],[-58.203803365932309,-15.645077579893226],[-58.203957318019313,-15.645067168523074],[-58.204018369970036,-15.645040047091552],[-58.204039775387372,-15.644986359053574],[-58.204056874056157,-15.644871469067406],[-58.204066001366073,-15.644406497567413],[-58.20406872174155,-15.644213244374692],[-58.204093024400713,-15.644148538163197],[-58.204136987944807,-15.644069374571067],[-58.204222853366772,-15.64398041486271],[-58.204712445634094,-15.643712260928144],[-58.204835359070671,-15.643627880864873],[-58.204891732344244,-15.643560606627057],[-58.204967360420277,-15.643409522809575],[-58.205108519418417,-15.643069143147638],[-58.205140765443801,-15.643012046495745],[-58.2052131919217,-15.642904506553409],[-58.205231658505696,-15.642854659877564],[-58.205241261577036,-15.642808689029858],[-58.205240449534976,-15.642669982984195],[-58.205230381646665,-15.642636556103749],[-58.205227279987078,-15.642612657796734],[-58.20523503710568,-15.642588698897864],[-58.205248768874036,-15.642573317697869],[-58.205266527604557,-15.642571306526785],[-58.205295196458472,-15.64257784592173],[-58.205404014841534,-15.642615512465257],[-58.205420785732727,-15.64261350671223],[-58.205433564187082,-15.642603870499814],[-58.205483548243656,-15.642541414692678],[-58.205489331520553,-15.642517467542579],[-58.205490122378016,-15.642483980975364],[-58.205474080742903,-15.642441977314371],[-58.205426611398416,-15.642259522370059],[-58.205426437769852,-15.642229868211663],[-58.205433147273332,-15.642195392780373],[-58.205449828514865,-15.642178081801241],[-58.205461607899885,-15.642166537527347],[-58.205487171563597,-15.642159102522047],[-58.205523698260357,-15.642158901703505],[-58.205540492449764,-15.642160722019293],[-58.205604801875161,-15.642184284693572],[-58.205639393042745,-15.642190790579741],[-58.205676885174732,-15.642186758223396],[-58.205704449425099,-15.642173213587657],[-58.205722028843503,-15.642140591932854],[-58.205724816816826,-15.642110920587893],[-58.205720654447063,-15.642074592283485],[-58.205711567823187,-15.64204020370593],[-58.205700406549248,-15.641988606360014],[-58.205695173251726,-15.641937934549844],[-58.205692924004126,-15.641891071630665],[-58.205709923423044,-15.64173122127721],[-58.205746453295966,-15.64164731576588],[-58.205800246458068,-15.641560923603224],[-58.205977020330998,-15.641402107229471],[-58.206183173047705,-15.641202473572008],[-58.206303223887886,-15.641051144120269],[-58.206499012740629,-15.640767861681761],[-58.206616594929145,-15.640616545666498],[-58.206707393297009,-15.640527557978013],[-58.206827891919552,-15.640452756197421],[-58.206958417349561,-15.640404206232391],[-58.207079168159076,-15.640372451101994],[-58.207172770887084,-15.640340845356244],[-58.207273749128547,-15.640304416440969],[-58.207307993182923,-15.640251612888326],[-58.207307656645519,-15.640194217189253],[-58.207240444457724,-15.640138625050216],[-58.207081375862089,-15.640033314302652],[-58.20703954218785,-15.639970407253243],[-58.207034646016147,-15.639892947498842],[-58.207038625345241,-15.63981400350109],[-58.207054662344987,-15.639770867062134],[-58.207092868910934,-15.639720434351934],[-58.20714160980004,-15.639698641524687],[-58.207208144655645,-15.639681056003683],[-58.207249607220092,-15.63968082775491],[-58.207302959231434,-15.639687709190243],[-58.207340105109594,-15.639709028319546],[-58.207369847436084,-15.639730389106978],[-58.207392085233238,-15.639734571038074],[-58.20741133524696,-15.639734465052483],[-58.207437972929533,-15.639731448511899],[-58.207455666877919,-15.639718437092796],[-58.207471771096223,-15.639686779769349],[-58.207481892251941,-15.639645110364786],[-58.20749781134424,-15.639581885405841],[-58.207531685203982,-15.639550130236184],[-58.207601021690337,-15.639505264886202],[-58.207636502091262,-15.639495025388522],[-58.20768243273519,-15.639499076819961],[-58.207721059888442,-15.639520388631274],[-58.207860811019209,-15.639614324908457],[-58.207900339053957,-15.639620803271329],[-58.207940969769886,-15.639605034231076],[-58.207977744842388,-15.639562979365301],[-58.207984881835536,-15.639517500180236],[-58.207983191797403,-15.639439784176872],[-58.207987917675055,-15.639403884228633],[-58.207995131825228,-15.639371558146509],[-58.208017154936151,-15.639339150490681],[-58.208021964991083,-15.63931760036799],[-58.208011790708923,-15.639266237251981],[-58.208005214386461,-15.639196918261547],[-58.208013325898754,-15.639107189691467],[-58.208025378144164,-15.639058095857447],[-58.208014005809261,-15.63901271862647],[-58.207997760303556,-15.638978130954637],[-58.207988905235553,-15.638941109954528],[-58.207969721617211,-15.638826420527248],[-58.207962884871733,-15.638712858947365],[-58.207975911658913,-15.638619515729074],[-58.207936108015005,-15.638046954419119],[-58.20795397252293,-15.63772638515764],[-58.208010987747286,-15.637348203609818],[-58.208097983269838,-15.637032036998098],[-58.20820949056025,-15.636687036563064],[-58.208453229460488,-15.636164331516657],[-58.208629435463536,-15.635909855116042],[-58.208997721717402,-15.635582571248175],[-58.209597376285473,-15.635148783799313],[-58.209778712878084,-15.634927758698131],[-58.209817161268226,-15.634750570621112],[-58.209820805213397,-15.634530526342306],[-58.209793119505854,-15.634355138385262],[-58.209751169274561,-15.634272142402056],[-58.209652714074778,-15.634149280624278],[-58.209371400068676,-15.633904022232359],[-58.209240309538082,-15.633771295127124],[-58.209133197722281,-15.63368722368724],[-58.208956102375907,-15.633537530683123],[-58.208862300334417,-15.633450516771198],[-58.208814419220744,-15.63336611876006],[-58.208684270865966,-15.633141549979683],[-58.208655774917752,-15.633080004144388],[-58.208627513779994,-15.633058636208842],[-58.208588921480704,-15.633043064036785],[-58.208536841966719,-15.63300030276462],[-58.208496466359811,-15.632933082589032],[-58.208479824036665,-15.632872906818555],[-58.208474809852348,-15.632775358574174],[-58.208475928193081,-15.632713649576353],[-58.208491796094734,-15.632641815208684],[-58.208529457562726,-15.63254929347759],[-58.208536160736003,-15.632513861686709],[-58.208523231515429,-15.632497669962984],[-58.208493504212036,-15.632478700891577],[-58.208446024708387,-15.632462699477674],[-58.20828888531679,-15.632432953541088],[-58.20826114858928,-15.632416843351654],[-58.208245219551827,-15.632393972048282],[-58.20824008142597,-15.632359561800802],[-58.208255343755596,-15.632268597953392],[-58.208308068830988,-15.632035799494384],[-58.208298445833812,-15.63197307310381],[-58.208264196599686,-15.631919451723236],[-58.208165006014795,-15.631839282506629],[-58.207975810688005,-15.631666935667628],[-58.207817604843179,-15.631518333405777],[-58.207742883126798,-15.631402155324192],[-58.20769866090528,-15.631226020023998],[-58.207666217431651,-15.630954157523959],[-58.207610480430638,-15.630392445140121],[-58.207544384239846,-15.630168599429409],[-58.207428982587977,-15.629953992591528],[-58.207242261258777,-15.629677000461218],[-58.207040501826206,-15.629465857669972],[-58.206854341755594,-15.629284524437582],[-58.206711982617144,-15.629207581041657],[-58.206594565614331,-15.629175342853314],[-58.206489609498256,-15.629163962265743],[-58.206381657244485,-15.629167544982824],[-58.20630152060518,-15.629179943227486],[-58.20617207937579,-15.629201581862887],[-58.205968670588319,-15.629235583738652],[-58.205771361854289,-15.629257594220409],[-58.205610948465576,-15.629258475633041],[-58.205385579220646,-15.62922981907581],[-58.205218699418388,-15.629179914852626],[-58.205027000354463,-15.629106230505357],[-58.204875299859594,-15.629014390270651],[-58.204667199471579,-15.62877338611554],[-58.204485528034461,-15.628501943351074],[-58.204453291700467,-15.628475813179449],[-58.204399995086604,-15.62843544827291],[-58.204368873987264,-15.628388984154272],[-58.204331589805768,-15.628343748810194],[-58.204292848003135,-15.628260255744516],[-58.204271494258485,-15.628195801008379],[-58.204283491066505,-15.628137141644681],[-58.204329996476446,-15.62807111773779],[-58.204426897951691,-15.627971335862112],[-58.204466034146577,-15.627911331676293],[-58.204486592100601,-15.627839471759589],[-58.204505565637739,-15.627707830248966],[-58.204522846213081,-15.627581938699542],[-58.20451860160415,-15.627531261328439],[-58.204518310857296,-15.627481517677825],[-58.204526960343209,-15.627441291836782],[-58.204547438805029,-15.627398131185211],[-58.204569004738907,-15.627372183862823],[-58.204624914185871,-15.627310652194645],[-58.2046434804572,-15.627278025238606],[-58.20465414831714,-15.627245441637944],[-58.204655876879805,-15.627203340227176],[-58.204608158364096,-15.626977359542483],[-58.204595333012506,-15.626936533876224],[-58.204580341342854,-15.626905047446286],[-58.204550391559572,-15.626847813260989],[-58.204504709562379,-15.626759097601688],[-58.204483080567428,-15.626731952868479],[-58.204456310306369,-15.626712010605997],[-58.204432560176272,-15.626702095905719],[-58.204340579476522,-15.626690286850039],[-58.204275303224456,-15.626686042393857],[-58.204172668010642,-15.626691388104069],[-58.204131224780376,-15.626694485378911],[-58.204042387517049,-15.626695930016108],[-58.203916044089453,-15.626698535792231],[-58.203814339810144,-15.62669431115363],[-58.20373039944652,-15.626689031804627],[-58.203663217541745,-15.626679833395803],[-58.203611808204649,-15.626666722253354],[-58.203564291270759,-15.626644023772089],[-58.203507838854009,-15.626612764627509],[-58.203465157418833,-15.626572820299067],[-58.203449117674026,-15.626530817217844],[-58.203441821627727,-15.626464848978005],[-58.203443349360199,-15.626388310948833],[-58.203458551210126,-15.626286824399214],[-58.2035307657153,-15.625974567310161],[-58.203581930106381,-15.625823413963147],[-58.203587690936146,-15.625795639852281],[-58.203595986801957,-15.625779331377505],[-58.203613178087984,-15.625764887677313],[-58.203623952194135,-15.625750479168488],[-58.20362879881641,-15.62573514683946],[-58.203628715020088,-15.62572079787626],[-58.203623653321038,-15.625699301049027],[-58.203618087973133,-15.62567589432981],[-58.203615786582951,-15.62561994374949],[-58.203619084994521,-15.625593140372716],[-58.203616987505754,-15.625572105452443],[-58.203606929301628,-15.625540113717379],[-58.203586839898179,-15.625480912635437],[-58.203564930475153,-15.625448029560543],[-58.203509660733289,-15.625365584144578],[-58.203496616010234,-15.625329303499466],[-58.203493010375709,-15.62530349430757],[-58.203494836939178,-15.625278133492326],[-58.203501997021434,-15.625236481353497],[-58.203533729056737,-15.625091855882616],[-58.203547323035295,-15.625053037443253],[-58.203550677308506,-15.625035799741228],[-58.203551538454867,-15.625014271335088],[-58.203547004645934,-15.624998511378013],[-58.203534921635395,-15.6249579210841],[-58.203513396772507,-15.624906381186204],[-58.203508298806518,-15.624878666618313],[-58.203510627160881,-15.624854738445286],[-58.203511917483837,-15.624822205405524],[-58.203507790525499,-15.624791616531978],[-58.203498755512605,-15.624765837109095],[-58.203486262892596,-15.624739597576868],[-58.203469352850298,-15.624717688448028],[-58.203450483125103,-15.624698180880076],[-58.203430162955968,-15.624683942869314],[-58.203346018635024,-15.624643746748371],[-58.203330194102236,-15.624638572802864],[-58.203313376221743,-15.624632446167173],[-58.203304963097445,-15.624628666078396],[-58.203295526852997,-15.624618673664495],[-58.203288502750077,-15.624599101139864],[-58.20328535706566,-15.624567549648562],[-58.203288145344608,-15.624537878280197],[-58.203296145221323,-15.624470870737555],[-58.203293980772706,-15.624438356635656],[-58.203283570874525,-15.624346099214659],[-58.203272934688478,-15.624299761196063],[-58.203261440119711,-15.624275429733034],[-58.203251914545262,-15.624250131148155],[-58.203246334396574,-15.624224332770703],[-58.20324816099096,-15.624198971953616],[-58.203244343222124,-15.624136811733072],[-58.20324074882074,-15.624112916027535],[-58.203232736991218,-15.624093348913352],[-58.203221800066082,-15.624080015767611],[-58.203204452536447,-15.62406767499313],[-58.20318649734547,-15.624063887546699],[-58.203177242879782,-15.624063938275585],[-58.203159983640212,-15.624066722891156],[-58.203152271896194,-15.624066765162629],[-58.2031467002098,-15.624063507311812],[-58.203142043316468,-15.624058451107098],[-58.203124252009637,-15.624022973798624],[-58.20312231773849,-15.624008634973727],[-58.203121939215777,-15.623996679343174],[-58.203125557435982,-15.623982310083537],[-58.203132852262371,-15.623963734706116],[-58.203133399931588,-15.623951773998826],[-58.203132064742881,-15.623934442689807],[-58.203123049930156,-15.623869919227602],[-58.20311673260619,-15.623844543391035],[-58.203108569066728,-15.62382007434325],[-58.203098894219835,-15.623800995404848],[-58.203086450572599,-15.623783126598841],[-58.203052649780453,-15.623753117951768],[-58.203019478676119,-15.623725199282269]]]}},
{"type":"Feature","properties":{"OBJECTID":8,"ID":0,"SHAPE_LEN":970.49648326399995},"geometry":{"type":"MultiLineString","coordinates":[[[-58.196831422513569,-15.634179298868357],[-58.196957103310922,-15.63392663964661],[-58.197009788450863,-15.63381920906907],[-58.197062518945046,-15.633719431571183],[-58.197111376951547,-15.633633068308948],[-58.197144563613612,-15.633567836104497],[-58.197179457144465,-15.633456677270251],[-58.197239672856881,-15.633286068007703],[-58.197310037923629,-15.633163235115987],[-58.197411447932751,-15.632946482775001],[-58.197641490798873,-15.632441082167947],[-58.197747082115356,-15.63226448621759],[-58.197791757550895,-15.632137966328743],[-58.197828591815956,-15.632021056139832],[-58.197863195543938,-15.631860153473088],[-58.197911675524054,-15.631708741031893],[-58.197962586201747,-15.631635759524189],[-58.198031142560929,-15.63154163520506],[-58.198113641902459,-15.631468480273503],[-58.198235584001758,-15.631387457476318],[-58.198448200066231,-15.631281066688581],[-58.198808736748141,-15.631062420089419],[-58.199162747658143,-15.630825154793099],[-58.199430367049906,-15.630670869375022],[-58.199485728628872,-15.630641867861357],[-58.199513928505958,-15.630610624007302],[-58.199528534068534,-15.630575865981344],[-58.199534174216197,-15.630484955088921],[-58.199535171557194,-15.630444293053717],[-58.199546068985434,-15.630408359437542],[-58.199561963324655,-15.630383161257113],[-58.199593934859344,-15.630363853583422],[-58.199672789777722,-15.630343094616066],[-58.200122076274425,-15.63015050654858],[-58.200269690668506,-15.630070777691627],[-58.200437899315183,-15.629925166413027],[-58.200533485978845,-15.629811043856357],[-58.200578717161129,-15.629737853359872],[-58.200640453874328,-15.629659550467387],[-58.200670625277532,-15.6296278166267],[-58.200702360556463,-15.629610423655995],[-58.200749681424504,-15.629599401959918],[-58.200838425291288,-15.629581696999924],[-58.200881367123706,-15.629581461991716],[-58.200917678858652,-15.629587003033619],[-58.200961460718602,-15.629603982728185],[-58.200975540034563,-15.629606058761516],[-58.200999964059896,-15.629604489686541],[-58.201023597306275,-15.629594316183253],[-58.20106935842152,-15.629569671224704],[-58.201125396391753,-15.629529903780085],[-58.201140095013777,-15.629511168610733],[-58.201163590224738,-15.629477319064877],[-58.201185337483324,-15.629397560008162],[-58.201198521435778,-15.629373094259398],[-58.20121840656352,-15.629355048391194],[-58.201284153108347,-15.629329577192275],[-58.201336523292156,-15.629295568646823],[-58.201393982843065,-15.629245749209977],[-58.201451405643226,-15.629189471588292],[-58.201496225213354,-15.629130393076677],[-58.201510844290844,-15.629098026590684],[-58.201530666613856,-15.629069219196058],[-58.201561620228681,-15.629044656128514],[-58.201588891753538,-15.629023699898664],[-58.201618318130784,-15.628991252323631],[-58.201641052619735,-15.628953819316813],[-58.201656420632609,-15.628922884116403],[-58.201671775152747,-15.62888979589696],[-58.201682806029275,-15.628876821456565],[-58.201696851821694,-15.628873156955123],[-58.201722756013851,-15.628871579699689],[-58.201779032169561,-15.628872706895253],[-58.201834480783923,-15.628858771484445],[-58.201889890794,-15.62883837880354],[-58.201997792097664,-15.628804783650654],[-58.202118232831957,-15.628763227795643],[-58.202240861820989,-15.628715920118481],[-58.202319085617212,-15.628671726468998],[-58.202361858849358,-15.628642792353491],[-58.202378837699193,-15.628634089666416],[-58.202394388843047,-15.62863472215313],[-58.202408498335714,-15.628641820005264],[-58.202421138253719,-15.628651077192851],[-58.2024367447572,-15.628661036725001],[-58.202465669916819,-15.628669487879133],[-58.202501947085608,-15.628669289086554],[-58.202720949386254,-15.628642977600032],[-58.202788376758051,-15.62865193447402],[-58.20288174061168,-15.628673321507867]]]}},
{"type":"Feature","properties":{"OBJECTID":9,"ID":0,"SHAPE_LEN":1155.1967379299999},"geometry":{"type":"MultiLineString","coordinates":[[[-58.194781311128821,-15.645291103795788],[-58.194743867311686,-15.645252990564037],[-58.194714016126007,-15.645212974814843],[-58.194694499003603,-15.645167162970157],[-58.194683824425042,-15.645114127765094],[-58.194690646174095,-15.645013644518071],[-58.194721052321313,-15.644894378025388],[-58.194719313762128,-15.644849904690661],[-58.194689488559725,-15.64481419317087],[-58.194641943146813,-15.644787188774037],[-58.194598864801719,-15.644764463501456],[-58.194561685821618,-15.644737402599603],[-58.194517010542235,-15.644694597698546],[-58.194467775699103,-15.644631728412239],[-58.194392875708743,-15.644484336782229],[-58.194334297976823,-15.64434259597828],[-58.19428601179446,-15.644187885044962],[-58.194226901471687,-15.643954310668724],[-58.194191327548531,-15.643693343674627],[-58.194174072258811,-15.643526984119328],[-58.194162017439098,-15.64349117571663],[-58.194138132555018,-15.643458302537118],[-58.194111335933293,-15.643434053974776],[-58.194074115646885,-15.643399818018578],[-58.19404429077877,-15.643364106383874],[-58.194029249348844,-15.643324009854902],[-58.194031886446581,-15.643268033113635],[-58.194050779004407,-15.643206227165125],[-58.194225794871571,-15.64286997425299],[-58.194242925779186,-15.642844769646295],[-58.194292126800043,-15.642816998633268],[-58.194334049894586,-15.642810790966694],[-58.194386918531237,-15.642777021548399],[-58.194418788381,-15.642739778018836],[-58.194441909407651,-15.642683450157092],[-58.194451316498977,-15.642603280660524],[-58.194452009471732,-15.642510005957199],[-58.194457887682397,-15.642459750432234],[-58.194472397691626,-15.642408252926286],[-58.194505473824194,-15.642366219367251],[-58.194556942634165,-15.642303758655791],[-58.194585969507713,-15.642201957650343],[-58.194583022565268,-15.642119464634023],[-58.194566251657996,-15.641993997695364],[-58.194504688230801,-15.641805398585433],[-58.194463063840978,-15.641650173172408],[-58.194457773639797,-15.641589216625672],[-58.194470855259205,-15.641504244562626],[-58.194497809330002,-15.641470615395836],[-58.194522344687599,-15.641445369534713],[-58.194565195401957,-15.641386542461547],[-58.194577292632196,-15.641344624089257],[-58.194601404757712,-15.641246438347624],[-58.194659194575237,-15.64099739951409],[-58.194713025267312,-15.640704137140052],[-58.194706438500972,-15.640632425804075],[-58.194688816144321,-15.640572732309264],[-58.194687401659884,-15.640541649401525],[-58.194706902454428,-15.640499690689177],[-58.194755958095115,-15.640446809096854],[-58.194812452023804,-15.640399865375183],[-58.194873692937449,-15.640362701303863],[-58.194880464328023,-15.640338748969228],[-58.194878350809006,-15.640314844142813],[-58.194867325569057,-15.640286205328708],[-58.194845378702148,-15.640247102794914],[-58.19483130857305,-15.640204131124374],[-58.194817996828384,-15.640121933204108],[-58.194793776455356,-15.640031185952891],[-58.19475749866244,-15.639904151254981],[-58.194695941587142,-15.639673938256676],[-58.194690372520014,-15.639564912808135],[-58.194682968419151,-15.639479812796573],[-58.194681540347453,-15.639420820173891],[-58.194706829703961,-15.639355631282712],[-58.194726057986792,-15.639266559966764],[-58.194723711405715,-15.639202478859351],[-58.194711282176897,-15.639102100446836],[-58.19462431773367,-15.638746706995558],[-58.194507865323295,-15.638243196155521],[-58.194402654958338,-15.637805631439756],[-58.194389544276127,-15.637757871942831],[-58.194381213622741,-15.6376832992683],[-58.194382916483235,-15.637636415427785],[-58.194395488998467,-15.637591385051364],[-58.19441110077841,-15.63755973124408],[-58.194481690807734,-15.637475163678577],[-58.19451197275103,-15.637419513618267],[-58.194519637606469,-15.637379293415698],[-58.19450960410304,-15.637351605490363],[-58.194504568866662,-15.637334413573882],[-58.194502466551619,-15.637312423136899],[-58.194502327838528,-15.637288507540651],[-58.19452873802382,-15.637246271686054],[-58.194540451221236,-15.637223248773804],[-58.194546995083137,-15.637160075556574],[-58.194546856371552,-15.637136160864255],[-58.194556412688499,-15.637081580909612],[-58.194578518317812,-15.636978143574176],[-58.194634820543158,-15.636742147103522],[-58.194729501191667,-15.636577210663281],[-58.194876296828205,-15.636355189979451],[-58.195317064502994,-15.635754893285583]]]}},
{"type":"Feature","properties":{"OBJECTID":10,"ID":0,"SHAPE_LEN":182.38928524100001},"geometry":{"type":"MultiLineString","coordinates":[[[-58.181205090542882,-15.615653544573938],[-58.181187486856949,-15.615673007291997],[-58.181143527620613,-15.615753602038655],[-58.181102455685078,-15.615821265310705],[-58.181007117834596,-15.615979623859365],[-58.180965987367109,-15.616037243201468],[-58.180926232112903,-15.616076200292031],[-58.180871694052861,-15.616119542183188],[-58.180839374422391,-15.616164199993818],[-58.180812936304193,-15.616201650954027],[-58.18079386082735,-15.616231888005368],[-58.180782319579265,-15.616285042898745],[-58.180772143502907,-15.616318102003184],[-58.180757534144846,-15.616352619446713],[-58.180738433066523,-15.616378551318814],[-58.180701721165548,-15.616431842451732],[-58.180670930922751,-15.616485100837108],[-58.18064311933972,-15.616541214015502],[-58.180539520220215,-15.616808672393178],[-58.180510268511888,-15.616871968521242],[-58.180501603604853,-15.616910280235798],[-58.180500896079664,-15.616959072466795],[-58.180512071216889,-15.617014497869324],[-58.18053901327977,-15.617065054120676],[-58.180562347994311,-15.617097273201544]]]}},
{"type":"Feature","properties":{"OBJECTID":11,"ID":0,"SHAPE_LEN":92.801268552400003},"geometry":{"type":"MultiLineString","coordinates":[[[-58.1820294557183,-15.615492155325283],[-58.181876508325047,-15.615501411066669],[-58.181800994916507,-15.615501817452857],[-58.181738873558778,-15.61551363137534],[-58.181641282451515,-15.615537115764742],[-58.181573337130914,-15.615566180420151],[-58.181480138129793,-15.615581031388105],[-58.181413442806637,-15.615569910572997],[-58.181352736759877,-15.615570237146557],[-58.181298042767558,-15.615586315400563],[-58.18124487097279,-15.615609560673493],[-58.181205090542882,-15.615653544573938]]]}},
{"type":"Feature","properties":{"OBJECTID":12,"ID":0,"SHAPE_LEN":286.02337676600001},"geometry":{"type":"MultiLineString","coordinates":[[[-58.178684785270178,-15.615494620600559],[-58.179105613336617,-15.615376130630784],[-58.179206264480243,-15.615369850378093],[-58.179334554034071,-15.615363421657749],[-58.179506430281826,-15.615383544278059],[-58.179706273276672,-15.615460915604183],[-58.179929805827861,-15.615538158552596],[-58.179987156654398,-15.615555069851238],[-58.180101912138525,-15.615598459075626],[-58.180185036404858,-15.61563436393658],[-58.180256403105943,-15.615685638734032],[-58.180313896334525,-15.61572742201438],[-58.180353598972367,-15.615765474659895],[-58.180399191365346,-15.615797754919116],[-58.180444664252718,-15.615808990120883],[-58.180493986673362,-15.615802985172632],[-58.180553179770996,-15.615796927150157],[-58.180618339268158,-15.615798490424041],[-58.180811614146961,-15.615763012369245],[-58.181205090542882,-15.615653544573938]]]}},
{"type":"Feature","properties":{"OBJECTID":13,"ID":0,"SHAPE_LEN":5034.0257804900002},"geometry":{"type":"MultiLineString","coordinates":[[[-58.16452365874617,-15.630974675589089],[-58.164896739733869,-15.630959780065773],[-58.165089036449857,-15.630922885524129],[-58.165239791433869,-15.630871860947625],[-58.165394801493008,-15.630787810073864],[-58.165553855495425,-15.630633424191437],[-58.16561579590639,-15.630588611885184],[-58.165679339282576,-15.630565314069907],[-58.165777045266289,-15.630560490548186],[-58.165871927745222,-15.630580075828499],[-58.16603412039121,-15.630651394849362],[-58.166195609315402,-15.630665603881313],[-58.166387336345409,-15.630658844931533],[-58.166566960400104,-15.63060694920636],[-58.166676276819288,-15.630560448412574],[-58.166776685178647,-15.630509691418629],[-58.166868236421102,-15.630464002707493],[-58.166967269102521,-15.630431906950182],[-58.167094472315426,-15.630406118848626],[-58.167196568056454,-15.630391943899269],[-58.167274970678982,-15.630377894948433],[-58.167348179595201,-15.630361720486997],[-58.167425769337697,-15.630334760735671],[-58.167512658069285,-15.630250353166597],[-58.167563366409759,-15.630183357583181],[-58.167589841184963,-15.63015164763498],[-58.167608204538787,-15.630125720678542],[-58.167618475872764,-15.630109164232927],[-58.167642636215206,-15.630060964806566],[-58.167649816850648,-15.630021464578181],[-58.167646721164068,-15.629997804022207],[-58.167648852623273,-15.629982008596031],[-58.167655451212781,-15.62997049381964],[-58.167662769150432,-15.629955387594633],[-58.167673550263878,-15.629897931911239],[-58.167677113215944,-15.629873518216462],[-58.167679940560923,-15.629849827044973],[-58.167688707189072,-15.62982897327889],[-58.167696726007854,-15.629806688986235],[-58.167703307393381,-15.629792304384727],[-58.167706167256881,-15.629774351967209],[-58.167696762292486,-15.629682564717397],[-58.167700301775071,-15.6296538458217],[-58.167709084662782,-15.629635862788106],[-58.167739314323718,-15.629613459391924],[-58.167770313054767,-15.62959607492926],[-58.168084201270744,-15.629327502106056],[-58.168117254067077,-15.62928068980597],[-58.168139277786935,-15.629247568086452],[-58.168150228638808,-15.629220246046215],[-58.168156725494008,-15.629190794602035],[-58.16816895825815,-15.62912830904795],[-58.168172412260375,-15.629084524225426],[-58.16818034871762,-15.629047889876565],[-58.16819496098767,-15.629013373102467],[-58.168227362591587,-15.628982349242227],[-58.168279721532848,-15.628945479295249],[-58.168335734675104,-15.62889997923136],[-58.168357086870067,-15.628879058434752],[-58.168396831619901,-15.628837233498533],[-58.168435209042286,-15.62881550433894],[-58.168458062775706,-15.628798163158301],[-58.16847052732556,-15.628776572875417],[-58.168473387113835,-15.628758620451816],[-58.168469534482746,-15.628732094025024],[-58.168471597643212,-15.628704101592101],[-58.168478858527372,-15.628678951397429],[-58.168487661647205,-15.628664554946344],[-58.168517130130624,-15.628638567888615],[-58.168613550906159,-15.628546456681947],[-58.168738128407014,-15.628442316290156],[-58.168782931654995,-15.628400524009441],[-58.168840124377127,-15.6283673351329],[-58.16889421550637,-15.628331172628551],[-58.16891143582604,-15.628321514820314],[-58.168929532422496,-15.628302882842222],[-58.168939293521952,-15.628283399489483],[-58.168947555172537,-15.628271397653203],[-58.168959831811037,-15.628260271108235],[-58.168974885251899,-15.628249129770774],[-58.168996121482067,-15.628240347242818],[-58.169027554725368,-15.62823449962273],[-58.169043290082399,-15.628234714087338],[-58.169062422951207,-15.628235808033933],[-58.169076330542154,-15.62824021824127],[-58.169101114450477,-15.628258620883537],[-58.169112930565866,-15.628275000962066],[-58.169125420892932,-15.62830154101351],[-58.16914352413221,-15.628392922982396],[-58.169153731275856,-15.628452060251638],[-58.169162505958113,-15.628476229253602],[-58.169174605386218,-15.62848812261595],[-58.169193126815998,-15.628490116486111],[-58.169218097385205,-15.628486994210313],[-58.169249189686873,-15.628475468202144],[-58.169266409234574,-15.628465511176325],[-58.169273153536871,-15.62845800080771],[-58.16927279484549,-15.628449035026938],[-58.169268743294722,-15.628441881376743],[-58.169265628148658,-15.62843651699851],[-58.169267144545685,-15.628432024620658],[-58.169271136725342,-15.628428714924025],[-58.169277281442703,-15.628424197884726],[-58.169279712954797,-15.628417907273098],[-58.169283424927151,-15.628386256968376],[-58.16930745849205,-15.628315816452497],[-58.169343354274538,-15.628248181736183],[-58.169369824460567,-15.628215753920559],[-58.169402176901897,-15.628176120422157],[-58.16943310104643,-15.628145821075133],[-58.169532404506405,-15.628031212992273],[-58.169565473058761,-15.627987270332923],[-58.1695785142349,-15.627936976874949],[-58.169608539840389,-15.627878700856055],[-58.169699808257427,-15.627783507228935],[-58.169735846364226,-15.627740984128794],[-58.169758508460781,-15.627689922579901],[-58.169787516446604,-15.627582863421926],[-58.169799207599013,-15.627555536464721],[-58.169813929461718,-15.627540390713408],[-58.169864096310178,-15.627508554233609],[-58.169940919573165,-15.627477293340897],[-58.170009586761672,-15.62744392279274],[-58.17005827956681,-15.627413529539375],[-58.17010693255132,-15.627375961251223],[-58.170130465473427,-15.627347853436113],[-58.170153278162623,-15.627323337981583],[-58.170187201142461,-15.627299480083678],[-58.17022853548179,-15.627277018069972],[-58.170306095122257,-15.627245035426569],[-58.170432327049021,-15.62717907101435],[-58.170483888403965,-15.62713215969266],[-58.170522830653731,-15.627079575838859],[-58.170569053840701,-15.627005429242667],[-58.170593372088689,-15.626985210135574],[-58.170622901194122,-15.626969985354098],[-58.170821388830632,-15.62691741179494],[-58.170920896218675,-15.626882441942815],[-58.171024865259454,-15.626850796322474],[-58.171078556359028,-15.626831376770376],[-58.171101694873933,-15.62682073088666],[-58.171128326319291,-15.626816761620443],[-58.171158431681988,-15.626816122798077],[-58.171245380795071,-15.62682953017784],[-58.171298632813652,-15.626819679896645],[-58.171374429304215,-15.626781487407341],[-58.171472731238758,-15.626708258542722],[-58.171485514999382,-15.626699580565283],[-58.171504726912616,-15.626692780946493],[-58.171527439937044,-15.626694095111541],[-58.171557084482458,-15.626699198521484],[-58.171594137658289,-15.626705218713441],[-58.171648429062266,-15.626704450708448],[-58.171722370473603,-15.626687314638906],[-58.17181179043471,-15.626657898544435],[-58.172012719652926,-15.62662095215695],[-58.172136087007779,-15.626615509815052],[-58.172231174842821,-15.626628155633558],[-58.172370590318316,-15.626623823313617],[-58.172495171266085,-15.626614787575038],[-58.172684067185564,-15.626631715494112],[-58.172788979569937,-15.626635937468135],[-58.172903675651675,-15.626624562577298],[-58.173192091833776,-15.626565622756846],[-58.173728340009717,-15.626471874683824],[-58.174187836980401,-15.626335487311819],[-58.174571641354277,-15.626125364617558],[-58.174652720551755,-15.626061553117909],[-58.174743473239026,-15.625963012257554],[-58.174850008081357,-15.625818946486399],[-58.174937951707875,-15.625660629741926],[-58.174969393414244,-15.625548056755095],[-58.175008599681689,-15.62528237971387],[-58.17544882752231,-15.624796919480652],[-58.175739482596711,-15.624482064380093],[-58.17580334703699,-15.624429106657715],[-58.176125490616997,-15.624226487063533],[-58.176713478714383,-15.62390286127113],[-58.177421987359509,-15.623508036630167],[-58.177517912665074,-15.623451319767007],[-58.177694955130072,-15.623337964469108],[-58.177800717162242,-15.623275215363101],[-58.178075097130453,-15.623093178291933],[-58.178388434291946,-15.622955413994571],[-58.178420485549296,-15.622949860969612],[-58.178447003867333,-15.622947925254424],[-58.17847841808117,-15.622938788030417],[-58.178509756163336,-15.62291649754224],[-58.17852563651703,-15.622888310689364],[-58.178532248703746,-15.622857782758629],[-58.178541335709504,-15.622828436507032],[-58.178556050425044,-15.622812214612813],[-58.178573243379724,-15.622797772765407],[-58.178603954641545,-15.622773691373668],[-58.178689894496287,-15.622697297147708],[-58.178758614943114,-15.622630561414685],[-58.178779390192965,-15.622595173944543],[-58.178786639373961,-15.622568229294345],[-58.178788984287905,-15.622546692847232],[-58.178788250586102,-15.622526367898274],[-58.178778884223306,-15.622506687692724],[-58.178724808838474,-15.62243702372494],[-58.178709827524123,-15.622406611737626],[-58.178710355173045,-15.622391063495614],[-58.178718910140063,-15.622376668020822],[-58.178729971625707,-15.622368835920939],[-58.178743465973547,-15.622355011405908],[-58.17875263156143,-15.622339416780978],[-58.178763041398561,-15.622325609731693],[-58.178779623675098,-15.622312367020387],[-58.178804854143223,-15.62230087122132],[-58.178834362088388,-15.622282178132147],[-58.178866273049806,-15.622252111820075],[-58.178885875795885,-15.622227492566386],[-58.178895009664814,-15.622206517142965],[-58.17890292756752,-15.622188537472832],[-58.17890775412053,-15.622169378533966],[-58.178913183529907,-15.622147825521047],[-58.178931041798442,-15.622098701650227],[-58.178974237907148,-15.622013806938904],[-58.178991069644454,-15.62197927765083],[-58.178997592566631,-15.621954848855871],[-58.178998807027646,-15.621908206109286],[-58.178994871187548,-15.621867330838246],[-58.178982042989091,-15.621825068822378],[-58.178947593643016,-15.621756375145061],[-58.17893464648138,-15.621693306707106],[-58.178938163818799,-15.62166100113029],[-58.178945435521989,-15.621638002817143],[-58.178962357503011,-15.621619257991405],[-58.178975515040058,-15.621589770549697],[-58.178987965750885,-15.621566026718749],[-58.179006343326499,-15.62154296875935],[-58.179029976939439,-15.621532797606438],[-58.179068396933971,-15.621518958521278],[-58.179114113230341,-15.621486427197336],[-58.179151662253908,-15.621449633516026],[-58.179172956043267,-15.621418667860802],[-58.179191324442684,-15.62139417453133],[-58.179210344071365,-15.621353893663008],[-58.179243676806877,-15.621309231499998],[-58.179266144105426,-15.621289379408177],[-58.179319515500943,-15.621235999869892],[-58.17933860075582,-15.621207198269722],[-58.179344365499873,-15.621179543877147],[-58.179343880298333,-15.621159457131444],[-58.179342354001115,-15.621151573311188],[-58.179339672628323,-15.621135803676426],[-58.179341470717432,-15.621126466591816],[-58.179352448412196,-15.621104165158513],[-58.17936711369768,-15.621079333762529],[-58.179367628551063,-15.621039869994981],[-58.179359330169227,-15.62101300885292],[-58.179355053659584,-15.620977157530874],[-58.179363729396762,-15.62087594645897],[-58.179370994877331,-15.620851872517999],[-58.179378341312486,-15.62084178792418],[-58.179395634599594,-15.620823399927128],[-58.179409162318208,-15.620793910475889],[-58.179412385212927,-15.620774879459681],[-58.179408582714771,-15.620757321591054],[-58.179402559428468,-15.620739776556645],[-58.179396490989234,-15.620714337937024],[-58.179401569433587,-15.620696015559371],[-58.179408178459482,-15.620686652629196],[-58.179418864754759,-15.620677985497753],[-58.179428061687503,-15.620667890961377],[-58.179430204502395,-15.620654247614912],[-58.179423827341836,-15.620639573485573],[-58.179421006428811,-15.620599409934741],[-58.179422705079084,-15.620572853938544],[-58.179431893801556,-15.620561324944523],[-58.17945404295849,-15.620550444025564],[-58.179500949876704,-15.620531896021497],[-58.179528925304226,-15.620504123200059],[-58.179542868421464,-15.620482523530031],[-58.179557566481009,-15.620463431763085],[-58.179581473765737,-15.62043639759195],[-58.179610585777404,-15.620413281915242],[-58.179623104081038,-15.620401376172875],[-58.179638907950043,-15.620381560756767],[-58.179650994391132,-15.620358895406737],[-58.179651990315747,-15.620338800703699],[-58.179651112226573,-15.620314769608392],[-58.179649911993934,-15.620298992018659],[-58.17965820618307,-15.620260562102045],[-58.17966846375527,-15.620241852135949],[-58.179680965631022,-15.620227077475763],[-58.179689773771777,-15.620213756260418],[-58.17969783313044,-15.620199004566487],[-58.179706403180532,-15.620144071424704],[-58.17972383966854,-15.620021289416254],[-58.179725487899454,-15.619985765116425],[-58.179731624908285,-15.619958467567313],[-58.179740017599748,-15.619937257467445],[-58.179752508249308,-15.619920687703633],[-58.17976020234628,-15.619906655673617],[-58.179768975580181,-15.619887236881176],[-58.179769274024196,-15.619874679093604],[-58.179765111498256,-15.61985891742235],[-58.179746652918993,-15.6198299586838],[-58.179706215789977,-15.619771581947257],[-58.179676482512193,-15.619750815338207],[-58.179659790097979,-15.619744925677031],[-58.179641278909813,-15.619744427654272],[-58.179627071549383,-15.619741513861854],[-58.179615911974842,-15.619732007763318],[-58.179609029801362,-15.619715303461675],[-58.179590684427446,-15.619646942753358],[-58.179595257763445,-15.619583540678841],[-58.179626184773426,-15.619489504582914],[-58.179635882124039,-15.619458960051247],[-58.179640019277016,-15.619427248619314],[-58.179632434151337,-15.619395601072926],[-58.179622433321164,-15.619372935079435],[-58.17961179793469,-15.619347282367153],[-58.179605623725905,-15.619281665609781],[-58.179608371644171,-15.619244342046054],[-58.179631832575971,-15.619204037289993],[-58.179650229475783,-15.619184566796685],[-58.179670794720465,-15.619155757225828],[-58.179715105802387,-15.619007000743515],[-58.1797406406234,-15.618940855665963],[-58.179747973732461,-15.618928618930431],[-58.179754616467719,-15.61892499653109],[-58.179783472911154,-15.618921971569909],[-58.179848495195877,-15.618899379711916],[-58.179916404918217,-15.618863859090656],[-58.179967953795746,-15.618815510436411],[-58.180103458435198,-15.618560077212679],[-58.180143844004725,-15.618501745202183],[-58.180177587767744,-15.618447034687529],[-58.180190610387953,-15.618393871855869],[-58.180195711810619,-15.618250348160792],[-58.180204029155838,-15.618151292100157],[-58.180221337246508,-15.618070841659721],[-58.180246163153903,-15.618010439257144],[-58.180356424997179,-15.617872091000274],[-58.180425384197463,-15.61776122840628],[-58.180483920729735,-15.617640377604474],[-58.180504288574006,-15.617577130142255],[-58.180515583511607,-15.617480927070536],[-58.180507391188407,-15.617343215560584],[-58.180550851791274,-15.617145929998063],[-58.180562347994311,-15.617097273201544],[-58.180568561456219,-15.617070977657475],[-58.18058693206914,-15.617046962392525],[-58.180602308175885,-15.617038509537057],[-58.180614626296055,-15.617034855698325],[-58.180631856293239,-15.617026990356452],[-58.180647197233121,-15.617012558336864],[-58.180736809448547,-15.616931360247108],[-58.180842468026803,-15.616851271705615],[-58.18093463609074,-15.616785605204941],[-58.180984371858997,-15.616744082470657],[-58.181034104185478,-15.616701962261722],[-58.181095496980824,-15.616649017400377],[-58.181132986503741,-15.61662370339136],[-58.181209151543335,-15.61656469969469],[-58.181259479250492,-15.616511574776588],[-58.181272324803572,-15.616492373565761],[-58.181277164737232,-15.616475606255598],[-58.181277020902307,-15.616450494665866],[-58.181276774335387,-15.616407447388319],[-58.181279098416042,-15.616382323426526],[-58.18129122470561,-15.61634518803597],[-58.181312043469276,-15.616317572842974],[-58.181403055963365,-15.616265664434982],[-58.181438046646555,-15.616234982860998],[-58.181463755736068,-15.616199568643179],[-58.181493578616767,-15.616128258906388],[-58.181524552289176,-15.616042592536781],[-58.181536096262271,-15.616011439617919],[-58.181534095092495,-15.615985143056626],[-58.181525306714825,-15.615958882109018],[-58.181515312728109,-15.615937412030686],[-58.181502250521227,-15.615918947682168],[-58.181507198178593,-15.615901940253041],[-58.181523163267727,-15.615888700691817],[-58.181545551194816,-15.615876622441885],[-58.181567227332479,-15.615869570130577],[-58.181578565426022,-15.615867117385791],[-58.181589187626614,-15.615868973804535],[-58.181597090209358,-15.61586988761789],[-58.181608177032501,-15.615866719424838],[-58.181614801816856,-15.615859986726988],[-58.181620945542065,-15.615855409725439],[-58.181633493364579,-15.615848885595986],[-58.181646062667923,-15.615845948055776],[-58.181651744510305,-15.615846873816723],[-58.181661391320013,-15.615850887684543],[-58.18167793446748,-15.615852424795996],[-58.181689750881915,-15.615847339100567],[-58.181698953666462,-15.61583832100813],[-58.181704808431739,-15.615826451024798],[-58.181709720086253,-15.615779070681969],[-58.181711492442972,-15.615765429313782],[-58.181716974871165,-15.615753202482503],[-58.181725792984778,-15.6157416754038],[-58.181733880820808,-15.615731946511215],[-58.181737848122772,-15.615713629168036],[-58.181739177133693,-15.615687075153348],[-58.181738356416005,-15.615673088887643],[-58.181737899808653,-15.615658024108559],[-58.181740046553529,-15.615645098428162],[-58.181749613437397,-15.615635001820861],[-58.181765841413423,-15.615624511420217],[-58.181815669235164,-15.615599130912528],[-58.181957214665246,-15.615537384294578],[-58.181999667089869,-15.615516826922226],[-58.1820294557183,-15.615492155325283],[-58.182043264364189,-15.615480717977846],[-58.182078251395716,-15.615449438851055],[-58.182119507539561,-15.615435465631666],[-58.182161435013562,-15.615431054844379],[-58.182181817756486,-15.615435130213099],[-58.182204678676726,-15.615440985591622],[-58.182233668224967,-15.615439634564831],[-58.182256453749886,-15.615432336681822],[-58.182282899994966,-15.615417844774811],[-58.182299447228026,-15.615398622680052],[-58.182322689104588,-15.615363221657867],[-58.182379162513328,-15.615313292184766],[-58.182403705932082,-15.615289841939562],[-58.182436280757479,-15.615268142704954],[-58.182534082154667,-15.61521679389635],[-58.182554981978768,-15.615203527694669],[-58.182560458859861,-15.615190344541674],[-58.182558519277897,-15.615174809585964],[-58.182554748878538,-15.6151628720974],[-58.182545371339856,-15.615141398749419],[-58.182516509101724,-15.615057250331111],[-58.182515107189857,-15.615027960431366],[-58.182519895576966,-15.615002224808071],[-58.18252719984752,-15.614984846724614],[-58.182587970589587,-15.614909782613717],[-58.182845746061943,-15.614675213386844],[-58.183038675340107,-15.614536658246381],[-58.183197246963331,-15.614431769686226],[-58.183363331830371,-15.614345972639311],[-58.183454425240363,-15.614308412551981],[-58.183599740609438,-15.614258601525668],[-58.183690875101448,-15.614228215435112],[-58.183805459434367,-15.614198898779518],[-58.18390159139895,-15.614179248489815],[-58.183996413895393,-15.614146450658406],[-58.184128093877426,-15.614085950887993],[-58.184187133905596,-15.614053345901574],[-58.184211063891148,-15.61403049626457],[-58.184220218429353,-15.614013108157994],[-58.184220067399743,-15.613986801661285],[-58.184207389123166,-15.613927677668167],[-58.184210387694741,-15.613912714492729],[-58.184223863977579,-15.613895900566062],[-58.184355896834923,-15.613789360976304],[-58.18441980726292,-15.613745369366702],[-58.184444974561032,-15.613723111421344],[-58.18447067596005,-15.613686501069107],[-58.184474860379801,-15.613663160412969],[-58.184472242379975,-15.61363686722223],[-58.184460972157154,-15.613608228954984],[-58.184454017746461,-15.613578969025468],[-58.184449517483046,-15.613547305026415],[-58.18445666705302,-15.613503022027842],[-58.184508450329517,-15.61338854404795],[-58.184535909419509,-15.613335781335415],[-58.184553063413126,-15.613314762467445],[-58.184568397866869,-15.613299134370305],[-58.184679325981442,-15.613231929869109],[-58.184946145667247,-15.613069058161425],[-58.185263130800912,-15.61283237358346],[-58.185610595683876,-15.612596122450627],[-58.185721628697912,-15.612528797582641],[-58.185894414491443,-15.61245001849329],[-58.185940573144713,-15.612430397645616],[-58.185977532534864,-15.612420511820906],[-58.186176159641953,-15.612393968955352],[-58.18623644580169,-15.612385033665099],[-58.186295559254056,-15.612365342780336],[-58.186343537321797,-15.612340330164999],[-58.186359384207336,-15.612328048160935],[-58.186374836055201,-15.612311462078578],[-58.186387323668519,-15.612294534059195],[-58.186411952094616,-15.612200053069509],[-58.186420300495278,-15.612171308941855],[-58.186433506876547,-15.612150430581876],[-58.186441960488025,-15.612139980954517],[-58.186450784375268,-15.61212953023071],[-58.186458493319904,-15.612118367827287],[-58.186471327359008,-15.612097132625738],[-58.186477926420132,-15.612085976216989],[-58.186481236363591,-15.612082370732406],[-58.186488602790959,-15.612075874336197],[-58.186512967211655,-15.61206426311073],[-58.186545789359613,-15.612042919931458],[-58.186575339832331,-15.612031998386151],[-58.186594533757464,-15.612022567285395],[-58.18661002683443,-15.612013156176138],[-58.18661995945709,-15.612002340605708],[-58.186629132965045,-15.611988300381739],[-58.186632769840266,-15.611977159067877],[-58.186634927501366,-15.611966026649183],[-58.186633339121869,-15.611947381310909],[-58.186631300926891,-15.61191474683322],[-58.186638627203941,-15.611901434290228],[-58.186647091115596,-15.611892778854919],[-58.186660361423598,-15.611883020900203],[-58.186667694817544,-15.611870783966742],[-58.18667152435259,-15.611854869888923],[-58.186671850988951,-15.611847444339855],[-58.186673767434961,-15.611837509092398],[-58.186677886933815,-15.611824333188697],[-58.186677459574561,-15.611814410603696],[-58.186677434810257,-15.611810105430632],[-58.186678648790775,-15.611806631486559],[-58.186681601081538,-15.611805060817423],[-58.186684812223668,-15.611805521635597],[-58.186688034126462,-15.611808015281392],[-58.186690027856734,-15.611811353483816],[-58.186692396667297,-15.611815525773338],[-58.18669611951897,-15.611819331896577],[-58.186701691220698,-15.611822530548848],[-58.186708244628626,-15.611825006195321],[-58.186716529720123,-15.611828070871919],[-58.186731407269711,-15.611830833278221],[-58.186764915760023,-15.611838987158373],[-58.186780998846821,-15.611846373760798],[-58.186790921841428,-15.61185528870681],[-58.186800917851556,-15.611877057712155],[-58.186809709177524,-15.611903915892219],[-58.186835012702716,-15.611959084690032],[-58.186868301108404,-15.612007931803539],[-58.186874538605828,-15.612019856781938],[-58.186875822407679,-15.612028519211862],[-58.186875915279053,-15.612044661575636],[-58.186883509745549,-15.612077803848894],[-58.186915145415156,-15.612161339158293],[-58.18692138384796,-15.612173263225765],[-58.186933167607293,-15.612183961458941],[-58.18699777691959,-15.612208126254696],[-58.187048506194351,-15.612232366043555],[-58.18706768399295,-15.612241529247447],[-58.187090333998086,-15.612264426619571],[-58.187113072667508,-15.612302568794815],[-58.187130468865305,-15.612323700302856],[-58.18715992394295,-15.612349848394128],[-58.187181001288664,-15.612367372396896],[-58.187198013087304,-15.612375352331146],[-58.187232596406929,-15.612381443032278],[-58.187271847231194,-15.612394384513482],[-58.187288227050381,-15.612399676927348],[-58.187304274068595,-15.612400786052662],[-58.187324634208984,-15.612400975186466],[-58.187362620142636,-15.612408542534181],[-58.187383900335554,-15.612407830013726],[-58.187407579552918,-15.612395145841777],[-58.187434323403991,-15.612378857495541],[-58.187449022923865,-15.612360243428824],[-58.187466140395493,-15.612332946924022],[-58.187472876630636,-15.612324241140772],[-58.187485171952119,-15.612316700267026],[-58.187499671159522,-15.612316921071432],[-58.187520365818528,-15.612321592658017],[-58.187530265560461,-15.612326620895507],[-58.187538340696044,-15.612336144180329],[-58.187540160093867,-15.612341275762326],[-58.187546473353557,-15.61236635304842],[-58.187555212382655,-15.612383943721897],[-58.18757507899911,-15.612405660220261],[-58.187591556916963,-15.612427991616977],[-58.187601518624668,-15.61244378232724],[-58.18760867715671,-15.612454804721883],[-58.18762168801544,-15.612464301315569],[-58.187636523481004,-15.612469302859894],[-58.187651638406727,-15.612469221131327],[-58.187670148909881,-15.612469718522986],[-58.187706897496149,-15.61247669501811],[-58.187736863383293,-15.612484305666934],[-58.187763137811665,-15.612493729623681],[-58.187789448392174,-15.612509431913901],[-58.187812048581705,-15.61252365920544],[-58.187845748971426,-15.612536929789004],[-58.187868338836061,-15.612549362876402],[-58.18788594400521,-15.612553154460043],[-58.187904783888861,-15.612557237653467],[-58.187920545518189,-15.612562235072556],[-58.187936630421305,-15.612569920766672],[-58.187951483114162,-15.612577911413062],[-58.187958916742595,-15.61258325216072],[-58.18797312195727,-15.612585866258268],[-58.187978675895003,-15.612586135411675],[-58.187989445785483,-15.612581592882053],[-58.187994664393621,-15.612577080377624],[-58.188003225215759,-15.612563880432225],[-58.188009973484341,-15.612557267111209],[-58.188025654981693,-15.61254851202464],[-58.188037359625142,-15.612545459497548],[-58.18807098083137,-15.612544978446397],[-58.188098427233939,-15.612543635020216],[-58.188110781082131,-15.612546258219496],[-58.188130858343357,-15.612550933085757],[-58.188161773570435,-15.612562723624546],[-58.188183436523062,-15.612574863403236],[-58.188207591441298,-15.61259117478374],[-58.188218137917218,-15.612601282153209],[-58.188229029267973,-15.612617665283837],[-58.188240893118561,-15.612642414226441],[-58.188267619222124,-15.612676647896794],[-58.188280340349245,-15.612689434425974],[-58.188293327139363,-15.612694745118162],[-58.188309680240074,-15.612695553319279],[-58.188327865759099,-15.612693063195124],[-58.188367498663837,-15.612686660624162],[-58.188417104341497,-15.612687109928144],[-58.188445252229933,-15.612689827527154],[-58.18847418706239,-15.612700432867355],[-58.188540185665488,-15.612719448251575],[-58.188626893249918,-15.612734763038755],[-58.188756510422891,-15.612744823454547],[-58.188877263611275,-15.612758519374857],[-58.188943925167862,-15.612763898337821],[-58.189149781776919,-15.612771393610272],[-58.189212683647625,-15.612766748645443],[-58.189275585508959,-15.612762102758904],[-58.189311881670498,-15.612765493826204],[-58.189342299911054,-15.612776808717078],[-58.189404002915005,-15.612820958499348],[-58.18947538720915,-15.612875100032365],[-58.189540112640522,-15.612929995304567],[-58.189604036427994,-15.612974132092825],[-58.189708780617885,-15.613035985758239],[-58.189915833258461,-15.613122395613765],[-58.190022736230425,-15.613173475523229],[-58.190088115516239,-15.613213299874008],[-58.190108227896943,-15.613234714690948],[-58.190127604814556,-15.613256852095835],[-58.190134367206831,-15.613274034851246],[-58.190129370585694,-15.613306347621506],[-58.190108770114357,-15.613346478758904],[-58.190104850217722,-15.613362045365381],[-58.190093869002844,-15.613383629568848],[-58.190090850171366,-15.613395005306483],[-58.19008938686008,-15.613408765253133],[-58.190090371650086,-15.613418924333793],[-58.190093821647899,-15.613428770863791],[-58.190106854161115,-15.613442153070224],[-58.190121085318914,-15.613449250253428],[-58.190138373251926,-15.613451548307916],[-58.190147001226897,-15.613450006494809],[-58.190155918950815,-15.613445175607209],[-58.190163883853721,-15.613435565511082],[-58.190172479993421,-15.613428344631727],[-58.190187882059888,-15.613424673567426],[-58.190201459565543,-15.613425496664346],[-58.190215357866499,-15.613428411466916],[-58.190246285400164,-15.613442294169419],[-58.190262980981139,-15.613448780506179],[-58.190279028874976,-15.613450188595568],[-58.190300311797913,-15.613449774060147],[-58.190321774905271,-15.613448581187505],[-58.190335480705336,-15.613450301158725],[-58.190376979650758,-15.613457250539657],[-58.19042256930414,-15.613467406490459],[-58.190449994255474,-15.613472997641525],[-58.190531581469635,-15.613499102200018],[-58.19057126519904,-15.613512160935745],[-58.190604606453363,-15.613516643444433],[-58.190632012778629,-15.61351900592325],[-58.190653878364721,-15.61352355153841],[-58.190675409807717,-15.613534196707811],[-58.190705078254666,-15.613543721209838],[-58.1907247447785,-15.613551866339659],[-58.19074961924634,-15.613564645575472],[-58.190797131853714,-15.613587347167819],[-58.19083052489696,-15.613600797907957],[-58.190867973456776,-15.613611357657861],[-58.190887616271247,-15.613615555546716],[-58.190898737312963,-15.613618365144161],[-58.190910212992399,-15.613618302919026],[-58.190916145861245,-15.613620065000525],[-58.190925066902544,-15.613626473221727],[-58.190944389158545,-15.613639283444423],[-58.190968902595635,-15.613653500012877],[-58.190990059654588,-15.613663430382715],[-58.191003407619014,-15.613667303545697],[-58.191025255516898,-15.6136686204689],[-58.191056697793428,-15.613664862358268],[-58.191086688905379,-15.613666134210185],[-58.191100412226952,-15.613670723936083],[-58.191107860469906,-15.613678575538046],[-58.191112741451775,-15.613690387512653],[-58.191111682417898,-15.613699361802958],[-58.19110728449855,-15.613706918799707],[-58.191096582504962,-15.613712716637265],[-58.191083298748978,-15.613719963877122],[-58.191075940711087,-15.613727895776945],[-58.191071191159281,-15.61373868342924],[-58.191069408147193,-15.613750531544532],[-58.191073157592612,-15.61375876205693],[-58.191093578263761,-15.613769414109921],[-58.191104003199591,-15.613779760616811],[-58.191110016860634,-15.613795512898196],[-58.191114938339986,-15.613814498947862],[-58.191121541161479,-15.613868154198988],[-58.191128737700396,-15.613917859779685],[-58.19113936598842,-15.61404886114741],[-58.19114055716085,-15.614084250707078],[-58.191148625416908,-15.614113862266738],[-58.191178376147491,-15.614137617332979],[-58.19121202519829,-15.614152740650789],[-58.191244626709405,-15.614157347286103],[-58.191287044466321,-15.61415233373971],[-58.191341262139396,-15.614139603716765],[-58.191393511775651,-15.614127840688457],[-58.19146160422018,-15.614124601395972],[-58.191526790657115,-15.61413094387515],[-58.19159598133362,-15.614146831539307],[-58.191649405628986,-15.614167587289622],[-58.191699946048487,-15.61420175183402],[-58.191784318922295,-15.614282608379412],[-58.19182992364042,-15.614316799674187],[-58.19187348295609,-15.614338565231577],[-58.191929863063905,-15.614358348535752],[-58.191968431371571,-15.614370576039304],[-58.192020824756725,-15.614383684829543],[-58.192060313503454,-15.614384426825303],[-58.192120526508873,-15.614384099989714],[-58.192159022950136,-15.614383891022781],[-58.192206403184734,-15.614383633823435],[-58.192255796609935,-15.614390061811294],[-58.192315149087619,-15.61441174244319],[-58.192387405303826,-15.614445788920758],[-58.192454782023489,-15.614489427890502],[-58.19252408808439,-15.614525403904217],[-58.192644798100609,-15.614569662532363],[-58.192691055062546,-15.614588544274966],[-58.192708380439974,-15.614597298506149],[-58.192719298195236,-15.614607522935783],[-58.19273795615846,-15.614633490214006],[-58.192754102924013,-15.614651817768564],[-58.192764838526237,-15.614673284142468],[-58.192769622094893,-15.614689520309733],[-58.192768678640689,-15.614697178794032],[-58.192763054436796,-15.614706058566],[-58.192752237627012,-15.614713291604309],[-58.192747065320084,-15.614714993726919],[-58.192739661681713,-15.61471503393658],[-58.192725088668439,-15.614712721351266],[-58.192715714242865,-15.614713251332859],[-58.192707097404458,-15.614716884823739],[-58.192698998402768,-15.614724582168835],[-58.192692184504345,-15.614741120856774],[-58.192690048591373,-15.614755960107875],[-58.192690132950091,-15.614770548670197],[-58.192698147529185,-15.614790833958805],[-58.192707613233537,-15.61480608836815],[-58.192716318581247,-15.614817760212981],[-58.192727955222004,-15.614824393139619],[-58.192743292304833,-15.614830767337319],[-58.192757864874181,-15.614832840388539],[-58.192782526606308,-15.614830076082768],[-58.192790522502776,-15.61483003265465],[-58.192800911374761,-15.614834280622741],[-58.192811326077198,-15.614842833747485],[-58.192823259678548,-15.614858075650782],[-58.192833227080747,-15.614874761825378],[-58.192844149008025,-15.614885703924781],[-58.192866441061845,-15.614899932327383],[-58.192886765095473,-15.61491512865226],[-58.192934482937083,-15.614973223722796],[-58.192940502306897,-15.614989932241102],[-58.192942047037931,-15.615000925271998],[-58.192939670444233,-15.615016722162585],[-58.192928468127604,-15.615042612085702],[-58.192923155159136,-15.615062730223821],[-58.192921311619337,-15.615085221247313],[-58.192925364800189,-15.615103375846429],[-58.192948835479818,-15.615150601197701],[-58.19299819403787,-15.615236430876422],[-58.193027579006966,-15.615282189591351],[-58.193049051271608,-15.615325121391759],[-58.19307316895673,-15.61539888998036],[-58.19312397237308,-15.615525344084174],[-58.19312961596853,-15.615541098305172],[-58.193133413260909,-15.615557579353339],[-58.193133506644031,-15.615573721675101],[-58.193129927249927,-15.615594906948328],[-58.193120776891803,-15.615612893742403],[-58.193111578798124,-15.615622629051996],[-58.193095705142348,-15.615630249336874],[-58.193080540907225,-15.615632483919452],[-58.193044984775469,-15.615629089492375],[-58.193019822650797,-15.61563066159014],[-58.193000619502371,-15.615638657902371],[-58.192985873271006,-15.615649141951531],[-58.192973393409112,-15.615667504773899],[-58.192961290981422,-15.615686942095532],[-58.192948388969796,-15.615696339573768],[-58.192932883503026,-15.615703598997376],[-58.192919973186896,-15.615711561118884],[-58.192911517713725,-15.615721652140836],[-58.192905707188217,-15.615741055281223],[-58.192900300136309,-15.615766196023202],[-58.192896122181381,-15.615811778215507],[-58.19289856077166,-15.615849432475919],[-58.192899407145788,-15.615867723808641],[-58.192897253953284,-15.615879573941887],[-58.192892481638424,-15.615886416209266],[-58.192884735584741,-15.615891121529721],[-58.192862375391464,-15.615886579747707],[-58.192845724488649,-15.615887865156099],[-58.192829109104622,-15.615895130602373],[-58.192818735132754,-15.615914917378893],[-58.192815185437489,-15.615941243896222],[-58.192822099622106,-15.615963328498106],[-58.192835911640756,-15.616004508577539],[-58.19289990875015,-15.616082485167659],[-58.192977779293699,-15.616212404258864],[-58.193023920244819,-15.6162964562326],[-58.193029604910961,-15.616319145889545],[-58.193029118893968,-15.616341868166968],[-58.193026179751236,-15.616366996406809],[-58.193014107496083,-15.616413099652075],[-58.193006287886412,-15.616447820426597],[-58.19300642968269,-15.616472332639411],[-58.193015183994646,-15.616492613888338],[-58.193030687457039,-15.616506281660882],[-58.193056060653959,-15.616519894905702],[-58.193071512239108,-15.616524594417749],[-58.193090017100786,-15.616523895493014],[-58.193109741148824,-15.616520799115502],[-58.193131313126251,-15.616517094311055],[-58.193140574205721,-15.616518239857189],[-58.1931634423986,-15.616525290795709],[-58.193258100834477,-15.616570814098782],[-58.19337323479693,-15.616636554891365],[-58.193388776349195,-15.616656799236656],[-58.193404337726477,-15.616680630164995],[-58.193410642414186,-15.616703913919006],[-58.1934107738888,-15.616726633741866],[-58.193406586994179,-15.616749376129954],[-58.193396213042874,-15.616769162931384],[-58.193383333129361,-15.616782386544019],[-58.19337225271768,-15.616786632742295],[-58.193352531174746,-15.616790326611838],[-58.193330955717542,-15.616793433977712],[-58.193318037743538,-15.616800080986197],[-58.193312544238971,-15.616810275243267],[-58.193310166277442,-15.616825832607695],[-58.193312751807568,-15.616846147364237],[-58.193318394074751,-15.616861662047905],[-58.193337637497805,-15.616881886278339],[-58.1934151453559,-15.616949027374371],[-58.193470925541348,-15.616992968515445],[-58.193500614670313,-15.617005960764313],[-58.193551314673137,-15.617024817228325],[-58.193858553184008,-15.617164615250822],[-58.194041820562148,-15.617243931543463],[-58.194181024498299,-15.617290417082364],[-58.194342150852471,-15.617334421389081],[-58.194588681019468,-15.617394496080165],[-58.194686449260459,-15.617441206703031],[-58.194803825946302,-15.617506707597194],[-58.194901635344898,-15.617560504498732],[-58.195021395475393,-15.617616543791087],[-58.195128831243551,-15.617649029282338],[-58.195332132495452,-15.617691164495991]]]}},
{"type":"Feature","properties":{"OBJECTID":14,"ID":0,"SHAPE_LEN":1898.98854671},"geometry":{"type":"MultiLineString","coordinates":[[[-58.203019478676119,-15.623725199282269],[-58.202864439833242,-15.623589507469449],[-58.202795017415063,-15.623534403732311],[-58.202673850747502,-15.623408791760296],[-58.202615960508403,-15.623300053265201],[-58.202589793564421,-15.623214100042318],[-58.202543135101436,-15.623000070523606],[-58.202455194709046,-15.622139584543572],[-58.202435741512879,-15.621850788885377],[-58.20243902014677,-15.62173597455859],[-58.202454011243312,-15.621598137887272],[-58.202510538476233,-15.621473465898561],[-58.202602357301672,-15.621306509504537],[-58.202727681835214,-15.621129802627634],[-58.202797883629039,-15.620980183915183],[-58.202821038647762,-15.620888220684177],[-58.202824372903308,-15.620782972943202],[-58.202791992455573,-15.620647308450296],[-58.20273981460258,-15.620502186420165],[-58.202520997006474,-15.619881575045669],[-58.202422708988514,-15.619616170194146],[-58.20239202465217,-15.619432664555166],[-58.202263454594359,-15.618713982306915],[-58.202114295213228,-15.618188652319281],[-58.202107190377419,-15.617985885508965],[-58.202111852709947,-15.617769661160962],[-58.202139815096118,-15.617486345497777],[-58.202158966284763,-15.617384837339117],[-58.202197736122237,-15.617262176225431],[-58.202218828316113,-15.617154917660038],[-58.202216284993071,-15.617057355393465],[-58.202153969384014,-15.616866370386932],[-58.202053275083941,-15.616526361254712],[-58.201985304799635,-15.616042677602477],[-58.201968240513594,-15.615824658575079],[-58.201977231233293,-15.615334814746767],[-58.201972592001695,-15.614877569699846],[-58.201961483886343,-15.614665258725516],[-58.201968511257242,-15.614515986045223],[-58.202009288727403,-15.614399053751868],[-58.202083682453932,-15.614291503452336],[-58.202267715674957,-15.614026466316368],[-58.202306653173025,-15.61393250316199],[-58.202302080659109,-15.613825385079389],[-58.202281937260615,-15.613756618020082],[-58.202269557023769,-15.613664849350927],[-58.20227899262602,-15.613590180590554],[-58.202331770855274,-15.613499967884717],[-58.202488789772843,-15.613342220703371],[-58.202849536332494,-15.612911674708185],[-58.202927710700642,-15.612775404583248],[-58.202964505879542,-15.612652754185884],[-58.202983422095997,-15.612511069721133],[-58.202970573079241,-15.61233894588336],[-58.202961839431083,-15.612195499291055],[-58.202976962906305,-15.612080620920905],[-58.203023739943767,-15.611977047834797],[-58.203143069654445,-15.61178889515319],[-58.203225930839757,-15.611610029114766],[-58.203254643088385,-15.611561442577948],[-58.203279205401707,-15.611541577655691],[-58.203300755682768,-15.611534284428073],[-58.203335899029341,-15.611530504318273],[-58.203370446808506,-15.611530315052111],[-58.203385799609187,-15.611518273224439],[-58.203395552363595,-15.611497891945197],[-58.203398451845139,-15.611466187069819],[-58.203404903112983,-15.611408753959656],[-58.20341217058975,-15.611385396188483],[-58.203436084055539,-15.611360153877909],[-58.203468145488621,-15.611335703936781],[-58.203482185882358,-15.611331321726761],[-58.203500310846742,-15.611329070230671],[-58.203531419811306,-15.611331769670825],[-58.203557739023822,-15.611338082937079],[-58.203570354851799,-15.611343394738681],[-58.203578551195591,-15.611352318341696],[-58.20358451337313,-15.611359101092171],[-58.203593417929227,-15.611362639886652],[-58.203615639085363,-15.611364670316394],[-58.203627847913282,-15.611363527774273],[-58.203639665537715,-15.611358798885128],[-58.20367063102789,-15.611336746645447],[-58.203696449273949,-15.611320820329409],[-58.203713821141719,-15.611316420752718],[-58.203740101746895,-15.611316276734378],[-58.203766013016875,-15.611316134736933],[-58.203814088919771,-15.61130833724517],[-58.203946485503664,-15.611287522401639],[-58.204022291660507,-15.61127419285082],[-58.204105462663357,-15.611254364525193],[-58.2042284859359,-15.611213153738953],[-58.204246422368925,-15.611210245175652],[-58.204267094488955,-15.611211028513152],[-58.204278811775808,-15.61121036589055],[-58.204288974347115,-15.611207320971392],[-58.204299108063296,-15.611199492762765],[-58.204305219112285,-15.611189594076292],[-58.204310992718327,-15.611174615505011],[-58.204321230969292,-15.611131809346331],[-58.204321173383121,-15.611121944480058],[-58.204318951448393,-15.611111194809782],[-58.20431333648672,-15.611100463742169],[-58.204290662971033,-15.611073981707628],[-58.204282569713435,-15.61106146998161],[-58.204275999886164,-15.611045661509046],[-58.204251578789012,-15.610983913385825],[-58.204241600240593,-15.61096543358817],[-58.204229772100817,-15.610947262217291],[-58.2042266284652,-15.610937115981297],[-58.204225640444626,-15.610926358641015],[-58.204231343323329,-15.610899422744556],[-58.204239466096332,-15.61086410254854],[-58.204240616247482,-15.610849745900751],[-58.204238652430803,-15.610830325493245],[-58.204230362018009,-15.610784034232752],[-58.204229615475469,-15.610761916236466],[-58.204231053403653,-15.610743971329198],[-58.204237733011496,-15.61072569939869],[-58.204245984900609,-15.61071250058356],[-58.204262547065859,-15.610696266102519],[-58.20431322076017,-15.610658021709712],[-58.204373694172283,-15.610607467575045],[-58.204419384256347,-15.61056088035502],[-58.204439878302033,-15.610531171536181],[-58.20445512101881,-15.610500296551347],[-58.204463308313869,-15.61047603703952],[-58.204468745256989,-15.610456276863873],[-58.204469268440029,-15.610440131216416],[-58.204465753256684,-15.610419223360557],[-58.2044666208647,-15.610409353421227],[-58.204470567543297,-15.610398569928572],[-58.204483427132089,-15.610382057447314],[-58.204526241135468,-15.610318445626053],[-58.204537490034021,-15.610290283451281],[-58.204545440153893,-15.610278281239413],[-58.204558937161913,-15.61026535284461],[-58.204575189748624,-15.610248821753341],[-58.204583730177376,-15.610232332951401],[-58.20459312691726,-15.610203880835501],[-58.204603431405452,-15.610172435442854],[-58.204606041185549,-15.610144020543784],[-58.20460559901781,-15.610121004210555],[-58.204599635218962,-15.610103399082037],[-58.204585927042423,-15.61008015630239],[-58.204567952088993,-15.610065905430128],[-58.204554904973719,-15.610050133385615],[-58.204543927019373,-15.610019102981781],[-58.204532290694033,-15.609980901016058],[-58.204528423182339,-15.609952522537432],[-58.204529050879408,-15.609901398938977],[-58.204528876358886,-15.609871505157221],[-58.204530552040588,-15.60978868773236],[-58.204527294039586,-15.609759110049058],[-58.20451850929949,-15.609733747734087],[-58.204501305192188,-15.609692886281811],[-58.204470337115737,-15.609619215447664],[-58.204453822808823,-15.609590906306137],[-58.20443514068149,-15.609561113995134],[-58.2044215006215,-15.609549530254997],[-58.204403867586528,-15.609540956704638],[-58.204314800064019,-15.609501685078333],[-58.204212148359382,-15.609460395345105],[-58.204165454657328,-15.609440621739243],[-58.204154919847319,-15.60943260854587],[-58.204149324131308,-15.60942516485423],[-58.204145233465354,-15.609411436218807],[-58.204145447963157,-15.609395291357293],[-58.204144309039606,-15.60931216665691],[-58.204147006622094,-15.60930086394514],[-58.204150509792548,-15.609292235078659],[-58.204156784050276,-15.609284738978156],[-58.204164468597412,-15.609282209318694],[-58.204183997857818,-15.609279614732941],[-58.204201774977122,-15.609281239220483],[-58.204213444303107,-15.609285002374344],[-58.204222949103809,-15.609289924444056],[-58.204231072829124,-15.60929504571113],[-58.204240374140852,-15.609298820940259],[-58.204247287714878,-15.609299548646622],[-58.204253398863528,-15.609297984841037],[-58.204262437871961,-15.609290855932409],[-58.204269087657082,-15.609280105531875],[-58.204270024156699,-15.609271490733905],[-58.204268174864694,-15.609259064087189],[-58.204262775514785,-15.60924723178271],[-58.204232500120376,-15.609201287907583],[-58.20422099185987,-15.609191401744793],[-58.204205733403384,-15.609181537042097],[-58.204196799627063,-15.609172976348189],[-58.204190422466461,-15.609162679707012],[-58.204186007635116,-15.609150458749152],[-58.204175461661606,-15.609102494061466],[-58.204169066638158,-15.609089136001911],[-58.204162087197936,-15.609077120727946],[-58.2041499331201,-15.609058054458233],[-58.204148092773735,-15.609047158970313],[-58.204150407002835,-15.609037771015945],[-58.204154008523879,-15.609012113908177],[-58.204152192742946,-15.609005427756307],[-58.204146806800004,-15.608995890381074],[-58.204123725559469,-15.608965022099458],[-58.20411971176793,-15.608953756173408],[-58.204119067060475,-15.608944767691765],[-58.204119406863583,-15.608935390559569],[-58.204120919974763,-15.60892409434013],[-58.2041296382532,-15.608895730022109],[-58.204129580194298,-15.608885781092939],[-58.204127360968059,-15.608877565942292],[-58.204124157417446,-15.608869931068305],[-58.204120162606401,-15.608861917276814],[-58.204118346822966,-15.608855230220529],[-58.204118702260345,-15.60884853216761],[-58.204121993007185,-15.608837226204836],[-58.204129704625359,-15.6088056151656],[-58.204130826567727,-15.608794894163836],[-58.204130559440038,-15.608782842097046],[-58.204121743315326,-15.608726832234442]]]}},
{"type":"Feature","properties":{"OBJECTID":15,"ID":0,"SHAPE_LEN":151.22279628699999},"geometry":{"type":"MultiLineString","coordinates":[[[-58.200572261139072,-15.614943076503739],[-58.200863152159485,-15.614913740788214],[-58.201087337771995,-15.614900954795955],[-58.20129486408127,-15.614895195345976],[-58.201547772531761,-15.614898436135526],[-58.201705321076872,-15.61491375846126],[-58.201891578179172,-15.614942795741781],[-58.201973507403054,-15.614967748796667]]]}},
{"type":"Feature","properties":{"OBJECTID":16,"ID":0,"SHAPE_LEN":1988.0289344600001},"geometry":{"type":"MultiLineString","coordinates":[[[-58.204121743315326,-15.608726832234442],[-58.204119006125943,-15.60869810315841],[-58.204118911225216,-15.608681840676587],[-58.204121245047112,-15.608658868778104],[-58.204130393983974,-15.608619596523939],[-58.204157601400745,-15.6085457866293],[-58.204179516614126,-15.608495443914498],[-58.204186317763877,-15.608476751909777],[-58.204189147740308,-15.608454255455348],[-58.204189515508389,-15.608432729728863],[-58.204190412929002,-15.60841741813606],[-58.20419329315267,-15.608403531975112],[-58.20420060999934,-15.608388663359939],[-58.204244656230287,-15.60832480621964],[-58.204325281583408,-15.608214351275691],[-58.204384181009537,-15.60815854419004],[-58.204426368114049,-15.608114308264149],[-58.204441006408686,-15.608085528227631],[-58.204453614452582,-15.608047194231983],[-58.204469123162745,-15.607998321108571],[-58.204507020768297,-15.607895753690489],[-58.204516678797233,-15.607859348521737],[-58.204521379849609,-15.60781914431322],[-58.20452112299558,-15.607775141070169],[-58.20451204967484,-15.607742664812143],[-58.204500059878384,-15.607717858783337],[-58.204477122864063,-15.60767780609636],[-58.204471066548997,-15.607654880192454],[-58.204470843204376,-15.607616615637006],[-58.204489351189842,-15.60757442217472],[-58.204543070076468,-15.607476551463479],[-58.204577430740379,-15.60743036532218],[-58.204584111972665,-15.607412391663551],[-58.204586450624404,-15.607390256748499],[-58.20459006411609,-15.60737529001643],[-58.204599216614142,-15.607357900287315],[-58.204618246285904,-15.607341653169263],[-58.204644700232365,-15.607328952025314],[-58.204731450500759,-15.607288417242291],[-58.204759187191911,-15.607284080085998],[-58.204789432612493,-15.607286903437736],[-58.204807967954046,-15.607291585244822],[-58.204818455551568,-15.607291527733977],[-58.204834460283394,-15.607285461561698],[-58.204848568328444,-15.60727163223445],[-58.204858310288706,-15.607249456719442],[-58.204864928659042,-15.607220721544508],[-58.204874201917747,-15.607118430363949],[-58.204880575930339,-15.607047844069696],[-58.204888473561596,-15.60702687453001],[-58.204900107760672,-15.607011862904958],[-58.204918562792059,-15.607002794087423],[-58.204950010641902,-15.607000229898372],[-58.204979667473509,-15.607007839902419],[-58.205123076390343,-15.607056080071853],[-58.205161317146327,-15.607054674454648],[-58.205182260890531,-15.607049178646184],[-58.20519514991291,-15.607037748613362],[-58.205202447557539,-15.607019771558413],[-58.205204200155315,-15.607003020781995],[-58.205202248532743,-15.606985692845605],[-58.20519472393083,-15.606964807893167],[-58.205183482767772,-15.606941551602878],[-58.205155563882826,-15.606897272552592],[-58.205151063047261,-15.606887253084651],[-58.205150272250812,-15.606878647758666],[-58.205153900588982,-15.606866071758427],[-58.205165305767188,-15.606854170798984],[-58.205199551560192,-15.606823490733206],[-58.205210178503641,-15.606805136566962],[-58.205214511745353,-15.606786458978611],[-58.205212905006199,-15.606764943181416],[-58.205206423915477,-15.606732692268094],[-58.205202068014941,-15.606683928067842],[-58.205204514345468,-15.606659162205089],[-58.205211826642483,-15.606643696108682],[-58.205225062149481,-15.606628197521204],[-58.205233476843446,-15.606611290885187],[-58.205239281800601,-15.606591169827595],[-58.205239177048803,-15.606573233377087],[-58.205239082775471,-15.606557091113929],[-58.205247963534376,-15.60649318716812],[-58.205255903210592,-15.606458346111998],[-58.205271258760291,-15.606425616565843],[-58.205284100948816,-15.606406174602387],[-58.205295817694513,-15.606384227773166],[-58.20530233917713,-15.60636015634897],[-58.205306630499578,-15.606334303817572],[-58.20531133247249,-15.606252126918985],[-58.205312273544564,-15.6062230640288],[-58.20531479528627,-15.606211212698831],[-58.20531955020823,-15.606201500404399],[-58.205323513167876,-15.606182823941717],[-58.205323077962326,-15.606171705626535],[-58.205321860341392,-15.606153417335625],[-58.205322565240373,-15.606147314844016],[-58.205320620600212,-15.606131181827278],[-58.205312390889262,-15.606116518683871],[-58.205297886351403,-15.606104759848824],[-58.205279699023478,-15.606096249951397],[-58.205227377450974,-15.606073936697397],[-58.205207373289241,-15.606071176535323],[-58.205199599736908,-15.606071219173977],[-58.205192916013893,-15.606067669152479],[-58.205189173399781,-15.606060514508794],[-58.205186859676225,-15.606044742363435],[-58.205185824722868,-15.605994166602223],[-58.205197591204765,-15.605917332783367],[-58.205202682866783,-15.605901878868158],[-58.20521003704124,-15.60589358771495],[-58.205226279719128,-15.605885964601118],[-58.205244370660978,-15.605877973402977],[-58.205260593553689,-15.605867122562186],[-58.205268596991594,-15.605843043009779],[-58.205289754413236,-15.605789834477417],[-58.205290423697328,-15.605777633556087],[-58.205286655016245,-15.605766174676678],[-58.205279907286339,-15.605751503401253],[-58.20527204994832,-15.605737197061076],[-58.205264896348673,-15.60571642938622],[-58.205259560748686,-15.605690270811753],[-58.205263055691653,-15.605654856656303],[-58.205269927400735,-15.605627195725678],[-58.205277241757543,-15.605612088466112],[-58.205290841174524,-15.605595512238686],[-58.205316315577214,-15.605584251798293],[-58.205340364353759,-15.605582326537515],[-58.205362969808903,-15.60558686576179],[-58.205385616006851,-15.605598221083069],[-58.205397125864764,-15.605604256567222],[-58.205408612674496,-15.60560634574227],[-58.205420440410258,-15.605603410968488],[-58.205430721003339,-15.605589005129939],[-58.205437604330605,-15.605563497225656],[-58.205443731313309,-15.605535123582595],[-58.20544814143917,-15.605466222077903],[-58.205457556359129,-15.605367158840927],[-58.205463398385255,-15.605289998665096],[-58.205469367618157,-15.605171223963078],[-58.205469078478302,-15.605121719755124],[-58.205474429316496,-15.605087251744143],[-58.205493425613412,-15.605044099209206],[-58.205497653102974,-15.605007484266658],[-58.205500598950962,-15.60494146068085],[-58.205504509502084,-15.604913816893825],[-58.205516833724161,-15.604869265565158],[-58.20554708418495,-15.604788383891293],[-58.205549913294455,-15.60476576811481],[-58.205544260752283,-15.604748579797795],[-58.20552333182588,-15.604714255960822],[-58.205516160550339,-15.60469061850055],[-58.205513789094496,-15.604664802517743],[-58.205514728051703,-15.604635380787625],[-58.205516069855051,-15.604611696623616],[-58.205519999258762,-15.604587281469758],[-58.205526109449309,-15.604556038028623],[-58.205531889189217,-15.60453161181958],[-58.205540617466234,-15.604505017244263],[-58.205554090143693,-15.604466917087676],[-58.205558410750342,-15.60444608737318],[-58.20556011861219,-15.604421683502661],[-58.205563445175052,-15.604357451166941],[-58.205566627773131,-15.604331963562469],[-58.20557383102134,-15.604297844235433],[-58.205582508998518,-15.604262640270498],[-58.205592714086741,-15.604235319893514],[-58.205605496524065,-15.604205834089761],[-58.205636571194553,-15.604139297326217],[-58.205645667603378,-15.604112341879055],[-58.205649608624789,-15.604090078849797],[-58.205652066301425,-15.604067106260853],[-58.205651875620795,-15.604034461990704],[-58.205646535839996,-15.604007585747105],[-58.205630015950597,-15.603910239385534],[-58.205628716332711,-15.603856675872242],[-58.205643153045472,-15.603793458223286],[-58.20567307464578,-15.603677542204938],[-58.205708863458213,-15.60355202709599],[-58.205749754401403,-15.603455182870496],[-58.205798311819358,-15.603319074467487],[-58.205862506738065,-15.603156094929686],[-58.205938544976071,-15.602993050387949],[-58.206020466148765,-15.602823277436958],[-58.206056415787423,-15.602725503955762],[-58.206068884474078,-15.60266325431861],[-58.206078424676001,-15.602606760528573],[-58.206091896834508,-15.602547375271476],[-58.206109316785998,-15.602487969251838],[-58.206144458474668,-15.602420811730948],[-58.206191539472471,-15.602369851678217],[-58.206326236827479,-15.602279189507129],[-58.206455185221913,-15.602218214026294],[-58.20650445850071,-15.602204550420467],[-58.206575513099253,-15.602202246774175],[-58.206624881420936,-15.602204845618536],[-58.206663448080135,-15.6022170706535],[-58.206690187215621,-15.602232229606168],[-58.206774327551557,-15.60228108628371],[-58.206814343539307,-15.602288040817275],[-58.206858659000254,-15.602270578141656],[-58.206894032508373,-15.602243120409094],[-58.206920406262633,-15.602195621979545],[-58.206970266307458,-15.602113555915647],[-58.207018611758237,-15.602025759289848],[-58.207067159460365,-15.601972399288973],[-58.207151063770326,-15.601888711715672],[-58.207246979176993,-15.601833657009237],[-58.207338554098868,-15.601795845431193],[-58.207487987756465,-15.601777805150491],[-58.207638893983408,-15.601758321282921],[-58.207746796156613,-15.601727594090693],[-58.207825029806713,-15.601686985745479],[-58.207909034429676,-15.601620516676991],[-58.207954502258076,-15.601547084219739],[-58.208001434265377,-15.601470774724351],[-58.2080349579604,-15.601380188582926],[-58.208074210625078,-15.601256567703487],[-58.208095763146503,-15.601144523658313],[-58.208112631019929,-15.600990891553581],[-58.20813495651349,-15.600726140880079],[-58.208134027263071,-15.600567344987297],[-58.208115163811883,-15.600379948801381],[-58.208088314422184,-15.600177290740326],[-58.20803572407474,-15.599961381037103],[-58.20798127238853,-15.599764614421263],[-58.207865675037503,-15.599239103087434],[-58.207781031531518,-15.598943012555459],[-58.207760597203432,-15.598824502213521],[-58.20764113172303,-15.598312404106855],[-58.207596897553614,-15.598174892498902],[-58.207548861187533,-15.59806227352202],[-58.207503010840796,-15.597985995641597],[-58.207425342091788,-15.597869713181261],[-58.207359741197642,-15.597791629280682],[-58.207276430230934,-15.597723209515827],[-58.207177404946734,-15.597668269123266],[-58.20709235463211,-15.59764003726988],[-58.206906663608393,-15.597618096813049],[-58.206778398289664,-15.597626454312289],[-58.206657994816837,-15.597629028805818],[-58.206521665452797,-15.597608730626844],[-58.206353560776797,-15.597556082530931],[-58.206163620438232,-15.597482507651209],[-58.206015056092831,-15.597395312492342],[-58.205878189712848,-15.597283180378708],[-58.205755109223823,-15.597165232777209],[-58.205592146140383,-15.596978627362244],[-58.205456372297249,-15.596715341110466],[-58.205386378133774,-15.596560750826404],[-58.205318055956212,-15.596354492414488],[-58.205251261611238,-15.596071695783184],[-58.205224226079743,-15.595836512971468],[-58.205216819158252,-15.595582088738098],[-58.205155934333263,-15.59495869896366],[-58.205161197604724,-15.594845787137922],[-58.20517626347641,-15.59472134201617],[-58.205219222426194,-15.594640749593761],[-58.205262326485268,-15.594585029057649]]]}},
{"type":"Feature","properties":{"OBJECTID":17,"ID":0,"SHAPE_LEN":4524.0920938299996},"geometry":{"type":"MultiLineString","coordinates":[[[-58.202495628368446,-15.622535223892802],[-58.202236798095761,-15.622350000443191],[-58.202060122154684,-15.62225654643898],[-58.201879910438869,-15.622199427687235],[-58.201628499185517,-15.622142698529537],[-58.201287256954664,-15.62210461825029],[-58.200863700118539,-15.622088778097055],[-58.200189514700085,-15.622150570633307],[-58.199804023132764,-15.622236204773625],[-58.199437374154201,-15.622339892888084],[-58.199014724924233,-15.622480202375812],[-58.198819946350106,-15.622495792796901],[-58.198692557498475,-15.622500120333749],[-58.198486346814832,-15.622483087777995],[-58.198283588288163,-15.622415194382121],[-58.198163166162395,-15.622328692904338],[-58.198031291084163,-15.622205938670817],[-58.197955647309044,-15.622086508469348],[-58.197842193305597,-15.621909179885861],[-58.197739263231469,-15.621608318901352],[-58.197662375189445,-15.621274630648106],[-58.197494731671561,-15.620293232438691],[-58.197449392667572,-15.619922784657424],[-58.197389272078262,-15.619663028057824],[-58.197355689697844,-15.619582675264693],[-58.197321326529966,-15.61952976921504],[-58.197278011795539,-15.619465432406207],[-58.197230330545089,-15.619414034362785],[-58.197204319151872,-15.619396956849204],[-58.197179825453624,-15.619386328539534],[-58.197162019976076,-15.619379968144518],[-58.197138643696675,-15.619378979285875],[-58.197034506490652,-15.619380026142959],[-58.196993031194658,-15.619377382373319],[-58.196944626064678,-15.619371427414224],[-58.196815660556915,-15.61934678049076],[-58.196784519853466,-15.619338818726382],[-58.196769172605094,-15.61933077087023],[-58.196756755218132,-15.61931744542291],[-58.196711494864438,-15.619257902547201],[-58.196672198835699,-15.619205502335578],[-58.19664091843309,-15.619173624937023],[-58.196622063736633,-15.61915650834332],[-58.196612098582598,-15.619140300532715],[-58.196599456386117,-15.619088232298751],[-58.19659288212317,-15.619061004600994],[-58.196592804403537,-15.619047611891281],[-58.19659520849072,-15.619036597383596],[-58.196636633072679,-15.618945491385281],[-58.196650704812996,-15.61890380170208],[-58.196653577315473,-15.618888480254101],[-58.196651009457689,-15.618871273990139],[-58.196645489544181,-15.618855520117348],[-58.196602161289178,-15.618788791494364],[-58.196597643899601,-15.618775902048831],[-58.196598077165781,-15.618765376446619],[-58.196604437699229,-15.618755775774833],[-58.1966132717058,-15.618747117952152],[-58.196619635012773,-15.61873799542966],[-58.196621498511071,-15.618718852354851],[-58.196621354122385,-15.618672754982907],[-58.196622501347861,-15.618657801787364],[-58.196625814706948,-15.618644031746442],[-58.196632226387159,-15.618632637451389],[-58.196642952189052,-15.618620322068168],[-58.196653414371511,-15.618615780784749],[-58.196662347748159,-15.618613639560909],[-58.196667549745527,-15.618606436025766],[-58.196668719517888,-15.618595368587039],[-58.19666863450982,-15.618580720395315],[-58.19666299541273,-15.618565804186074],[-58.196657704936491,-15.618557761164276],[-58.196653676983722,-15.618554793909128],[-58.196645956751581,-15.618553340929004],[-58.196641336570856,-15.618554561973065],[-58.196633321494438,-15.618555502327258],[-58.196627151689697,-15.618555535952535],[-58.196621278465607,-15.61855347542539],[-58.196603656254361,-15.618546695472849],[-58.196581040961277,-15.618530078434107],[-58.196570843200824,-15.618527143897193],[-58.196560362872106,-15.618528396875492],[-58.196528016396933,-15.618536046621918],[-58.19650894517676,-15.618545418269617],[-58.19649140876777,-15.618553585688081],[-58.196477529136736,-15.618553959610546],[-58.19646672447449,-15.618552524335833],[-58.196459026794784,-15.618554958010094],[-58.196442698320752,-15.618558633674631],[-58.196423254195139,-15.618556946283093],[-58.196406257177159,-15.618551657963597],[-58.196382766019532,-15.618543714108347],[-58.196365416921672,-15.618530954231689],[-58.196350221019046,-15.618516986757381],[-58.196331431843781,-15.618496197216221],[-58.196317068697354,-15.618487665795827],[-58.196302708326066,-15.618479612524148],[-58.196283928645862,-15.61847541045613],[-58.196237517689241,-15.618472793422322],[-58.196188164835355,-15.618473540463842],[-58.196122494671812,-15.618469114764258],[-58.196057722529687,-15.618449378357257],[-58.196028522285751,-15.618435666117501],[-58.19599580630188,-15.618411450684647],[-58.195972481543222,-15.618389574917764],[-58.195705627504232,-15.618123266768146],[-58.195409573095098,-15.617797709961211],[-58.195236430976628,-15.617559494062215],[-58.195184602058411,-15.617473679350532],[-58.195160501352099,-15.617403019504168],[-58.195150231482103,-15.617334197939098],[-58.195157684151511,-15.617257626559303],[-58.19521913621606,-15.617151663696493],[-58.195260547252438,-15.617058167176639],[-58.195269864431914,-15.616962452715669],[-58.195259355223811,-15.616852497606278],[-58.195201890330139,-15.616730839428147],[-58.195089330715426,-15.616470768908266],[-58.195006593081281,-15.616246411061502],[-58.194840603896573,-15.615709207635904],[-58.194633720392943,-15.614928285362302],[-58.194547240939023,-15.614483921065965],[-58.194519057440459,-15.614304705433414],[-58.194530828025876,-15.614206585892285],[-58.194567096329841,-15.614077243321438],[-58.19462812451836,-15.613962115546324],[-58.194659664755413,-15.613868671924958],[-58.194698122840052,-15.613691485531717],[-58.194731092016205,-15.61341866520107],[-58.194824425375799,-15.612490223030861],[-58.194876956088159,-15.612186206477196],[-58.194925076438537,-15.611973093338413],[-58.195009991757054,-15.611721515036596],[-58.195014317906335,-15.611616261685228],[-58.194989183296215,-15.611537475838588],[-58.194910862321748,-15.611436259690118],[-58.1948847164144,-15.611395745210533],[-58.194875891990499,-15.61136350665701],[-58.194875621892976,-15.611316872089668],[-58.194891377952914,-15.611267759517288],[-58.194923146295316,-15.611213775474139],[-58.19504883948305,-15.611087589097039],[-58.195085452451089,-15.611018034236157],[-58.195110871968105,-15.610932994925598],[-58.195145696822564,-15.610767785985203],[-58.195219674294911,-15.610119264254273],[-58.195305122821814,-15.6095340564223],[-58.195345854510045,-15.609110524663366],[-58.195389948821521,-15.60862845944466],[-58.195411023756151,-15.608006532697898],[-58.195378039373296,-15.607663089295187],[-58.19535669100118,-15.607385781812495],[-58.195324230425797,-15.60723481022656],[-58.195235485369658,-15.606910037453542],[-58.195159084758295,-15.606671294378589],[-58.195048791685842,-15.606375337661257],[-58.194889002267367,-15.606054777289057],[-58.194706177709271,-15.605847225247878],[-58.194560928006936,-15.605650948345172],[-58.194463256041097,-15.605488851472051],[-58.194367425774097,-15.605303785348715],[-58.194204845699986,-15.604841658149621],[-58.194030720773064,-15.604431250765694],[-58.193946524709744,-15.604209769721313],[-58.193901878305198,-15.603999552450448],[-58.193901026195775,-15.603852235007469],[-58.193931855488742,-15.603764056981397],[-58.193960113732373,-15.603700765678269],[-58.19398135328013,-15.603618379546901],[-58.193983871713861,-15.603541834928318],[-58.193973619867442,-15.603475882956205],[-58.193941536439212,-15.603389960302632],[-58.193885534595566,-15.603264467165625],[-58.193877455427142,-15.60323294216859],[-58.193866015855576,-15.603217698488862],[-58.19384573816864,-15.603210155282918],[-58.193814588031849,-15.603200279405025],[-58.19376812519819,-15.603188095874311],[-58.193753727300134,-15.603173346423835],[-58.193747214920705,-15.603156640570692],[-58.193745166787998,-15.603143736698303],[-58.193739660500043,-15.603130374348554],[-58.193729681662148,-15.603111773756998],[-58.193721691967859,-15.603095554093287],[-58.193711652285387,-15.603066431470186],[-58.193711034457806,-15.603044911034441],[-58.193711893943899,-15.603022903504362],[-58.193707297868343,-15.60299614304513],[-58.19369033820773,-15.602965144440663],[-58.193653580430961,-15.602924208270156],[-58.193615948415221,-15.602902888873649],[-58.19356852382446,-15.602895014915971],[-58.193542267740582,-15.602877938118562],[-58.193520944370299,-15.602860356362743],[-58.193484180183525,-15.602818463863109],[-58.193449892979103,-15.602777993306502],[-58.193411379880622,-15.602702348521081],[-58.193405200528538,-15.602657899086459],[-58.193397664596212,-15.602634980812526],[-58.193361824531969,-15.602582081836772],[-58.193331948150913,-15.602536325672373],[-58.193317702087313,-15.602505073666116],[-58.193311890937821,-15.602460262472791],[-58.193307423323482,-15.602434576949628],[-58.19330177807884,-15.602418464755381],[-58.193291842416293,-15.602407158420261],[-58.19327010600977,-15.602382165045258],[-58.193259552951588,-15.602370862060617],[-58.193252642743971,-15.602349375783817],[-58.193239400774416,-15.602299821464776],[-58.193237338866304,-15.602284526828994],[-58.193238009321831,-15.602272565423736],[-58.193234211892964,-15.602255844808907],[-58.193228487547174,-15.602247505724222],[-58.19322103828943,-15.602239414635557],[-58.193213343717403,-15.602231803044463],[-58.193212321058773,-15.602225590631186],[-58.19321545464517,-15.60221265861691],[-58.193209875156121,-15.602186621180238],[-58.193201083281124,-15.602159882579238],[-58.193184892857026,-15.602133663215501],[-58.193158052763998,-15.602101044167004],[-58.193128791049794,-15.602076091629028],[-58.193115399345871,-15.602064684730761],[-58.193107691894276,-15.602054681471149],[-58.193101214164614,-15.602043954738328],[-58.193088057171884,-15.602030394364924],[-58.193079377279219,-15.602023027652111],[-58.193068925482486,-15.602007777654954],[-58.193059916450267,-15.601986063228004],[-58.19301121143328,-15.601927494216266],[-58.19299006901614,-15.601898431815584],[-58.192951420350319,-15.60182928583515],[-58.19293366467533,-15.601788485908763],[-58.192922143719528,-15.601759131740186],[-58.19291053156212,-15.601713994066566],[-58.192906561883092,-15.601667619043539],[-58.192912991000796,-15.601627166009848],[-58.192931863984768,-15.6015622517333],[-58.192936780307129,-15.60151630664474],[-58.192934880345248,-15.601486422087943],[-58.192930095311837,-15.601469706824698],[-58.192918877249326,-15.601450156577812],[-58.192884695655025,-15.601385290728526],[-58.192864722225913,-15.601344980994675],[-58.192863399929806,-15.601329682337505],[-58.192865263742341,-15.601310539251514],[-58.192873772699329,-15.601288491102855],[-58.192881679125826,-15.601247551884999],[-58.192889763602288,-15.601194653933057],[-58.192895652060301,-15.601103406144986],[-58.192890974623495,-15.601062536129259],[-58.192878947929984,-15.601031032499101],[-58.19286316991694,-15.600990938622438],[-58.192830191889009,-15.600920805492974],[-58.192802517708124,-15.600727640087834],[-58.192771241398191,-15.600653073090328],[-58.192705570133498,-15.600497975759025],[-58.19256512897239,-15.600214736942664],[-58.192492218262636,-15.599874331102768],[-58.192434385185564,-15.599474053660016],[-58.19240176262953,-15.599166313276189],[-58.192372068986771,-15.598831652224646],[-58.192348113134905,-15.598422222371203],[-58.192290902349079,-15.59812956318506],[-58.192219218519867,-15.598001403877838],[-58.192091998488102,-15.59787055649363],[-58.191869040473122,-15.597719301783442],[-58.191206097957398,-15.597223650437693],[-58.191081687282825,-15.597044955146423],[-58.190991118727261,-15.59685112943245],[-58.190946713297876,-15.596639115569431],[-58.190853095437916,-15.596451285632661],[-58.190725670403623,-15.59628456418662],[-58.190598313583052,-15.596129800062899],[-58.19049208322096,-15.595894206198924],[-58.190373033326402,-15.595574975386004],[-58.190356594389335,-15.595398684155482],[-58.190386128664294,-15.595171323661308],[-58.190476988434497,-15.594880851176891],[-58.190707557459959,-15.594212946079859],[-58.19074350162979,-15.594027403530694],[-58.19076073169974,-15.593806088071103],[-58.190732180439952,-15.593668725921283],[-58.190629156087937,-15.593454040084005],[-58.190510917470725,-15.593275311715949],[-58.190349204659007,-15.593045996446845],[-58.190227760960369,-15.592846357984032],[-58.190103422901998,-15.592679619239844],[-58.189839326209132,-15.592346224933603],[-58.189476686467671,-15.592040269906905],[-58.189213624176745,-15.591886238693707],[-58.188993845849872,-15.591749911157065],[-58.188746308619493,-15.591613732533615],[-58.188572881203434,-15.59149210098977],[-58.188427006766652,-15.591334446109126],[-58.188146478108948,-15.590824758719299],[-58.187890832149264,-15.59035080985268]]]}},
{"type":"Feature","properties":{"OBJECTID":18,"ID":0,"SHAPE_LEN":560.93503307599997},"geometry":{"type":"MultiLineString","coordinates":[[[-58.186563052417071,-15.6120365391016],[-58.18652496604183,-15.612036952742647],[-58.186505984691692,-15.612032586363316],[-58.186493142955847,-15.612026697179582],[-58.186477159095432,-15.612009157341701],[-58.186468589205639,-15.611988846753167],[-58.186461873308133,-15.611979201286466],[-58.18645108922594,-15.611974790623366],[-58.186419043934372,-15.611970494801241],[-58.186382929529216,-15.611971434685973],[-58.186356018835866,-15.611969097907982],[-58.186330115080395,-15.611963775508036],[-58.186271316153245,-15.611940012096348],[-58.186209176178849,-15.611914280828183],[-58.186180129829687,-15.611897059179491],[-58.186159261699061,-15.611876318745486],[-58.186108597268003,-15.611841587646749],[-58.186022094011904,-15.611783529494636],[-58.186004602014215,-15.611767122221416],[-58.185998985887167,-15.611756031780798],[-58.185994066058548,-15.611737403517752],[-58.185992437424595,-15.611711583176268],[-58.185994937649419,-15.611695785657055],[-58.186006956934058,-15.611661640764067],[-58.186028600451444,-15.61162744390451],[-58.186052158308947,-15.611604356567115],[-58.186066509642153,-15.611589571608437],[-58.186078234946166,-15.611568701266195],[-58.186084035723788,-15.611547504063536],[-58.186083564394899,-15.611529928334422],[-58.186077913209843,-15.611512739426043],[-58.186077456317832,-15.611497674671787],[-58.186083656241813,-15.611481498323563],[-58.186097470232802,-15.611437657471253],[-58.186101371089549,-15.611407860815731],[-58.186094944305395,-15.611384577436789],[-58.186085124154779,-15.611350550467014],[-58.186073052385836,-15.611311154697521],[-58.186056514498006,-15.611267477734067],[-58.18605231666271,-15.611245617721622],[-58.186052620938653,-15.611234136462807],[-58.186056242269601,-15.61122012533661],[-58.186060199945366,-15.611200373490201],[-58.186061182892303,-15.611178126652913],[-58.186055891681029,-15.611159142447985],[-58.186045429995268,-15.611142337458739],[-58.186025345540394,-15.611117723148528],[-58.18601591297449,-15.611108117641916],[-58.186004452333165,-15.611102500274768],[-58.185967458695437,-15.611090487324851],[-58.185946044147641,-15.611086627560523],[-58.185938408849324,-15.611083828708029],[-58.185935147995252,-15.611077313778676],[-58.185932436949415,-15.611064548980931],[-58.185929602761846,-15.611030199553268],[-58.18592831939003,-15.611010894512953],[-58.18592148594356,-15.61099474333859],[-58.185908776217218,-15.610975783813471],[-58.185901911057044,-15.610953952658994],[-58.185900031246739,-15.610932946973829],[-58.185895225188901,-15.610912524740012],[-58.1858890143086,-15.610902618007108],[-58.185879586658537,-15.610893864851034],[-58.185812632031507,-15.610869518009308],[-58.185802926220177,-15.610863322599789],[-58.185794652052131,-15.610851439310755],[-58.185793119907508,-15.610839803453349],[-58.185795114646432,-15.61082985242153],[-58.185800159230261,-15.610822322762745],[-58.185801959816828,-15.610813643671987],[-58.185801614236752,-15.610807068711161],[-58.185798491166949,-15.610800507839937],[-58.185790424770154,-15.61079248039951],[-58.185778348830418,-15.61078447369888],[-58.18575545055883,-15.610772041134876],[-58.185745569830566,-15.610770301119707],[-58.185732624450893,-15.610772164349356],[-58.185722752314888,-15.610771919348762],[-58.185710701217033,-15.610768396792178],[-58.1857048076902,-15.610762748453293],[-58.185701361384524,-15.610753499298234],[-58.185696700063339,-15.610747546018644],[-58.185686514057224,-15.610746405130984],[-58.185668632219986,-15.61074799671294],[-58.185647999595368,-15.610754086519204],[-58.185612005292974,-15.610771022056333],[-58.185592879222774,-15.610770826092608],[-58.185571264703555,-15.610767056855119],[-58.185542190909537,-15.610753461729294],[-58.185521146504762,-15.610741617520683],[-58.185499216405127,-15.610736654110072],[-58.185479163412133,-15.610736163945468],[-58.185460348562899,-15.610736564676818],[-58.185442463285277,-15.61073755787257],[-58.185426095661263,-15.610734357787537],[-58.185402904161613,-15.610724617698478],[-58.185390178179006,-15.610710934331598],[-58.185378948459686,-15.610689171904045],[-58.185353395176044,-15.610644168679334],[-58.185337799123346,-15.610614058727537],[-58.185333367522077,-15.61059435215839],[-58.185332592089523,-15.610566853163862],[-58.185338919256289,-15.610540511712413],[-58.185344602301164,-15.610509689453817],[-58.185342931790828,-15.610487277054375],[-58.185335425235039,-15.610469380429],[-58.185322656338748,-15.610448223784847],[-58.185303096214405,-15.610426207108505],[-58.185270584799127,-15.610404858698137],[-58.185255349798048,-15.610384014548821],[-58.185237567967398,-15.610349432097692],[-58.185233102034964,-15.610323746365097],[-58.185235152966037,-15.610304901491698],[-58.185246267183274,-15.610252824384832],[-58.185258673297952,-15.610157094250273],[-58.185278162944002,-15.610059531639505],[-58.185285875520158,-15.610005977822638],[-58.18528413461317,-15.609971308820953],[-58.185275637627285,-15.60994205813487],[-58.185259768995898,-15.609918227277007],[-58.185227863857911,-15.609895082231102],[-58.185190719503979,-15.609872861218497],[-58.185140938538936,-15.609852501724777],[-58.185087484253238,-15.609836946416037],[-58.185064267115706,-15.609822722137881],[-58.185041302033525,-15.609798631254609],[-58.185026081767575,-15.609780177838893],[-58.185015504687343,-15.609764689499988],[-58.185013891668106,-15.609752441219911],[-58.185015041456545,-15.609737787201881],[-58.185016475915511,-15.609718945654093],[-58.185011438964864,-15.609701334884273],[-58.185001426087446,-15.609676575740474],[-58.185002205353541,-15.609651160898236],[-58.185011304711388,-15.609624206112825],[-58.185020122827993,-15.60960203632103],[-58.185040043509375,-15.609579508348332],[-58.185049278500315,-15.609576170116723],[-58.18505664935212,-15.609570450202394],[-58.185059695893926,-15.609563856939349],[-58.185063327234992,-15.609551580368883],[-58.185062929241326,-15.609536037120284],[-58.18505418462054,-15.609517250482822],[-58.185029363092092,-15.609492272933934],[-58.185004911301164,-15.609477756113145],[-58.184962815946328,-15.609452870829614],[-58.184916987185503,-15.609422326425429],[-58.184879288265002,-15.609410871166261],[-58.184845020132151,-15.609405973321833],[-58.184826449810089,-15.609395012366024],[-58.184807811613211,-15.609372393178745],[-58.184782327293995,-15.609339347281276],[-58.184732381720579,-15.609290290418484],[-58.184718357671066,-15.60926525369592],[-58.184712373248537,-15.60924376212828],[-58.184705187524187,-15.609227956288224],[-58.184693652686498,-15.609206792941164],[-58.184656417550705,-15.609168728627303],[-58.184618917556286,-15.60913813924012],[-58.184551188174886,-15.609107711941208],[-58.18451960911117,-15.609087554241055],[-58.18450096754129,-15.609064336654697],[-58.184485129964031,-15.609045887426031],[-58.184464377340433,-15.609031051400486],[-58.184444898098448,-15.609023084530836],[-58.184421062895439,-15.609008565217795],[-58.18440340831517,-15.608996104222118],[-58.184383572324677,-15.608979769087387],[-58.184366187925612,-15.60896043060808],[-58.184339887413714,-15.608946522058895],[-58.184319493283517,-15.608940354365654],[-58.184301273701081,-15.608936864976371],[-58.184277225884848,-15.608939087158319],[-58.184255997488258,-15.608948767646028],[-58.184167154868796,-15.609001862094864],[-58.184139145569887,-15.609012475798755],[-58.184116328222665,-15.609014093848515],[-58.184101520524258,-15.609013874468214],[-58.184076238790986,-15.609016104183478],[-58.184061759456853,-15.609019470639533],[-58.184040795150018,-15.609021376983556],[-58.18402750684055,-15.609017263510927],[-58.184015441361431,-15.609011049997163],[-58.184003360447662,-15.609002146537117],[-58.183991273457181,-15.608992346432812],[-58.18397762420058,-15.608978968042344],[-58.183951886237395,-15.608955489456095],[-58.183933937632609,-15.608945421744403],[-58.183907646653402,-15.608933007249242],[-58.183883533656953,-15.608923870333346],[-58.183863431094785,-15.608914710899271]]]}},
{"type":"Feature","properties":{"OBJECTID":19,"ID":0,"SHAPE_LEN":2357.48582713},"geometry":{"type":"MultiLineString","coordinates":[[[-58.183863431094785,-15.608914710899271],[-58.183855143505284,-15.608913784762738],[-58.183843795777797,-15.608914324080009],[-58.183808298924085,-15.608921212411452],[-58.183759983805814,-15.608930321107101],[-58.18371167280484,-15.608940148376753],[-58.183679858457594,-15.608943667868376],[-58.183667513437463,-15.608942538513181],[-58.183617316006242,-15.608924633193592],[-58.183580697946063,-15.608908089204483],[-58.183549575681546,-15.6089029952281],[-58.183533519335008,-15.608900211822512],[-58.183511546083395,-15.608898416625758],[-58.183500925609877,-15.608896799803288],[-58.183486101799438,-15.608893770218758],[-58.183427124771448,-15.608876964298718],[-58.183363339285386,-15.608856500839256],[-58.183267001242413,-15.608839800303386],[-58.183174386442047,-15.608826667282029],[-58.182983150348655,-15.608786083926963],[-58.182840009267437,-15.608740935239711],[-58.182725036129703,-15.608702093234525],[-58.182581072389382,-15.608642600164966],[-58.182161239161708,-15.608466518622715],[-58.182014306314088,-15.608405605729775],[-58.181845246351607,-15.608359162211729],[-58.181671861107191,-15.608332830278991],[-58.181534074961235,-15.608317786391259],[-58.1813238788842,-15.60832752645871],[-58.181141896681865,-15.608351465092323],[-58.180959848723298,-15.608363923390424],[-58.180792500871434,-15.60835764766829],[-58.180669438582044,-15.608328174551215],[-58.180417408137302,-15.60827213064867],[-58.180349608106724,-15.608239969580271],[-58.180298138871123,-15.608215373245342],[-58.180244760873009,-15.608202267695129],[-58.180207252170405,-15.608202469193412],[-58.180158946574558,-15.608213251084239],[-58.180100835374922,-15.608235566179561],[-58.18004568535158,-15.608257865355085],[-58.179997363320929,-15.60826577738986],[-58.179944022679379,-15.608259367721278],[-58.179903422427827,-15.608236626490795],[-58.179846002582643,-15.608207279423368],[-58.17979739067448,-15.60816449092068],[-58.179763490827,-15.608105362085018],[-58.179737450450432,-15.608039493075092],[-58.179712095128508,-15.607921006562693],[-58.179687563456959,-15.607773815612815],[-58.179659515915034,-15.607702218447695],[-58.179633573135007,-15.607653569261144],[-58.179592857272482,-15.607610739208592],[-58.179516619126339,-15.607570012526791],[-58.179347322464615,-15.607481954113416],[-58.179280491166857,-15.607446399634668],[-58.179261270480993,-15.60742976150296],[-58.179239524844036,-15.607402972465128],[-58.17922333130506,-15.607376153625468],[-58.179214394276393,-15.607323586858071],[-58.179204311241676,-15.607286570763476],[-58.179189351623734,-15.607259746201496],[-58.179166286708792,-15.607218017195503],[-58.179142070819765,-15.607190643015148],[-58.17913455126687,-15.607170355360934],[-58.17913508234308,-15.607155404567276],[-58.17913808899101,-15.607141637263373],[-58.179143538589265,-15.607123670845981],[-58.179144049171533,-15.60710513345127],[-58.179137157280074,-15.607086634879893],[-58.179123479410855,-15.607068173630324],[-58.179078679213355,-15.607001449759663],[-58.17906803781154,-15.606974601108975],[-58.179043044006043,-15.606919130364014],[-58.179037006875227,-15.606834261293336],[-58.179029828078434,-15.606765541260195],[-58.179031353955985,-15.606708732329141],[-58.179035521838081,-15.60668240259359],[-58.179035351047737,-15.606652508524775],[-58.179026499502918,-15.60661488832346],[-58.179016464368424,-15.606586243058754],[-58.179000782459319,-15.606540886793152],[-58.178993790579923,-15.606497696665624],[-58.178989048860295,-15.606488394671031],[-58.178984571124175,-15.606482200707154],[-58.178982068742094,-15.606475996143748],[-58.178982022289098,-15.606467864826563],[-58.178988392901729,-15.606459937708356],[-58.178993537822642,-15.606453453478503],[-58.178995465790095,-15.606445311566807],[-58.178994876779612,-15.6064285734266],[-58.178995313061542,-15.606375477271603],[-58.178995770776972,-15.606325969520611],[-58.178993708914554,-15.606310673787082],[-58.178989444176764,-15.606298499321172],[-58.178979978511812,-15.606283004682751],[-58.178957677360735,-15.606266862115216],[-58.178928723358112,-15.606252667913125],[-58.178910688303539,-15.606248937528669],[-58.178890446708657,-15.606247850261171],[-58.17887590077887,-15.606250320048444],[-58.178861864182835,-15.606255418381677],[-58.17884708295761,-15.606259802101304],[-58.178834998919065,-15.606261062805642],[-58.178828828073812,-15.606260856376883],[-58.178824120520659,-15.606257533553634],[-58.178820634570002,-15.606252051968557],[-58.178820105682433,-15.606245836814809],[-58.1788222907998,-15.606239606196382],[-58.178828121599921,-15.606223551315752],[-58.178828324109595,-15.606215897734138],[-58.178825574578667,-15.606209693590349],[-58.178819873453207,-15.606205180225611],[-58.178804795907155,-15.606200956700908],[-58.178794413615002,-15.606197902953541],[-58.178786246068576,-15.606193642355901],[-58.178775087303563,-15.606184135245924],[-58.178766867852318,-15.606170787022831],[-58.178755564733599,-15.606136169184422],[-58.178755226996358,-15.606120147397721],[-58.178759084744335,-15.606104341735481],[-58.17876148970398,-15.606093328258456],[-58.178760430565845,-15.606080658421572],[-58.178754433114555,-15.6060675360053],[-58.178741264432873,-15.606051822587901],[-58.178730553042698,-15.606034421043509],[-58.178716774891178,-15.605998381975299],[-58.178714941089751,-15.605979737837883],[-58.178720026835506,-15.605962729716641],[-58.17872783931913,-15.605948099615405],[-58.178742781618418,-15.605928646873998],[-58.178767787080353,-15.605899813610812],[-58.17880700343197,-15.605852966931662],[-58.178825653298709,-15.605834691070601],[-58.178860302784102,-15.605809154138132],[-58.178902858891199,-15.605785472085058],[-58.17900131784836,-15.605741895129876],[-58.17903866763497,-15.605713951938773],[-58.179068093367967,-15.605681268679088],[-58.179095451768852,-15.605632333376001],[-58.17910505510234,-15.605585406018605],[-58.179105828699534,-15.60554809301696],[-58.179099627672777,-15.60549933779537],[-58.179085622845236,-15.605466887582319],[-58.179062456751403,-15.605414587869859],[-58.179039088775667,-15.605384578733918],[-58.179016735808787,-15.605359348540189],[-58.178995936720057,-15.605347023253243],[-58.178967219074437,-15.605330915106938],[-58.178950850317698,-15.605316652468881],[-58.178942888970496,-15.605305215536985],[-58.178939374348367,-15.605294711986705],[-58.178936314842304,-15.60527750893106],[-58.178929306517773,-15.605260327061666],[-58.178925780961862,-15.605247909089954],[-58.178927821707532,-15.60523077448444],[-58.178935746898425,-15.605201267234747],[-58.17894434940311,-15.605186489167446],[-58.178953207709561,-15.605182041409899],[-58.178966230198384,-15.605180823575067],[-58.178983415775406,-15.605182644039289],[-58.178994462765743,-15.605181246077381],[-58.179002336516852,-15.605177185954167],[-58.179007821677736,-15.605169694752714],[-58.179012463333336,-15.605152832730653],[-58.17901896042784,-15.60511529738835],[-58.17901805337489,-15.605094638890527],[-58.179015875683803,-15.605059063669122],[-58.179012193344114,-15.605036506486245],[-58.17900242050969,-15.605019148726905],[-58.178989084300781,-15.604999895606284],[-58.178959978911578,-15.604985128225405],[-58.178933544279936,-15.604975512352754],[-58.178926346690353,-15.604968137105161],[-58.178924827404892,-15.604961449096555],[-58.178925775889489,-15.604954746944163],[-58.178933626142161,-15.604946574162765],[-58.178959176309554,-15.6049265863298],[-58.17897926340526,-15.60490064934976],[-58.178995687084196,-15.604881428183566],[-58.17904456720327,-15.604841704854783],[-58.179075000046332,-15.604812602907737],[-58.179083293104163,-15.604795578474343],[-58.179088850307373,-15.604774741569118],[-58.179089675830177,-15.604746516189639],[-58.179093934003397,-15.604714446143438],[-58.17914765871069,-15.604471530547302],[-58.17915593974223,-15.604409304387518],[-58.179150810448988,-15.604375251821313],[-58.179137054215992,-15.604343038902112],[-58.179117149063707,-15.604314446591395],[-58.179053351168214,-15.604269945969412],[-58.178940474201674,-15.604165321170429],[-58.178919362532362,-15.604141518799507],[-58.178908697422784,-15.604110485150706],[-58.178899564660313,-15.604077649924385],[-58.178896684970496,-15.604059429002342],[-58.178891358783169,-15.604045108015026],[-58.178884201020921,-15.604034085275451],[-58.17887086795217,-15.604021899791539],[-58.178850423225228,-15.604006763228963],[-58.178830922459582,-15.603994910022749],[-58.178792593747858,-15.603981065262339],[-58.178761982155471,-15.603968075778003],[-58.178750212941353,-15.60395976780377],[-58.178735941048885,-15.603945195602392],[-58.178681396996602,-15.603900646125149],[-58.178670217887053,-15.60388755239631],[-58.17866490972191,-15.603876220533772],[-58.178662107650091,-15.603871751268336],[-58.178651279921169,-15.603866129176724],[-58.178635514032329,-15.603860235280106],[-58.178605877145237,-15.603855909939648],[-58.178577779427052,-15.603850977952215],[-58.178563238110279,-15.603843283222322],[-58.178536001491047,-15.603827286375122],[-58.178510868537366,-15.603801412070801],[-58.178488836896868,-15.603778511264084],[-58.178474513837045,-15.603754971632013],[-58.178463570834325,-15.603729320418397],[-58.178457270947824,-15.603706335243425],[-58.178452528071176,-15.603686031753192],[-58.178453069450029,-15.603672875159161],[-58.178455453579858,-15.603658213616937],[-58.178464922047461,-15.603641720727801],[-58.178475005279054,-15.603624925347519],[-58.178478007588694,-15.603610559684077],[-58.178484349922606,-15.603586908325177],[-58.178483661769057,-15.60357435671275],[-58.178483890251364,-15.603560304214508],[-58.178485043915209,-15.603546247658697],[-58.178488986762659,-15.603534567889881],[-58.178491072424634,-15.603521701304372],[-58.178486360276125,-15.603506779526805],[-58.178477582394244,-15.603482013379985],[-58.178448975371367,-15.603422496104697],[-58.178403589843775,-15.603357119263002],[-58.178372063454155,-15.603281235172359],[-58.178338524574862,-15.603112090150276],[-58.17833494912518,-15.603004487136399],[-58.17833002465246,-15.602919851561662],[-58.178304338688569,-15.60282958657262],[-58.178183127306824,-15.602604947799856],[-58.178118563068296,-15.60244744778986],[-58.178086668444614,-15.602306993013828],[-58.17804867244611,-15.602135001886785],[-58.178015202048016,-15.602064389795531],[-58.177992764973403,-15.60202433127081],[-58.177957351191438,-15.601958991242833],[-58.177945334839698,-15.601928921103822],[-58.17794474868758,-15.601912662004807],[-58.177952052720748,-15.601895403376114],[-58.177955935974651,-15.60188390290881],[-58.177954373080446,-15.601869561717974],[-58.177945914905443,-15.601857648325183],[-58.177924565570144,-15.601835281610132],[-58.177872945410492,-15.601783899822532],[-58.177854054711652,-15.601760085417936],[-58.177845026778229,-15.601734782746245],[-58.17784638225929,-15.601712772509339],[-58.177850725197054,-15.601695529752726],[-58.17784767404558,-15.601679762031349],[-58.177830313490468,-15.601664548260478],[-58.177820857702926,-15.601650728438715],[-58.17781582944577,-15.601634492239866],[-58.177815703915329,-15.601612489939598],[-58.177818394855144,-15.601565122394552],[-58.177813996772706,-15.601486222884583],[-58.177814797927944,-15.601453692299545],[-58.177821067051411,-15.601427829479691],[-58.17783328199112,-15.601406240118424],[-58.177860215066566,-15.601369265071034],[-58.177898095843993,-15.60134801632613],[-58.177922223362778,-15.601338320036028],[-58.177947240819684,-15.601322281662023],[-58.177965636077971,-15.601302751721922],[-58.177980022895106,-15.601283242360553],[-58.177989464787821,-15.601262265338919],[-58.177993669497582,-15.601242213065431],[-58.177995095141135,-15.601221877396716],[-58.17798987404143,-15.601171681439485],[-58.177990994395053,-15.601151944891317],[-58.177997663424321,-15.601131281925337],[-58.178008356230578,-15.601113287428392],[-58.178047502770234,-15.601054483463765],[-58.178090787523011,-15.601018078794617],[-58.178097822301496,-15.601007577427584],[-58.178114612892877,-15.600961490169517],[-58.178130413087032,-15.60091051535553],[-58.178130319411238,-15.600894099951871],[-58.178131942801123,-15.600881779094767],[-58.178134820967017,-15.600866578886398],[-58.178139410586994,-15.60085465340843],[-58.178147802473937,-15.60084106514501],[-58.178153688083015,-15.600833645941524],[-58.178159159652154,-15.600827871361382],[-58.178163340836527,-15.600818409418752],[-58.178164966571153,-15.600806499827874],[-58.178172259080789,-15.600773012459209],[-58.178179857425171,-15.60075324028208],[-58.178193613145233,-15.600731343451061],[-58.17820467091758,-15.600723213165296],[-58.178208948955934,-15.600716014996802],[-58.178209527888704,-15.600709435045799],[-58.17821039846153,-15.600699864301749],[-58.17821220024252,-15.600691184340516],[-58.178214326858537,-15.600685493675474],[-58.178220776638241,-15.600680675610334],[-58.178229392268101,-15.600677041807371],[-58.178238604826298,-15.600669818090134],[-58.17824503506349,-15.600661412511181],[-58.178255099419232,-15.600641328822201],[-58.178260854254837,-15.600622763301939],[-58.178260763830686,-15.600606919152117],[-58.178259110377212,-15.60058749666725],[-58.178253150816658,-15.600570189817272],[-58.178244047355399,-15.600542436160689],[-58.17824107985534,-15.600508969441821],[-58.178244443639564,-15.600449758876763],[-58.178246365525375,-15.60040819493682],[-58.178241310568602,-15.600333185769749],[-58.178237861387885,-15.60032333898765],[-58.178226402817025,-15.600315328497031],[-58.178215559941187,-15.600307016415115],[-58.178209932969544,-15.600293891978527],[-58.178209235394043,-15.600279845343554],[-58.178213490316388,-15.600268761390879],[-58.178221422935017,-15.600253472621565],[-58.178230301182211,-15.600241765497127],[-58.178239224722574,-15.600237831754034],[-58.17825187449445,-15.600238361428477],[-58.178256473009391,-15.600233554190835],[-58.178258267966378,-15.600223679297077],[-58.178257565265909,-15.600208735107389],[-58.178264427517462,-15.600059821662613],[-58.178237676541073,-15.599977494136688],[-58.178171572187068,-15.599809479897337],[-58.178141382871289,-15.599708238390614],[-58.178128970908674,-15.599608814267249],[-58.178124455449364,-15.599509347818111],[-58.178156736593493,-15.599285321507292],[-58.178197274418501,-15.599124388140249],[-58.178274806104483,-15.598873332802563],[-58.178616646044865,-15.597891901430218],[-58.178676236080669,-15.597768852659915],[-58.17868651170695,-15.597731728219697],[-58.178691882661745,-15.59770001014877],[-58.17869172909176,-15.597673106094271],[-58.178687843271128,-15.597640840171717],[-58.178679052484696,-15.597505761814272],[-58.178680610224085,-15.597454333642968],[-58.178685950467596,-15.597417235664674],[-58.178694347546241,-15.597375337805104],[-58.178728888596318,-15.597266334504413],[-58.178756770228425,-15.597179489198336],[-58.178767220367419,-15.597151213097558],[-58.178778731348167,-15.597136084101253],[-58.178790769373471,-15.597126692106286],[-58.178801838877007,-15.597120653386346],[-58.1788141176499,-15.597110303762616],[-58.178825142101637,-15.597096373245835],[-58.178837342621591,-15.597072152639258],[-58.178842894675221,-15.597050598965026],[-58.178845713721607,-15.597025710959736],[-58.178843623350943,-15.597005394139153],[-58.178836298163361,-15.596975777038725],[-58.178811850420168,-15.596885984461913],[-58.178810243843607,-15.596863990101234],[-58.178811674791007,-15.596812084440039],[-58.178810846979736,-15.596753494725501],[-58.178812398064487,-15.596722635058585],[-58.178816016303465,-15.596708026551024],[-58.178825267137498,-15.596685974875552],[-58.178831392641484,-15.596678288624465],[-58.178838287736426,-15.596675859906281],[-58.178847877169048,-15.596669829121787],[-58.178854713560753,-15.596657116934654],[-58.178864860550661,-15.596619036841158],[-58.178868089661613,-15.596579557530085],[-58.178866230054723,-15.596556369557343],[-58.178860713981308,-15.596541092325035],[-58.178849047404626,-15.596528957522819],[-58.17882822332124,-15.596512089235731],[-58.178815341089368,-15.596503309032347],[-58.178808130604068,-15.596493781615864],[-58.178805093133434,-15.596480404668892],[-58.178809389067439,-15.596454791943449],[-58.17882251257376,-15.596376276653794],[-58.178833702226584,-15.596347996585779],[-58.178852151977054,-15.596294803793823],[-58.178866752296727,-15.596258851126613],[-58.17888676628607,-15.596220239051338],[-58.178896090812295,-15.596211101140122],[-58.178910797608268,-15.596193802793159],[-58.17892250925135,-15.596170541142238],[-58.178946914703317,-15.596123057139247],[-58.178949796534916,-15.596109170283471],[-58.178950428235432,-15.596090273370326],[-58.178947909620433,-15.596081198965784],[-58.17894244680194,-15.596075248895657],[-58.178929789892429,-15.596062641238099],[-58.178924801310039,-15.596053340541955],[-58.178923503312816,-15.59604210738199],[-58.178925420292657,-15.596032051951122],[-58.178929068555767,-15.59602270584487],[-58.178959208948484,-15.595985713503953],[-58.178989288323962,-15.595938198167094],[-58.179001196572543,-15.595906087084199],[-58.179005522507367,-15.595885734950963],[-58.179007819946662,-15.595856067153024],[-58.179005171627452,-15.595824272763998],[-58.179004587241913,-15.595808491822298],[-58.179005260827054,-15.59579676901758],[-58.179008652381754,-15.595785749341802],[-58.179016215570229,-15.595770641507864],[-58.179042278505563,-15.59571095124763],[-58.179049099841009,-15.595695608758977],[-58.179054686908557,-15.595680033353199],[-58.17905874385189,-15.595655856410906],[-58.179059093834354,-15.595630742107788],[-58.179062548637056,-15.59558767486878],[-58.179059442902414,-15.595562340465754],[-58.179055164345861,-15.59554753567193],[-58.179047633018143,-15.595525094916189],[-58.179047587964263,-15.595517203119922],[-58.179050761976747,-15.595511206734038],[-58.179056905626382,-15.595506869367746],[-58.179069207506473,-15.595500585398327],[-58.179078541115963,-15.595492881937762],[-58.179081207199609,-15.595484497433647],[-58.179078929330139,-15.595474464498272],[-58.179074416356919,-15.595462052707592],[-58.179064434686111,-15.595442495007143],[-58.179047533823045,-15.595421300370676],[-58.179023606847004,-15.595379575843436],[-58.179016386834128,-15.595368373536868],[-58.179003259830928,-15.595359834188317],[-58.178991635645083,-15.595355113935026],[-58.178983978263666,-15.595353719588193],[-58.178971381469964,-15.59535163492739],[-58.178966679635543,-15.595349268394417],[-58.178961961418928,-15.595344032034927],[-58.178960446322989,-15.595338061698598],[-58.178960146872853,-15.595328735857045],[-58.178972752323773,-15.59528920626359],[-58.179006519476431,-15.595195992061369],[-58.179021390058459,-15.595164104628935],[-58.179035600700502,-15.595146330769699],[-58.179055011969417,-15.595131876199211],[-58.179070515142463,-15.595124379190512],[-58.179084510044,-15.595112107681624],[-58.17909720557445,-15.595088362579627],[-58.179119416728355,-15.595045672919079],[-58.179127749039957,-15.59503558308166],[-58.179142935429041,-15.595015890406135],[-58.179150729342552,-15.594997912321352],[-58.179165821515916,-15.594961718369305],[-58.179179985702305,-15.594935812273267],[-58.179184796760559,-15.594914023030276],[-58.179184177801872,-15.594892024277248],[-58.179179608850738,-15.594869806268568],[-58.179175029913637,-15.594845675639736],[-58.179172816661193,-15.594803834669717],[-58.17916657790343,-15.59470509517252],[-58.179168680996412,-15.594684516325538],[-58.179172804815622,-15.594672057311646],[-58.179182566626061,-15.594653111431546],[-58.179196059951757,-15.594639407198462],[-58.179210311505003,-15.594628807444556],[-58.179219904937625,-15.594623495236508],[-58.179226955614901,-15.594605042063662],[-58.179229083276731,-15.594588767503943],[-58.179227051618803,-15.59457873324865],[-58.17922256553566,-15.594570865270644],[-58.179216366368728,-15.59456563685826],[-58.179206454371382,-15.594558276148609],[-58.179198034692746,-15.594553059644657],[-58.179192536417155,-15.594540892675028],[-58.179188710687157,-15.594519148847834],[-58.179184889993294,-15.594498123601918],[-58.179175940108202,-15.59448645240734],[-58.179163287387304,-15.594474562438272],[-58.17914891842404,-15.594464595249917],[-58.179126833406443,-15.594442950246762],[-58.179106286694953,-15.594431341239881],[-58.179086509570745,-15.59442498976426],[-58.179067964909954,-15.594418393045434],[-58.179057076223998,-15.594412950239326],[-58.179048126354949,-15.59440127994257],[-58.179043864641372,-15.594389583601787],[-58.179041786147884,-15.594371179387956],[-58.179041159016556,-15.594347745267068],[-58.179043807376516,-15.594292963155189],[-58.179044135534546,-15.594264023618798],[-58.179041737550229,-15.594232945587091],[-58.179045589661783,-15.594216183612437],[-58.179053135053948,-15.594197967327732],[-58.17906319587108,-15.594188107761275],[-58.179070054019768,-15.594179221705412],[-58.179078118255234,-15.594165307057459],[-58.179085199403488,-15.594152354921826],[-58.179089264515184,-15.594129612439362],[-58.179088331104651,-15.59409565663988],[-58.179088361605316,-15.594057869419993],[-58.179091401806318,-15.594028436267738],[-58.179094735997403,-15.594007372650035],[-58.17909015069975,-15.593982284809103],[-58.179079200174741,-15.593965841748444],[-58.17906108064053,-15.593947284919953],[-58.179038532377724,-15.593930903143624],[-58.179031510417929,-15.593911090931226],[-58.179032102529554,-15.59388525852528],[-58.179034903788875,-15.593857261159577],[-58.179030319440841,-15.59383217421521],[-58.179018321246012,-15.593805213446819],[-58.179003374355837,-15.593780420698476],[-58.178991221857999,-15.593769723906242],[-58.178926774799194,-15.593718889163672],[-58.178873965078139,-15.5936749277105],[-58.178854878013482,-15.593659724132284],[-58.178844442703507,-15.593647104546683],[-58.178840666174565,-15.593633971092828],[-58.178838865306382,-15.593621065679194],[-58.178842202248937,-15.59360048021709],[-58.178844772780096,-15.593575354907415],[-58.178838263301856,-15.593558888022025],[-58.178829789075678,-15.593544104807421],[-58.178813592036036,-15.593516449734253],[-58.178809282589896,-15.593496383433564],[-58.178807909119762,-15.593471756532415],[-58.178814193393563,-15.593448763523307],[-58.178822987613692,-15.593433170929394],[-58.178841898586064,-15.593417524097763],[-58.17887924945267,-15.593390298743698],[-58.17890772104375,-15.593363600062249],[-58.178925358600509,-15.593341024348788],[-58.178941674978326,-15.593303149806937],[-58.178950435056166,-15.593281578026053],[-58.178950612577019,-15.593269379710483],[-58.17894363569566,-15.593257459290156],[-58.178933743316556,-15.593253686077022]]]}},
{"type":"Feature","properties":{"OBJECTID":20,"ID":0,"SHAPE_LEN":607.68643136100002},"geometry":{"type":"MultiLineString","coordinates":[[[-58.178933743316556,-15.593253686077022],[-58.178911089962547,-15.59324992252678],[-58.178897746929614,-15.593246645980896],[-58.178893283157514,-15.593242842757087],[-58.178888779378461,-15.593231866316426],[-58.178887241095531,-15.59322182940975],[-58.178887634366063,-15.593204129643732],[-58.178904166151248,-15.593074415770296],[-58.178917626724939,-15.593011683644525],[-58.17892276050474,-15.592959997652544],[-58.178922166161186,-15.592942303181275],[-58.178918135682402,-15.59292797521576],[-58.178906698717768,-15.592912730621746],[-58.178868955286184,-15.592871318754186],[-58.17882775756047,-15.592829925397279],[-58.17880395243138,-15.592809485439917],[-58.17879132531629,-15.592802059715215],[-58.178782419206556,-15.592798041670182],[-58.178775965717072,-15.592791380098236],[-58.178771740907663,-15.592786141084455],[-58.178766543067752,-15.592783299033186],[-58.178761592793123,-15.592780694286981],[-58.178756611137395,-15.592772590318871],[-58.178750040280235,-15.592745360897165],[-58.178741549726588,-15.592727708751941],[-58.178734313455408,-15.592713636598651],[-58.178724864882952,-15.592701011713432],[-58.178715936945906,-15.592693167530125],[-58.178703966162686,-15.592670990081334],[-58.178678811255665,-15.59263022840093],[-58.178666617475812,-15.592612117933314],[-58.178653163019952,-15.592589469361158],[-58.178646199827504,-15.592579940601405],[-58.178635784126079,-15.59257090851534],[-58.178627346803687,-15.592562582625604],[-58.178620613007944,-15.592549943183863],[-58.178609313560621,-15.592515804300534],[-58.178602222102469,-15.592483794168944],[-58.178601109893386,-15.592461798048902],[-58.178603222587881,-15.592442893191651],[-58.178606342423173,-15.592427569652468],[-58.178609457739505,-15.592411290704286],[-58.178610142268127,-15.592401481416093],[-58.178608101118066,-15.592389773158805],[-58.178603085363889,-15.592375690001854],[-58.178581381655526,-15.592334192103291],[-58.178570708849563,-15.592323247812748],[-58.178564242171035,-15.592314434093066],[-58.17856266254887,-15.592296983530737],[-58.178558138772146,-15.59228265819929],[-58.178551922886392,-15.592274320399643],[-58.178545435308614,-15.592261679634777],[-58.178543384618763,-15.592248298289483],[-58.178541104094315,-15.59223778718742],[-58.178534617885056,-15.592225385950982],[-58.178529144270954,-15.592217522340928],[-58.178526876465114,-15.592209403821194],[-58.178527824505856,-15.592202463036038],[-58.178533701398926,-15.592194538594191],[-58.178539084761354,-15.592183150301],[-58.178538514081957,-15.592169760119601],[-58.178529552063765,-15.59215593674198],[-58.178499241735537,-15.592119746620144],[-58.178454028395535,-15.592066417769857],[-58.178397681795978,-15.592015260103548],[-58.178345087469353,-15.591965797032513],[-58.178305286406008,-15.591909568325118],[-58.178276303391151,-15.59184658547605],[-58.178266133750078,-15.591794024241295],[-58.178270588838785,-15.591709816476339],[-58.17830157892697,-15.591627299664124],[-58.178310017788576,-15.59159257592178],[-58.178309270826624,-15.59156985923036],[-58.178302982430338,-15.591548966493079],[-58.178290495239118,-15.591522725990089],[-58.178284187316947,-15.591498245735851],[-58.178282192915418,-15.591473144884525],[-58.178285155132677,-15.591451604192267],[-58.178300439918331,-15.591427606631548],[-58.178333580329138,-15.591397534028097],[-58.17840031727107,-15.591309285594894],[-58.178406952675388,-15.591282941724561],[-58.17841300234015,-15.591261982875773],[-58.178430025727195,-15.591218245433314],[-58.17844456444044,-15.591171531168555],[-58.178457790897667,-15.591111071841167],[-58.178459896060041,-15.591047683781117],[-58.178459595929581,-15.5909950696643],[-58.178467441255691,-15.590964535107338],[-58.178492446348557,-15.590914177132969],[-58.178544446584738,-15.590837965468548],[-58.17858739248684,-15.590796479938916],[-58.178658464035742,-15.59071119744392],[-58.178666946221618,-15.590684246185086],[-58.178674089793766,-15.5906387674166],[-58.178668922634827,-15.590598138121928],[-58.178658691583365,-15.590534815273251],[-58.17865564070491,-15.590432591215206],[-58.178659747058461,-15.590395498935196],[-58.178664226755629,-15.59038052786304],[-58.178670862483379,-15.590375828121191],[-58.178680842777261,-15.590373622421199],[-58.178734843228355,-15.590366875462818],[-58.17874923878356,-15.59035998282106],[-58.178754378133696,-15.590352421181464],[-58.178758017201233,-15.590341639718845],[-58.178757216266106,-15.590330882053902],[-58.178751997089471,-15.590324452491494],[-58.178744198376741,-15.590319830113028],[-58.178734906457358,-15.590313064430548],[-58.178730019558678,-15.59029981669782],[-58.178731787924832,-15.590285457641331],[-58.178752164472904,-15.590224004544826],[-58.178761339724112,-15.590210322589776],[-58.178778299355848,-15.590198752025826],[-58.178792669219249,-15.590187195341729],[-58.178802579910005,-15.590172792642282],[-58.178848304122937,-15.590126449931473],[-58.178867354138688,-15.590091908831342],[-58.178878203575039,-15.590047366530873],[-58.178885290206381,-15.589992082442144],[-58.178898414252551,-15.589956855400123],[-58.178920791518244,-15.589926027803417],[-58.178930242818595,-15.589895842573842],[-58.178932250394965,-15.589858522908928],[-58.178917220595622,-15.589819142361042],[-58.178859048126128,-15.589743400962556],[-58.178841859292525,-15.589714793938464],[-58.178840930519897,-15.589681794433456],[-58.178855473150591,-15.589635797832047],[-58.178912106819965,-15.589571638413606],[-58.17908431395611,-15.589437503272411],[-58.179267455181275,-15.58935998998721],[-58.179336324585087,-15.589321355471055],[-58.179379369476656,-15.589254160262259],[-58.179406556630092,-15.589175569517588],[-58.179531554252193,-15.588595175385219]]]}},
{"type":"Feature","properties":{"OBJECTID":21,"ID":0,"SHAPE_LEN":958.34988334100001},"geometry":{"type":"MultiLineString","coordinates":[[[-58.175216232443177,-15.60771357770494],[-58.174758057629148,-15.607501676582311],[-58.174528536031666,-15.607411066413359],[-58.17434467045311,-15.60736421703197],[-58.174210320663356,-15.607345802020207],[-58.17397534509746,-15.607337491610867],[-58.173769937833477,-15.607321369575557],[-58.173643518471962,-15.607308651676389],[-58.173244189807399,-15.607213207290336],[-58.172961628820481,-15.607168797304144],[-58.172670899335976,-15.60707659829505],[-58.172394001039287,-15.606986238660292],[-58.172227619781147,-15.606889548316447],[-58.172062963190982,-15.606748844439197],[-58.171150361834137,-15.605959697881191],[-58.170337275108544,-15.605311600325864],[-58.170038099341831,-15.605121865291977],[-58.169292951853095,-15.604616898567151],[-58.168599589020282,-15.604192011477592],[-58.168431314020218,-15.604108721316765],[-58.168336459987842,-15.604092006114708],[-58.168206050604269,-15.604071653626828],[-58.16808553305664,-15.604055074741018],[-58.168014335723733,-15.604032493804661],[-58.167927280073187,-15.603998517440608],[-58.167859954874743,-15.603962522602099],[-58.167802533262872,-15.603932214956179],[-58.167745209082092,-15.603919126308471],[-58.167678013822425,-15.603906091000391],[-58.16758523079509,-15.603906583992321],[-58.167439148162842,-15.603907360106174]]]}},
{"type":"Feature","properties":{"OBJECTID":22,"ID":0,"SHAPE_LEN":1411.29339082},"geometry":{"type":"MultiLineString","coordinates":[[[-58.219650616919502,-15.597920198645811],[-58.219478339652987,-15.598164137637255],[-58.219374473925598,-15.598292901955871],[-58.219278086396805,-15.598350834150242],[-58.219219013155033,-15.598376034373899],[-58.219096725966175,-15.598393931862113],[-58.218769142622556,-15.598412967624656],[-58.218650815278131,-15.598432756466613],[-58.218548347372348,-15.598463935938522],[-58.218430211888723,-15.598516248582222],[-58.218149486071873,-15.598781834122542],[-58.217861088867913,-15.599085726590562],[-58.217595736829061,-15.599280435694157],[-58.21734012902818,-15.599454044162179],[-58.217174729047649,-15.59952575076756],[-58.216832004749229,-15.599655836569394],[-58.216544473916848,-15.599772223318885],[-58.216404724661693,-15.599841873851709],[-58.216261150623552,-15.599932591851195],[-58.216159053446923,-15.600026906479917],[-58.215958885421017,-15.600228905505958],[-58.215862902505329,-15.600355711190151],[-58.215447054527964,-15.600807626931569],[-58.215301945205518,-15.600972969741237],[-58.215176203732106,-15.60107506711776],[-58.215032628276354,-15.60116578440433],[-58.214890722110226,-15.601204833626234],[-58.214705320213021,-15.601232644538571],[-58.214565152830552,-15.601231505617292],[-58.214351866151162,-15.60121737844249],[-58.214231449741099,-15.601218043733844],[-58.214044096782828,-15.601249690176568],[-58.213614419160891,-15.601364945822727],[-58.213036981383858,-15.601530760560886],[-58.212775953186259,-15.601559823379645],[-58.212640150064054,-15.60154562582761],[-58.212485752318173,-15.601516582979572],[-58.212365283198857,-15.601487352864217],[-58.21212443373895,-15.601443838831079],[-58.211858908270692,-15.601400461493517],[-58.211596696057157,-15.60139592785097],[-58.211464170197821,-15.601414595385911],[-58.211350238855751,-15.601448107253656],[-58.211251816926463,-15.601496481390498],[-58.211018329324347,-15.601656210051743],[-58.210947667519228,-15.601704431098009],[-58.210907639744391,-15.601716609340716],[-58.210811952005677,-15.60170517882927],[-58.210750017594869,-15.601663667631369],[-58.210654172103432,-15.601625332414928],[-58.210561428339581,-15.601589969268845],[-58.210481250072853,-15.601593400080429],[-58.210398075273524,-15.601611795170026],[-58.210327413322801,-15.601660016026232],[-58.210222875259532,-15.601717391907309],[-58.210087317403804,-15.601745042927138],[-58.20992384149568,-15.601745942957278],[-58.209729205762947,-15.601693204264224],[-58.209574650519471,-15.601637254705123],[-58.20929337061348,-15.601537160722918],[-58.208872677751785,-15.601333202156273],[-58.208721348087664,-15.60130114963599],[-58.208502037833888,-15.601248545503951],[-58.208267462454721,-15.601222929686417],[-58.208081104869997,-15.601220728085728]]]}},
{"type":"Feature","properties":{"OBJECTID":23,"ID":0,"SHAPE_LEN":675.66277276000005},"geometry":{"type":"MultiLineString","coordinates":[[[-58.223281799605125,-15.600766000194991],[-58.223186492947242,-15.60067325930039],[-58.223094275854102,-15.600602025664969],[-58.222948658248278,-15.600513869879538],[-58.222831374060711,-15.600459994836225],[-58.222723091995455,-15.600426158760966],[-58.22261338089676,-15.600400940199496],[-58.22245334929481,-15.600378871333392],[-58.22222386045172,-15.600378712195866],[-58.222121687432335,-15.60037641045737],[-58.222017847513705,-15.600342549323951],[-58.221845717109659,-15.600277499160553],[-58.221774388225917,-15.600233412162352],[-58.221735606148947,-15.600184839871027],[-58.221678845659881,-15.60010049452103],[-58.22159511335758,-15.599961770537107],[-58.221557701054124,-15.599894535957235],[-58.221480306935959,-15.59982608907398],[-58.221356974104673,-15.599750722289016],[-58.220972367136952,-15.599557707548549],[-58.220690459374033,-15.599455957789894],[-58.22049915083889,-15.599402492496734],[-58.220327198790748,-15.599367573309051],[-58.220061975185004,-15.599333171714113],[-58.219787868594956,-15.599298819991636],[-58.219672371936561,-15.59929659101323],[-58.219497519310892,-15.599271732275636],[-58.219361142067463,-15.59924379008557],[-58.219186289505615,-15.599218931094322],[-58.219018932237852,-15.599209814266089],[-58.218881244448994,-15.599210577811467],[-58.218659337489044,-15.599240506985886],[-58.218362118739144,-15.599303857439011],[-58.21809448458815,-15.59936273828759],[-58.217946491857219,-15.5993736024813],[-58.217752595276146,-15.599383286405386],[-58.217567480189715,-15.599375702246322],[-58.217480630323507,-15.599358615135912]]]}},
{"type":"Feature","properties":{"OBJECTID":24,"ID":0,"SHAPE_LEN":561.55867046200001},"geometry":{"type":"MultiLineString","coordinates":[[[-58.215029134306306,-15.625458442525826],[-58.21494955521969,-15.625477553965725],[-58.214884832378438,-15.625491490585576],[-58.214838390005553,-15.625486655096985],[-58.214812072950956,-15.625479163734147],[-58.214740905132601,-15.625439670449099],[-58.214664507355273,-15.625395423561612],[-58.214626153236622,-15.625378296355727],[-58.214603893894157,-15.62537004944959],[-58.214583502691653,-15.625364781392078],[-58.21455387814521,-15.625363151997556],[-58.214522423276435,-15.625365119392868],[-58.214490404720927,-15.625376058374481],[-58.214446110571899,-15.625397827985035],[-58.21437914743904,-15.625446627527987],[-58.214344819389616,-15.625484484683875],[-58.21431166543956,-15.625512171010595],[-58.214261875086223,-15.625543536944331],[-58.214172737037941,-15.625598438394908],[-58.214132828234845,-15.62563154296841],[-58.21409166781558,-15.62566166526954],[-58.214070130639747,-15.625671350356411],[-58.214058464499573,-15.625680981742404],[-58.214049894377126,-15.625692389334885],[-58.214048134477189,-15.625707943398039],[-58.21405748054557,-15.625723436931054],[-58.214091631459446,-15.625760317763927],[-58.214100353957654,-15.62577461888757],[-58.214102274922745,-15.625786565922931],[-58.214098044452413,-15.625801537080585],[-58.21408455594981,-15.62581596107173],[-58.214061784761491,-15.625825652985045],[-58.214022954941143,-15.6258324445359],[-58.213987910787473,-15.625832519066234],[-58.213976048262943,-15.625829714806768],[-58.213972325142656,-15.625826147830608],[-58.213970447148228,-15.625821495010234],[-58.21396743714147,-15.625813259977528],[-58.213961474189638,-15.625806477571626],[-58.213954057534977,-15.625804366414386],[-58.213932585935375,-15.625804126329722],[-58.213904864667704,-15.625811453893208],[-58.213887172299771,-15.625824466638953],[-58.213858458463207,-15.625851888813154],[-58.213822458704307,-15.62589908246302],[-58.213797238093896,-15.625945522300238],[-58.213787518453714,-15.625971285617572],[-58.213777265850403,-15.626011401258348],[-58.21375029581251,-15.626041445022846],[-58.213709748268847,-15.626070966394433],[-58.213617468043502,-15.626116318164426],[-58.213428522056816,-15.626195686559116],[-58.213240186346539,-15.626273856473405],[-58.213107220977889,-15.626325412233424],[-58.213085715352562,-15.626340477960383],[-58.213069758741689,-15.626354915537654],[-58.213048267187247,-15.626372372897343],[-58.21303169403744,-15.626386813879927],[-58.213011996710279,-15.626394695367875],[-58.212994111439386,-15.626395870763167],[-58.212983723503832,-15.626392101977325],[-58.212977256590897,-15.626383528091999],[-58.212972741741893,-15.626371116313765],[-58.212974143165702,-15.626357716416662],[-58.212985343395836,-15.626331825630697],[-58.212990632053653,-15.626307880165466],[-58.212987546780752,-15.626286851762387],[-58.212971126237903,-15.626264461671964],[-58.212943388174587,-15.626247873881166],[-58.212926087782222,-15.626243665133204],[-58.212900932199744,-15.626246674034023],[-58.21287780561471,-15.626258759508923],[-58.212864529456894,-15.626267442506474],[-58.212860657212637,-15.626280377896084],[-58.212857312163443,-15.626299051028099],[-58.212848046167885,-15.626318235043245],[-58.212828396914396,-15.626334127496758],[-58.212808202653584,-15.626341414236245],[-58.212756927145747,-15.626351263538773],[-58.212620851247799,-15.626377366164972],[-58.212579938323771,-15.626386680008467],[-58.21254939644583,-15.626396893772919],[-58.212532651364498,-15.626403204203298],[-58.212495182001796,-15.626410585453954],[-58.212484859725883,-15.626417817624425],[-58.212473558127854,-15.62642648969109],[-58.212455845909702,-15.62643615349741],[-58.212436119710546,-15.626439132351749],[-58.212352384870201,-15.626468771854158],[-58.212337574976445,-15.626468375503084],[-58.212310402564881,-15.626464221240301],[-58.212292135023318,-15.626463364919886],[-58.212281790231394,-15.626466771005083],[-58.21227442842288,-15.62647398590935],[-58.212263126812289,-15.62648265796599],[-58.212249834664597,-15.626488471140616],[-58.212237501209081,-15.626489495590192],[-58.212220203618656,-15.626485764933657],[-58.212207857980772,-15.626484876800411],[-58.212198973730956,-15.626484925872026],[-58.212183196699122,-15.626487882891205],[-58.212151647325584,-15.626494753224572],[-58.212136840241534,-15.626494835006651],[-58.212115591594909,-15.626490648001836],[-58.212065701538521,-15.626484226559461],[-58.212052874672843,-15.626485254627609],[-58.212040097500619,-15.626494891146814],[-58.212035238372174,-15.62650783197553],[-58.212011498049385,-15.626583537107484],[-58.212003777832713,-15.626613713900493],[-58.212002903512925,-15.626632850637808],[-58.212006981152278,-15.626654830808077],[-58.212018950593162,-15.626675810166425],[-58.212033873020403,-15.626695338728993],[-58.21204880389201,-15.626716302633971],[-58.212058319400931,-15.62673968725665],[-58.212060400883125,-15.626757851344935],[-58.212054629941484,-15.626783712106715],[-58.212037503915603,-15.626809157418244],[-58.212009993686372,-15.626831312038647],[-58.211988326602004,-15.626840041327714],[-58.21195674060202,-15.626840693923523],[-58.211927544789987,-15.626827941160009],[-58.211887430119397,-15.626805202763164],[-58.211856250351424,-15.626791025554745],[-58.211841417934906,-15.626786803094888],[-58.211807816098727,-15.62678029255979],[-58.211774685177041,-15.626769952314076],[-58.211754871752603,-15.626758104044718],[-58.211739021570011,-15.626748624701648],[-58.211725156303352,-15.626741048854404],[-58.211706846556389,-15.626733018479298],[-58.211695491476931,-15.626732603011124],[-58.211685154155418,-15.626737442611027],[-58.211669921126116,-15.626749006222395],[-58.211663115504912,-15.626766742124767],[-58.211660776848959,-15.626788756824261],[-58.211660220266097,-15.62686194221201],[-58.21166536906815,-15.626898265861087],[-58.211679344019039,-15.626924495757903],[-58.21169025350131,-15.626933045155065],[-58.211707576435778,-15.626941080978799],[-58.211719943664335,-15.626945795220532],[-58.211729363536961,-15.626952918353766],[-58.211728954488933,-15.626967269996685],[-58.211722111371031,-15.626978787287905],[-58.211698044673057,-15.626999009306829],[-58.211648483512207,-15.627048549013315],[-58.211629378129956,-15.627073048900982],[-58.211621094123032,-15.62709127022295],[-58.211614852203176,-15.627120960682063],[-58.211615079973171,-15.62715970231128],[-58.211625742579223,-15.627210344903245],[-58.211638264491626,-15.627241366252637],[-58.211646742534263,-15.627256146990909],[-58.211653751580577,-15.627272849391881],[-58.211666705048394,-15.627293345173186],[-58.21169449941096,-15.627319498765376]]]}},
{"type":"Feature","properties":{"OBJECTID":391,"ID":0,"SHAPE_LEN":2322.3530329700002},"geometry":{"type":"MultiLineString","coordinates":[[[-58.169755084230275,-15.591133484563331],[-58.169446190307859,-15.591053812287223],[-58.16890764630876,-15.590944270232399],[-58.168615957653962,-15.590852547431163],[-58.168386077605497,-15.590782020745365],[-58.168136417145156,-15.590704423611761],[-58.167906848343733,-15.590688901498526],[-58.167652605279855,-15.590673510151028],[-58.167462407433696,-15.590638646293645],[-58.167267113193333,-15.59057510915591],[-58.167004805476942,-15.590442571054682],[-58.166752044381447,-15.59025258344486],[-58.166451874461494,-15.589969573895806],[-58.166062365246958,-15.589596157142749],[-58.165719967464128,-15.589263146154535],[-58.165521249544135,-15.589029821584811],[-58.165223672065117,-15.588768321283775],[-58.164985988914189,-15.588626083037873],[-58.164530873672625,-15.588432381674236],[-58.164021423049853,-15.588229399836862],[-58.163595945568382,-15.588040321279706],[-58.163269275257242,-15.587869853385437],[-58.163036690144018,-15.587756286114764],[-58.162526730246611,-15.58746242185631],[-58.162234389739076,-15.58725350451417],[-58.161902329344855,-15.587001747582667],[-58.161595078044542,-15.586773775785515],[-58.16132261251294,-15.586588667942816],[-58.161109823189243,-15.58648456009173],[-58.16093678201441,-15.5864280747571],[-58.160507128639523,-15.586372943219365],[-58.160294877007878,-15.586364496735117],[-58.1601284596426,-15.586389290274347],[-58.159913198859456,-15.586504026883553],[-58.159716710258103,-15.586666497755772],[-58.159532157568265,-15.586757155406572],[-58.159224232433019,-15.586848464015244],[-58.158781269157949,-15.587060064513118],[-58.158572443049785,-15.587222598534055],[-58.158400426463409,-15.587349064798875],[-58.158246647513231,-15.587427602365974],[-58.158092633879832,-15.587464287026757],[-58.157993902588686,-15.587458828319262],[-58.157882366212782,-15.587369729789382],[-58.157757989550767,-15.58719101308755],[-58.157621276144745,-15.587012361223948],[-58.157336550201805,-15.586840467461561],[-58.157138687387217,-15.586757801190277],[-58.15678671094377,-15.586693883466328],[-58.156398192229467,-15.586713862690786],[-58.156034747736562,-15.586805458777338],[-58.155535929636606,-15.586957555969473],[-58.15515679441058,-15.587111415354487],[-58.154713351413854,-15.587238108222012],[-58.154023003775102,-15.587337395451231],[-58.153569155986297,-15.587368475449898],[-58.153085644489366,-15.587390143862869],[-58.152484017063884,-15.587469828902858],[-58.151852405626322,-15.587482703472626],[-58.151328988354571,-15.587428044969986],[-58.150874500220745,-15.587344325159632],[-58.150528633028578,-15.58726960243848],[-58.150320888411805,-15.587184590711013]]]}},
{"type":"Feature","properties":{"OBJECTID":394,"ID":0,"SHAPE_LEN":278.99724381800002},"geometry":{"type":"MultiLineString","coordinates":[[[-58.162065209718591,-15.584366110115269],[-58.162066036674361,-15.584513189981269],[-58.162081990720878,-15.584717589480229],[-58.162075738717228,-15.584922105368985],[-58.162073691383171,-15.585216284634969],[-58.162066934185205,-15.585331117595302],[-58.162030468249966,-15.585428171091451],[-58.161912617865504,-15.585532828828269],[-58.161776180932236,-15.585623235008907],[-58.161651008279591,-15.585742280948574],[-58.161496750801184,-15.58595475273167],[-58.161427518583629,-15.58614883913009],[-58.16141714032976,-15.586278041767804],[-58.161414183864593,-15.586650880065076]]]}},
{"type":"Feature","properties":{"OBJECTID":374,"ID":0,"SHAPE_LEN":769.27748634},"geometry":{"type":"MultiLineString","coordinates":[[[-58.155951905659968,-15.617210776751842],[-58.155880805722568,-15.617184245104038],[-58.155716862970237,-15.617104391151276],[-58.15555288590744,-15.617018558755779],[-58.155274472343052,-15.616879516458544],[-58.155122616703565,-15.616754755220155],[-58.155035574785131,-15.616635632357177],[-58.154963972906664,-15.616519418395951],[-58.154889353616802,-15.616415177261882],[-58.154790139711018,-15.616326013476417],[-58.15464463870515,-15.616234103775312],[-58.154545593272886,-15.616174834164646],[-58.154387904349733,-15.616109893391139],[-58.1541285700524,-15.616072393572631],[-58.153683884719342,-15.61598803387983],[-58.15357871999629,-15.615937764603286],[-58.153501300465422,-15.615884360289641],[-58.153430017353919,-15.615824944314726],[-58.153352632266518,-15.615777518259081],[-58.153201263290647,-15.615739449345426],[-58.153065418717048,-15.615719236111502],[-58.152938778288217,-15.615690005819118],[-58.152818106258202,-15.615624869516795],[-58.152650846543253,-15.61550317741959],[-58.152558037683065,-15.615455832017664],[-58.152465295683619,-15.615420445028041],[-58.152344674055499,-15.615364276832612],[-58.152193256356803,-15.61531723879469],[-58.151955516196061,-15.615279622119155],[-58.151801263677555,-15.615277441940592],[-58.151625501686887,-15.615290321603895],[-58.15149609340925,-15.615317906141923],[-58.151280397722132,-15.61536089013252],[-58.151123026373369,-15.615352746425684],[-58.15095945372309,-15.615338656604502],[-58.150848220183114,-15.61530635416989],[-58.150761647369819,-15.61527093410826],[-58.150684296403625,-15.615229486285445],[-58.150576165006399,-15.615200157607172],[-58.150440386696445,-15.615191900271101],[-58.150301641593607,-15.615204584957572],[-58.150070471625845,-15.615238680161465],[-58.149940963101599,-15.615248327000641],[-58.149795981437904,-15.615249086116789],[-58.149420501181559,-15.615226369319828]]]}},
{"type":"Feature","properties":{"OBJECTID":399,"ID":0,"SHAPE_LEN":246.011869069},"geometry":{"type":"MultiLineString","coordinates":[[[-58.170344037443414,-15.594743296001665],[-58.170017785473036,-15.594903676254143],[-58.169522857514792,-15.595199281098875],[-58.169120189385133,-15.595446561980935],[-58.168920599582862,-15.595606067382711],[-58.168488472880682,-15.596025806784249]]]}},
{"type":"Feature","properties":{"OBJECTID":388,"ID":0,"SHAPE_LEN":558.99433961700004},"geometry":{"type":"MultiLineString","coordinates":[[[-58.160492238727414,-15.603741199012921],[-58.160265028093661,-15.603708915955982],[-58.160052785460174,-15.603705252934747],[-58.159825575839946,-15.603672970314815],[-58.159296510270288,-15.603498782683591],[-58.158920437202724,-15.603323786957848],[-58.158252112794862,-15.60295900113095],[-58.158058940287127,-15.602835655778451],[-58.157742361215462,-15.602708175958057],[-58.15729778793613,-15.602638769236874],[-58.156225851077508,-15.602467431934219],[-58.15553819882124,-15.602443073325029]]]}},
{"type":"Feature","properties":{"OBJECTID":390,"ID":0,"SHAPE_LEN":804.693039516},"geometry":{"type":"MultiLineString","coordinates":[[[-58.160869077093857,-15.601360710547313],[-58.160749725005395,-15.601199907190733],[-58.160678893757037,-15.60111059575175],[-58.160570545049403,-15.600931796886023],[-58.160432303222159,-15.60070293247022],[-58.160357569991298,-15.600577766936846],[-58.160290662514576,-15.600527896836429],[-58.160138301166057,-15.600421078280659],[-58.159766873204276,-15.600193443147621],[-58.158909438743137,-15.599767475177215],[-58.15823043837316,-15.599476885685359],[-58.158000651864455,-15.599424285374692],[-58.15766004551017,-15.599411729828848],[-58.15729373095072,-15.599435182808177],[-58.156957127657833,-15.599476417008571],[-58.156846086376859,-15.599477001441178],[-58.156586769610769,-15.599438903803822],[-58.156279555994765,-15.599440520072568],[-58.155979665194245,-15.599427747734302],[-58.155690938492654,-15.599425679216653],[-58.155439004090702,-15.599383954653248],[-58.155338826700095,-15.599341431300617],[-58.15523084474686,-15.599227201467713],[-58.155189286156606,-15.599076747879051],[-58.155169997363082,-15.598936940178062],[-58.155135982537381,-15.598811558624972],[-58.155076038486598,-15.598682726573221],[-58.154967956711424,-15.598550559781639],[-58.15471883617046,-15.598402232411187]]]}},
{"type":"Feature","properties":{"OBJECTID":375,"ID":0,"SHAPE_LEN":378.73492489199998},"geometry":{"type":"MultiLineString","coordinates":[[[-58.152611384745455,-15.612195655523905],[-58.152596653196561,-15.612209126150267],[-58.152575119207668,-15.612241765659924],[-58.152558514703344,-15.61227342205436],[-58.152552709728837,-15.612294498390169],[-58.152545827118111,-15.612299318028352],[-58.152533031705971,-15.612306081378232],[-58.152517275948512,-15.612312860260715],[-58.152449348276093,-15.61234574318819],[-58.152441488631482,-15.612352480635902],[-58.152415013481594,-15.612384188810093],[-58.152390459383611,-15.612406320759552],[-58.152352074978566,-15.612426611676199],[-58.152330433122934,-15.612440118540704],[-58.152306865786173,-15.612462244400897],[-58.152292241068231,-15.612494847638926],[-58.15228648949379,-15.61252548983248],[-58.152282926160922,-15.612594387830704],[-58.152292109236036,-15.612647911141115],[-58.152296383258772,-15.612706244632102],[-58.15230069468835,-15.612771274135998],[-58.152295968235258,-15.612808608064995],[-58.152292436031111,-15.612883244861099],[-58.152282816537628,-15.612928257916614],[-58.152265396147307,-15.612990531496417],[-58.152250872909519,-15.613041309239353],[-58.152235469754409,-15.613111225691306],[-58.15223178791782,-15.613159077528778],[-58.152237966981097,-15.613204964044703],[-58.15224110460511,-15.613236516849845],[-58.152241296969706,-15.61327095503931],[-58.152236543781846,-15.61330350558373],[-58.152224805485041,-15.613322700353665],[-58.152183789954954,-15.613402317309008],[-58.152160446916341,-15.613464621952122],[-58.152148772716409,-15.61349529521155],[-58.152095097063324,-15.613605591488321],[-58.152045310670665,-15.613705343963813],[-58.152021839338452,-15.613744689801948],[-58.152005304093336,-15.61378878187625],[-58.151995641766362,-15.613826141690076],[-58.151990898286883,-15.613860605770039],[-58.151994100001097,-15.613903637975577],[-58.151991544737676,-15.613976356957162],[-58.151988045421547,-15.614056733442842],[-58.151998193934816,-15.614106425419154],[-58.152021186080667,-15.614157963614653],[-58.15204209152418,-15.614189423220589],[-58.152059000796889,-15.614212294890956],[-58.152068018284986,-15.61423616339663],[-58.152061236182625,-15.614259158438148],[-58.152045640550305,-15.614294635787267],[-58.152011465666384,-15.614361780760989],[-58.151992935426442,-15.614402057023598],[-58.151946941984072,-15.614474046600771],[-58.151890085655822,-15.614545136802215],[-58.151873729784654,-15.614577270024089],[-58.151865320060871,-15.614617971368395],[-58.151868008346085,-15.614657419528127],[-58.151876999044525,-15.614720750440492],[-58.151902064594388,-15.614789975538763],[-58.151914750509285,-15.614852091185266],[-58.151918772938217,-15.614909468748881],[-58.151922827826148,-15.61497282464167],[-58.151918079913585,-15.615006332399217],[-58.151898471059148,-15.615030351962446],[-58.1518603670864,-15.615056859388741],[-58.15182846722756,-15.615089313673552],[-58.15180282877747,-15.615138475638355],[-58.151783334345232,-15.615182822758301],[-58.151771114935428,-15.615204411794997],[-58.151760197190249,-15.61523795190859],[-58.15175354625498,-15.615280939067823]]]}},
{"type":"Feature","properties":{"OBJECTID":372,"ID":0,"SHAPE_LEN":244.53486044300001},"geometry":{"type":"MultiLineString","coordinates":[[[-58.147218344417546,-15.615311150248528],[-58.147263709467452,-15.615303260698873],[-58.147333719047396,-15.61528950161035],[-58.147363316335209,-15.615286477042972],[-58.147386004174152,-15.615283488571208],[-58.147397828184374,-15.615279599609435],[-58.147424432213143,-15.615270850799051],[-58.147444121472304,-15.615261181770398],[-58.147461841522578,-15.615252479373497],[-58.147476632179313,-15.615249532155191],[-58.147492430919769,-15.615250405949691],[-58.147512200007135,-15.615255086182184],[-58.147533932043537,-15.615257842563333],[-58.147672075912297,-15.615266288201463],[-58.147706618360445,-15.615264912703388],[-58.147744828485877,-15.615257537716495],[-58.147818682852119,-15.615224864708606],[-58.147909730941052,-15.61517775212374],[-58.148056729814243,-15.61509616720668],[-58.148130647304029,-15.61507485419828],[-58.148220003604003,-15.615056449699781],[-58.148309427395851,-15.61505000363363],[-58.148702131383487,-15.615106943143614],[-58.149017255866262,-15.61519199018543],[-58.149217928649833,-15.615220835398596],[-58.149353739371008,-15.615235072731524],[-58.149420501181559,-15.615226369319828]]]}},
{"type":"Feature","properties":{"OBJECTID":377,"ID":0,"SHAPE_LEN":438.96998253100003},"geometry":{"type":"MultiLineString","coordinates":[[[-58.151546667576149,-15.619068426234758],[-58.151385124827392,-15.618865986386893],[-58.151246115223636,-15.61866231191499],[-58.151151270141192,-15.618471480033945],[-58.151061281065303,-15.618266272976314],[-58.150966543139113,-15.618094572709946],[-58.150797637938027,-15.617899346206642],[-58.15066373530064,-15.617785249704934],[-58.150425812719639,-15.617604734204207],[-58.150222545752413,-15.617443169176209],[-58.150029150891363,-15.617281552234983],[-58.149890394120106,-15.617181830297501],[-58.149736910741176,-15.617096535946676],[-58.149545900299948,-15.617030571136324],[-58.14942527837843,-15.616974401354861],[-58.149338572694717,-15.616915064734803],[-58.149236376244211,-15.616843851237801],[-58.149199175717946,-15.616811161442236],[-58.149171113845782,-15.616757496339424],[-58.149149136693651,-15.616688852225931],[-58.149117939494175,-15.616626235765116],[-58.14908062336616,-15.616572619977525],[-58.149037187370986,-15.616528003961204],[-58.14895361640604,-15.616477619426298],[-58.148863992203985,-15.616448193100013],[-58.148696540194926,-15.61644243615947]]]}},
{"type":"Feature","properties":{"OBJECTID":385,"ID":0,"SHAPE_LEN":869.01157228299996},"geometry":{"type":"MultiLineString","coordinates":[[[-58.153137720899991,-15.60964163817439],[-58.153069492301782,-15.609539555500941],[-58.153028493941299,-15.609489546401644],[-58.152998754624072,-15.609466982559091],[-58.152926930997168,-15.609420722863977],[-58.152805472587175,-15.609324500221831],[-58.152768929224784,-15.609303262841392],[-58.152723417065076,-15.609284368462195],[-58.152671885326704,-15.609248286958097],[-58.152637060346599,-15.609198723555327],[-58.152606225200095,-15.609156792671312],[-58.152587262643358,-15.609119583017646],[-58.152585079779392,-15.609082285328475],[-58.152583665528873,-15.609005760874233],[-58.1525913059617,-15.608959801845335],[-58.152598065566806,-15.608932980632048],[-58.152595829266573,-15.60888611617343],[-58.152595530032606,-15.608832546244368],[-58.152586320396807,-15.608774238633893],[-58.152579250877331,-15.608745576382569],[-58.152556366164283,-15.608713170823867],[-58.152422277559097,-15.608564636757423],[-58.152360635215864,-15.608485558280467],[-58.152304984812965,-15.608418885340091],[-58.152231461221078,-15.608333172924246],[-58.152150973209437,-15.608237929951327],[-58.152105226337952,-15.608176944883329],[-58.152096241201704,-15.608158815146],[-58.152064195260756,-15.608076712333446],[-58.151980330600864,-15.607906868686912],[-58.151930261143278,-15.607778940488503],[-58.151859361824179,-15.607632945526147],[-58.151820332134641,-15.607537485041512],[-58.151762334913222,-15.607403858479659],[-58.151734167794707,-15.607309298276169],[-58.151707111184358,-15.607236734479381],[-58.1516828182694,-15.607128760624398],[-58.151651504119975,-15.607000734923487],[-58.151628502311752,-15.606947283060745],[-58.151606584293042,-15.606911045126255],[-58.151566839434118,-15.606864378129078],[-58.151524086281313,-15.606809116179438],[-58.151485201046377,-15.60673948517543],[-58.151460038990855,-15.606652561727897],[-58.151427017490292,-15.606572376581481],[-58.151395964184886,-15.606491223866279],[-58.151347160692296,-15.606413034996189],[-58.151306477264065,-15.606374981761675],[-58.15124698124464,-15.606326504593293],[-58.151178542984098,-15.606267551761608],[-58.151155781506006,-15.606257147612842],[-58.151116283253948,-15.606254484608575],[-58.151078833207904,-15.606265204202998],[-58.150925303755947,-15.606347323006762],[-58.150848811343216,-15.606422421551079],[-58.150774941514861,-15.606451508716304],[-58.150663963842653,-15.606464047842557],[-58.150384983861287,-15.60644159192147],[-58.150098947921194,-15.606481355744284],[-58.149859969904853,-15.606551963169546],[-58.149633357458924,-15.606627289174606],[-58.149337529671783,-15.606681452046555],[-58.149105662549495,-15.606699406262464],[-58.148802138118391,-15.606700993454856],[-58.148192663114223,-15.606711354558104],[-58.147723818885048,-15.606716195884974],[-58.14731173078507,-15.606720739853843]]]}},
{"type":"Feature","properties":{"OBJECTID":395,"ID":0,"SHAPE_LEN":201.414296138},"geometry":{"type":"MultiLineString","coordinates":[[[-58.157858057063471,-15.59293148725315],[-58.157862927975401,-15.593096004151626],[-58.157826718342648,-15.593679749433104],[-58.157785221280875,-15.594024360832583],[-58.157766832176016,-15.594265532049368],[-58.157756665527941,-15.59474785727798]]]}},
{"type":"Feature","properties":{"OBJECTID":392,"ID":0,"SHAPE_LEN":593.59338645900004},"geometry":{"type":"MultiLineString","coordinates":[[[-58.154655435451403,-15.582642674892291],[-58.154325000435215,-15.583562791002134],[-58.153945161074212,-15.584473599706037],[-58.153538165888385,-15.585824608205517],[-58.153235462339808,-15.586409751104275],[-58.152922087187768,-15.586851451732475],[-58.15238355287245,-15.587471876553291]]]}},
{"type":"Feature","properties":{"OBJECTID":401,"ID":0,"SHAPE_LEN":282.03392218800002},"geometry":{"type":"MultiLineString","coordinates":[[[-58.153770391087022,-15.604320391948281],[-58.153873470206427,-15.604219403024015],[-58.15396898634588,-15.604089753528047],[-58.154020498605256,-15.604034476101003],[-58.154096767989195,-15.603993418314948],[-58.1542618194377,-15.603942327142013],[-58.154330819125121,-15.603925223276848],[-58.154419399635231,-15.603879317191996],[-58.154488172823037,-15.603821557226917],[-58.154623477787482,-15.603746706256265],[-58.154807787598486,-15.603609415504138],[-58.154878733062766,-15.603499028868988],[-58.154949544638896,-15.603364726204463],[-58.155064720695044,-15.603220624204097],[-58.155248280219432,-15.602949406551254],[-58.155609961975443,-15.60258918279307]]]}},
{"type":"Feature","properties":{"OBJECTID":387,"ID":0,"SHAPE_LEN":313.211088727},"geometry":{"type":"MultiLineString","coordinates":[[[-58.152263676019963,-15.602139472272082],[-58.152335911640037,-15.602127374254492],[-58.152403961586757,-15.602116973119228],[-58.152489746260891,-15.602100738189066],[-58.152566647528239,-15.6020845498133],[-58.15265089599152,-15.60205827855518],[-58.152727733131442,-15.602030611622544],[-58.152794198748715,-15.602001563646223],[-58.152847298732787,-15.601965410470033],[-58.152879694846511,-15.601933671243277],[-58.152908041975046,-15.601892698049356],[-58.152949251990641,-15.601848475588149],[-58.152996501786426,-15.601825268230485],[-58.153087085547675,-15.60178461390181],[-58.153159955956347,-15.601753618627752],[-58.153309761202571,-15.601712653476753],[-58.153435771429024,-15.601652679905046],[-58.15352227887994,-15.601589087318962],[-58.153585074993785,-15.60152179287873],[-58.153636230651671,-15.601490911429931],[-58.153701300460639,-15.601477176541273],[-58.153888742459777,-15.60145897292443],[-58.154147240589211,-15.601438483339807],[-58.154348521814214,-15.60142403293929],[-58.154502435801206,-15.601411744765805],[-58.154675983850552,-15.601380220140745],[-58.154798077688454,-15.601326006266438],[-58.154938504729685,-15.601226765933443]]]}},
{"type":"Feature","properties":{"OBJECTID":373,"ID":0,"SHAPE_LEN":335.86327379800002},"geometry":{"type":"MultiLineString","coordinates":[[[-58.147874709017479,-15.615195874317696],[-58.147878029505129,-15.615237266304113],[-58.147884167771501,-15.61527597791075],[-58.147900622300384,-15.615306026688563],[-58.148000969272118,-15.61551070305317],[-58.148171434479089,-15.615809720655783],[-58.148389226583035,-15.616098446274655],[-58.148638798599485,-15.616377319032297],[-58.148744346432714,-15.616496347864665],[-58.148805189556725,-15.616564668484749],[-58.148839556265919,-15.616620452883575],[-58.148856836479709,-15.616665563733532],[-58.148866116044928,-15.616758788533323],[-58.148879137623368,-15.61688129059473],[-58.148892543199331,-15.617072549771171],[-58.148900127755617,-15.617326620019817],[-58.148919219361112,-15.617431152989584],[-58.148925972162395,-15.61753575051671],[-58.148935676213654,-15.617616417680411],[-58.148970107906635,-15.617705922306259],[-58.149060664561944,-15.617902757139372]]]}},
{"type":"Feature","properties":{"OBJECTID":396,"ID":0,"SHAPE_LEN":273.09532555499999},"geometry":{"type":"MultiLineString","coordinates":[[[-58.16134991088456,-15.593047401946217],[-58.161106327647659,-15.593173051648616],[-58.16088511332849,-15.593327283214565],[-58.160595251522771,-15.593560799568849],[-58.160340309651978,-15.593861096963241],[-58.160130239830117,-15.594242471761504],[-58.159979483607472,-15.594640275799907],[-58.159858528652641,-15.594945159142366]]]}},
{"type":"Feature","properties":{"OBJECTID":378,"ID":0,"SHAPE_LEN":802.14768801399998},"geometry":{"type":"MultiLineString","coordinates":[[[-58.146058700073972,-15.622784199301226],[-58.146002554274844,-15.622673282619632],[-58.145916376404934,-15.622487185732918],[-58.145904792712102,-15.622401148108874],[-58.145896750598105,-15.622286392631604],[-58.145888250819887,-15.622089128189216],[-58.145898259261728,-15.621891768036551],[-58.145923114662821,-15.621701503867481],[-58.145940586902384,-15.621514866785667],[-58.145931488999089,-15.621209983281178],[-58.145908081635881,-15.620994859302868],[-58.145903621992417,-15.620858560131499],[-58.145732597221965,-15.620059456207498],[-58.145585618448536,-15.619590270258721],[-58.145503103609023,-15.61939697955207],[-58.145465368396195,-15.619268029234918],[-58.145434618680461,-15.61906370637516],[-58.145419114322188,-15.618938226807753],[-58.145403470503766,-15.618787636234932],[-58.145387448123664,-15.618568886835449],[-58.145349435149676,-15.618389713559115],[-58.145307799071169,-15.618224908857528],[-58.145280891143216,-15.618045677631383],[-58.145220627848069,-15.617859445972368],[-58.145108639970772,-15.617691420472751],[-58.1450636618057,-15.617591207187729],[-58.145066686492441,-15.61746921858272],[-58.145039200358909,-15.617185954816421],[-58.14504152794899,-15.616938410258211],[-58.145051039366123,-15.616651366805964],[-58.145042501175951,-15.616446927071003],[-58.145011433835919,-15.616185206931199],[-58.144979111940536,-15.615697484954127]]]}},
{"type":"Feature","properties":{"OBJECTID":376,"ID":0,"SHAPE_LEN":266.51854446},"geometry":{"type":"MultiLineString","coordinates":[[[-58.154515009031833,-15.614536196724695],[-58.15433169619152,-15.614632824372233],[-58.154171880020819,-15.614738895433536],[-58.153943060372818,-15.614862070386085],[-58.153817606418393,-15.614934477820018],[-58.153645370817031,-15.615026264118187],[-58.153472907688332,-15.615077394270106],[-58.153302872264192,-15.615121336260861],[-58.153189489147046,-15.615145847466827],[-58.153073663887874,-15.61517515495971],[-58.152920849318797,-15.615209440105902],[-58.152885060582264,-15.615208432107611],[-58.152841821299795,-15.615199092956077],[-58.152798554352557,-15.615184970419266],[-58.152771315525726,-15.615168371979308],[-58.152731724668143,-15.615149446610396],[-58.152683576290457,-15.615144915811992],[-58.152639149843012,-15.615143953109724],[-58.152602159636608,-15.615148930773003],[-58.152567750940698,-15.615174223042814],[-58.152550590957873,-15.615194642166426],[-58.152511253087674,-15.615221156177707],[-58.152452180381971,-15.615248969626698],[-58.152373378579291,-15.615279278348499],[-58.152259225085842,-15.615337732455117]]]}},
{"type":"Feature","properties":{"OBJECTID":389,"ID":0,"SHAPE_LEN":118.359200898},"geometry":{"type":"MultiLineString","coordinates":[[[-58.159843089580029,-15.607462785274734],[-58.159616413351607,-15.607526163864527],[-58.159384720702597,-15.607575219058107],[-58.15913816817465,-15.607614785381545],[-58.158911169171645,-15.607620766392985],[-58.158757458720174,-15.607614727268819]]]}},
{"type":"Feature","properties":{"OBJECTID":397,"ID":0,"SHAPE_LEN":263.90442636400002},"geometry":{"type":"MultiLineString","coordinates":[[[-58.167251618552761,-15.587624901886775],[-58.16694212479657,-15.587900327833744],[-58.166868770506532,-15.58801910169734],[-58.166758302949205,-15.588120136049616],[-58.166603543044864,-15.588242928375655],[-58.166363758016793,-15.588384109670617],[-58.165847073713664,-15.588648730087206],[-58.165388574688535,-15.588730083399128],[-58.165173535863417,-15.588738317509918]]]}},
{"type":"Feature","properties":{"OBJECTID":393,"ID":0,"SHAPE_LEN":139.99346240700001},"geometry":{"type":"MultiLineString","coordinates":[[[-58.168308454925722,-15.586883870568814],[-58.168007513423561,-15.587118650454675],[-58.167749481627332,-15.587305370669732],[-58.167448269556047,-15.58749231888933],[-58.167251618552761,-15.587624901886775]]]}},
{"type":"Feature","properties":{"OBJECTID":398,"ID":0,"SHAPE_LEN":118.071058026},"geometry":{"type":"MultiLineString","coordinates":[[[-58.165036705216679,-15.590076820189553],[-58.16508732874135,-15.589961984494337],[-58.165142256136377,-15.589857060006896],[-58.165215672730028,-15.58974904830759],[-58.165298544629763,-15.589676861038281],[-58.16542131034852,-15.589568587801431],[-58.1655349409493,-15.58948129033568],[-58.165778871367777,-15.589320435872162]]]}},
{"type":"Feature","properties":{"OBJECTID":400,"ID":0,"SHAPE_LEN":366.54036560200001},"geometry":{"type":"MultiLineString","coordinates":[[[-58.156770375584202,-15.609689339136672],[-58.156737953930467,-15.609408495326926],[-58.156649472442339,-15.60903228171051],[-58.156587917014178,-15.608836891892832],[-58.156497150162508,-15.608492977141644],[-58.156461288793231,-15.608258787935],[-58.156438021332889,-15.60806997314557],[-58.156461143065975,-15.607792424484982],[-58.156471671915227,-15.607469500475878],[-58.156494472867401,-15.607134554871761],[-58.156563970933362,-15.606765880626321],[-58.156664602057447,-15.606433359078698]]]}},
{"type":"Feature","properties":{"OBJECTID":357,"ID":0,"SHAPE_LEN":513.672356928},"geometry":{"type":"MultiLineString","coordinates":[[[-58.148665697407985,-15.646734968183248],[-58.148678487751795,-15.646705006004485],[-58.148680259360319,-15.646690647081659],[-58.148677690952788,-15.646672723264542],[-58.148678234151923,-15.646659566657158],[-58.148684341508215,-15.646648175163588],[-58.148691075476279,-15.646638572848499],[-58.148711881579914,-15.646607372786681],[-58.148722281294816,-15.646591175285272],[-58.148732680070253,-15.646574976884466],[-58.148738760723738,-15.646558802015083],[-58.148741182307894,-15.646550419079018],[-58.148746001179894,-15.646529467306999],[-58.148745921092143,-15.646515118087139],[-58.148747699364577,-15.646501954103709],[-58.148746388467082,-15.646488209724815],[-58.148746321728282,-15.646476252192185],[-58.148752432405594,-15.646465457263156],[-58.14876103381112,-15.646458835309007],[-58.148777053460719,-15.646454566237651],[-58.148794317268241,-15.646452084011191],[-58.148809696016372,-15.646443633172959],[-58.148821976507172,-15.646432806813129],[-58.148839193587818,-15.646421953677969],[-58.14886070636657,-15.646406893809804],[-58.148874208583976,-15.646393669287397],[-58.148883984054976,-15.646376278268502],[-58.148888850568333,-15.646363697394625],[-58.148898652737643,-15.64635108974961],[-58.148906594139071,-15.64633669849043],[-58.148911393897549,-15.646312159180168],[-58.148918127849676,-15.646302557763152],[-58.14893164914502,-15.646292919869573],[-58.148947034550851,-15.646285664866349],[-58.148963678398438,-15.646282588389457],[-58.148979067137532,-15.646275930853946],[-58.148993185941357,-15.646262702189478],[-58.149002351469768,-15.646246511145463],[-58.149007186996791,-15.646228548526382],[-58.149023650600093,-15.646193186076838],[-58.149061889225813,-15.646145632293827],[-58.149144466194748,-15.646082060133049],[-58.149320098802029,-15.645974952091105],[-58.14956682954724,-15.645870341034156],[-58.149684318919832,-15.645826676004424],[-58.149721981889492,-15.645808541213663],[-58.149755937475774,-15.645789708152881],[-58.149781012720176,-15.645771640274113],[-58.149791298259984,-15.645757236692955],[-58.149800099375511,-15.645742123189157],[-58.149808872435919,-15.64572198768559],[-58.149823548973366,-15.645698233583675],[-58.149841243381097,-15.645684508849369],[-58.149861175832648,-15.645673641398314],[-58.149878854203244,-15.645657046818181],[-58.14989502316935,-15.645635438007426],[-58.149922267354718,-15.645608030344562],[-58.149953173882501,-15.645573429102251],[-58.149999592848161,-15.645532288921776],[-58.150020252996377,-15.645519266324882],[-58.150034220892096,-15.6455012557823],[-58.150052619861654,-15.645481069774789],[-58.150061392887324,-15.645460934263056],[-58.150071675315452,-15.645445812979121],[-58.150093040042094,-15.645426329118132],[-58.150118903052757,-15.645416865949112],[-58.150151438263713,-15.645408803188282],[-58.15017508419632,-15.645400069352114],[-58.150192812627516,-15.645392442217419],[-58.150201307509235,-15.645388810014214],[-58.15020904260944,-15.645381595066224],[-58.15021454566736,-15.645372597559339],[-58.150220441113305,-15.645367544482118],[-58.150231143044358,-15.645361389625224],[-58.150254422642369,-15.645353375410757],[-58.150269559647974,-15.645345761866839],[-58.150289885509878,-15.645339198561919],[-58.150308032381069,-15.645340179003499],[-58.150318022639574,-15.645339050926674],[-58.150325043117249,-15.645336502112814],[-58.150336475692789,-15.645328550052],[-58.150347892228837,-15.645317728147974],[-58.150357117753707,-15.645312298739949],[-58.150363005172338,-15.645305810285947],[-58.150367028883856,-15.64529717939204],[-58.150369210798836,-15.645289992673966],[-58.150377259153309,-15.645272730881022],[-58.150384963237421,-15.645260135090368],[-58.150389350193684,-15.645250066874715],[-58.150392652209284,-15.645244668548068],[-58.150398191345076,-15.645242128409166],[-58.150403728475183,-15.645239229426808],[-58.150406670177254,-15.645235626355978],[-58.150409607873179,-15.64523130650238],[-58.150412157183354,-15.645223759002226],[-58.150415443158536,-15.645215490832674],[-58.150421634744731,-15.645197162220219],[-58.150429588859772,-15.645163040213319],[-58.150453718784142,-15.645108384981118],[-58.150462419578979,-15.645075335616545],[-58.150463763645661,-15.645050933733689],[-58.150461398207774,-15.645025116805439],[-58.150458336208395,-15.645007195605082],[-58.150453077193312,-15.644993591275796],[-58.150443371078332,-15.644979292574925],[-58.150439486840448,-15.644974320640689],[-58.150435419778766,-15.644964177470019],[-58.150435055875484,-15.644954314062561],[-58.150438714853735,-15.644946522105954],[-58.150450295570074,-15.644932032157397],[-58.150467924372123,-15.644906588477992],[-58.150483614046152,-15.644887372997427],[-58.150496359750122,-15.644871521062356],[-58.150501730964407,-15.644860970413266],[-58.150507472664813,-15.644828413842427],[-58.150510714011105,-15.644790131443035],[-58.150511044404617,-15.644760952270502],[-58.150516271247803,-15.644724572133448],[-58.150521092845345,-15.644703979172455],[-58.150528392475238,-15.644685285889079],[-58.15054061261953,-15.644663697760445],[-58.150553345870968,-15.644645454131883],[-58.150571022760509,-15.644628619973929],[-58.150593133777541,-15.64461032803262],[-58.150617233893442,-15.644594416502494],[-58.150630995922427,-15.644583821814045],[-58.150645241649741,-15.644571310096488],[-58.15065949540395,-15.644560234655211],[-58.150666837797665,-15.64454919458294],[-58.150668764476791,-15.644540574690698],[-58.150669689917173,-15.644529568297097],[-58.150671597880937,-15.644517600405837],[-58.15067747591052,-15.644509437945636],[-58.150683369982026,-15.644504145327836],[-58.150691732326649,-15.644498839755157],[-58.150699593183958,-15.644492102302864],[-58.150703512449219,-15.64448682004941],[-58.150704948331239,-15.644478680903394],[-58.150706863378652,-15.644468147486171],[-58.150710583044862,-15.644426992648045],[-58.150710958868181,-15.644405944847383],[-58.150711374795684,-15.64439207120112],[-58.150711801414928,-15.644380110180613],[-58.150711257146263,-15.644371025086523],[-58.150706269801923,-15.644361963312083],[-58.150701779531552,-15.644353377099071],[-58.150692848859059,-15.644345292361773],[-58.150682426159818,-15.644335302772912],[-58.150670034936418,-15.644326279855969],[-58.150653224699347,-15.644321584568779],[-58.150634461984239,-15.644320726698936],[-58.150618663675871,-15.644320330536514],[-58.150604348448304,-15.644320405664077],[-58.150596447493875,-15.644319968958081],[-58.15058852515331,-15.644315706096165],[-58.150582076126064,-15.644310000086692],[-58.150572641296826,-15.644300004403945],[-58.150570114208527,-15.644289494299269],[-58.150572014159145,-15.64427609193897],[-58.150573899803696,-15.644260296993428],[-58.150580216091271,-15.644242087943748],[-58.150590957539265,-15.644220984840087],[-58.150599293144076,-15.644210896802827],[-58.150610593158085,-15.644201271378476],[-58.150622882773447,-15.644192118026627],[-58.150635690857541,-15.644187268199326],[-58.150650494192504,-15.644186233263708],[-58.150666311205072,-15.644189977423631],[-58.15069447223474,-15.644194134062609],[-58.150717223718921,-15.644202146261799],[-58.150727118186801,-15.644205920597875],[-58.15074539277483,-15.644207738267287],[-58.15075772784536,-15.644206717183357],[-58.15078091490561,-15.644204203723479],[-58.15080113488176,-15.644200749494258],[-58.150809515928195,-15.644198791916912],[-58.15081493163143,-15.644196371733834],[-58.150818843801879,-15.644189655004576],[-58.150821768104578,-15.644182943460569],[-58.150823236157628,-15.644177055794698],[-58.150826599712993,-15.644171657139751],[-58.150832448248629,-15.644169234684341],[-58.150838296784094,-15.6441668122288],[-58.150844447405824,-15.644163193213219],[-58.150848132160483,-15.644160183724296],[-58.150851499060224,-15.644155383442474],[-58.150854548094898,-15.644148790560022],[-58.150858210384904,-15.644141596067444],[-58.150862479249547,-15.644132605025607],[-58.150864904064335,-15.644124819541556],[-58.150864234723421,-15.6441155561296],[-58.150862332176104,-15.644106298287008],[-58.150860750834113,-15.64409943051457],[-58.150853925121503,-15.6440925902705],[-58.150843690735037,-15.644083077870782],[-58.150836871708975,-15.644077433469155],[-58.150830348079225,-15.644069395760479],[-58.150824437710412,-15.64406075734547],[-58.150816670662003,-15.644051231993267],[-58.150811694947208,-15.644044082841623],[-58.150806708279632,-15.644035141285993],[-58.150801089963956,-15.644023511189955],[-58.150796407046343,-15.644013670453141],[-58.150792339989934,-15.644003527288122],[-58.150792301551554,-15.643996651416494],[-58.150792871360942,-15.643988278182549],[-58.150796531983204,-15.643980785408104],[-58.150800785804869,-15.643969103494513],[-58.150802594759973,-15.643961620439095],[-58.150804692425893,-15.643950548233809],[-58.150804627251496,-15.643938889893841],[-58.150803342242064,-15.643929628808973],[-58.15080050170247,-15.643918283327997],[-58.150798307109341,-15.643912017164654],[-58.150796100813594,-15.643903657597985],[-58.150792647019827,-15.643892913726731],[-58.150786414521541,-15.64388188524461],[-58.15078141615686,-15.643870850284651],[-58.150777322369521,-15.643855924650547],[-58.150773851862716,-15.64384219071917],[-58.150771028041198,-15.643833835297203],[-58.150763782541382,-15.643806967423194],[-58.150767360342712,-15.64378482625418],[-58.150775304862378,-15.643771032409054],[-58.150786958467769,-15.643758415877867],[-58.150805385956851,-15.643743371131238],[-58.150827538307333,-15.643732492857362],[-58.150842326903167,-15.64372882759859],[-58.150852389445973,-15.643725959992416],[-58.150866853496275,-15.643719307192168],[-58.150883454381088,-15.643708756344529],[-58.150894829292767,-15.643701522270758],[-58.150907151293957,-15.643698169150952],[-58.150925336855131,-15.643695083542369],[-58.15094658147288,-15.643687199265484],[-58.150960734150402,-15.643680249802303],[-58.150969342982492,-15.643674822706682],[-58.150975798075287,-15.643670603698977],[-58.150984677973732,-15.643658599206072],[-58.150994170389957,-15.64364569481476],[-58.151001217941435,-15.643636988379257],[-58.151003663539946,-15.643633088710837],[-58.15100579295116,-15.64362769653258],[-58.151006677464132,-15.643620218328923],[-58.151006640692401,-15.643613641644306],[-58.151005361430435,-15.643605576408737],[-58.151005329672174,-15.643599896380399],[-58.151007459083061,-15.643594504202142],[-58.151010515526735,-15.643589405448834]]]}},
{"type":"Feature","properties":{"OBJECTID":324,"ID":0,"SHAPE_LEN":198.25931099900001},"geometry":{"type":"MultiLineString","coordinates":[[[-58.214336085905543,-15.640824669216743],[-58.214326918297125,-15.640859813761622],[-58.214333036179639,-15.640892782947521],[-58.214353996030702,-15.640931410587115],[-58.214397091419812,-15.640957000766376],[-58.214481836672263,-15.641013928844893],[-58.214532395870329,-15.6410495226569],[-58.214597687019634,-15.641072119986021],[-58.214654169493649,-15.641107680054493],[-58.214670695919608,-15.641147766698948],[-58.214705016570228,-15.641192060028803],[-58.214736351142882,-15.641232064636226],[-58.214769098346601,-15.641260581930382],[-58.214815156412477,-15.641286155606029],[-58.214872822994572,-15.641271486770497],[-58.214936430686421,-15.641259654873494],[-58.214989765358801,-15.641263664618636],[-58.21505356780029,-15.641284834665374],[-58.215136391709883,-15.641267156489878],[-58.215306423098255,-15.641221731659575],[-58.215396726779751,-15.641216925896616],[-58.215440981738965,-15.641187981901645],[-58.215465546115105,-15.641084530425486],[-58.215471122055803,-15.641025666732382],[-58.21547667258492,-15.640962498826918],[-58.215489686922105,-15.640909333642314],[-58.215519057468079,-15.640867558176947],[-58.215552377319774,-15.640831110976917],[-58.215591155151287,-15.640815052527943],[-58.215632311357027,-15.640809367556844]]]}},
{"type":"Feature","properties":{"OBJECTID":370,"ID":0,"SHAPE_LEN":767.96250877299997},"geometry":{"type":"MultiLineString","coordinates":[[[-58.138476548200089,-15.632384522524296],[-58.138870685773526,-15.632248546091596],[-58.139294174027476,-15.632064583941119],[-58.139736770548893,-15.631765724180159],[-58.140110104067674,-15.631438524130836],[-58.140502967682522,-15.631072955538171],[-58.140787345232091,-15.630727084513619],[-58.141139129880109,-15.630074733726705],[-58.14139309479998,-15.629585522368671],[-58.141686826727003,-15.629146726873833],[-58.1419558818694,-15.628708855814946],[-58.142139022412991,-15.628355138933888],[-58.142353309817651,-15.628055070906635],[-58.142622859481158,-15.627706883278702],[-58.142861592335436,-15.627364834360367],[-58.142965650007547,-15.627214816139709]]]}},
{"type":"Feature","properties":{"OBJECTID":339,"ID":0,"SHAPE_LEN":30.342709590599998},"geometry":{"type":"MultiLineString","coordinates":[[[-58.23326728932944,-15.624220489926714],[-58.233261252496995,-15.624321646785985],[-58.233237092533678,-15.624408476641609],[-58.23322957122673,-15.624491159956815]]]}},
{"type":"Feature","properties":{"OBJECTID":353,"ID":0,"SHAPE_LEN":579.66365968000002},"geometry":{"type":"MultiLineString","coordinates":[[[-58.17474878211921,-15.647128878425834],[-58.174711174091527,-15.647123718893772],[-58.17467290484074,-15.647121532233335],[-58.174627128368734,-15.647101448660706],[-58.174573919761308,-15.647076622328623],[-58.174519477957311,-15.647051802590225],[-58.174469978617395,-15.647028151322177],[-58.17442429771674,-15.647024809361488],[-58.174384731997407,-15.647011866772109],[-58.174335138098101,-15.646971475616706],[-58.174290567609738,-15.646946602935452],[-58.174216332791062,-15.646913518060639],[-58.174138320535128,-15.646867299732993],[-58.174054247683884,-15.646840246840773],[-58.17397864920585,-15.646784449472818],[-58.173951329474299,-15.646754700852966],[-58.173933711426621,-15.646695005346539],[-58.173935927351508,-15.646650749022301],[-58.173950388247704,-15.646589685854867],[-58.173943924278632,-15.646538301700495],[-58.173928904115549,-15.646501311990942],[-58.173777216528556,-15.646303621656607],[-58.173624063286866,-15.646065283090724],[-58.17359426179766,-15.646033155962268],[-58.173565783086907,-15.646016567149269],[-58.173539798991882,-15.646004748456667],[-58.173490327280682,-15.645985880272823],[-58.17342107037544,-15.645959943667194],[-58.173378969415538,-15.645935057558884],[-58.173338122113655,-15.645913751437188],[-58.173286046779531,-15.645870981552388],[-58.173241266285679,-15.645809039600701],[-58.173208948915466,-15.645768555692728],[-58.173124398617375,-15.645657798590955],[-58.173032212855531,-15.645506426344758],[-58.172972617048792,-15.645443367728571],[-58.172861763743335,-15.645264591167225],[-58.172816922198635,-15.645191887509604],[-58.172783302748073,-15.645139451790712],[-58.172726202640348,-15.645081163223425],[-58.172686393080518,-15.645025173892302],[-58.172644107537828,-15.644968001925784],[-58.172621568091991,-15.644910724334533],[-58.172617722654564,-15.644885633438101],[-58.172607339664218,-15.644796004137607],[-58.172597085173152,-15.644729093872806],[-58.172600501468892,-15.644678852670651],[-58.172587629811673,-15.64458564906664],[-58.172577362656547,-15.644516348029926],[-58.172574690055299,-15.644480488026819],[-58.172563507987448,-15.644467394164069],[-58.17254371614046,-15.644459128924373],[-58.172526459731834,-15.644462808824867],[-58.172505507753193,-15.644467704358243],[-58.172495061569904,-15.644464412149413],[-58.172486846672676,-15.644452258748602],[-58.172484482589333,-15.644427159925069],[-58.172485031180287,-15.644393434897669],[-58.17248035929304,-15.644353281174219],[-58.172475013062659,-15.644324610687693],[-58.172466001235605,-15.644302417322168],[-58.17246068770045,-15.644279486475636],[-58.172460601884225,-15.64426441969279],[-58.172470088749883,-15.644239974291173],[-58.172481076443148,-15.644219109377666],[-58.172489802209057,-15.644191080434924],[-58.172491110969055,-15.644160939856226],[-58.172488701935947,-15.644127948347975],[-58.172486613661427,-15.644081993083965],[-58.172481079466678,-15.644020320113814],[-58.172466643793562,-15.643955823933755],[-58.172448546625752,-15.643898522553627],[-58.172429066216878,-15.643858448015367],[-58.172416307097635,-15.643828381759112],[-58.172405090598495,-15.643809070085565],[-58.172401969528394,-15.643781104494652],[-58.172393653452026,-15.643751015381778],[-58.172383188943691,-15.643733851890461],[-58.172374091350179,-15.643696591733436],[-58.172372455694081,-15.643669335901659],[-58.172373081014506,-15.643649243201951],[-58.172374439758173,-15.643627712078425],[-58.172377999111703,-15.643602580672939],[-58.172376440160704,-15.643588957171811],[-58.172368209898053,-15.643573933937107],[-58.17236002049804,-15.643566085705546],[-58.172346680101626,-15.643564004832267],[-58.172327396797655,-15.643558368123493],[-58.172305871086408,-15.64354915579163],[-58.172292461234278,-15.643534877950895],[-58.172276764969453,-15.64350913270146],[-58.172255101294027,-15.643475527334433],[-58.172234107893864,-15.643429720141487],[-58.17222138560804,-15.643406112095686],[-58.172216811856231,-15.643383177283084],[-58.172219634654944,-15.643358767519604],[-58.172221762669864,-15.643342254396179],[-58.172222428857125,-15.643329335795558],[-58.172214910679855,-15.643309286632878],[-58.17219703425571,-15.643290728253943],[-58.172183210633328,-15.643281761269128],[-58.172163125425818,-15.64326536690084],[-58.172132661548019,-15.643246875809265],[-58.17210593679485,-15.643234821340295],[-58.172079240636997,-15.643227788828659],[-58.17206219066604,-15.643224292360502],[-58.17203622606948,-15.643215821430545],[-58.172017674364234,-15.643208746278717],[-58.172007996436719,-15.643199470582584],[-58.171994553952445,-15.643179453077954]]]}},
{"type":"Feature","properties":{"OBJECTID":347,"ID":0,"SHAPE_LEN":1184.60109743},"geometry":{"type":"MultiLineString","coordinates":[[[-58.209787963051312,-15.634885128655826],[-58.210598806259775,-15.635018542200758],[-58.211204052593786,-15.635116843511488],[-58.21137067470417,-15.635121901803329],[-58.211562064869241,-15.635141770924266],[-58.211701027706788,-15.635164919578562],[-58.211815293771338,-15.635185214486564],[-58.211978954378395,-15.635211214803293],[-58.212086928009541,-15.635210618202429],[-58.212154743521332,-15.635201275898634],[-58.212195476033145,-15.635230115630071],[-58.212204542691673,-15.63527573675195],[-58.212232483443266,-15.635305476942756],[-58.212288082524104,-15.635317127333444],[-58.21233418127121,-15.63528697795924],[-58.212423239401019,-15.635217728066293],[-58.212493594971008,-15.635115697733834],[-58.212622705478751,-15.635037257905454],[-58.21303120650871,-15.634730074996469],[-58.213442739052951,-15.634413906161187],[-58.213584223502416,-15.634341375741901],[-58.213691649657761,-15.634248108456514],[-58.213758813935883,-15.634128158494827],[-58.213860105839487,-15.634040904356974],[-58.213964535150161,-15.633962600377899],[-58.214047510945733,-15.633908331293966],[-58.214121355158461,-15.633875037935937],[-58.214189118160853,-15.633856725957417],[-58.214281524931998,-15.633832299176246],[-58.214361520746564,-15.633795983407429],[-58.214469105802799,-15.633729619390319],[-58.214533571645013,-15.633675452607475],[-58.214616652918004,-15.633639118765933],[-58.214779977535549,-15.633608319843679],[-58.215026471409622,-15.633556134066554],[-58.21526367501739,-15.633498020208341],[-58.215396344231337,-15.633500275321483],[-58.215467137758914,-15.633472977710568],[-58.215577842175698,-15.63341257517513],[-58.215666969848705,-15.633355281340446],[-58.215734555155471,-15.633307075316802],[-58.215811290342955,-15.633240882545907],[-58.215915665524356,-15.633153609545758],[-58.215995538164378,-15.633096367789109],[-58.216081668246566,-15.633054037248442],[-58.216161805516847,-15.633041635369805],[-58.216251303495831,-15.633047118488346],[-58.21639329687482,-15.63306127806514],[-58.216525983419359,-15.633066521601629],[-58.216670779897633,-15.633032834874529],[-58.216763132956885,-15.632999438023992],[-58.216886317416055,-15.632962881840388],[-58.216978723382759,-15.632938453068293],[-58.217074390569188,-15.632943901630107],[-58.217117826356265,-15.632985512859319],[-58.217170481658947,-15.633021094558062],[-58.21721999935373,-15.633047724289872],[-58.217260085604131,-15.633044512687224],[-58.217330791297556,-15.633002268160674],[-58.217373732511675,-15.632960177681834],[-58.217441265189265,-15.632903002999893],[-58.217530355811789,-15.632839730290454],[-58.217588527585953,-15.632764670604324],[-58.217689887784132,-15.632689372099122],[-58.217791442288274,-15.632646956210777],[-58.217889928863926,-15.632607546493144],[-58.218016056069089,-15.632547057182252],[-58.218148565485457,-15.632522406188844],[-58.218364278663749,-15.632482345339993],[-58.218463084217994,-15.632496743429595],[-58.218552757837379,-15.632532119191655],[-58.218565328054204,-15.632570912373303],[-58.218587116772504,-15.632603675079109],[-58.218624565399914,-15.632634437249754],[-58.218663115806947,-15.632642833622898],[-58.218711887612479,-15.632626777965688],[-58.218744345243877,-15.632606508575691],[-58.218770939294586,-15.632596315845092],[-58.218802119440205,-15.6326104919721],[-58.218817011819802,-15.632624758582349],[-58.218839223517634,-15.632624635183191],[-58.218898444980056,-15.632622871679335],[-58.218911677859978,-15.6326070134273],[-58.21891892076227,-15.632579709883242],[-58.218923260661043,-15.63256246655733],[-58.218946826210932,-15.632540811157124],[-58.218970475731467,-15.63253350553634],[-58.218986695570024,-15.632521935939442],[-58.219002882377382,-15.632504626787293],[-58.219028012167442,-15.632497312031896],[-58.219081310597048,-15.632495581392165],[-58.219107964055446,-15.632495433285101],[-58.219143468033558,-15.632489496255285],[-58.219181874992152,-15.632473498095189],[-58.21919651263012,-15.632444718064246],[-58.21920968603461,-15.63241881603834],[-58.219227412541933,-15.632411543306977],[-58.21927768150578,-15.632398349078466],[-58.219308735191028,-15.632391001369781],[-58.219364944121395,-15.632380644881682],[-58.219412260069397,-15.632368902422286],[-58.21944630072035,-15.632365843347275],[-58.219492237372371,-15.632371327748277],[-58.219532217995969,-15.632371105510719]]]}},
{"type":"Feature","properties":{"OBJECTID":336,"ID":0,"SHAPE_LEN":132.51607243399999},"geometry":{"type":"MultiLineString","coordinates":[[[-58.231527930794073,-15.623230745856334],[-58.231765868481467,-15.623401602347029],[-58.232003805627173,-15.62357245945778],[-58.232298589014341,-15.623757345535719],[-58.232524245353744,-15.623937836860261]]]}},
{"type":"Feature","properties":{"OBJECTID":351,"ID":0,"SHAPE_LEN":826.23737002899998},"geometry":{"type":"MultiLineString","coordinates":[[[-58.178677914872857,-15.649087263846644],[-58.17866900773555,-15.649020148828908],[-58.178649001993335,-15.64897481706206],[-58.178631450859044,-15.648927079454518],[-58.178574300135196,-15.648860421802171],[-58.178492481079196,-15.648796289406052],[-58.178440417680612,-15.648755911638533],[-58.178422825534241,-15.648700999928074],[-58.178375437654253,-15.648615157652268],[-58.178320850322201,-15.64856522738306],[-58.178216887113699,-15.648513171684026],[-58.178142610106171,-15.648472914144655],[-58.178085569194579,-15.648425388733562],[-58.178023714928337,-15.648399413890321],[-58.177917557343967,-15.648395200927883],[-58.177794327929725,-15.648426953874701],[-58.177695998554228,-15.648496838029615],[-58.177614987325377,-15.648573804308766],[-58.177500475270016,-15.648662430142537],[-58.177390340565175,-15.64873955279937],[-58.177303964720402,-15.648828027401372],[-58.177268806491476,-15.648895180329887],[-58.177245484410044,-15.648960357016172],[-58.177218191694799,-15.649021727887421],[-58.177188639576116,-15.649033366217299],[-58.177159032734046,-15.649035438797155],[-58.17713321045796,-15.649008792023379],[-58.177091450075437,-15.648957357146044],[-58.177045696292147,-15.648898292137233],[-58.176928860833598,-15.648839607901074],[-58.176815963218829,-15.648778988885942],[-58.176722886797862,-15.648731657482827],[-58.176614058351021,-15.648692063067756],[-58.17652512854594,-15.648679147248597],[-58.176444172755772,-15.648679581776616],[-58.176381032292348,-15.648687574037108],[-58.176252764643827,-15.648701654691905],[-58.17619356194804,-15.648707712197281],[-58.176130399593738,-15.648711878267548],[-58.176069189259323,-15.648712206705476],[-58.176017786529414,-15.648701002891185],[-58.175966339137901,-15.648682145926607],[-58.175940484250454,-15.648649758462643],[-58.175916680732364,-15.648630754078523],[-58.175914466323135,-15.648588673737246],[-58.175919205601041,-15.648532565423041],[-58.175900352654551,-15.648472876754871],[-58.17584449419185,-15.648416375821608],[-58.175714336248525,-15.648315431507262],[-58.175537661148333,-15.648172883891032],[-58.175233964929717,-15.647938342321648],[-58.175094482742104,-15.647825489803443],[-58.174837799421702,-15.647719243816297],[-58.174680130547813,-15.647663289098871],[-58.174571996289011,-15.647636962856717],[-58.174501105387137,-15.647649300496141],[-58.174436453443022,-15.647673563377566],[-58.17437485225544,-15.647691829646517],[-58.174282245770755,-15.647683357202951],[-58.174223627127063,-15.647683671221987],[-58.174128055139604,-15.647696141858434],[-58.1740882206064,-15.647744186380416],[-58.174057692852649,-15.647801150519573],[-58.174020892027407,-15.647840211118437],[-58.173957157622532,-15.647917083584755],[-58.173937691865511,-15.647966215766477],[-58.173915737335705,-15.648011772763804],[-58.173883911484786,-15.648057383528482],[-58.173824934361001,-15.648103139690278],[-58.173784373954042,-15.648132055950333],[-58.173714304954252,-15.64818026322021],[-58.173654039986189,-15.64821646018501],[-58.173603490411018,-15.648225101024369],[-58.173570177073415,-15.648226475257015],[-58.173519675224611,-15.648243486907868],[-58.173465533215875,-15.64827127995653],[-58.17341757464358,-15.64830143162952],[-58.17336105293694,-15.648344782792714],[-58.173303174343872,-15.648366617362869],[-58.173241477393951,-15.648368143478708],[-58.173180925973497,-15.648354118045933],[-58.173105511160394,-15.648330605187914],[-58.173043698347577,-15.64831180389227],[-58.17299436241489,-15.64831685049025],[-58.172937730632142,-15.64834107003289],[-58.172886199924889,-15.648393960425867],[-58.172815019119987,-15.648463697221318],[-58.172675410929621,-15.648653380739217]]]}},
{"type":"Feature","properties":{"OBJECTID":355,"ID":0,"SHAPE_LEN":128.317035476},"geometry":{"type":"MultiLineString","coordinates":[[[-58.170300187670549,-15.640825207811293],[-58.170230184363589,-15.640667735408881],[-58.170165199141017,-15.640524586655648],[-58.170080578942354,-15.640400674779332],[-58.169951560187243,-15.640281783223458],[-58.169837459507846,-15.640181945042592],[-58.169728484616954,-15.640115562052436],[-58.169624337522329,-15.640030020210641],[-58.169525370480905,-15.639987498455524]]]}},
{"type":"Feature","properties":{"OBJECTID":332,"ID":0,"SHAPE_LEN":682.90990745},"geometry":{"type":"MultiLineString","coordinates":[[[-58.212003777832713,-15.626613713900493],[-58.211922211797713,-15.626594228864661],[-58.211892485114348,-15.626575261109544],[-58.211836670480444,-15.62652654187365],[-58.211791982046691,-15.626481348760045],[-58.211742266231745,-15.626420638151318],[-58.211708654799956,-15.626370601331883],[-58.211670100347028,-15.626319395034942],[-58.211642855781932,-15.62630280434878],[-58.211595840032963,-15.626281540282742],[-58.211562356117568,-15.626253026359645],[-58.211534892730775,-15.626199367091848],[-58.211539702208661,-15.626177816914652],[-58.2115569069814,-15.62616576426702],[-58.211585125428236,-15.626138104669803],[-58.211601018871896,-15.626112905729727],[-58.211611898990903,-15.62607458093688],[-58.211609276339722,-15.626048287454473],[-58.211594293549879,-15.626018475538006],[-58.211576884945565,-15.6259958521568],[-58.211545973583661,-15.625985260984731],[-58.211527514670273,-15.625993732981259],[-58.211510373173141,-15.626016547994494],[-58.211500641757347,-15.626040517056019],[-58.211472338961215,-15.62605382681747],[-58.211446440904069,-15.626056361487574],[-58.21141434473531,-15.626054146936225],[-58.211385922455001,-15.626047129575438],[-58.211358649833976,-15.626025755574197],[-58.211334951783584,-15.625982838210808],[-58.211326061725018,-15.625939839115292],[-58.211319610621821,-15.625892043127378],[-58.211314303093054,-15.625828695581975],[-58.211299313334749,-15.625797687821763],[-58.21128436574859,-15.625773854973309],[-58.211261901743242,-15.625730930787453],[-58.211240650661907,-15.625684412331641],[-58.211212010598203,-15.625640326365682],[-58.21118964593321,-15.625614142725736],[-58.211164847478706,-15.625593950898431],[-58.211137589001297,-15.625574969404754],[-58.211110309443114,-15.625552399546523],[-58.211086688791923,-15.62552263525186],[-58.211079103067725,-15.625491586616247],[-58.211077700445031,-15.625462895577479],[-58.211093558774515,-15.625431717577031],[-58.211109445206311,-15.625405322851599],[-58.211116707721366,-15.625381367428835],[-58.211114000833234,-15.625340725009835],[-58.211115073224576,-15.625313216171552],[-58.211126038653198,-15.625289240315478],[-58.211141960199903,-15.625268823779479],[-58.211152862073845,-15.625244668397233],[-58.211152701873743,-15.625217405893761],[-58.211142252192545,-15.625203114168194],[-58.211124323595122,-15.625175948809256],[-58.211097468652952,-15.625141658461169],[-58.211075005696685,-15.625098734240984],[-58.211064437992952,-15.625064354016372],[-58.211056689294281,-15.625005563821594],[-58.211040080776208,-15.624951127780481],[-58.211004341693219,-15.624916886436811],[-58.210976005643076,-15.624882604241536],[-58.210962544949069,-15.624859719483519],[-58.210966851691232,-15.624836736697214],[-58.210996288592803,-15.624806440111795],[-58.211031682932983,-15.624781851312486],[-58.211062734940562,-15.624774504832001],[-58.211105549144911,-15.624752744958949],[-58.211142422753859,-15.624728147076803],[-58.21116004777646,-15.624703656309702],[-58.211171775303349,-15.624683502449841],[-58.211180457120591,-15.624649016006542],[-58.211189130501054,-15.624613094218608],[-58.211193336967597,-15.624572892714941],[-58.211192746755444,-15.624472450242701],[-58.211181740631488,-15.624363454707995],[-58.211167807800926,-15.624260215980595],[-58.21114560266269,-15.624009223720646],[-58.211137993722474,-15.6237222769825],[-58.211136484626834,-15.623465430753114],[-58.211140614291651,-15.623412315670663],[-58.211144888205858,-15.623383593305791],[-58.211153603712006,-15.623354846433676],[-58.211165280588389,-15.623326083221341],[-58.211184318268351,-15.623290104245674],[-58.211193042194139,-15.623262791813104],[-58.211203179827535,-15.623223992970397],[-58.211207360055248,-15.623179486339032],[-58.211206871062188,-15.623096262566282],[-58.211213119917694,-15.62289964096802],[-58.211203080810556,-15.622703109239414],[-58.21122184114099,-15.622556911287406],[-58.211237129837862,-15.622470729671138],[-58.211264341722206,-15.622397876235103],[-58.211275726262301,-15.622319369469848],[-58.211293055995448,-15.622244657006084],[-58.21131453716086,-15.622204360174992],[-58.211357801132849,-15.62217542265474],[-58.211413001383001,-15.622161724973774],[-58.211450433499401,-15.622148126239782],[-58.211477926342496,-15.622123101935186],[-58.211481673063503,-15.622088642718154],[-58.211485261445844,-15.62202739824121],[-58.211500785185351,-15.621981394515824],[-58.211522187585963,-15.621927705939726],[-58.211567313577788,-15.621879625283665],[-58.211651733690232,-15.621798802755784],[-58.211692922710363,-15.621752656456481],[-58.211734044247436,-15.621695031914108],[-58.211777016607414,-15.621616351676881],[-58.211816039847818,-15.621537692328536],[-58.21184734670404,-15.621489688809641]]]}},
{"type":"Feature","properties":{"OBJECTID":361,"ID":0,"SHAPE_LEN":7.9763678814399999},"geometry":{"type":"MultiLineString","coordinates":[[[-58.153062994793693,-15.639893323131526],[-58.152988761851525,-15.639898230287592]]]}},
{"type":"Feature","properties":{"OBJECTID":321,"ID":0,"SHAPE_LEN":506.85912919100002},"geometry":{"type":"MultiLineString","coordinates":[[[-58.157394118537624,-15.612928997908881],[-58.157278576890249,-15.612678487492031],[-58.15726866873095,-15.612561948266121],[-58.157283472036198,-15.612451258233234],[-58.157326003132532,-15.612334442706972],[-58.157542783238796,-15.611935695458815],[-58.157566957861128,-15.61184588255462],[-58.157594098491103,-15.611735127489744],[-58.157642647998443,-15.611591374275028],[-58.157718909277534,-15.611438507260541],[-58.157907086787311,-15.610890434635555],[-58.158056153945338,-15.610518948926144],[-58.158214792510421,-15.610204212857388],[-58.158709853169292,-15.609373507092267],[-58.158758417303488,-15.609232743756793],[-58.158769239238957,-15.609072447942003],[-58.158757537233548,-15.608966083673121],[-58.158757221188715,-15.608902497664628],[-58.158751690059226,-15.608884350925065],[-58.158742739245568,-15.608872440250297],[-58.158713469998411,-15.608845808023249],[-58.158692623274753,-15.608824872131308],[-58.158683119995217,-15.608802440994172],[-58.158674075184095,-15.608773789410137],[-58.158666365485452,-15.608719301425184]]]}},
{"type":"Feature","properties":{"OBJECTID":368,"ID":0,"SHAPE_LEN":1555.5748472},"geometry":{"type":"MultiLineString","coordinates":[[[-58.142525825961776,-15.645288410813391],[-58.142456723898903,-15.645067546496831],[-58.142343699851537,-15.644715372219958],[-58.142274035134626,-15.644392867171025],[-58.14218552779181,-15.64401066889009],[-58.142153183457701,-15.643741781276823],[-58.142139249861344,-15.643454859523475],[-58.142137757169422,-15.643185810270548],[-58.14207472753133,-15.642946976775351],[-58.141999457191019,-15.642726144319495],[-58.141905642867243,-15.642499428990693],[-58.141848883877799,-15.642278500049812],[-58.141847656961176,-15.642057281910288],[-58.141914136445806,-15.641805815953273],[-58.141974744570739,-15.641608192516717],[-58.142017306906297,-15.64149436843285],[-58.141979555532394,-15.641363026201004],[-58.141916991022022,-15.64120789734919],[-58.141829580291429,-15.641023001710311],[-58.141834887882467,-15.64086751939732],[-58.141857911474744,-15.640568447164899],[-58.141855888943532,-15.640203735460467],[-58.14177833251707,-15.639570360781541],[-58.141720366172265,-15.639354221506057],[-58.141580298118015,-15.639020123598081],[-58.141302496251988,-15.638772841355827],[-58.141014929151275,-15.638544742731369],[-58.140608154371435,-15.638183332078153],[-58.140270485087726,-15.637821562208243],[-58.139804427061371,-15.63745089191127],[-58.139140767594419,-15.637052547473498],[-58.138793866564086,-15.636805620522141],[-58.138634853887183,-15.636615116474635],[-58.13852493804832,-15.636376524832407],[-58.138493100766645,-15.635974897674343],[-58.138481801290204,-15.635716660870235],[-58.138538284176384,-15.635218910929837],[-58.138585582551109,-15.63484557238899],[-58.138651778172793,-15.634319072603303],[-58.13867859161482,-15.633811909540357],[-58.138637147494876,-15.633458164803084],[-58.138506537703996,-15.633047483077483],[-58.13838696401406,-15.632847207756726]]]}},
{"type":"Feature","properties":{"OBJECTID":330,"ID":0,"SHAPE_LEN":2641.9073182299999},"geometry":{"type":"MultiLineString","coordinates":[[[-58.158666365485452,-15.608719301425184],[-58.15864840545958,-15.608668963136251],[-58.15863185334149,-15.608621697056996],[-58.158603471539358,-15.608577362387377],[-58.158582493257519,-15.608532988670078],[-58.158581945401401,-15.608435413976652],[-58.158580334553811,-15.608372606732813],[-58.158605701113252,-15.608275613084732],[-58.158612358426389,-15.608142843536907],[-58.158611532614465,-15.607995763805826],[-58.158654984844929,-15.607823338010538],[-58.158728229412354,-15.607683042916886],[-58.158757458720174,-15.607614727268819],[-58.158768240698279,-15.607557271823897],[-58.158760515861559,-15.607499913986048],[-58.158674715930765,-15.607381981685812],[-58.158461837359631,-15.607155900743679],[-58.158170443430421,-15.606900339176564],[-58.15787945275509,-15.606716522391912],[-58.157471483667209,-15.606575175431413],[-58.157082222942911,-15.606469602838253],[-58.156736650081548,-15.606453485107656],[-58.156526564001261,-15.606394800634824],[-58.156390407210885,-15.606317790486321],[-58.156346585876157,-15.606204418831332],[-58.156339512800614,-15.606043022185077],[-58.156356412460873,-15.605755940099169],[-58.156354415943255,-15.605399600016497],[-58.156360511981475,-15.605166384860638],[-58.156366870244227,-15.604979805841023],[-58.156332250515874,-15.604746805840419],[-58.156216399432317,-15.604550106944743],[-58.156063454185613,-15.604339253460614],[-58.155896312037335,-15.604038789815483],[-58.155768534164153,-15.603695069086365],[-58.155692778109582,-15.603386949286655],[-58.155720702426358,-15.603085458596199],[-58.155704490816738,-15.602834424280232],[-58.15566305240587,-15.602705495212181],[-58.155609961975443,-15.60258918279307],[-58.15553819882124,-15.602443073325029],[-58.155469385220378,-15.602273032509583],[-58.155446756284519,-15.602087801703082],[-58.155427429142286,-15.601941416494816],[-58.155429593133498,-15.601776981893732],[-58.155379254587146,-15.601600864489257],[-58.155292134976484,-15.601466794432515],[-58.155196214453561,-15.601413486682693],[-58.155084837542823,-15.601354282521902],[-58.154960905442039,-15.601256279497324],[-58.15486146608648,-15.601125263228861],[-58.154817697977137,-15.601020859473193],[-58.154817029103484,-15.600901282100445],[-58.154841035835389,-15.600781575076756],[-58.154877314380975,-15.600649845662852],[-58.154876812711848,-15.600560162632283],[-58.15487639465924,-15.600485427224859],[-58.15493438060782,-15.600374510310797],[-58.155007873023543,-15.600278459060046],[-58.15506585978148,-15.600167542113091],[-58.155105640429404,-15.600110531868262],[-58.155105372833006,-15.600062701643362],[-58.155083547377934,-15.600020962305901],[-58.155018505898077,-15.599973472462468],[-58.154953430062527,-15.599920002468076],[-58.154919266913844,-15.599878328842378],[-58.154881935971567,-15.599821724694216],[-58.154878499683356,-15.599758962145115],[-58.154893571404791,-15.599696103256701],[-58.154908458244066,-15.599600359959233],[-58.154908090372167,-15.599534592940357],[-58.154885947320807,-15.599436054949186],[-58.154839078705336,-15.59932867819937],[-58.154860235205099,-15.599250840183149],[-58.154900182964774,-15.599223724326098],[-58.154934011560158,-15.599205609271534],[-58.154939913332278,-15.599157745721294],[-58.154921172215268,-15.599115991054607],[-58.15488060581486,-15.599032497918401],[-58.15489866136263,-15.598951686035884],[-58.154922851830754,-15.598864862512496],[-58.154937906773185,-15.598799014457768],[-58.154925300623475,-15.598751248147694],[-58.154894188433559,-15.598703579064745],[-58.154857024926734,-15.598676868336661],[-58.154803124176084,-15.59859914532627],[-58.154758360264232,-15.59853719826382],[-58.154725786927941,-15.598448879568846],[-58.154712967805438,-15.598362848863507],[-58.154736920914985,-15.598233575972996],[-58.154776001268353,-15.598161621407845],[-58.154817535006863,-15.598087263089585],[-58.154895881919558,-15.597976837632906],[-58.154998903995647,-15.597866281605265],[-58.155040210188432,-15.597751267190173],[-58.155061629380747,-15.597610048773815],[-58.155135896352313,-15.596718781990715],[-58.155134264331501,-15.596427012647734],[-58.155048735527473,-15.596135684990394],[-58.15487931121519,-15.595844797987974],[-58.154745181929705,-15.595687655162649],[-58.154641250571501,-15.595635585827173],[-58.154517446889209,-15.595559704059781],[-58.154403244808506,-15.595435939237682],[-58.15441156395913,-15.595158468125488],[-58.154454909958652,-15.594966911172323],[-58.154448505092454,-15.594703867042373],[-58.154363753372373,-15.594551248165015],[-58.154224716757483,-15.594398914219514],[-58.154130683594545,-15.594351576155915],[-58.153888840094282,-15.594348061940826],[-58.1537310263123,-15.594368023293928],[-58.15355829960734,-15.594368929562668],[-58.153380290321337,-15.594307681137424],[-58.153256220815258,-15.594183967379905],[-58.153210602899527,-15.59396896135345],[-58.153124464796484,-15.593567620978632],[-58.153063242089821,-15.593209198947342],[-58.153007568081215,-15.592960762659189],[-58.15291668250098,-15.592592929918617],[-58.152737101079687,-15.592249477924396],[-58.152602681368442,-15.592039719784129],[-58.152393811373116,-15.591753820611512],[-58.151843415063588,-15.59128794598533],[-58.151318148804009,-15.590903253806507],[-58.151050860954228,-15.590761155958219],[-58.150645049259005,-15.59055760022828],[-58.150397901861979,-15.590487144662175],[-58.150185698955248,-15.590488254571142],[-58.150018070282904,-15.590517830602074],[-58.149751608906932,-15.590524006447025],[-58.149519320779923,-15.590463039260856]]]}},
{"type":"Feature","properties":{"OBJECTID":367,"ID":0,"SHAPE_LEN":190.092936444},"geometry":{"type":"MultiLineString","coordinates":[[[-58.164847565593163,-15.644738374420921],[-58.164769844076538,-15.64469606766132],[-58.16467578503174,-15.644648735147921],[-58.164534858899884,-15.644606435032376],[-58.164371733854296,-15.644566644466945],[-58.164275287847595,-15.644533674023085],[-58.164213314511194,-15.6444861709059],[-58.164178530785854,-15.644445698632948],[-58.16413626207661,-15.644390916522219],[-58.164091484555293,-15.644328972482715],[-58.16401685992426,-15.644226529917956],[-58.163915247735822,-15.64415292974649],[-58.163870686676809,-15.64412924974083],[-58.163774241882386,-15.644096279954736],[-58.163702639114859,-15.644091876521879],[-58.163623632510024,-15.644087512360553],[-58.163497759786786,-15.644088180379097],[-58.163307863826127,-15.644115495449693]]]}},
{"type":"Feature","properties":{"OBJECTID":371,"ID":0,"SHAPE_LEN":413.12005773300001},"geometry":{"type":"MultiLineString","coordinates":[[[-58.146131889235384,-15.627401590466308],[-58.145435266492427,-15.627506871150278],[-58.144843330309548,-15.627575729816293],[-58.14457232364515,-15.62766084974704],[-58.144405870581821,-15.627685634566122],[-58.144091442628714,-15.62772912718451],[-58.143616465979228,-15.627749539328855],[-58.143332986326257,-15.627810806929125],[-58.143030995873595,-15.627872170588837],[-58.142784634655193,-15.6279511814993],[-58.142562951263486,-15.628030063660555],[-58.142353309817651,-15.628055070906635]]]}}
]
}
