{
"type": "FeatureCollection",
"name": "Logradouro",
"crs": { "type": "name", "properties": { "name": "urn:ogc:def:crs:OGC:1.3:CRS84" } },
"features": [
{"type":"Feature","properties":{"COD_LOG":0.0,"TIPO":"RUA","NOME":"BOMFIN","NOME_COMPL":"RUA BOMFIN","NOME_MAPA":"R. BOMFIN","COBERTURA":"ASFALTO","HIERARQUIA":null},"geometry":{"type":"MultiLineString","coordinates":[[[-58.184505736738124,-15.63763598915901],[-58.184706959746663,-15.636791639323581]]]}},
{"type":"Feature","properties":{"COD_LOG":0.0,"TIPO":"AVENIDA","NOME":"QUATRO MARCOS","NOME_COMPL":"AVENIDA QUATRO MARCOS","NOME_MAPA":"AV. QUATRO MARCOS","COBERTURA":"ASFALTO","HIERARQUIA":null},"geometry":{"type":"MultiLineString","coordinates":[[[-58.189500769210419,-15.628520082863625],[-58.189464511275268,-15.62566844516498],[-58.189441420521945,-15.623805525001258],[-58.189410347748094,-15.622139625820587]]]}},
{"type":"Feature","properties":{"COD_LOG":0.0,"TIPO":"AVENIDA","NOME":"QUATRO MARCOS","NOME_COMPL":"AVENIDA QUATRO MARCOS","NOME_MAPA":"AV. QUATRO MARCOS","COBERTURA":"ASFALTO","HIERARQUIA":null},"geometry":{"type":"MultiLineString","coordinates":[[[-58.18948143416322,-15.622137346064028],[-58.189505103856291,-15.624149568529202],[-58.189537348843743,-15.625888076161598],[-58.189566246951301,-15.627901635359088],[-58.18957430496517,-15.628535336252369]]]}},
{"type":"Feature","properties":{"COD_LOG":0.0,"TIPO":"RUA","NOME":"PROJETADA","NOME_COMPL":"RUA PROJETADA","NOME_MAPA":"R. PROJETADA","COBERTURA":"ASFALTO","HIERARQUIA":null},"geometry":{"type":"MultiLineString","coordinates":[[[-58.1913207977478,-15.626073843062656],[-58.191298585172838,-15.624676662465886],[-58.19127523442527,-15.622237371970012],[-58.191273726264384,-15.622079845882146]]]}},
{"type":"Feature","properties":{"COD_LOG":0.0,"TIPO":"RUA","NOME":"PROJETADA V","NOME_COMPL":"RUA PROJETADA V","NOME_MAPA":"R. PROJETADA V","COBERTURA":"ASFALTO","HIERARQUIA":null},"geometry":{"type":"MultiLineString","coordinates":[[[-58.191973990715312,-15.626070244047401],[-58.191929953531819,-15.626070486829256],[-58.1913207977478,-15.626073843062656]]]}},
{"type":"Feature","properties":{"COD_LOG":0.0,"TIPO":"RUA","NOME":"07 DE SETEMBRO","NOME_COMPL":"RUA 07 DE SETEMBRO","NOME_MAPA":"R. 07 DE SETEMBRO","COBERTURA":"ASFALTO","HIERARQUIA":null},"geometry":{"type":"MultiLineString","coordinates":[[[-58.191313567622636,-15.625619046788993],[-58.191924856151395,-15.625615678175818],[-58.191969543352471,-15.625615431871031]]]}},
{"type":"Feature","properties":{"COD_LOG":0.0,"TIPO":"RUA","NOME":"SANTA CECILIA","NOME_COMPL":"RUA SANTA CECILIA","NOME_MAPA":"R. SANTA CECILIA","COBERTURA":"ASFALTO","HIERARQUIA":null},"geometry":{"type":"MultiLineString","coordinates":[[[-58.191960872246248,-15.624728620783722],[-58.19191491765902,-15.624728873956823],[-58.191299469921425,-15.624732264947824],[-58.190355555085347,-15.62475603729002],[-58.189453475339192,-15.624778103702171]]]}},
{"type":"Feature","properties":{"COD_LOG":0.0,"TIPO":"RUA","NOME":"DOM PEDRO","NOME_COMPL":"RUA DOM PEDRO","NOME_MAPA":"R. DOM PEDRO","COBERTURA":"ASFALTO","HIERARQUIA":null},"geometry":{"type":"MultiLineString","coordinates":[[[-58.191952314306867,-15.623853414233153],[-58.191903855548752,-15.623853680989791],[-58.191290739435573,-15.623857059127308],[-58.190344502966802,-15.623867861888799],[-58.189502114066251,-15.62389542116844],[-58.189439018769761,-15.623898326557143]]]}},
{"type":"Feature","properties":{"COD_LOG":0.0,"TIPO":"RUA","NOME":"DO CAFE","NOME_COMPL":"RUA DO CAFE","NOME_MAPA":"R. DO CAFE","COBERTURA":"ASFALTO","HIERARQUIA":null},"geometry":{"type":"MultiLineString","coordinates":[[[-58.191943691418814,-15.622971431393935],[-58.191891676403735,-15.622971717445006],[-58.191282295654652,-15.622975074204152],[-58.190249002815833,-15.622999560201528],[-58.189036451503739,-15.623030526243062],[-58.187502777711089,-15.623096226441401],[-58.186563607483158,-15.623131556170419]]]}},
{"type":"Feature","properties":{"COD_LOG":0.0,"TIPO":"TRAVESSA","NOME":"04","NOME_COMPL":"TRAVESSA 04","NOME_MAPA":"TRAV. 04","COBERTURA":"ASFALTO","HIERARQUIA":null},"geometry":{"type":"MultiLineString","coordinates":[[[-58.191939471422046,-15.622539860844126],[-58.191885715759433,-15.622540103911785],[-58.19031894746167,-15.62254717165772]]]}},
{"type":"Feature","properties":{"COD_LOG":0.0,"TIPO":"RUA","NOME":"FELINTRO MULLER","NOME_COMPL":"RUA FELINTRO MULLER","NOME_MAPA":"R. FELINTRO MULLER","COBERTURA":"ASFALTO","HIERARQUIA":null},"geometry":{"type":"MultiLineString","coordinates":[[[-58.190308396088213,-15.622110817359665],[-58.190346766088169,-15.623542270420227],[-58.190351577621435,-15.62464811368266],[-58.190368711823986,-15.6259796392202],[-58.190389990216836,-15.626490477443966],[-58.190397452027362,-15.626711663036092]]]}},
{"type":"Feature","properties":{"COD_LOG":0.0,"TIPO":"RUA","NOME":"07 DE SETEMBRO","NOME_COMPL":"RUA 07 DE SETEMBRO","NOME_MAPA":"R. 07 DE SETEMBRO","COBERTURA":"ASFALTO","HIERARQUIA":null},"geometry":{"type":"MultiLineString","coordinates":[[[-58.187471289987919,-15.625394423348325],[-58.186645084878784,-15.625192778823207],[-58.184743255231275,-15.624786755368554],[-58.183109832903952,-15.624417695204881],[-58.180680780341035,-15.623880708399785],[-58.179694770567934,-15.623667815645707]]]}},
{"type":"Feature","properties":{"COD_LOG":0.0,"TIPO":"TRAVESSA","NOME":"01","NOME_COMPL":"TRAVESSA 01","NOME_MAPA":"TRAV. 01","COBERTURA":"ASFALTO","HIERARQUIA":null},"geometry":{"type":"MultiLineString","coordinates":[[[-58.191965165827966,-15.625167679690184],[-58.19191983887066,-15.625167929462082],[-58.191306449293123,-15.625171309379946],[-58.190358431167894,-15.625180718495356]]]}},
{"type":"Feature","properties":{"COD_LOG":0.0,"TIPO":"TRAVESSA","NOME":"02","NOME_COMPL":"TRAVESSA 02","NOME_MAPA":"TRAV. 02","COBERTURA":"ASFALTO","HIERARQUIA":null},"geometry":{"type":"MultiLineString","coordinates":[[[-58.19195658017123,-15.624289645914143],[-58.191909879500436,-15.624289903131464],[-58.191294915292005,-15.624293291399718],[-58.190350086759821,-15.624305318694089]]]}},
{"type":"Feature","properties":{"COD_LOG":0.0,"TIPO":"TRAVESSA","NOME":"03","NOME_COMPL":"TRAVESSA 03","NOME_MAPA":"TRAV. 03","COBERTURA":"ASFALTO","HIERARQUIA":null},"geometry":{"type":"MultiLineString","coordinates":[[[-58.191948017959611,-15.623413992822158],[-58.191897787136753,-15.623414270097308],[-58.191286532173308,-15.623417637129192],[-58.190343662007116,-15.623426475381605]]]}},
{"type":"Feature","properties":{"COD_LOG":0.0,"TIPO":"RUA","NOME":"CERES","NOME_COMPL":"RUA CERES","NOME_MAPA":"R. CERES","COBERTURA":"ASFALTO","HIERARQUIA":null},"geometry":{"type":"MultiLineString","coordinates":[[[-58.191934766670947,-15.622058634217199],[-58.191884604512559,-15.622060244354053],[-58.189410347748094,-15.622139625820587]]]}},
{"type":"Feature","properties":{"COD_LOG":0.0,"TIPO":"RUA","NOME":"SAO MATEUS","NOME_COMPL":"RUA SAO MATEUS","NOME_MAPA":"R. SAO MATEUS","COBERTURA":"ASFALTO","HIERARQUIA":null},"geometry":{"type":"MultiLineString","coordinates":[[[-58.187432787973584,-15.6205709501637],[-58.1864820250237,-15.620589109453018]]]}},
{"type":"Feature","properties":{"COD_LOG":0.0,"TIPO":"RUA","NOME":"SAO LUCAS","NOME_COMPL":"RUA SAO LUCAS","NOME_MAPA":"R. SAO LUCAS","COBERTURA":"ASFALTO","HIERARQUIA":null},"geometry":{"type":"MultiLineString","coordinates":[[[-58.187448165432968,-15.621139282612519],[-58.186494745459612,-15.621152772455707]]]}},
{"type":"Feature","properties":{"COD_LOG":0.0,"TIPO":"RUA","NOME":"MERCEDES LEBRERO","NOME_COMPL":"RUA MERCEDES LEBRERO","NOME_MAPA":"R. MERCEDES LEBRERO","COBERTURA":"TERRA","HIERARQUIA":null},"geometry":{"type":"MultiLineString","coordinates":[[[-58.18745351667939,-15.621331042546375],[-58.188546488159339,-15.621306147707177]]]}},
{"type":"Feature","properties":{"COD_LOG":0.0,"TIPO":"RUA","NOME":"JOSE VALVERDE FILHO","NOME_COMPL":"RUA JOSE VALVERDE FILHO","NOME_MAPA":"R. JOSE VALVERDE FILHO","COBERTURA":"TERRA","HIERARQUIA":null},"geometry":{"type":"MultiLineString","coordinates":[[[-58.188521412629591,-15.620428265098891],[-58.187429738799246,-15.620450123509999]]]}},
{"type":"Feature","properties":{"COD_LOG":0.0,"TIPO":"TRAVESSA","NOME":"DO COLEGIO","NOME_COMPL":"TRAVESSA DO COLEGIO","NOME_MAPA":"TRAV. DO COLEGIO","COBERTURA":"ASFALTO","HIERARQUIA":null},"geometry":{"type":"MultiLineString","coordinates":[[[-58.186554781354928,-15.622914173885027],[-58.185312720293467,-15.622644746363289]]]}},
{"type":"Feature","properties":{"COD_LOG":0.0,"TIPO":"RUA","NOME":"DO CAFE","NOME_COMPL":"RUA DO CAFE","NOME_MAPA":"R. DO CAFE","COBERTURA":"ASFALTO","HIERARQUIA":null},"geometry":{"type":"MultiLineString","coordinates":[[[-58.185397139331762,-15.622283415054216],[-58.18299949014655,-15.62173630931578]]]}},
{"type":"Feature","properties":{"COD_LOG":0.0,"TIPO":"RUA","NOME":"SANTOS DUMONT","NOME_COMPL":"RUA SANTOS DUMONT","NOME_MAPA":"R. SANTOS DUMONT","COBERTURA":"TERRA","HIERARQUIA":null},"geometry":{"type":"MultiLineString","coordinates":[[[-58.166979047976803,-15.623775855310049],[-58.167026168450754,-15.622591421553391],[-58.167171199482958,-15.620946943997193],[-58.167248253235371,-15.620078409801616],[-58.167266620283705,-15.619871374310186]]]}},
{"type":"Feature","properties":{"COD_LOG":0.0,"TIPO":"RUA","NOME":"TEREZINHA","NOME_COMPL":"RUA TEREZINHA","NOME_MAPA":"R. TEREZINHA","COBERTURA":"ASFALTO","HIERARQUIA":null},"geometry":{"type":"MultiLineString","coordinates":[[[-58.172941034701999,-15.623024974153333],[-58.17128300301016,-15.622663129459733],[-58.169781799710087,-15.622320765148269],[-58.168601936873927,-15.622060212075294]]]}},
{"type":"Feature","properties":{"COD_LOG":0.0,"TIPO":"AVENIDA","NOME":"SAO PAULO","NOME_COMPL":"AVENIDA SAO PAULO","NOME_MAPA":"AV. SAO PAULO","COBERTURA":"ASFALTO","HIERARQUIA":null},"geometry":{"type":"MultiLineString","coordinates":[[[-58.185081057032164,-15.627572359568399],[-58.184874671558347,-15.62752723197185],[-58.183411224626745,-15.627207239263361],[-58.181713564426488,-15.626828949285919],[-58.180272404211031,-15.626506664584145],[-58.178665234397727,-15.626155128161304],[-58.17657913913623,-15.625691350321917],[-58.174638350498348,-15.625259778840711],[-58.173816975549101,-15.625079064346409],[-58.172795566534305,-15.624875020012167],[-58.171175360526355,-15.624570849820715],[-58.169586163459478,-15.624250718039315],[-58.169163703325538,-15.624172611077478],[-58.16840942415525,-15.624071875097625]]]}},
{"type":"Feature","properties":{"COD_LOG":0.0,"TIPO":"AVENIDA","NOME":"DR GUILHERME PINTO CARDOSO","NOME_COMPL":"AVENIDA DR GUILHERME PINTO CARDOSO","NOME_MAPA":"AV. DR GUILHERME PINTO CARDOSO","COBERTURA":"ASFALTO","HIERARQUIA":null},"geometry":{"type":"MultiLineString","coordinates":[[[-58.176815725798072,-15.632033308444116],[-58.176930770874364,-15.631549437867205],[-58.177267537142875,-15.630138471584099],[-58.177715650341518,-15.628225183404789],[-58.178202558578363,-15.626192106487832],[-58.178544655671104,-15.624731396959225],[-58.178580447385002,-15.624516678526444],[-58.178587901778499,-15.624439151002104],[-58.178581705444238,-15.624391352183755],[-58.178549392306131,-15.624287027615415]]]}},
{"type":"Feature","properties":{"COD_LOG":0.0,"TIPO":"ESTRADA","NOME":"RURAL","NOME_COMPL":"ESTRADA RURAL","NOME_MAPA":"ESTR. RURAL","COBERTURA":"TERRA","HIERARQUIA":null},"geometry":{"type":"MultiLineString","coordinates":[[[-58.195064761847455,-15.629670673745151],[-58.19506874839319,-15.629028611686776],[-58.195065393768289,-15.627939503839027],[-58.195041792113287,-15.626933733006679],[-58.195039632807671,-15.626816796891303],[-58.19504378421523,-15.626766550723078],[-58.195050971014524,-15.626729202992108],[-58.195067043059346,-15.626691806877441],[-58.195095688029724,-15.626652190103089],[-58.195133987015296,-15.626617542838115],[-58.195187126456354,-15.626588554531788],[-58.195242562551392,-15.626572467767172],[-58.195300280967828,-15.626567131331013],[-58.195503056573948,-15.626551677377305],[-58.196317232431817,-15.626509214491771],[-58.196675604385248,-15.626513718179366],[-58.196735552824506,-15.626509803702655],[-58.196764368242775,-15.626499601502942],[-58.196797559619803,-15.626477896778374],[-58.196826258372411,-15.626447605973626],[-58.196845265570985,-15.626405889359775],[-58.196859074751941,-15.626361330297481],[-58.196863303945797,-15.626324716355731],[-58.196864617436482,-15.626168299706935],[-58.196885100734278,-15.625615732705864],[-58.196881351884763,-15.625480150588679],[-58.196888221916005,-15.625005862546832],[-58.196876665624657,-15.624163108650759],[-58.196864071167695,-15.623269204873974],[-58.196883307803986,-15.622756823028919],[-58.196894386446324,-15.621604498919579],[-58.196879856125939,-15.620887104295871],[-58.196876814220055,-15.620107942955176],[-58.196874198800082,-15.619657383248541],[-58.196877802209826,-15.618747605946083],[-58.196872486432113,-15.617576716959666],[-58.196861058036774,-15.616372856944666],[-58.196828850512837,-15.615160500357906],[-58.196828985495344,-15.6139077879533],[-58.196824778630898,-15.612672319338829],[-58.196814824740834,-15.611467015339381],[-58.196807682876603,-15.610235867738034],[-58.196779281085924,-15.609168418921701],[-58.196752835409768,-15.608182752695718],[-58.196748824147896,-15.60723570639944],[-58.196735621024885,-15.606235618374129],[-58.196734338717498,-15.60524837940866],[-58.19671919884189,-15.604169378244176],[-58.196706462358641,-15.602994222800197],[-58.196743442523058,-15.601966596645093]]]}},
{"type":"Feature","properties":{"COD_LOG":0.0,"TIPO":"ESTRADA","NOME":"RURAL","NOME_COMPL":"ESTRADA RURAL","NOME_MAPA":"ESTR. RURAL","COBERTURA":"TERRA","HIERARQUIA":null},"geometry":{"type":"MultiLineString","coordinates":[[[-58.229618453037425,-15.626983760090164],[-58.228253719090972,-15.625996635095552],[-58.226657443950707,-15.624830829516084],[-58.225410188970656,-15.623921350657321],[-58.2238912016659,-15.622799096363218],[-58.223435219691368,-15.622480212197386],[-58.222251280813133,-15.621589493193856],[-58.221010134022876,-15.620704825882042],[-58.220403361674478,-15.620258585489861],[-58.219485270771834,-15.619582569391877],[-58.218715964124392,-15.619026258756541],[-58.217312285386996,-15.618027674514556],[-58.215345570924562,-15.616628500186721],[-58.214230584089705,-15.615814012747487],[-58.214260951531649,-15.615611906704743],[-58.214339387729382,-15.615282870674424],[-58.214474508838734,-15.614769745958537],[-58.21456765537485,-15.614379776269894],[-58.214652133938046,-15.614010543821799],[-58.214799674954122,-15.613474226737658],[-58.21504920184686,-15.612556410085258],[-58.2152592868106,-15.611765384338348],[-58.215413047289438,-15.61121929574375],[-58.21554301049769,-15.610684293100473],[-58.215658529020679,-15.610255253901123],[-58.215869622370654,-15.60942284167032],[-58.216090595772826,-15.608562383575791],[-58.216329815022917,-15.607602025782024],[-58.216506223894925,-15.606851348503394],[-58.216513370351379,-15.606785588287496],[-58.216508125691782,-15.606747888605257],[-58.21649029342975,-15.60670539112337],[-58.216458699009401,-15.606671488173408],[-58.216420861949373,-15.606643705728009],[-58.216274959243094,-15.606604350524051],[-58.215367057250333,-15.606396391530101],[-58.214245352393448,-15.606133625498254],[-58.213065785155365,-15.605854134492192],[-58.211786845693489,-15.60554597636261],[-58.21142720369707,-15.605462765977682],[-58.21099712704445,-15.605360470457684],[-58.210105573377483,-15.605154832177979],[-58.209410201439631,-15.604996792763393],[-58.208907229268902,-15.60488394074277],[-58.20875380840134,-15.60484705592588],[-58.208463263113188,-15.60476832883095],[-58.207845863462488,-15.604629329114758],[-58.206973187129535,-15.604429658993849],[-58.206538105294669,-15.604329816144105],[-58.205621280924149,-15.604096305776048],[-58.205155985073588,-15.60398323816746],[-58.204473212202238,-15.603831199474627],[-58.204033095146102,-15.603728944884711],[-58.203493542387626,-15.603587070872933],[-58.202654891682563,-15.603406670347512],[-58.201824918856715,-15.603206745378909],[-58.201018876703685,-15.603018857440039],[-58.199917336369083,-15.602763208183418],[-58.198800708736314,-15.602503984650255],[-58.197214984841423,-15.602124388313751],[-58.19618016169111,-15.601895130790806],[-58.195331364238235,-15.601695283813035],[-58.19486235237278,-15.601589516513044],[-58.19397832590613,-15.601377684573698],[-58.193452814713282,-15.601273437750804],[-58.193232725180778,-15.601216214238136],[-58.193057870856755,-15.601163612484312],[-58.192834092015829,-15.601119796329975],[-58.192603971566413,-15.601065059918739],[-58.192217944920102,-15.600977092664502],[-58.192040734049925,-15.600951278352909],[-58.191807007746149,-15.600924553700095],[-58.191685035097713,-15.600896005340713],[-58.191358083330108,-15.600817452194295],[-58.191174425730019,-15.600762463288428],[-58.190842403011224,-15.600675416609233],[-58.190482615050705,-15.600564179407645],[-58.190048669060623,-15.600441172923651],[-58.189687821970388,-15.600364017377093],[-58.189269107255676,-15.60026891813064],[-58.188566221450699,-15.600109634542592],[-58.1880432758662,-15.600013879832023],[-58.187555399378375,-15.599902113286438],[-58.186931647884478,-15.599746047619764],[-58.186037763848113,-15.599564662320125],[-58.185150041676899,-15.59936255050718],[-58.183821871996571,-15.59904963457118],[-58.182738706786338,-15.598812479355635],[-58.181736445874343,-15.598569143891343],[-58.180773820484873,-15.598352376343074],[-58.179131090999569,-15.597957491751812],[-58.177907451333176,-15.597663667124008],[-58.177413284520242,-15.59757235476642]]]}},
{"type":"Feature","properties":{"COD_LOG":0.0,"TIPO":"ESTRADA","NOME":"RURAL","NOME_COMPL":"ESTRADA RURAL","NOME_MAPA":"ESTR. RURAL","COBERTURA":"TERRA","HIERARQUIA":null},"geometry":{"type":"MultiLineString","coordinates":[[[-58.188462276848526,-15.618886882334058],[-58.188482090382266,-15.617954313388658],[-58.188425821756375,-15.616494899849565],[-58.188450236900366,-15.615923573434667],[-58.188440938384346,-15.614747062045669],[-58.188429414916669,-15.614495701190759],[-58.18841644581498,-15.613119046764867],[-58.188413520854709,-15.612611334088694],[-58.188414366645482,-15.612320851183856],[-58.1884302835713,-15.611586023233384],[-58.188419917195638,-15.610660939556746],[-58.188392294067988,-15.609721194692472],[-58.188380847916321,-15.609019324595453],[-58.188365578529634,-15.608081903577043],[-58.188339590134504,-15.607211505452391],[-58.188311969932826,-15.60627176022706],[-58.188291614985921,-15.605308059151195],[-58.188279053687836,-15.604626523632779],[-58.188251682786301,-15.603729824454973],[-58.188224559274552,-15.602876173316703],[-58.18820361245632,-15.602023683668342],[-58.188172548372705,-15.601128200973207],[-58.188146419329819,-15.600232690605816],[-58.188146080785948,-15.600032704809806]]]}},
{"type":"Feature","properties":{"COD_LOG":0.0,"TIPO":"RUA","NOME":"JUAZEIRO","NOME_COMPL":"RUA JUAZEIRO","NOME_MAPA":"R. JUAZEIRO","COBERTURA":"ASFALTO","HIERARQUIA":null},"geometry":{"type":"MultiLineString","coordinates":[[[-58.186579981021481,-15.635987244515125],[-58.186559505051527,-15.634515049043276],[-58.1865314944191,-15.632524497403143],[-58.186501220914366,-15.630619465232302],[-58.186479105641084,-15.629564787158476],[-58.186455308423753,-15.628646546297313],[-58.186448260920038,-15.627900584117103]]]}},
{"type":"Feature","properties":{"COD_LOG":0.0,"TIPO":"AVENIDA","NOME":"SERGIPE","NOME_COMPL":"AVENIDA SERGIPE","NOME_MAPA":"AV. SERGIPE","COBERTURA":"ASFALTO","HIERARQUIA":null},"geometry":{"type":"MultiLineString","coordinates":[[[-58.186475813555177,-15.629437731253621],[-58.185718515236644,-15.629437806870191],[-58.18524308769274,-15.629421720592234],[-58.185130493373507,-15.629412284539159],[-58.185010437106662,-15.629392843622023],[-58.184543408330711,-15.629292048838515],[-58.183160099602077,-15.628990996985209],[-58.18164923666469,-15.628653313388337],[-58.180304451762879,-15.628354905420721],[-58.17891653088116,-15.628040142123851],[-58.177545182064954,-15.627738348637592],[-58.175863820643535,-15.627361360035408],[-58.174588717670296,-15.627075457597282],[-58.173455441195522,-15.62681740698504]]]}},
{"type":"Feature","properties":{"COD_LOG":0.0,"TIPO":"AVENIDA","NOME":"SERGIPE","NOME_COMPL":"AVENIDA SERGIPE","NOME_MAPA":"AV. SERGIPE","COBERTURA":"ASFALTO","HIERARQUIA":null},"geometry":{"type":"MultiLineString","coordinates":[[[-58.173405725277959,-15.626878831294848],[-58.173444165764948,-15.626887837497897],[-58.174552108712987,-15.627147401287395],[-58.175799036743776,-15.627426280548582],[-58.177025204570121,-15.627699524031161],[-58.178737640672054,-15.628072031184036],[-58.180135844726948,-15.628390251089671],[-58.181854287534961,-15.628775615872414],[-58.183388884696988,-15.62912034337749],[-58.184988672017475,-15.629470448471235],[-58.185153199253293,-15.629498258911244],[-58.18526280830433,-15.629503406676514],[-58.186477948431055,-15.629520141402582]]]}},
{"type":"Feature","properties":{"COD_LOG":0.0,"TIPO":"AVENIDA","NOME":"MATO GROSSO","NOME_COMPL":"AVENIDA MATO GROSSO","NOME_MAPA":"AV. MATO GROSSO","COBERTURA":"ASFALTO","HIERARQUIA":null},"geometry":{"type":"MultiLineString","coordinates":[[[-58.182448878573133,-15.620325508295236],[-58.18232862987,-15.620824572079538],[-58.182043754834702,-15.622015683977407],[-58.181740219673664,-15.623310213528283],[-58.181459838973446,-15.624511344863961],[-58.181176460234212,-15.62570675315359],[-58.180900375909452,-15.626883467079942],[-58.180614169898682,-15.62810328376279],[-58.180298626474759,-15.629372047245147],[-58.180060284521645,-15.63041797623467],[-58.179765268608868,-15.631652188970614],[-58.179474732605023,-15.632893552530049],[-58.179178369064985,-15.634152166544135],[-58.178865976079962,-15.635456784866003]]]}},
{"type":"Feature","properties":{"COD_LOG":0.0,"TIPO":"AVENIDA","NOME":"MATO GROSSO","NOME_COMPL":"AVENIDA MATO GROSSO","NOME_MAPA":"AV. MATO GROSSO","COBERTURA":"TERRA","HIERARQUIA":null},"geometry":{"type":"MultiLineString","coordinates":[[[-58.178586254585781,-15.64235644636128],[-58.178584494837189,-15.640704963560873],[-58.178545849154517,-15.638242727995658],[-58.178552956233808,-15.636624248291477],[-58.178567508364416,-15.636471706320414],[-58.178606741056953,-15.636319031731954],[-58.178784787130041,-15.635624513556357]]]}},
{"type":"Feature","properties":{"COD_LOG":0.0,"TIPO":"ESTRADA","NOME":"RURAL","NOME_COMPL":"ESTRADA RURAL","NOME_MAPA":"ESTR. RURAL","COBERTURA":"TERRA","HIERARQUIA":null},"geometry":{"type":"MultiLineString","coordinates":[[[-58.199165567705499,-15.646928153474033],[-58.198906510627829,-15.645039030256138],[-58.198584488614294,-15.642508112916383],[-58.198285272135628,-15.640077515423211],[-58.198257501945413,-15.63997076369195],[-58.198232504740297,-15.639916372446269],[-58.198187656383269,-15.639843914016351],[-58.198135039971135,-15.639793499872292],[-58.198088490613806,-15.639767925214954],[-58.198023190198796,-15.639743409311507],[-58.197955039484,-15.639738041833583],[-58.197859340942259,-15.639749087798201],[-58.197239984732825,-15.639857699467528],[-58.196480427676995,-15.639964204520602],[-58.195179229086172,-15.640132013758231],[-58.194692849099184,-15.640189191936743],[-58.194248963860858,-15.64025379097423],[-58.19368176521332,-15.640334366180015],[-58.193009943966473,-15.640419336273164],[-58.192760411281654,-15.640460872135622],[-58.192578957397245,-15.640495340478656],[-58.192017598265714,-15.640561531150142],[-58.191553977465709,-15.640628144769645],[-58.190763781241102,-15.640730013403111],[-58.189885783263342,-15.640842878925755],[-58.188665516851756,-15.641009254674845],[-58.187698731597067,-15.641134072434861],[-58.186912491038846,-15.641237819563322],[-58.186159897302801,-15.641355731397551],[-58.18544762370918,-15.641446636420845],[-58.184288440829675,-15.641592568723135],[-58.183486455663044,-15.641705955743294],[-58.183092004958844,-15.641784615285106],[-58.182520742653217,-15.641847007435272],[-58.182120171043046,-15.641891259479364],[-58.181512473382291,-15.641970109435919],[-58.18063946368779,-15.642094391287801],[-58.180129484381894,-15.642169840497621],[-58.179548434361635,-15.642247584447384],[-58.178881561724019,-15.64233726793203],[-58.178528254331198,-15.642360213745809],[-58.178356503247201,-15.64236591938403],[-58.178187490308609,-15.642332388767736],[-58.177621151565084,-15.642220634988709],[-58.176986699242853,-15.642110201665865],[-58.17593924298783,-15.641941713750713],[-58.17575944734768,-15.641921632232995],[-58.175522277297837,-15.641881767913423],[-58.175063685451953,-15.641793345279599],[-58.174202914554662,-15.641641067806539],[-58.173421227508875,-15.641506540367869],[-58.172695873012998,-15.641382231213175],[-58.17225317545882,-15.64131093699673],[-58.172097090232718,-15.641293595569492],[-58.171896509146279,-15.641264054956491],[-58.171558459308415,-15.641192200014899],[-58.17107131556002,-15.641117314570995],[-58.170458664483085,-15.641020138686596],[-58.169353843250036,-15.640831835391326],[-58.168754634362344,-15.640742968521197],[-58.168067726268056,-15.640607916368774],[-58.167608232889947,-15.640533832108403],[-58.166424840072978,-15.640329668896186],[-58.165851681161229,-15.640232269777888],[-58.164522634722651,-15.64002169602405],[-58.163317074344839,-15.639824807696913],[-58.162076895323949,-15.639616139098635],[-58.1611505111875,-15.639467983076955],[-58.159910389534005,-15.639268867735321],[-58.159774149282647,-15.639268870558753],[-58.159638980782582,-15.639283934937746],[-58.159515723526255,-15.639310415939418],[-58.159392579345877,-15.639356986623076],[-58.159158304369143,-15.639479718032577],[-58.158544204828104,-15.639825440922221],[-58.158109175595918,-15.640063073175281],[-58.157845260746946,-15.640182133538252],[-58.157518350796188,-15.640335008845401],[-58.157004577311724,-15.640615146261247],[-58.156271520215618,-15.6410514156514],[-58.155172299482693,-15.641683810500266],[-58.154600805691629,-15.642017316370154],[-58.154162290190783,-15.642339143817516],[-58.153507437114925,-15.642815171934014],[-58.153196873177684,-15.643067446258067],[-58.153135393967688,-15.64313696688026],[-58.153054111787057,-15.643255061273681],[-58.152996485796493,-15.643366335052017],[-58.152923626733276,-15.64357813629638],[-58.152830796157033,-15.643925886255394],[-58.152639327609634,-15.64464246242976],[-58.152555897944282,-15.644905977804319],[-58.152475292644553,-15.645321584332219],[-58.152436069290069,-15.645545645574771],[-58.152400241975222,-15.645671154266809],[-58.152347733701561,-15.645814926527835],[-58.152251286281896,-15.646045984724823],[-58.152013056741112,-15.646522688888151],[-58.151746383636194,-15.647033024145468],[-58.151605951691813,-15.64734371477442]]]}},
{"type":"Feature","properties":{"COD_LOG":0.0,"TIPO":"RUA","NOME":"GUANABARA","NOME_COMPL":"RUA GUANABARA","NOME_MAPA":"R. GUANABARA","COBERTURA":"ASFALTO","HIERARQUIA":null},"geometry":{"type":"MultiLineString","coordinates":[[[-58.172372017342369,-15.62188998798541],[-58.172175765642578,-15.62234817298377],[-58.172073157140744,-15.622835572090219],[-58.171866416149534,-15.623678528626987],[-58.17171037600707,-15.62435577447844],[-58.171640693101885,-15.624658211393411]]]}},
{"type":"Feature","properties":{"COD_LOG":0.0,"TIPO":"RUA","NOME":"SAO LUIZ","NOME_COMPL":"RUA SAO LUIZ","NOME_MAPA":"R. SAO LUIZ","COBERTURA":"ASFALTO","HIERARQUIA":null},"geometry":{"type":"MultiLineString","coordinates":[[[-58.185224735962329,-15.637797990447222],[-58.185220436074921,-15.637613610754084],[-58.185180079283775,-15.635425527212854],[-58.18515790112739,-15.633715661823897],[-58.185118734410977,-15.6317338449371],[-58.185121928819584,-15.631216647342638],[-58.185100899445175,-15.629407491873796]]]}},
{"type":"Feature","properties":{"COD_LOG":0.0,"TIPO":"RUA","NOME":"DOS ESTADOS","NOME_COMPL":"RUA DOS ESTADOS","NOME_MAPA":"R. DOS ESTADOS","COBERTURA":"TERRA","HIERARQUIA":null},"geometry":{"type":"MultiLineString","coordinates":[[[-58.175724110044754,-15.624542130099842],[-58.175798310131761,-15.624214242928089],[-58.175924281647298,-15.623918692314939]]]}},
{"type":"Feature","properties":{"COD_LOG":0.0,"TIPO":"RUA","NOME":"RIO CLARO","NOME_COMPL":"RUA RIO CLARO","NOME_MAPA":"R. RIO CLARO","COBERTURA":"ASFALTO","HIERARQUIA":null},"geometry":{"type":"MultiLineString","coordinates":[[[-58.185878647407229,-15.636003776965401],[-58.185863822004123,-15.635129330029397],[-58.185856342392391,-15.634249136955901],[-58.185835984499022,-15.633327714903839],[-58.185826050183479,-15.632454592638778],[-58.185804404831885,-15.631236879949963],[-58.185806833607757,-15.630363433082525],[-58.18578517359866,-15.629437800089212]]]}},
{"type":"Feature","properties":{"COD_LOG":0.0,"TIPO":"RUA","NOME":"ANTA CATARINA","NOME_COMPL":"RUA SANTA CATARINA","NOME_MAPA":"R. ANTA CATARINA","COBERTURA":"TERRA","HIERARQUIA":null},"geometry":{"type":"MultiLineString","coordinates":[[[-58.185112163823845,-15.628547112639264],[-58.184861115869417,-15.628491744604847]]]}},
{"type":"Feature","properties":{"COD_LOG":0.0,"TIPO":"RUA","NOME":"SAO LUIZ","NOME_COMPL":"RUA SAO LUIZ","NOME_MAPA":"R. SAO LUIZ","COBERTURA":"TERRA","HIERARQUIA":null},"geometry":{"type":"MultiLineString","coordinates":[[[-58.185100899445175,-15.629407491873796],[-58.185124171581563,-15.627629926991109]]]}},
{"type":"Feature","properties":{"COD_LOG":0.0,"TIPO":"ESTRADA","NOME":"RURAL","NOME_COMPL":"ESTRADA RURAL","NOME_MAPA":"ESTR. RURAL","COBERTURA":"TERRA","HIERARQUIA":null},"geometry":{"type":"MultiLineString","coordinates":[[[-58.208802074737449,-15.63482979099536],[-58.207903562021414,-15.634835713073919],[-58.207397557724832,-15.634834607509193],[-58.206776152985611,-15.634842890829534],[-58.205864588215995,-15.634848876361632],[-58.205470054785557,-15.63485299092669],[-58.204755254497861,-15.634856917868623],[-58.204286474959261,-15.634869220639679],[-58.204083708853929,-15.634875197616294],[-58.203685119724938,-15.634872521254525],[-58.203153023335098,-15.634873494261955],[-58.202952271054883,-15.634880432649336],[-58.202448313826451,-15.634886114424301],[-58.202130094707179,-15.634892722437961],[-58.201797798769363,-15.634895516726019],[-58.201182392644256,-15.634899860059454],[-58.199871305134074,-15.634915791552812],[-58.198584278243807,-15.63492574545265],[-58.197729980259176,-15.634939167779626],[-58.197410756735998,-15.634945775345605],[-58.19675217505025,-15.634949369336015],[-58.196434942676625,-15.634953045017618],[-58.19614887744472,-15.634964333791757],[-58.195974124492217,-15.63495361274043],[-58.195664815903022,-15.634938760211533],[-58.195344413406531,-15.634915211595574],[-58.195211905549932,-15.63491787972381],[-58.194591539711269,-15.634932932892879],[-58.194067473591694,-15.634933840128218],[-58.192960255446458,-15.634961267904256],[-58.192878877222398,-15.634971506955146]]]}},
{"type":"Feature","properties":{"COD_LOG":0.0,"TIPO":"ESTRADA","NOME":"CAETE","NOME_COMPL":"ESTRADA DO CAETE","NOME_MAPA":"ESTR. CAETE","COBERTURA":"TERRA","HIERARQUIA":null},"geometry":{"type":"MultiLineString","coordinates":[[[-58.192888241358261,-15.640439594042375],[-58.19289369452828,-15.639402292784007],[-58.192895044464777,-15.637930984978473],[-58.192877071125324,-15.636532485693548],[-58.192883080251924,-15.635183601199078],[-58.1928578902494,-15.633561289201547],[-58.192852208940266,-15.632239254184965],[-58.192822228049174,-15.630812120501568],[-58.192812649956878,-15.630180795184261],[-58.192851450250842,-15.629215052727425]]]}},
{"type":"Feature","properties":{"COD_LOG":0.0,"TIPO":"AVENIDA","NOME":"BELEM","NOME_COMPL":"AVENIDA BELEM","NOME_MAPA":"AV. BELEM","COBERTURA":"ASFALTO","HIERARQUIA":null},"geometry":{"type":"MultiLineString","coordinates":[[[-58.173721368455745,-15.625156278652982],[-58.173471164436855,-15.626719190026423],[-58.173455441195522,-15.62681740698504],[-58.173444165764948,-15.626887837497897]]]}},
{"type":"Feature","properties":{"COD_LOG":0.0,"TIPO":"AVENIDA","NOME":"BELEM","NOME_COMPL":"AVENIDA BELEM","NOME_MAPA":"AV. BELEM","COBERTURA":"ASFALTO","HIERARQUIA":null},"geometry":{"type":"MultiLineString","coordinates":[[[-58.172510144027825,-15.632871051986857],[-58.172584939654037,-15.63233858798241],[-58.172672383800254,-15.631716171647829],[-58.172869492388031,-15.630443744882223],[-58.173044853952732,-15.629253227124709],[-58.173226324842901,-15.628095680999968],[-58.173381699604505,-15.627041799874741],[-58.173405725277959,-15.626878831294848]]]}},
{"type":"Feature","properties":{"COD_LOG":0.0,"TIPO":"AVENIDA","NOME":"BELEM","NOME_COMPL":"AVENIDA BELEM","NOME_MAPA":"AV. BELEM","COBERTURA":"ASFALTO","HIERARQUIA":null},"geometry":{"type":"MultiLineString","coordinates":[[[-58.173474342980896,-15.626894906509605],[-58.173448179650414,-15.62707363804245],[-58.173377946077977,-15.627553422518641],[-58.17326364810058,-15.6282849064348],[-58.173157382344719,-15.62904026207363],[-58.173044812712021,-15.629728687075003],[-58.172938491338051,-15.630474477743935],[-58.172820531135962,-15.63125668217581],[-58.172709201557915,-15.631990062625606],[-58.1725824370534,-15.632786663550862],[-58.17256621000228,-15.632884327238793]]]}},
{"type":"Feature","properties":{"COD_LOG":0.0,"TIPO":"RODOVIA","NOME":"PERIMETRAL NORTE","NOME_COMPL":"RODOVIA PERIMETRAL NORTE","NOME_MAPA":"ROD. PERIMETRAL NORTE","COBERTURA":"ASFALTO","HIERARQUIA":null},"geometry":{"type":"MultiLineString","coordinates":[[[-58.177898242922133,-15.616654788108546],[-58.177559799233642,-15.616583804276209],[-58.17657966574081,-15.616370691704455],[-58.176559736965487,-15.616366081883799],[-58.174424760189545,-15.615902968711758],[-58.172375243463122,-15.615447655034925],[-58.171106857916172,-15.615181284388045],[-58.168897900166002,-15.614721269077412],[-58.167863241765431,-15.614503297702109],[-58.167370211995355,-15.614412113676837],[-58.167151384046726,-15.614386712567851],[-58.167005249739859,-15.614379835714315],[-58.166764440685185,-15.614388768599742],[-58.166498086696691,-15.614418882686202],[-58.16622396532361,-15.614471997066474],[-58.165936207954964,-15.614557709879136],[-58.165768811813848,-15.614631302874235],[-58.165432260851688,-15.614816764055711],[-58.165015329254459,-15.615102143000867],[-58.164349064401819,-15.615635656612804],[-58.163336921136015,-15.616452253415861],[-58.161678039367722,-15.617767809828107],[-58.15907124444059,-15.619851380679664],[-58.156992404955595,-15.621528431883201]]]}},
{"type":"Feature","properties":{"COD_LOG":0.0,"TIPO":"RODOVIA","NOME":"PERIMETRAL NORTE","NOME_COMPL":"RODOVIA PERIMETRAL NORTE","NOME_MAPA":"ROD. PERIMETRAL NORTE","COBERTURA":"ASFALTO","HIERARQUIA":null},"geometry":{"type":"MultiLineString","coordinates":[[[-58.186414281001191,-15.618468466435235],[-58.18539847989102,-15.618244920167314],[-58.18339605540362,-15.61781375532502],[-58.181083280830386,-15.617313449845483],[-58.178701309413682,-15.616794358569777],[-58.178293367319107,-15.616708088724652],[-58.178166242733575,-15.616681205226431],[-58.177896907241987,-15.616624246777404]]]}},
{"type":"Feature","properties":{"COD_LOG":0.0,"TIPO":"RODOVIA","NOME":"PERIMETRAL NORTE","NOME_COMPL":"RODOVIA PERIMETRAL NORTE","NOME_MAPA":"ROD. PERIMETRAL NORTE","COBERTURA":"ASFALTO","HIERARQUIA":null},"geometry":{"type":"MultiLineString","coordinates":[[[-58.186417425876769,-15.618545581556468],[-58.184401583773287,-15.618106211707897],[-58.181340183638355,-15.617444000421855],[-58.178270228874929,-15.616776272672501],[-58.178168231669304,-15.61675408664385],[-58.177900034533764,-15.616695750868121]]]}},
{"type":"Feature","properties":{"COD_LOG":0.0,"TIPO":"RUA","NOME":"SAO SALVADOR","NOME_COMPL":"RUA SAO SALVADOR","NOME_MAPA":"R. SAO SALVADOR","COBERTURA":"ASFALTO","HIERARQUIA":null},"geometry":{"type":"MultiLineString","coordinates":[[[-58.185121725114051,-15.631249666301247],[-58.184847700166031,-15.632348153082457],[-58.184516368165816,-15.633743042241614],[-58.184148870598676,-15.635287600569592],[-58.183645264163353,-15.637439520161589]]]}},
{"type":"Feature","properties":{"COD_LOG":0.0,"TIPO":"RUA","NOME":"PEROBAL","NOME_COMPL":"RUA PEROBAL","NOME_MAPA":"R. PEROBAL","COBERTURA":"TERRA","HIERARQUIA":null},"geometry":{"type":"MultiLineString","coordinates":[[[-58.165546854079672,-15.623474635377663],[-58.165640391227235,-15.62250318856268],[-58.165704103133827,-15.621745869492958]]]}},
{"type":"Feature","properties":{"COD_LOG":0.0,"TIPO":"RUA","NOME":"CAMPOS SALES","NOME_COMPL":"RUA CAMPOS SALES","NOME_MAPA":"R. CAMPOS SALES","COBERTURA":"TERRA","HIERARQUIA":null},"geometry":{"type":"MultiLineString","coordinates":[[[-58.169336701411645,-15.618829481034576],[-58.168476862616707,-15.618635749557106],[-58.167734351239716,-15.618481364323806],[-58.167644407877233,-15.618462662557549],[-58.167635193715505,-15.618460746454069]]]}},
{"type":"Feature","properties":{"COD_LOG":0.0,"TIPO":"RUA","NOME":"PRESIDENTE TANCREDO DE ALMEIDA NEVES","NOME_COMPL":"RUA PRESIDENTE TANCREDO DE ALMEIDA NEVES","NOME_MAPA":"R. PRESIDENTE TANCREDO DE ALMEIDA NEVES","COBERTURA":"ASFALTO","HIERARQUIA":null},"geometry":{"type":"MultiLineString","coordinates":[[[-58.18790127748742,-15.630973422809411],[-58.187925428250715,-15.632073657655182],[-58.187953984956444,-15.634029819950031],[-58.187972504559227,-15.635529243679921],[-58.187983289304874,-15.636108800335657]]]}},
{"type":"Feature","properties":{"COD_LOG":0.0,"TIPO":"RUA","NOME":"DA SAUDADE","NOME_COMPL":"RUA DA SAUDADE","NOME_MAPA":"R. DA SAUDADE","COBERTURA":"ASFALTO","HIERARQUIA":null},"geometry":{"type":"MultiLineString","coordinates":[[[-58.19040154619023,-15.635929702198416],[-58.190412131410135,-15.636701578393495]]]}},
{"type":"Feature","properties":{"COD_LOG":0.0,"TIPO":"RUA","NOME":"ALLAN KARDEC","NOME_COMPL":"RUA ALLAN KARDEC","NOME_MAPA":"R. ALLAN KARDEC","COBERTURA":"TERRA","HIERARQUIA":null},"geometry":{"type":"MultiLineString","coordinates":[[[-58.182975447126601,-15.636417454152923],[-58.18285252375037,-15.636390815513749],[-58.181170170987691,-15.636026793361545],[-58.180175678981364,-15.635792987202668],[-58.178839230551255,-15.635512037996209]]]}},
{"type":"Feature","properties":{"COD_LOG":0.0,"TIPO":"RUA","NOME":"LEON DENNIS","NOME_COMPL":"RUA LEON DENNIS","NOME_MAPA":"R. LEON DENNIS","COBERTURA":"TERRA","HIERARQUIA":null},"geometry":{"type":"MultiLineString","coordinates":[[[-58.178977953616659,-15.634639853898806],[-58.177479741959274,-15.634302419432219],[-58.176296838676336,-15.634041337254779],[-58.17490220662166,-15.633731222881156],[-58.173565587281757,-15.633439110353146],[-58.172493202852209,-15.633180212461093],[-58.172380074751217,-15.633156161123315]]]}},
{"type":"Feature","properties":{"COD_LOG":0.0,"TIPO":"RUA","NOME":"PERNAMBUCO","NOME_COMPL":"RUA PERNAMBUCO","NOME_MAPA":"R. PERNAMBUCO","COBERTURA":"ASFALTO","HIERARQUIA":null},"geometry":{"type":"MultiLineString","coordinates":[[[-58.17890385983037,-15.6310996210205],[-58.179120793803406,-15.630171451492716],[-58.179381055461164,-15.62907374710835],[-58.179652848510557,-15.627921451391392],[-58.179892809592062,-15.626899907709715],[-58.180161734919594,-15.625764847263197],[-58.180374224230015,-15.624859682524326],[-58.180609959474417,-15.623876905144019],[-58.180848391172759,-15.622848194573193],[-58.181085298586744,-15.621812316787517],[-58.181339652475955,-15.620720381310841],[-58.181545802502619,-15.619884562330752]]]}},
{"type":"Feature","properties":{"COD_LOG":0.0,"TIPO":"RUA","NOME":"CAFE FILHO","NOME_COMPL":"RUA CAFE FILHO","NOME_MAPA":"R. CAFE FILHO","COBERTURA":"TERRA","HIERARQUIA":null},"geometry":{"type":"MultiLineString","coordinates":[[[-58.167635193715505,-15.618460746454069],[-58.167773690185193,-15.61783255444163]]]}},
{"type":"Feature","properties":{"COD_LOG":0.0,"TIPO":"RUA","NOME":"SANTO EXPEDITO","NOME_COMPL":"RUA SANTO EXPEDITO","NOME_MAPA":"R. SANTO EXPEDITO","COBERTURA":"ASFALTO","HIERARQUIA":null},"geometry":{"type":"MultiLineString","coordinates":[[[-58.169973124208781,-15.627971925576484],[-58.169819476815746,-15.628829145117862],[-58.169769783435946,-15.629097418411888],[-58.169679305841932,-15.629592961323979],[-58.16956385306807,-15.630384239358019],[-58.169399844456599,-15.631491467541812],[-58.169221344366996,-15.632654736604797],[-58.169031615342377,-15.633927122079072],[-58.168844666979076,-15.635167922629773]]]}},
{"type":"Feature","properties":{"COD_LOG":0.0,"TIPO":"RUA","NOME":"VEREADOR ELPIDIO JOSE DE OLIVEIRA","NOME_COMPL":"RUA VEREADOR ELPIDIO JOSE DE OLIVEIRA","NOME_MAPA":"R. VEREADOR ELPIDIO JOSE DE OLIVEIRA","COBERTURA":"TERRA","HIERARQUIA":null},"geometry":{"type":"MultiLineString","coordinates":[[[-58.191994801724924,-15.627745699403331],[-58.191374253318365,-15.627749146909744],[-58.191359553306732,-15.627749228521909]]]}},
{"type":"Feature","properties":{"COD_LOG":0.0,"TIPO":"RUA","NOME":"LUIZ ANDRE LIZIERI","NOME_COMPL":"RUA LUIZ ANDRE LIZIERI","NOME_MAPA":"R. LUIZ ANDRE LIZIERI","COBERTURA":"TERRA","HIERARQUIA":null},"geometry":{"type":"MultiLineString","coordinates":[[[-58.192002360333255,-15.628276623169848],[-58.191358708119388,-15.62828019894372]]]}},
{"type":"Feature","properties":{"COD_LOG":0.0,"TIPO":"RUA","NOME":"CASTELO BRANCO","NOME_COMPL":"RUA CASTELO BRANCO","NOME_MAPA":"R. CASTELO BRANCO","COBERTURA":"ASFALTO","HIERARQUIA":null},"geometry":{"type":"MultiLineString","coordinates":[[[-58.171218677726564,-15.635655909817272],[-58.171390125776362,-15.634296088269814],[-58.171562846173167,-15.633160113766627],[-58.171745645331555,-15.631973862308726],[-58.171903971361566,-15.630911146719127],[-58.172079680643847,-15.629780895692955],[-58.172225339013607,-15.628834480330733],[-58.172382131828229,-15.627864121399622]]]}},
{"type":"Feature","properties":{"COD_LOG":0.0,"TIPO":null,"NOME":null,"NOME_COMPL":null,"NOME_MAPA":null,"COBERTURA":null,"HIERARQUIA":null},"geometry":{"type":"MultiLineString","coordinates":[[[-58.186799160452985,-15.622307917529819],[-58.186591050911581,-15.622304626061235]]]}},
{"type":"Feature","properties":{"COD_LOG":0.0,"TIPO":"RUA","NOME":"BRASILIA","NOME_COMPL":"RUA BRASILIA","NOME_MAPA":"R. BRASILIA","COBERTURA":"TERRA","HIERARQUIA":null},"geometry":{"type":"MultiLineString","coordinates":[[[-58.179556909538562,-15.632134890094537],[-58.178336004184828,-15.631848758344127],[-58.176930770874364,-15.631549437867205]]]}},
{"type":"Feature","properties":{"COD_LOG":0.0,"TIPO":"RUA","NOME":"CACERES","NOME_COMPL":"RUA CACERES","NOME_MAPA":"R. CACERES","COBERTURA":"TERRA","HIERARQUIA":null},"geometry":{"type":"MultiLineString","coordinates":[[[-58.176695144944659,-15.632357116666475],[-58.178536984177377,-15.632799741707924],[-58.179361189135356,-15.632977390168852]]]}},
{"type":"Feature","properties":{"COD_LOG":0.0,"TIPO":"RUA","NOME":"PLANO REAL","NOME_COMPL":"RUA PLANO REAL","NOME_MAPA":"R. PLANO REAL","COBERTURA":"ASFALTO","HIERARQUIA":null},"geometry":{"type":"MultiLineString","coordinates":[[[-58.188495827276775,-15.63421761067354],[-58.188456627023349,-15.632857334042173],[-58.188445996724951,-15.631983337745678]]]}},
{"type":"Feature","properties":{"COD_LOG":0.0,"TIPO":"RUA","NOME":"ANEIR GONCALVES FERREIRA","NOME_COMPL":"RUA ANEIR GONCALVES FERREIRA","NOME_MAPA":"R. ANEIR GONCALVES FERREIRA","COBERTURA":"TERRA","HIERARQUIA":null},"geometry":{"type":"MultiLineString","coordinates":[[[-58.168904987753912,-15.634769235553351],[-58.168577681822875,-15.634719148309312]]]}},
{"type":"Feature","properties":{"COD_LOG":0.0,"TIPO":"RUA","NOME":"SANTA BARBARA","NOME_COMPL":"RUA SANTA BARBARA","NOME_MAPA":"R. SANTA BARBARA","COBERTURA":"TERRA","HIERARQUIA":null},"geometry":{"type":"MultiLineString","coordinates":[[[-58.164777835643612,-15.623311078850978],[-58.164913911097351,-15.621998617187019],[-58.164916665582432,-15.621972051968775]]]}},
{"type":"Feature","properties":{"COD_LOG":0.0,"TIPO":"RUA","NOME":"PROFESSOR FELIX GONÇALVES","NOME_COMPL":"RUA PROFESSOR FELIX GONÇALVES","NOME_MAPA":"R. PROFESSOR FELIX GONÇALVES","COBERTURA":"ASFALTO","HIERARQUIA":null},"geometry":{"type":"MultiLineString","coordinates":[[[-58.175610975596598,-15.615111769799388],[-58.175743940831474,-15.614543104603708],[-58.175923151837843,-15.613745978120651],[-58.176023405243498,-15.613303250659319]]]}},
{"type":"Feature","properties":{"COD_LOG":0.0,"TIPO":"RUA","NOME":"PROFESSOR FELIX GONÇALVES","NOME_COMPL":"RUA PROFESSOR FELIX GONÇALVES","NOME_MAPA":"R. PROFESSOR FELIX GONÇALVES","COBERTURA":"ASFALTO","HIERARQUIA":null},"geometry":{"type":"MultiLineString","coordinates":[[[-58.176103641724481,-15.612948916988733],[-58.176249567227472,-15.612304487879111],[-58.176291100507633,-15.612115045577918]]]}},
{"type":"Feature","properties":{"COD_LOG":0.0,"TIPO":"RUA","NOME":"FERMINO JOSE TRINDADE","NOME_COMPL":"RUA FERMINO JOSE TRINDADE","NOME_MAPA":"R. FERMINO JOSE TRINDADE","COBERTURA":"TERRA","HIERARQUIA":null},"geometry":{"type":"MultiLineString","coordinates":[[[-58.181211375497291,-15.619774021521049],[-58.181170935891195,-15.619160534715737],[-58.181068188706362,-15.617384842106606]]]}},
{"type":"Feature","properties":{"COD_LOG":0.0,"TIPO":"RUA","NOME":"LOURENCO PERUCHI","NOME_COMPL":"RUA LOURENCO PERUCHI","NOME_MAPA":"R. LOURENCO PERUCHI","COBERTURA":"ASFALTO","HIERARQUIA":null},"geometry":{"type":"MultiLineString","coordinates":[[[-58.187273263701798,-15.635975962607544],[-58.187262153751291,-15.635278626070358],[-58.187255879876552,-15.633869059691023],[-58.187227907060475,-15.632441177227175],[-58.187205050955193,-15.631225225333042],[-58.187202861975592,-15.631096903475649]]]}},
{"type":"Feature","properties":{"COD_LOG":0.0,"TIPO":"RUA","NOME":"PLANO CRUZADO","NOME_COMPL":"RUA PLANO CRUZADO","NOME_MAPA":"R. PLANO CRUZADO","COBERTURA":"ASFALTO","HIERARQUIA":null},"geometry":{"type":"MultiLineString","coordinates":[[[-58.188685726800635,-15.636079125046992],[-58.188648128919169,-15.634215557076651]]]}},
{"type":"Feature","properties":{"COD_LOG":0.0,"TIPO":"ALAMEDA","NOME":"PALMEIRA D OESTE","NOME_COMPL":"ALAMEDA PALMEIRA D OESTE","NOME_MAPA":"AL. PALMEIRA D OESTE","COBERTURA":"ASFALTO","HIERARQUIA":null},"geometry":{"type":"MultiLineString","coordinates":[[[-58.189269958803145,-15.636829154158903],[-58.18925230778018,-15.635051711962889]]]}},
{"type":"Feature","properties":{"COD_LOG":0.0,"TIPO":"ALAMEDA","NOME":"SANTA FE DO SUL","NOME_COMPL":"ALAMEDA SANTA FE DO SUL","NOME_MAPA":"AL. SANTA FE DO SUL","COBERTURA":"ASFALTO","HIERARQUIA":null},"geometry":{"type":"MultiLineString","coordinates":[[[-58.189837602997351,-15.636825305456737],[-58.189802611902486,-15.635045777457744]]]}},
{"type":"Feature","properties":{"COD_LOG":0.0,"TIPO":"RUA","NOME":"TAIANE RIBEIRO DE LIMA","NOME_COMPL":"RUA TAIANE RIBEIRO DE LIMA","NOME_MAPA":"R. TAIANE RIBEIRO DE LIMA","COBERTURA":"ASFALTO","HIERARQUIA":null},"geometry":{"type":"MultiLineString","coordinates":[[[-58.172576788659121,-15.615492429833967],[-58.172787632509809,-15.614585524483694],[-58.173036207553011,-15.61351228147219],[-58.173313553286931,-15.612291083481141],[-58.173491896712868,-15.61152068709521]]]}},
{"type":"Feature","properties":{"COD_LOG":0.0,"TIPO":"RUA","NOME":"VEREADOR ASSIS ELIAS MOURA","NOME_COMPL":"RUA VEREADOR ASSIS ELIAS MOURA","NOME_MAPA":"R. VEREADOR ASSIS ELIAS MOURA","COBERTURA":"ASFALTO","HIERARQUIA":null},"geometry":{"type":"MultiLineString","coordinates":[[[-58.171422615393524,-15.615247597003439],[-58.171712405069336,-15.614026651365744],[-58.171926322411075,-15.613107135094895]]]}},
{"type":"Feature","properties":{"COD_LOG":0.0,"TIPO":"RUA","NOME":"JOAQUIM DE SOUZA FILHO","NOME_COMPL":"RUA JOAQUIM DE SOUZA FILHO","NOME_MAPA":"R. JOAQUIM DE SOUZA FILHO","COBERTURA":"ASFALTO","HIERARQUIA":null},"geometry":{"type":"MultiLineString","coordinates":[[[-58.17249417324728,-15.613238990475971],[-58.172112669790081,-15.614892666368302],[-58.172002892221514,-15.615369459347718]]]}},
{"type":"Feature","properties":{"COD_LOG":0.0,"TIPO":"RUA","NOME":"MARIA VITOR DOS SANTOS (MARIA CAPIXABA)","NOME_COMPL":"RUA MARIA VITOR DOS SANTOS (MARIA CAPIXABA)","NOME_MAPA":"R. MARIA VITOR DOS SANTOS (MARIA CAPIXABA)","COBERTURA":"ASFALTO","HIERARQUIA":null},"geometry":{"type":"MultiLineString","coordinates":[[[-58.176138358001943,-15.613327767413558],[-58.176026583031501,-15.613303421657056],[-58.17495900186907,-15.613070540313259],[-58.174069508887392,-15.612879970999524],[-58.173221897857452,-15.612694657383443]]]}},
{"type":"Feature","properties":{"COD_LOG":0.0,"TIPO":"RUA","NOME":"JOAO CARLETO","NOME_COMPL":"RUA JOAO CARLETO","NOME_MAPA":"R. JOAO CARLETO","COBERTURA":"ASFALTO","HIERARQUIA":null},"geometry":{"type":"MultiLineString","coordinates":[[[-58.174088219733967,-15.615159105079259],[-58.174147844001425,-15.614894359246264],[-58.174384689549711,-15.613842702673365],[-58.1746000675845,-15.61292174223499],[-58.174852693587525,-15.611811317244239]]]}},
{"type":"Feature","properties":{"COD_LOG":0.0,"TIPO":"RUA","NOME":"ANTONIO GABRIEL","NOME_COMPL":"RUA ANTONIO GABRIEL","NOME_MAPA":"R. ANTONIO GABRIEL","COBERTURA":"ASFALTO","HIERARQUIA":null},"geometry":{"type":"MultiLineString","coordinates":[[[-58.175873962662337,-15.613964774235351],[-58.174673265342875,-15.613701643659342],[-58.173360005477292,-15.613416888680881],[-58.173086787765911,-15.613357645149748],[-58.17307205233341,-15.613354449890116]]]}},
{"type":"Feature","properties":{"COD_LOG":0.0,"TIPO":"RUA","NOME":"ALAGOAS","NOME_COMPL":"RUA ALAGOAS","NOME_MAPA":"R. ALAGOAS","COBERTURA":"ASFALTO","HIERARQUIA":null},"geometry":{"type":"MultiLineString","coordinates":[[[-58.182975442576897,-15.636417474063398],[-58.183142542165847,-15.635717117050394],[-58.183354668232084,-15.634835868787947],[-58.183572214940419,-15.633903773545937],[-58.183767337243594,-15.633066778836065],[-58.183931674758561,-15.632383768657769],[-58.184107621798908,-15.631649796799055],[-58.184336529298307,-15.630683555185229],[-58.184565489032309,-15.629726880044698],[-58.184651697690278,-15.629396705080309],[-58.184852288619823,-15.628528341695478],[-58.185022239650827,-15.627825492392498],[-58.185267891565623,-15.626768279123485],[-58.185463119756847,-15.625955280480111],[-58.185671169994222,-15.625011871032827],[-58.185937297945195,-15.623868449549102],[-58.186133473448812,-15.62300641747979],[-58.186174428713741,-15.622832805344826],[-58.18617468459869,-15.622831724698557]]]}},
{"type":"Feature","properties":{"COD_LOG":0.0,"TIPO":"RUA","NOME":"RONDONIA","NOME_COMPL":"RUA RONDONIA","NOME_MAPA":"R. RONDONIA","COBERTURA":"ASFALTO","HIERARQUIA":null},"geometry":{"type":"MultiLineString","coordinates":[[[-58.183108510388742,-15.632025815276211],[-58.183374550141217,-15.630870267976359],[-58.183719772633857,-15.629420409947903],[-58.184068650929632,-15.627943395615953],[-58.184408081654375,-15.626541048383618],[-58.184735442782767,-15.625100501749779],[-58.185099717522377,-15.62355643807896],[-58.185465829228505,-15.621989404810831],[-58.185552977426845,-15.621631549603213]]]}},
{"type":"Feature","properties":{"COD_LOG":0.0,"TIPO":"RUA","NOME":"NITEROI","NOME_COMPL":"RUA NITEROI","NOME_MAPA":"R. NITEROI","COBERTURA":"ASFALTO","HIERARQUIA":null},"geometry":{"type":"MultiLineString","coordinates":[[[-58.182490267172867,-15.631892115236102],[-58.182722622825167,-15.630902498403277],[-58.183162612819608,-15.629069515706608],[-58.18374678134694,-15.626595103953679],[-58.184336931572851,-15.624071782715733],[-58.184944996759633,-15.621498779784192]]]}},
{"type":"Feature","properties":{"COD_LOG":0.0,"TIPO":"RUA","NOME":"MARIANA","NOME_COMPL":"RUA MARIANA","NOME_MAPA":"R. MARIANA","COBERTURA":"TERRA","HIERARQUIA":null},"geometry":{"type":"MultiLineString","coordinates":[[[-58.185245260891264,-15.638678235864631],[-58.183454198609063,-15.638266203695174],[-58.18259553830972,-15.638076376369645],[-58.181098482240721,-15.637761165121756],[-58.180215038719616,-15.637532430068589],[-58.178937982821026,-15.637265871905466],[-58.178550457029139,-15.637193280117451]]]}},
{"type":"Feature","properties":{"COD_LOG":0.0,"TIPO":"RUA","NOME":"TAIANE RIBEIRO DE LIMA","NOME_COMPL":"RUA TAIANE RIBEIRO DE LIMA","NOME_MAPA":"R. TAIANE RIBEIRO DE LIMA","COBERTURA":"TERRA","HIERARQUIA":null},"geometry":{"type":"MultiLineString","coordinates":[[[-58.173491896712868,-15.61152068709521],[-58.173542282808313,-15.611303031107823]]]}},
{"type":"Feature","properties":{"COD_LOG":0.0,"TIPO":"RUA","NOME":"MARIA VITOR DOS SANTOS (MARIA CAPIXABA)","NOME_COMPL":"RUA MARIA VITOR DOS SANTOS (MARIA CAPIXABA)","NOME_MAPA":"R. MARIA VITOR DOS SANTOS (MARIA CAPIXABA)","COBERTURA":"TERRA","HIERARQUIA":null},"geometry":{"type":"MultiLineString","coordinates":[[[-58.176369167916569,-15.613378038767337],[-58.176138358001943,-15.613327767413558]]]}},
{"type":"Feature","properties":{"COD_LOG":0.0,"TIPO":"RUA","NOME":"CAMPINAS","NOME_COMPL":"RUA CAMPINAS","NOME_MAPA":"R. CAMPINAS","COBERTURA":"ASFALTO","HIERARQUIA":null},"geometry":{"type":"MultiLineString","coordinates":[[[-58.180281346582831,-15.634922673505242],[-58.180475743091513,-15.634097505174836],[-58.180663641916397,-15.633260559430571],[-58.180882135901264,-15.632424230763888],[-58.18114740494606,-15.631294845868545],[-58.181351990517449,-15.630419495951895]]]}},
{"type":"Feature","properties":{"COD_LOG":0.0,"TIPO":"RUA","NOME":"MARIA JOSE MATTOS","NOME_COMPL":"RUA MARIA JOSE MATTOS","NOME_MAPA":"R. MARIA JOSE MATTOS","COBERTURA":"TERRA","HIERARQUIA":null},"geometry":{"type":"MultiLineString","coordinates":[[[-58.179468265033115,-15.638272776700413],[-58.178926655360947,-15.638167588739448],[-58.178546598978272,-15.638072041063207]]]}},
{"type":"Feature","properties":{"COD_LOG":0.0,"TIPO":"RUA","NOME":"CEARA","NOME_COMPL":"RUA CEARA","NOME_MAPA":"R. CEARA","COBERTURA":"ASFALTO","HIERARQUIA":null},"geometry":{"type":"MultiLineString","coordinates":[[[-58.180969217571729,-15.630334684723321],[-58.181300215663498,-15.628965166553364],[-58.181645049960331,-15.627537643023167],[-58.18198439276167,-15.626062962913872],[-58.182300247420542,-15.624738390554789],[-58.182632926695348,-15.623315986859209],[-58.182923057212633,-15.622055589679933],[-58.183247421241845,-15.620700637117979],[-58.183352184998597,-15.620248363108734]]]}},
{"type":"Feature","properties":{"COD_LOG":0.0,"TIPO":"RUA","NOME":"VEREADOR JUAREZ RAMOS","NOME_COMPL":"RUA VEREADOR JUAREZ RAMOS","NOME_MAPA":"R. VEREADOR JUAREZ RAMOS","COBERTURA":"ASFALTO","HIERARQUIA":null},"geometry":{"type":"MultiLineString","coordinates":[[[-58.172693108322193,-15.61135142849106],[-58.173490416587249,-15.611520372306668],[-58.174380773459959,-15.611709960842729],[-58.175841020742851,-15.612023579915791],[-58.176645958507059,-15.612187159716676]]]}},
{"type":"Feature","properties":{"COD_LOG":0.0,"TIPO":"RUA","NOME":"DIVISORIA","NOME_COMPL":"RUA DIVISORIA","NOME_MAPA":"R. DIVISORIA","COBERTURA":"ASFALTO","HIERARQUIA":null},"geometry":{"type":"MultiLineString","coordinates":[[[-58.186677190990039,-15.626096042467942],[-58.186624579418165,-15.624615887016688],[-58.186555358931926,-15.622930738450576],[-58.186497272201635,-15.621264756350444],[-58.186458805759656,-15.619560213938056],[-58.186386944980612,-15.617798173409032],[-58.186342801803463,-15.616497998197042]]]}},
{"type":"Feature","properties":{"COD_LOG":0.0,"TIPO":"RUA","NOME":"RIO CLARO II","NOME_COMPL":"RUA RIO CLARO II","NOME_MAPA":"R. RIO CLARO II","COBERTURA":"ASFALTO","HIERARQUIA":null},"geometry":{"type":"MultiLineString","coordinates":[[[-58.186632353908252,-15.624834606396085],[-58.185927119663262,-15.627801798450889]]]}},
{"type":"Feature","properties":{"COD_LOG":0.0,"TIPO":"RUA","NOME":"RIO GRANDE DO SUL","NOME_COMPL":"RUA RIO GRANDE DO SUL","NOME_MAPA":"R. RIO GRANDE DO SUL","COBERTURA":"ASFALTO","HIERARQUIA":null},"geometry":{"type":"MultiLineString","coordinates":[[[-58.186673685674279,-15.626958359137081],[-58.184948931989673,-15.62658980788277],[-58.182485273126986,-15.626048246471589],[-58.180214050876124,-15.625541992339393],[-58.177889010026192,-15.625020660753894],[-58.175660115588919,-15.624527984130207],[-58.173245869497428,-15.623988443699156],[-58.170594393903848,-15.623392741913854],[-58.168051679426867,-15.622825127550657],[-58.167412461141168,-15.622679454942862]]]}},
{"type":"Feature","properties":{"COD_LOG":0.0,"TIPO":"RUA","NOME":"PARA","NOME_COMPL":"RUA PARA","NOME_MAPA":"R. PARA","COBERTURA":"TERRA","HIERARQUIA":null},"geometry":{"type":"MultiLineString","coordinates":[[[-58.173606500570237,-15.624069039991696],[-58.173814623369303,-15.623231961137751],[-58.174030720968069,-15.622845336994891]]]}},
{"type":"Feature","properties":{"COD_LOG":0.0,"TIPO":"RUA","NOME":"DOS ESTADOS","NOME_COMPL":"RUA DOS ESTADOS","NOME_MAPA":"R. DOS ESTADOS","COBERTURA":"ASFALTO","HIERARQUIA":null},"geometry":{"type":"MultiLineString","coordinates":[[[-58.174298144778916,-15.630798897175341],[-58.174739445042576,-15.628942227246897],[-58.175160519751557,-15.627203667489749],[-58.175342296857103,-15.626376878672119],[-58.175539349522793,-15.625551387285366],[-58.175781580940807,-15.624554834009354]]]}},
{"type":"Feature","properties":{"COD_LOG":0.0,"TIPO":"RUA","NOME":"BRASILIA II","NOME_COMPL":"RUA BRASILIA II","NOME_MAPA":"R. BRASILIA II","COBERTURA":"ASFALTO","HIERARQUIA":null},"geometry":{"type":"MultiLineString","coordinates":[[[-58.172839199452582,-15.630639298474776],[-58.171110739907519,-15.630244825869296]]]}},
{"type":"Feature","properties":{"COD_LOG":0.0,"TIPO":"AVENIDA","NOME":"DR GUILHERME PINTO CARDOSO","NOME_COMPL":"AVENIDA DR GUILHERME PINTO CARDOSO","NOME_MAPA":"AV. DR GUILHERME PINTO CARDOSO","COBERTURA":"TERRA","HIERARQUIA":null},"geometry":{"type":"MultiLineString","coordinates":[[[-58.179351235796268,-15.621105950563409],[-58.179187469276123,-15.621772002516476]]]}},
{"type":"Feature","properties":{"COD_LOG":0.0,"TIPO":"RUA","NOME":"ACRE","NOME_COMPL":"RUA ACRE","NOME_MAPA":"R. ACRE","COBERTURA":"ASFALTO","HIERARQUIA":null},"geometry":{"type":"MultiLineString","coordinates":[[[-58.177137429979439,-15.630347588146304],[-58.174546182697348,-15.629755337746294]]]}},
{"type":"Feature","properties":{"COD_LOG":0.0,"TIPO":"RUA","NOME":"DUQUE DE CAXIAS","NOME_COMPL":"RUA DUQUE DE CAXIAS","NOME_MAPA":"R. DUQUE DE CAXIAS","COBERTURA":"ASFALTO","HIERARQUIA":null},"geometry":{"type":"MultiLineString","coordinates":[[[-58.170321482405789,-15.635472805609496],[-58.170561576722626,-15.633857195922999],[-58.170820772392112,-15.63212907930326],[-58.171070664225553,-15.63050145898395],[-58.171365948119977,-15.628610519569621],[-58.171674852289371,-15.626511438841522],[-58.171936732217247,-15.624804310790759]]]}},
{"type":"Feature","properties":{"COD_LOG":0.0,"TIPO":"RUA","NOME":"MARAJO","NOME_COMPL":"RUA MARAJO","NOME_MAPA":"R. MARAJO","COBERTURA":"TERRA","HIERARQUIA":null},"geometry":{"type":"MultiLineString","coordinates":[[[-58.174298144778916,-15.630798897175341],[-58.174389266246187,-15.630790052840464],[-58.174858750080723,-15.630900336382686]]]}},
{"type":"Feature","properties":{"COD_LOG":0.0,"TIPO":"RUA","NOME":"CAMPO GRANDE III","NOME_COMPL":"RUA CAMPO GRANDE III","NOME_MAPA":"R. CAMPO GRANDE III","COBERTURA":"ASFALTO","HIERARQUIA":null},"geometry":{"type":"MultiLineString","coordinates":[[[-58.169818848716218,-15.628832536320598],[-58.171297808468424,-15.629046873186125]]]}},
{"type":"Feature","properties":{"COD_LOG":0.0,"TIPO":"RUA","NOME":"BRASILIA III","NOME_COMPL":"RUA BRASILIA III","NOME_MAPA":"R. BRASILIA III","COBERTURA":"ASFALTO","HIERARQUIA":null},"geometry":{"type":"MultiLineString","coordinates":[[[-58.171165497644722,-15.6298941674587],[-58.169665458224109,-15.629687868845258]]]}},
{"type":"Feature","properties":{"COD_LOG":0.0,"TIPO":"RUA","NOME":"CACERES III","NOME_COMPL":"RUA CACERES III","NOME_MAPA":"R. CACERES III","COBERTURA":"ASFALTO","HIERARQUIA":null},"geometry":{"type":"MultiLineString","coordinates":[[[-58.171031742318831,-15.630754971966095],[-58.169542414486379,-15.630528968361244]]]}},
{"type":"Feature","properties":{"COD_LOG":0.0,"TIPO":"RUA","NOME":"RUI BARBOSA III","NOME_COMPL":"RUA RUI BARBOSA III","NOME_MAPA":"R. RUI BARBOSA III","COBERTURA":"ASFALTO","HIERARQUIA":null},"geometry":{"type":"MultiLineString","coordinates":[[[-58.170901966663344,-15.631600235939127],[-58.16908554330216,-15.631345240245352]]]}},
{"type":"Feature","properties":{"COD_LOG":0.0,"TIPO":"RUA","NOME":"ROSA BUARQUE","NOME_COMPL":"RUA ROSA BUARQUE","NOME_MAPA":"R. ROSA BUARQUE","COBERTURA":"ASFALTO","HIERARQUIA":null},"geometry":{"type":"MultiLineString","coordinates":[[[-58.170354517899014,-15.635250509925692],[-58.171246656710657,-15.635433994488908]]]}},
{"type":"Feature","properties":{"COD_LOG":0.0,"TIPO":"RUA","NOME":"ANEIR GONCALVES FERREIRA","NOME_COMPL":"RUA ANEIR GONCALVES FERREIRA","NOME_MAPA":"R. ANEIR GONCALVES FERREIRA","COBERTURA":"ASFALTO","HIERARQUIA":null},"geometry":{"type":"MultiLineString","coordinates":[[[-58.171296540787679,-15.635038350197092],[-58.170413927544075,-15.634850738270419]]]}},
{"type":"Feature","properties":{"COD_LOG":0.0,"TIPO":"RUA","NOME":"ARMILDO CARNIEL","NOME_COMPL":"RUA ARMILDO CARNIEL","NOME_MAPA":"R. ARMILDO CARNIEL","COBERTURA":"ASFALTO","HIERARQUIA":null},"geometry":{"type":"MultiLineString","coordinates":[[[-58.171348018800494,-15.634630058021264],[-58.170473072874287,-15.634452745095645]]]}},
{"type":"Feature","properties":{"COD_LOG":0.0,"TIPO":"RUA","NOME":"ZEFERINO JOSE DE MATOS","NOME_COMPL":"RUA ZEFERINO JOSE DE MATOS","NOME_MAPA":"R. ZEFERINO JOSE DE MATOS","COBERTURA":"ASFALTO","HIERARQUIA":null},"geometry":{"type":"MultiLineString","coordinates":[[[-58.170592680791756,-15.633649815975099],[-58.172366303441862,-15.634012823013729]]]}},
{"type":"Feature","properties":{"COD_LOG":0.0,"TIPO":"RUA","NOME":"RUI BARBOSA II","NOME_COMPL":"RUA RUI BARBOSA II","NOME_MAPA":"R. RUI BARBOSA II","COBERTURA":"ASFALTO","HIERARQUIA":null},"geometry":{"type":"MultiLineString","coordinates":[[[-58.173942474774407,-15.632640922293874],[-58.171718998446018,-15.632146784138884],[-58.170844530922814,-15.631974333391812]]]}},
{"type":"Feature","properties":{"COD_LOG":0.0,"TIPO":"RUA","NOME":"MIGUEL BARBOSA","NOME_COMPL":"RUA MIGUEL BARBOSA","NOME_MAPA":"R. MIGUEL BARBOSA","COBERTURA":"ASFALTO","HIERARQUIA":null},"geometry":{"type":"MultiLineString","coordinates":[[[-58.170783314506515,-15.632378816937045],[-58.171657556919357,-15.632545501175004]]]}},
{"type":"Feature","properties":{"COD_LOG":0.0,"TIPO":"RUA","NOME":"SALVADOR GARCIA","NOME_COMPL":"RUA SALVADOR GARCIA","NOME_MAPA":"R. SALVADOR GARCIA","COBERTURA":"ASFALTO","HIERARQUIA":null},"geometry":{"type":"MultiLineString","coordinates":[[[-58.170654640761512,-15.633236715160661],[-58.172435056379506,-15.633628092767301]]]}},
{"type":"Feature","properties":{"COD_LOG":0.0,"TIPO":"RUA","NOME":"CACERES II","NOME_COMPL":"RUA CACERES II","NOME_MAPA":"R. CACERES II","COBERTURA":"ASFALTO","HIERARQUIA":null},"geometry":{"type":"MultiLineString","coordinates":[[[-58.172709203638227,-15.631478483633668],[-58.170979292829173,-15.631096592491371]]]}},
{"type":"Feature","properties":{"COD_LOG":0.0,"TIPO":"RUA","NOME":"SAO FRANCISCO","NOME_COMPL":"RUA SAO FRANCISCO","NOME_MAPA":"R. SAO FRANCISCO","COBERTURA":"ASFALTO","HIERARQUIA":null},"geometry":{"type":"MultiLineString","coordinates":[[[-58.173285740289884,-15.632494974164555],[-58.173535937068088,-15.630912514460677],[-58.173561871518729,-15.630746794133506]]]}},
{"type":"Feature","properties":{"COD_LOG":0.0,"TIPO":"RUA","NOME":"SAO FRANCISCO","NOME_COMPL":"RUA SAO FRANCISCO","NOME_MAPA":"R. SAO FRANCISCO","COBERTURA":"ASFALTO","HIERARQUIA":null},"geometry":{"type":"MultiLineString","coordinates":[[[-58.173533240865133,-15.630741463252049],[-58.173844071641881,-15.62874253469362]]]}},
{"type":"Feature","properties":{"COD_LOG":0.0,"TIPO":"RUA","NOME":"CAMPO GRANDE II","NOME_COMPL":"RUA CAMPO GRANDE II","NOME_MAPA":"R. CAMPO GRANDE II","COBERTURA":"ASFALTO","HIERARQUIA":null},"geometry":{"type":"MultiLineString","coordinates":[[[-58.172969091303017,-15.629767573981605],[-58.171244135592559,-15.629390583811841]]]}},
{"type":"Feature","properties":{"COD_LOG":0.0,"TIPO":"RUA","NOME":"HAVAI","NOME_COMPL":"RUA HAVAI","NOME_MAPA":"R. HAVAI","COBERTURA":"ASFALTO","HIERARQUIA":null},"geometry":{"type":"MultiLineString","coordinates":[[[-58.178404573217023,-15.630397971310119],[-58.179036038609489,-15.630534082672046]]]}},
{"type":"Feature","properties":{"COD_LOG":0.0,"TIPO":"RUA","NOME":"ANEIR GONCALVES FERREIRA","NOME_COMPL":"RUA ANEIR GONCALVES FERREIRA","NOME_MAPA":"R. ANEIR GONCALVES FERREIRA","COBERTURA":"ASFALTO","HIERARQUIA":null},"geometry":{"type":"MultiLineString","coordinates":[[[-58.170392821890879,-15.634992761019179],[-58.168904987753912,-15.634769235553351]]]}},
{"type":"Feature","properties":{"COD_LOG":0.0,"TIPO":"RUA","NOME":"LEON DENNIS III","NOME_COMPL":"RUA LEON DENNIS III","NOME_MAPA":"R. LEON DENNIS III","COBERTURA":"ASFALTO","HIERARQUIA":null},"geometry":{"type":"MultiLineString","coordinates":[[[-58.169287132257764,-15.632226003256104],[-58.170773599982212,-15.632443588688391]]]}},
{"type":"Feature","properties":{"COD_LOG":0.0,"TIPO":"RUA","NOME":"MINAS GERAIS","NOME_COMPL":"RUA MINAS GERAIS","NOME_MAPA":"R. MINAS GERAIS","COBERTURA":"ASFALTO","HIERARQUIA":null},"geometry":{"type":"MultiLineString","coordinates":[[[-58.187911559697753,-15.631221290115326],[-58.18724315634487,-15.63122490796219],[-58.185121769102878,-15.631242556847281],[-58.18504312378689,-15.631243210322447],[-58.184490198633945,-15.631119223514327],[-58.183284697027275,-15.630850217635341],[-58.18177827104828,-15.630513947341507],[-58.180343032231399,-15.63019593827444],[-58.178845523559815,-15.629863903639709],[-58.177407608437662,-15.629540416885115],[-58.175472378101709,-15.629105688053169],[-58.173675370902018,-15.628704908848459],[-58.171724209199269,-15.628276238499042],[-58.171366892869599,-15.628197788538538],[-58.169978113570465,-15.627972734188839],[-58.169973124208781,-15.627971925576484]]]}},
{"type":"Feature","properties":{"COD_LOG":0.0,"TIPO":"RUA","NOME":"SANTO ANTONIO","NOME_COMPL":"RUA SANTO ANTONIO","NOME_MAPA":"R. SANTO ANTONIO","COBERTURA":"ASFALTO","HIERARQUIA":null},"geometry":{"type":"MultiLineString","coordinates":[[[-58.169688239197022,-15.63532868962602],[-58.169880766564148,-15.63417646737099],[-58.170153188317997,-15.63239325518262],[-58.170410999594047,-15.630676495598591],[-58.170681628065878,-15.62895551930594],[-58.170811865793823,-15.628107846643708]]]}},
{"type":"Feature","properties":{"COD_LOG":0.0,"TIPO":"RUA","NOME":"DOM PEDRO","NOME_COMPL":"RUA DOM PEDRO","NOME_MAPA":"R. DOM PEDRO","COBERTURA":"ASFALTO","HIERARQUIA":null},"geometry":{"type":"MultiLineString","coordinates":[[[-58.18657551048279,-15.623421316525842],[-58.185202562673865,-15.623116240066105],[-58.183649874364832,-15.622772667583908],[-58.1818800999365,-15.622367526937875],[-58.180095775499893,-15.621984620818015],[-58.179291395508542,-15.621796197767733],[-58.179187469276123,-15.621772002516476]]]}},
{"type":"Feature","properties":{"COD_LOG":0.0,"TIPO":"RUA","NOME":"DO CAFE","NOME_COMPL":"RUA DO CAFE","NOME_MAPA":"R. DO CAFE","COBERTURA":"ASFALTO","HIERARQUIA":null},"geometry":{"type":"MultiLineString","coordinates":[[[-58.182954564828314,-15.621923974674408],[-58.180958790662004,-15.621474232786959],[-58.179464789650559,-15.621131966026962],[-58.179351235796268,-15.621105950563409]]]}},
{"type":"Feature","properties":{"COD_LOG":0.0,"TIPO":"RUA","NOME":"PIAUI","NOME_COMPL":"RUA PIAUI","NOME_MAPA":"R. PIAUI","COBERTURA":"ASFALTO","HIERARQUIA":null},"geometry":{"type":"MultiLineString","coordinates":[[[-58.17307736080339,-15.62259635932063],[-58.173073501464124,-15.622612164916108],[-58.173059910827646,-15.62265241631993],[-58.172941034701999,-15.623024974153333],[-58.172739852380431,-15.623874760447848],[-58.172510514400948,-15.624821506618472]]]}},
{"type":"Feature","properties":{"COD_LOG":0.0,"TIPO":"RUA","NOME":"PARAIBA","NOME_COMPL":"RUA PARAIBA","NOME_MAPA":"R. PARAIBA","COBERTURA":"TERRA","HIERARQUIA":null},"geometry":{"type":"MultiLineString","coordinates":[[[-58.17456072571764,-15.624287958876049],[-58.174603858580419,-15.624101378191208],[-58.174719758357959,-15.623687879457023],[-58.174895578271482,-15.623332363901481]]]}},
{"type":"Feature","properties":{"COD_LOG":0.0,"TIPO":"RUA","NOME":"JOSE ROSA PAES","NOME_COMPL":"RUA JOSE ROSA PAES","NOME_MAPA":"R. JOSE ROSA PAES","COBERTURA":"ASFALTO","HIERARQUIA":null},"geometry":{"type":"MultiLineString","coordinates":[[[-58.176515832641627,-15.612745259681846],[-58.175274275084298,-15.612476346157022],[-58.17378464570497,-15.612152868784401],[-58.172568671364417,-15.611888953257111]]]}},
{"type":"Feature","properties":{"COD_LOG":0.0,"TIPO":"RUA","NOME":"JALES","NOME_COMPL":"RUA JALES","NOME_MAPA":"R. JALES","COBERTURA":"ASFALTO","HIERARQUIA":null},"geometry":{"type":"MultiLineString","coordinates":[[[-58.171839684201444,-15.621915566302084],[-58.17182148233335,-15.621904542660609],[-58.171791792948021,-15.621891428126824],[-58.171720599188873,-15.621870642181284],[-58.170880609024557,-15.621690253610018],[-58.17007896384618,-15.621504156155607],[-58.16931098603051,-15.621336053094609],[-58.168785327892145,-15.621222219799819]]]}},
{"type":"Feature","properties":{"COD_LOG":0.0,"TIPO":"RUA","NOME":"CUIABA","NOME_COMPL":"RUA CUIABA","NOME_MAPA":"R. CUIABA","COBERTURA":"ASFALTO","HIERARQUIA":null},"geometry":{"type":"MultiLineString","coordinates":[[[-58.170779641853102,-15.624491137221337],[-58.171003954328427,-15.623484759294977],[-58.171195867839558,-15.622643257303261],[-58.171388126728971,-15.621799244083984],[-58.171632042897805,-15.620726148306545],[-58.171888951415205,-15.619553849346545],[-58.172127130287585,-15.618473488305147],[-58.172346669750247,-15.617500847923015],[-58.172576433844696,-15.61650375895095],[-58.172787933509639,-15.61553933792694]]]}},
{"type":"Feature","properties":{"COD_LOG":0.0,"TIPO":"AVENIDA","NOME":"PROJETADA","NOME_COMPL":"AVENIDA PROJETADA","NOME_MAPA":"AV. PROJETADA","COBERTURA":"TERRA","HIERARQUIA":null},"geometry":{"type":"MultiLineString","coordinates":[[[-58.182440562872948,-15.620038714443567],[-58.181554647541475,-15.619849219859416],[-58.181196243339876,-15.619770706048946]]]}},
{"type":"Feature","properties":{"COD_LOG":0.0,"TIPO":"RUA","NOME":"FORTALEZA","NOME_COMPL":"RUA FORTALEZA","NOME_MAPA":"R. FORTALEZA","COBERTURA":"ASFALTO","HIERARQUIA":null},"geometry":{"type":"MultiLineString","coordinates":[[[-58.169910758056218,-15.624316106240155],[-58.17013947003705,-15.623291190684229],[-58.170409071602464,-15.622103554660226],[-58.170516331084023,-15.621605688400724]]]}},
{"type":"Feature","properties":{"COD_LOG":0.0,"TIPO":"RUA","NOME":"MARECHAL DUTRA","NOME_COMPL":"RUA MARECHAL DUTRA","NOME_MAPA":"R. MARECHAL DUTRA","COBERTURA":"ASFALTO","HIERARQUIA":null},"geometry":{"type":"MultiLineString","coordinates":[[[-58.168160664037217,-15.624020850043543],[-58.168530781871858,-15.622386043926289],[-58.16896137919403,-15.620417854906226],[-58.169443603768151,-15.618415907592821],[-58.169493595657649,-15.618208362822621]]]}},
{"type":"Feature","properties":{"COD_LOG":0.0,"TIPO":"RUA","NOME":"VEREADOR PEDRO REMEDIS","NOME_COMPL":"RUA VEREADOR PEDRO REMEDIS","NOME_MAPA":"R. VEREADOR PEDRO REMEDIS","COBERTURA":"TERRA","HIERARQUIA":null},"geometry":{"type":"MultiLineString","coordinates":[[[-58.174035174312863,-15.636484462555124],[-58.174091663611662,-15.635851483238683],[-58.174127359265306,-15.63557570051251],[-58.174195362715842,-15.635145442289863],[-58.174297889959213,-15.634517336206175],[-58.174455447030489,-15.63363358591894],[-58.174590976372301,-15.632841044828337],[-58.174633730543619,-15.632548084323481],[-58.174656735638031,-15.632427424982611],[-58.174729797002847,-15.631822797314157],[-58.174827899730282,-15.631120986510895],[-58.174858750080723,-15.630900336382686]]]}},
{"type":"Feature","properties":{"COD_LOG":0.0,"TIPO":"RUA","NOME":"PRESIDENTE GETULIO VARGAS","NOME_COMPL":"RUA PRESIDENTE GETULIO VARGAS","NOME_MAPA":"R. PRESIDENTE GETULIO VARGAS","COBERTURA":"ASFALTO","HIERARQUIA":null},"geometry":{"type":"MultiLineString","coordinates":[[[-58.171098218170222,-15.615179485579109],[-58.170665393217014,-15.617105234711856],[-58.170358844443228,-15.618376019875075],[-58.170061185546736,-15.619674811100406],[-58.169705469033815,-15.621180546210072],[-58.169463323414128,-15.622250435715637],[-58.16917683893243,-15.62352952269544],[-58.169030985495667,-15.624154886328391]]]}},
{"type":"Feature","properties":{"COD_LOG":0.0,"TIPO":"RUA","NOME":"AFONSO PENA","NOME_COMPL":"RUA AFONSO PENA","NOME_MAPA":"R. AFONSO PENA","COBERTURA":"TERRA","HIERARQUIA":null},"geometry":{"type":"MultiLineString","coordinates":[[[-58.17146756231547,-15.620202101030115],[-58.170596543913675,-15.619994084829742],[-58.170016141589663,-15.619865484314415]]]}},
{"type":"Feature","properties":{"COD_LOG":0.0,"TIPO":"RUA","NOME":"SALUSTIANO","NOME_COMPL":"RUA SALUSTIANO","NOME_MAPA":"R. SALUSTIANO","COBERTURA":"ASFALTO","HIERARQUIA":null},"geometry":{"type":"MultiLineString","coordinates":[[[-58.171630441297459,-15.620733192889674],[-58.172138517926996,-15.620842428257244]]]}},
{"type":"Feature","properties":{"COD_LOG":0.0,"TIPO":"AVENIDA","NOME":"OESTE","NOME_COMPL":"AVENIDA OESTE","NOME_MAPA":"AV. OESTE","COBERTURA":"ASFALTO","HIERARQUIA":null},"geometry":{"type":"MultiLineString","coordinates":[[[-58.172138517926996,-15.620842428257244],[-58.172344978130347,-15.619912907361746],[-58.17258733956924,-15.618840171629122],[-58.172806440442798,-15.617787638480689],[-58.173054380775071,-15.616644176845456],[-58.173284619058066,-15.61564968083162]]]}},
{"type":"Feature","properties":{"COD_LOG":0.0,"TIPO":"RUA","NOME":"CAMPOS SALES","NOME_COMPL":"RUA CAMPOS SALES","NOME_MAPA":"R. CAMPOS SALES","COBERTURA":"ASFALTO","HIERARQUIA":null},"geometry":{"type":"MultiLineString","coordinates":[[[-58.172447519199189,-15.619459040843353],[-58.171703590720981,-15.619302711895205]]]}},
{"type":"Feature","properties":{"COD_LOG":0.0,"TIPO":"RUA","NOME":"ZENILDA APARECIDA LIMA","NOME_COMPL":"RUA ZENILDA APARECIDA LIMA","NOME_MAPA":"R. ZENILDA APARECIDA LIMA","COBERTURA":"ASFALTO","HIERARQUIA":null},"geometry":{"type":"MultiLineString","coordinates":[[[-58.173777352784825,-15.615759145213568],[-58.173143436195126,-15.618524386823132]]]}},
{"type":"Feature","properties":{"COD_LOG":0.0,"TIPO":"RUA","NOME":"JOAO BATISTA DIAS","NOME_COMPL":"RUA JOAO BATISTA DIAS","NOME_MAPA":"R. JOAO BATISTA DIAS","COBERTURA":"ASFALTO","HIERARQUIA":null},"geometry":{"type":"MultiLineString","coordinates":[[[-58.182570024873733,-15.61947692949156],[-58.181299125566127,-15.61918952485397]]]}},
{"type":"Feature","properties":{"COD_LOG":0.0,"TIPO":"RUA","NOME":"DAS ORQUIDEAS","NOME_COMPL":"RUA DAS ORQUIDEAS","NOME_MAPA":"R. DAS ORQUIDEAS","COBERTURA":"ASFALTO","HIERARQUIA":null},"geometry":{"type":"MultiLineString","coordinates":[[[-58.172295444352379,-15.615430896791345],[-58.172049120549289,-15.616532287580256],[-58.171774909784993,-15.617811487819493]]]}},
{"type":"Feature","properties":{"COD_LOG":0.0,"TIPO":"AVENIDA","NOME":"DR GUILHERME PINTO CARDOSO","NOME_COMPL":"AVENIDA DR GUILHERME PINTO CARDOSO","NOME_MAPA":"AV. DR GUILHERME PINTO CARDOSO","COBERTURA":"TERRA","HIERARQUIA":null},"geometry":{"type":"MultiLineString","coordinates":[[[-58.176296838676336,-15.634041337254779],[-58.176728208772495,-15.63221730818471]]]}},
{"type":"Feature","properties":{"COD_LOG":0.0,"TIPO":"AVENIDA","NOME":"DR GUILHERME PINTO CARDOSO","NOME_COMPL":"AVENIDA DR GUILHERME PINTO CARDOSO","NOME_MAPA":"AV. DR GUILHERME PINTO CARDOSO","COBERTURA":"TERRA","HIERARQUIA":null},"geometry":{"type":"MultiLineString","coordinates":[[[-58.176728208772495,-15.63221730818471],[-58.176815725798072,-15.632033308444116]]]}},
{"type":"Feature","properties":{"COD_LOG":0.0,"TIPO":"AVENIDA","NOME":"DR GUILHERME PINTO CARDOSO","NOME_COMPL":"AVENIDA DR GUILHERME PINTO CARDOSO","NOME_MAPA":"AV. DR GUILHERME PINTO CARDOSO","COBERTURA":"TERRA","HIERARQUIA":null},"geometry":{"type":"MultiLineString","coordinates":[[[-58.176728208772495,-15.63221730818471],[-58.176738963067528,-15.632007634301685]]]}},
{"type":"Feature","properties":{"COD_LOG":0.0,"TIPO":"RUA","NOME":"SALUSTIANO","NOME_COMPL":"RUA SALUSTIANO","NOME_MAPA":"R. SALUSTIANO","COBERTURA":"ASFALTO","HIERARQUIA":null},"geometry":{"type":"MultiLineString","coordinates":[[[-58.169883604292849,-15.620426508478534],[-58.169003228140824,-15.620239760509451]]]}},
{"type":"Feature","properties":{"COD_LOG":0.0,"TIPO":"RUA","NOME":"JOAO BATISTA DIAS","NOME_COMPL":"RUA JOAO BATISTA DIAS","NOME_MAPA":"R. JOAO BATISTA DIAS","COBERTURA":"TERRA","HIERARQUIA":null},"geometry":{"type":"MultiLineString","coordinates":[[[-58.181299125566127,-15.61918952485397],[-58.181170935891195,-15.619160534715737]]]}},
{"type":"Feature","properties":{"COD_LOG":0.0,"TIPO":"RUA","NOME":"JOSE XAVIER BORGES","NOME_COMPL":"RUA JOSE XAVIER BORGES","NOME_MAPA":"R. JOSE XAVIER BORGES","COBERTURA":"ASFALTO","HIERARQUIA":null},"geometry":{"type":"MultiLineString","coordinates":[[[-58.18270084429313,-15.618907331027177],[-58.181835329414398,-15.618717765336989],[-58.181187241628955,-15.618571196908837],[-58.181136166151887,-15.618559645847114]]]}},
{"type":"Feature","properties":{"COD_LOG":0.0,"TIPO":"RUA","NOME":"ANESIO CALDEIRA","NOME_COMPL":"RUA ANESIO CALDEIRA","NOME_MAPA":"R. ANESIO CALDEIRA","COBERTURA":"ASFALTO","HIERARQUIA":null},"geometry":{"type":"MultiLineString","coordinates":[[[-58.182827835253356,-15.618352219256195],[-58.181303112759295,-15.618004185070278],[-58.181101360522099,-15.617958132521499]]]}},
{"type":"Feature","properties":{"COD_LOG":0.0,"TIPO":"RUA","NOME":"BONFIM","NOME_COMPL":"RUA BONFIM","NOME_MAPA":"R. BONFIM","COBERTURA":"TERRA","HIERARQUIA":null},"geometry":{"type":"MultiLineString","coordinates":[[[-58.184905704858892,-15.635961255412061],[-58.185109424501192,-15.635121197107674]]]}},
{"type":"Feature","properties":{"COD_LOG":0.0,"TIPO":"TRAVESSA","NOME":"DA LUZ","NOME_COMPL":"TRAVESSA DA LUZ","NOME_MAPA":"TRAV. DA LUZ","COBERTURA":"ASFALTO","HIERARQUIA":null},"geometry":{"type":"MultiLineString","coordinates":[[[-58.188457112069727,-15.63287414855564],[-58.188979763798123,-15.632875716832801]]]}},
{"type":"Feature","properties":{"COD_LOG":0.0,"TIPO":"RUA","NOME":"DA SAUDADE","NOME_COMPL":"RUA DA SAUDADE","NOME_MAPA":"R. DA SAUDADE","COBERTURA":"TERRA","HIERARQUIA":null},"geometry":{"type":"MultiLineString","coordinates":[[[-58.190412131410135,-15.636701578393495],[-58.190413774498751,-15.63682139635076]]]}},
{"type":"Feature","properties":{"COD_LOG":0.0,"TIPO":"RUA","NOME":"RUI BARBOSA","NOME_COMPL":"RUA RUI BARBOSA","NOME_MAPA":"R. RUI BARBOSA","COBERTURA":"TERRA","HIERARQUIA":null},"geometry":{"type":"MultiLineString","coordinates":[[[-58.183374692567561,-15.63475010214508],[-58.183112767050105,-15.63469160952379],[-58.182339654163926,-15.634507042295169],[-58.181605801756987,-15.634340744757102],[-58.180475743091513,-15.634097505174836]]]}},
{"type":"Feature","properties":{"COD_LOG":0.0,"TIPO":"RUA","NOME":"RUI BARBOSA","NOME_COMPL":"RUA RUI BARBOSA","NOME_MAPA":"R. RUI BARBOSA","COBERTURA":"ASFALTO","HIERARQUIA":null},"geometry":{"type":"MultiLineString","coordinates":[[[-58.180475743091513,-15.634097505174836],[-58.180282946631557,-15.634056005623032],[-58.179168894617248,-15.633803454032693]]]}},
{"type":"Feature","properties":{"COD_LOG":0.0,"TIPO":"RUA","NOME":"CACERES","NOME_COMPL":"RUA CACERES","NOME_MAPA":"R. CACERES","COBERTURA":"TERRA","HIERARQUIA":null},"geometry":{"type":"MultiLineString","coordinates":[[[-58.180944967708761,-15.633321722090651],[-58.181127370921679,-15.633361377043688],[-58.182718128879628,-15.633702576775336],[-58.183572214940419,-15.633903773545937]]]}},
{"type":"Feature","properties":{"COD_LOG":0.0,"TIPO":"RUA","NOME":"BRASILIA","NOME_COMPL":"RUA BRASILIA","NOME_MAPA":"R. BRASILIA","COBERTURA":"TERRA","HIERARQUIA":null},"geometry":{"type":"MultiLineString","coordinates":[[[-58.183767337243594,-15.633066778836065],[-58.182321683170954,-15.632729935124887],[-58.181378341766894,-15.632531984187755]]]}},
{"type":"Feature","properties":{"COD_LOG":0.0,"TIPO":"AVENIDA","NOME":"SERGIPE","NOME_COMPL":"AVENIDA SERGIPE","NOME_MAPA":"AV. SERGIPE","COBERTURA":"TERRA","HIERARQUIA":null},"geometry":{"type":"MultiLineString","coordinates":[[[-58.188074574328404,-15.629437562119072],[-58.186475813555177,-15.629437731253621]]]}},
{"type":"Feature","properties":{"COD_LOG":0.0,"TIPO":"AVENIDA","NOME":"SERGIPE","NOME_COMPL":"AVENIDA SERGIPE","NOME_MAPA":"AV. SERGIPE","COBERTURA":"TERRA","HIERARQUIA":null},"geometry":{"type":"MultiLineString","coordinates":[[[-58.186477948431055,-15.629520141402582],[-58.188071132014528,-15.629520815922893]]]}},
{"type":"Feature","properties":{"COD_LOG":0.0,"TIPO":"RUA","NOME":"PRESIDENTE TANCREDO DE ALMEIDA NEVES","NOME_COMPL":"RUA PRESIDENTE TANCREDO DE ALMEIDA NEVES","NOME_MAPA":"R. PRESIDENTE TANCREDO DE ALMEIDA NEVES","COBERTURA":"TERRA","HIERARQUIA":null},"geometry":{"type":"MultiLineString","coordinates":[[[-58.187878028770086,-15.628180401476678],[-58.187881914326212,-15.630091268718997],[-58.18790127748742,-15.630973422809411]]]}},
{"type":"Feature","properties":{"COD_LOG":0.0,"TIPO":"TRAVESSA","NOME":"D AGUA","NOME_COMPL":"TRAVESSA D AGUA","NOME_MAPA":"TRAV. D AGUA","COBERTURA":"ASFALTO","HIERARQUIA":null},"geometry":{"type":"MultiLineString","coordinates":[[[-58.188483147169862,-15.633777600010358],[-58.189001336049941,-15.633774511850911]]]}},
{"type":"Feature","properties":{"COD_LOG":0.0,"TIPO":"RUA","NOME":"LOURENCO PERUCHI","NOME_COMPL":"RUA LOURENCO PERUCHI","NOME_MAPA":"R. LOURENCO PERUCHI","COBERTURA":"TERRA","HIERARQUIA":null},"geometry":{"type":"MultiLineString","coordinates":[[[-58.187202861975592,-15.631096903475649],[-58.187190238551935,-15.630357090359388],[-58.187182961687803,-15.629437657703937],[-58.187147901895386,-15.628493356989059],[-58.187153945460381,-15.628385703545183],[-58.187162170300233,-15.628313910678285],[-58.187218232514027,-15.628046534156937]]]}},
{"type":"Feature","properties":{"COD_LOG":0.0,"TIPO":"RUA","NOME":"DA SAUDADE","NOME_COMPL":"RUA DA SAUDADE","NOME_MAPA":"R. DA SAUDADE","COBERTURA":"TERRA","HIERARQUIA":null},"geometry":{"type":"MultiLineString","coordinates":[[[-58.190389354714867,-15.635040601069091],[-58.19040154619023,-15.635929702198416]]]}},
{"type":"Feature","properties":{"COD_LOG":0.0,"TIPO":"RUA","NOME":"PROJETADA","NOME_COMPL":"RUA PROJETADA","NOME_MAPA":"R. PROJETADA","COBERTURA":"TERRA","HIERARQUIA":null},"geometry":{"type":"MultiLineString","coordinates":[[[-58.191357713988168,-15.628905263832262],[-58.191360129974491,-15.627387197383925],[-58.19136236921269,-15.626920826798418],[-58.191322821862101,-15.626201165950715],[-58.1913207977478,-15.626073843062656]]]}},
{"type":"Feature","properties":{"COD_LOG":0.0,"TIPO":"RUA","NOME":"FELINTRO MULLER","NOME_COMPL":"RUA FELINTRO MULLER","NOME_MAPA":"R. FELINTRO MULLER","COBERTURA":"TERRA","HIERARQUIA":null},"geometry":{"type":"MultiLineString","coordinates":[[[-58.190397452027362,-15.626711663036092],[-58.190436274049837,-15.628714136345572]]]}},
{"type":"Feature","properties":{"COD_LOG":0.0,"TIPO":"RUA","NOME":"07 DE SETEMBRO","NOME_COMPL":"RUA 07 DE SETEMBRO","NOME_MAPA":"R. 07 DE SETEMBRO","COBERTURA":"ASFALTO","HIERARQUIA":null},"geometry":{"type":"MultiLineString","coordinates":[[[-58.191313567622636,-15.625619046788993],[-58.190364204632644,-15.625629327494019],[-58.189459082724476,-15.625640667765852]]]}},
{"type":"Feature","properties":{"COD_LOG":0.0,"TIPO":"RUA","NOME":"15 DE JUNHO","NOME_COMPL":"RUA 15 DE JUNHO","NOME_MAPA":"R. 15 DE JUNHO","COBERTURA":"ASFALTO","HIERARQUIA":null},"geometry":{"type":"MultiLineString","coordinates":[[[-58.190389990216836,-15.626490477443966],[-58.189471988519053,-15.626507455923518]]]}},
{"type":"Feature","properties":{"COD_LOG":0.0,"TIPO":"RUA","NOME":"SANTA CECILIA","NOME_COMPL":"RUA SANTA CECILIA","NOME_MAPA":"R. SANTA CECILIA","COBERTURA":"ASFALTO","HIERARQUIA":null},"geometry":{"type":"MultiLineString","coordinates":[[[-58.187556212533977,-15.624522653432845],[-58.187494923644628,-15.624508543332063],[-58.186611818987821,-15.624305231233558],[-58.185487407589761,-15.624061644629835],[-58.184397869168919,-15.623813931023282],[-58.183458976698219,-15.623604882309582],[-58.182612066170464,-15.623405175645043],[-58.180807403218971,-15.623025037645196],[-58.17919961403998,-15.6226634046167]]]}},
{"type":"Feature","properties":{"COD_LOG":0.0,"TIPO":"RUA","NOME":"07 DE SETEMBRO","NOME_COMPL":"RUA 07 DE SETEMBRO","NOME_MAPA":"R. 07 DE SETEMBRO","COBERTURA":"TERRA","HIERARQUIA":null},"geometry":{"type":"MultiLineString","coordinates":[[[-58.189459082724476,-15.625640667765852],[-58.188689522167273,-15.625650306586952],[-58.188633910829495,-15.625643351222717]]]}},
{"type":"Feature","properties":{"COD_LOG":0.0,"TIPO":"AVENIDA","NOME":"PROJETADA","NOME_COMPL":"AVENIDA PROJETADA","NOME_MAPA":"AV. PROJETADA","COBERTURA":"ASFALTO","HIERARQUIA":null},"geometry":{"type":"MultiLineString","coordinates":[[[-58.186517404234415,-15.62184215568306],[-58.184437517395253,-15.621387956112633],[-58.183155728965808,-15.621083739678845]]]}},
{"type":"Feature","properties":{"COD_LOG":0.0,"TIPO":"RUA","NOME":"AURELIO OLEGARIO DE CAMPOS","NOME_COMPL":"RUA AURELIO OLEGARIO DE CAMPOS","NOME_MAPA":"R. AURELIO OLEGARIO DE CAMPOS","COBERTURA":"TERRA","HIERARQUIA":null},"geometry":{"type":"MultiLineString","coordinates":[[[-58.188678429267796,-15.628348028008284],[-58.188638572804187,-15.626522866085553],[-58.188632993503212,-15.62446852200347],[-58.188607230349326,-15.623505176482009]]]}},
{"type":"Feature","properties":{"COD_LOG":0.0,"TIPO":"RUA","NOME":"DOM PEDRO","NOME_COMPL":"RUA DOM PEDRO","NOME_MAPA":"R. DOM PEDRO","COBERTURA":"TERRA","HIERARQUIA":null},"geometry":{"type":"MultiLineString","coordinates":[[[-58.189439018769761,-15.623898326557143],[-58.18861875446332,-15.623936097818563],[-58.187534881087743,-15.62395320544694]]]}},
{"type":"Feature","properties":{"COD_LOG":0.0,"TIPO":"RUA","NOME":"SANTA CECILIA","NOME_COMPL":"RUA SANTA CECILIA","NOME_MAPA":"R. SANTA CECILIA","COBERTURA":"TERRA","HIERARQUIA":null},"geometry":{"type":"MultiLineString","coordinates":[[[-58.189453475339192,-15.624778103702171],[-58.188633997333902,-15.624785421134698]]]}},
{"type":"Feature","properties":{"COD_LOG":0.0,"TIPO":"RUA","NOME":"CERES","NOME_COMPL":"RUA CERES","NOME_MAPA":"R. CERES","COBERTURA":"ASFALTO","HIERARQUIA":null},"geometry":{"type":"MultiLineString","coordinates":[[[-58.187679321819999,-15.622195146026581],[-58.187477810909961,-15.622201608084575]]]}},
{"type":"Feature","properties":{"COD_LOG":0.0,"TIPO":"RUA","NOME":"CERES","NOME_COMPL":"RUA CERES","NOME_MAPA":"R. CERES","COBERTURA":"TERRA","HIERARQUIA":null},"geometry":{"type":"MultiLineString","coordinates":[[[-58.189410347748094,-15.622139625820587],[-58.187679321819999,-15.622195146026581]]]}},
{"type":"Feature","properties":{"COD_LOG":0.0,"TIPO":"RUA","NOME":"CACERES","NOME_COMPL":"RUA CACERES","NOME_MAPA":"R. CACERES","COBERTURA":"ASFALTO","HIERARQUIA":null},"geometry":{"type":"MultiLineString","coordinates":[[[-58.183572214940419,-15.633903773545937],[-58.184430045255098,-15.634105849664486],[-58.185164813479041,-15.63424863027268],[-58.186555770145318,-15.634249645736272],[-58.187956394373543,-15.634224883939924],[-58.189009320843837,-15.634210685480145]]]}},
{"type":"Feature","properties":{"COD_LOG":0.0,"TIPO":"RUA","NOME":"DIVISORIA","NOME_COMPL":"RUA DIVISORIA","NOME_MAPA":"R. DIVISORIA","COBERTURA":"TERRA","HIERARQUIA":null},"geometry":{"type":"MultiLineString","coordinates":[[[-58.186342801803463,-15.616497998197042],[-58.186333862781865,-15.616234704241908],[-58.18624890278965,-15.614494095795026],[-58.186213872555676,-15.614152480003197],[-58.186065329650582,-15.612854424541984],[-58.185991857870611,-15.61234425050276]]]}},
{"type":"Feature","properties":{"COD_LOG":0.0,"TIPO":"RUA","NOME":"PLANO REAL","NOME_COMPL":"RUA PLANO REAL","NOME_MAPA":"R. PLANO REAL","COBERTURA":"TERRA","HIERARQUIA":null},"geometry":{"type":"MultiLineString","coordinates":[[[-58.188445996724951,-15.631983337745678],[-58.18844167468982,-15.631628004673011],[-58.188447172479925,-15.631218389550522],[-58.188436185491774,-15.630830175965908]]]}},
{"type":"Feature","properties":{"COD_LOG":0.0,"TIPO":"RUA","NOME":"CAMPO GRANDE","NOME_COMPL":"RUA CAMPO GRANDE","NOME_MAPA":"R. CAMPO GRANDE","COBERTURA":"ASFALTO","HIERARQUIA":null},"geometry":{"type":"MultiLineString","coordinates":[[[-58.188970018337024,-15.632437140165703],[-58.187930738025564,-15.63243736824346],[-58.186530230364369,-15.632444956083868],[-58.185133165029974,-15.632464072819497],[-58.183620966435704,-15.632137812924304],[-58.181571041526169,-15.631689810948187],[-58.179847378712616,-15.631308678605594],[-58.17890385983037,-15.6310996210205],[-58.177132984334463,-15.630702215907528]]]}},
{"type":"Feature","properties":{"COD_LOG":0.0,"TIPO":"RUA","NOME":"BRASILIA","NOME_COMPL":"RUA BRASILIA","NOME_MAPA":"R. BRASILIA","COBERTURA":"ASFALTO","HIERARQUIA":null},"geometry":{"type":"MultiLineString","coordinates":[[[-58.188988252808855,-15.6333021581446],[-58.187943467674337,-15.63330938459722],[-58.186542624597948,-15.633315477846095],[-58.185150468070582,-15.633339583385151],[-58.185023574383997,-15.633341949221411],[-58.183819636503202,-15.633078965104582],[-58.183767337243594,-15.633066778836065]]]}},
{"type":"Feature","properties":{"COD_LOG":0.0,"TIPO":"TRAVESSA","NOME":"BERTINI","NOME_COMPL":"TRAVESSA BERTINI","NOME_MAPA":"TRAV. BERTINI","COBERTURA":"TERRA","HIERARQUIA":null},"geometry":{"type":"MultiLineString","coordinates":[[[-58.188442045379595,-15.631658469669633],[-58.188958256811439,-15.631649365430823]]]}},
{"type":"Feature","properties":{"COD_LOG":0.0,"TIPO":"RUA","NOME":"MINAS GERAIS","NOME_COMPL":"RUA MINAS GERAIS","NOME_MAPA":"R. MINAS GERAIS","COBERTURA":"TERRA","HIERARQUIA":null},"geometry":{"type":"MultiLineString","coordinates":[[[-58.188948383432383,-15.631218150799683],[-58.187911559697753,-15.631221290115326]]]}},
{"type":"Feature","properties":{"COD_LOG":0.0,"TIPO":"RUA","NOME":"RIO CLARO","NOME_COMPL":"RUA RIO CLARO","NOME_MAPA":"R. RIO CLARO","COBERTURA":"TERRA","HIERARQUIA":null},"geometry":{"type":"MultiLineString","coordinates":[[[-58.18578517359866,-15.629437800089212],[-58.185771726463791,-15.628863147085129]]]}},
{"type":"Feature","properties":{"COD_LOG":0.0,"TIPO":"RUA","NOME":"15 DE JUNHO","NOME_COMPL":"RUA 15 DE JUNHO","NOME_MAPA":"R. 15 DE JUNHO","COBERTURA":"ASFALTO","HIERARQUIA":null},"geometry":{"type":"MultiLineString","coordinates":[[[-58.186677190990039,-15.626096042467942],[-58.18634831528572,-15.626025187116257],[-58.184004056752656,-15.625495071495431],[-58.182211235321212,-15.625111674603543],[-58.179498429191355,-15.624491530630619],[-58.17840762471328,-15.624256478307444]]]}},
{"type":"Feature","properties":{"COD_LOG":0.0,"TIPO":"RUA","NOME":"15 DE JUNHO","NOME_COMPL":"RUA 15 DE JUNHO","NOME_MAPA":"R. 15 DE JUNHO","COBERTURA":"TERRA","HIERARQUIA":null},"geometry":{"type":"MultiLineString","coordinates":[[[-58.17840762471328,-15.624256478307444],[-58.178127589927037,-15.624196133461538]]]}},
{"type":"Feature","properties":{"COD_LOG":0.0,"TIPO":"RUA","NOME":"DAS ROSAS","NOME_COMPL":"RUA DAS ROSAS","NOME_MAPA":"R. DAS ROSAS","COBERTURA":"TERRA","HIERARQUIA":null},"geometry":{"type":"MultiLineString","coordinates":[[[-58.172137906560394,-15.616135422820349],[-58.171816635317896,-15.616066186783314]]]}},
{"type":"Feature","properties":{"COD_LOG":0.0,"TIPO":"RODOVIA","NOME":"MT-175","NOME_COMPL":"RODOVIA MT-175","NOME_MAPA":"ROD. 175","COBERTURA":"ASFALTO","HIERARQUIA":null},"geometry":{"type":"MultiLineString","coordinates":[[[-58.228449423232227,-15.630343260207768],[-58.22827122788182,-15.63026402914767],[-58.228181575178532,-15.630211725553734],[-58.228125022488832,-15.630164210779784],[-58.228082261737221,-15.630111836297329],[-58.228049315180591,-15.630049840070496],[-58.228019141953531,-15.629956259842785],[-58.228008790937182,-15.629875961659899],[-58.228009368226232,-15.629807081759827],[-58.228021756154959,-15.629732395134099],[-58.228046041171908,-15.629666252411607],[-58.228088050162448,-15.629592358128896],[-58.228147866751257,-15.62952505930722],[-58.228263723539072,-15.629419182274967],[-58.228407088836313,-15.629291149526949],[-58.228522938718477,-15.629184315188931],[-58.228581763444332,-15.629116065497907],[-58.228653305701236,-15.629028612782232],[-58.228753161664038,-15.628888386784691],[-58.228810844445668,-15.628794314688966],[-58.2288596314811,-15.628698379759914],[-58.228902427153542,-15.628590998028628],[-58.229026036731696,-15.628295666426141],[-58.229182391896678,-15.627914390880262]]]}},
{"type":"Feature","properties":{"COD_LOG":0.0,"TIPO":"RODOVIA","NOME":"MT-175","NOME_COMPL":"RODOVIA MT-175","NOME_MAPA":"ROD. 175","COBERTURA":"ASFALTO","HIERARQUIA":null},"geometry":{"type":"MultiLineString","coordinates":[[[-58.227629504711423,-15.629613218858147],[-58.227584394668575,-15.629616913259392],[-58.227540436019147,-15.629627400296727],[-58.227498712037182,-15.629644422628671],[-58.227460249991609,-15.629667559623034],[-58.22742599605413,-15.629696242863307],[-58.227396793900311,-15.629729765306942],[-58.227373363375179,-15.629767301290155],[-58.227356280096494,-15.629807927431305],[-58.227345966251065,-15.629850643471718],[-58.227342674883019,-15.62989439676854],[-58.227346487262025,-15.629938110330023],[-58.227357309297197,-15.629980707240827],[-58.227374875439672,-15.630021139564709],[-58.227398751620505,-15.630058411829605],[-58.227428351252172,-15.630091605343377],[-58.227462944701145,-15.630119902546234],[-58.227501679937411,-15.630142608588899],[-58.227543604052265,-15.630159162059263],[-58.227587684840792,-15.630169156555263],[-58.227632836018699,-15.630172345967335],[-58.227677946180783,-15.63016865154761],[-58.227721904001754,-15.630158164480648],[-58.227763628068217,-15.630141143004753],[-58.227802091087362,-15.630118005045164],[-58.227836345039009,-15.630089322649823],[-58.227865546230547,-15.630055800155445],[-58.227888977618122,-15.630018263215627],[-58.227906059870094,-15.62997763704527],[-58.227916373607094,-15.629934921890763],[-58.227919664852621,-15.629891168594225],[-58.227915852354343,-15.629847455051179],[-58.22790503020952,-15.62980485727137],[-58.227887464920663,-15.629764424990098],[-58.227863587766265,-15.629727153690407],[-58.227833989058574,-15.629693960230357],[-58.227799395633738,-15.629665662179605],[-58.227760659535036,-15.629642957093546],[-58.227718735508766,-15.629626402753741],[-58.227674655766791,-15.629616408270467],[-58.227629504711423,-15.629613218858147]]]}},
{"type":"Feature","properties":{"COD_LOG":0.0,"TIPO":"RODOVIA","NOME":"MT-175","NOME_COMPL":"RODOVIA MT-175","NOME_MAPA":"ROD. 175","COBERTURA":"ASFALTO","HIERARQUIA":null},"geometry":{"type":"MultiLineString","coordinates":[[[-58.229007227877517,-15.628340604867105],[-58.228882644055567,-15.628584412777244],[-58.228795313320099,-15.628735090903842],[-58.228721919262348,-15.628843122115478],[-58.228635582767424,-15.628953617474787],[-58.228511707471483,-15.629080465602035],[-58.228312914896065,-15.629266923594324],[-58.228141069733155,-15.629419749491861],[-58.228032581973871,-15.629540532002226],[-58.227976836743444,-15.629607808010498],[-58.22795361683643,-15.629645604998563],[-58.227936558928171,-15.629682171650179],[-58.227924501199453,-15.629729472073111],[-58.227912110441494,-15.629829202883936]]]}},
{"type":"Feature","properties":{"COD_LOG":0.0,"TIPO":"RODOVIA","NOME":"MT-175","NOME_COMPL":"RODOVIA MT-175","NOME_MAPA":"ROD. 175","COBERTURA":"ASFALTO","HIERARQUIA":null},"geometry":{"type":"MultiLineString","coordinates":[[[-58.227547110797289,-15.629625344561477],[-58.227727475388903,-15.629565633909555],[-58.227732189635653,-15.629564073625305],[-58.227927114750301,-15.629474017189519],[-58.228092385364711,-15.629377429617605],[-58.228405774580473,-15.629122170429252],[-58.228520615668131,-15.629011516468395],[-58.228602012870404,-15.628921137830472],[-58.228717611476696,-15.628772214124071],[-58.228859447277848,-15.628553310461189],[-58.229001881661176,-15.628269351989307],[-58.229182391896678,-15.627914390880262],[-58.229531370934623,-15.627172010987744],[-58.230747780328194,-15.624542413742681],[-58.231905144612767,-15.6220516948718],[-58.232928276020601,-15.619815826467505],[-58.233933326713519,-15.617654792490642],[-58.23517282947644,-15.614984231002985],[-58.235876258953809,-15.613458647769137]]]}},
{"type":"Feature","properties":{"COD_LOG":0.0,"TIPO":"RODOVIA","NOME":"MT-175","NOME_COMPL":"RODOVIA MT-175","NOME_MAPA":"ROD. 175","COBERTURA":"ASFALTO","HIERARQUIA":null},"geometry":{"type":"MultiLineString","coordinates":[[[-58.22511014248645,-15.630042878502394],[-58.225470991533399,-15.629969886063849],[-58.226072625549946,-15.62987755934236],[-58.227039276886217,-15.629744924657015],[-58.227233534738836,-15.629708443597309],[-58.227365536281241,-15.629678476975343],[-58.227486169633238,-15.629651091214924]]]}},
{"type":"Feature","properties":{"COD_LOG":0.0,"TIPO":"RODOVIA","NOME":"MT-339","NOME_COMPL":"RODOVIA MT-339","NOME_MAPA":"ROD. 339","COBERTURA":"ASFALTO","HIERARQUIA":null},"geometry":{"type":"MultiLineString","coordinates":[[[-58.248336260910428,-15.63448765215813],[-58.24446286096353,-15.633691752912936],[-58.241958194705362,-15.63316828056762],[-58.240007023288598,-15.632761754403642],[-58.237920921145694,-15.632324402470791],[-58.236116528376492,-15.63194571087867],[-58.234334411848515,-15.631576922696869],[-58.232967404251546,-15.631289013068683],[-58.230667844908226,-15.630809742517341],[-58.228730036818874,-15.630403037073913],[-58.22765362458285,-15.630173733733926],[-58.227646003653994,-15.630171981241002]]]}},
{"type":"Feature","properties":{"COD_LOG":0.0,"TIPO":"RODOVIA","NOME":"MT-175","NOME_COMPL":"RODOVIA MT-175","NOME_MAPA":"ROD. 175","COBERTURA":"ASFALTO","HIERARQUIA":null},"geometry":{"type":"MultiLineString","coordinates":[[[-58.227488459951701,-15.630135751490844],[-58.226977462992693,-15.630018238048576],[-58.226784729457016,-15.629979137640868],[-58.226661717730643,-15.62996117080997],[-58.226495782543097,-15.629946314608288],[-58.226248398471405,-15.629930478093316],[-58.226017378766755,-15.629927463793077],[-58.225863443081408,-15.629938368828951],[-58.225065961794463,-15.63004900771983],[-58.223028767552158,-15.630358839283609],[-58.221683938236602,-15.630561482218139],[-58.221022644631425,-15.63066560863574],[-58.219649735442651,-15.630878440606415],[-58.217742741343194,-15.631173150954593],[-58.215939283343253,-15.631448616670172],[-58.214073677938998,-15.631733021391574],[-58.212143007098582,-15.63203355482576],[-58.210610254703028,-15.632264433702561],[-58.210389799407906,-15.632295783320414],[-58.210209240496667,-15.632312564167297],[-58.209973859557309,-15.632323906566592],[-58.209790254795827,-15.632326354483915],[-58.209523668014583,-15.632319214726273],[-58.209246632206629,-15.632297782847486],[-58.208928042757329,-15.632260794812074],[-58.208705727026668,-15.632227581194611],[-58.208404822576199,-15.632176145559493],[-58.207715489452866,-15.632046492339569],[-58.205652012622423,-15.631670406681106],[-58.203892480381541,-15.631358640850317],[-58.20188535851112,-15.63099512452523],[-58.200173195247729,-15.630678763322575],[-58.198348399617572,-15.630345785146867],[-58.196604940813785,-15.629993693106558],[-58.194984463799344,-15.629653832053558],[-58.193039351731052,-15.629254020787268],[-58.192851450250842,-15.629215052727425]]]}},
{"type":"Feature","properties":{"COD_LOG":0.0,"TIPO":"RODOVIA","NOME":"MT-339","NOME_COMPL":"RODOVIA MT-339","NOME_MAPA":"ROD. 339","COBERTURA":"TERRA","HIERARQUIA":null},"geometry":{"type":"MultiLineString","coordinates":[[[-58.17780298815412,-15.614243165229489],[-58.177791323382515,-15.613952691594818],[-58.177754863249518,-15.613012989073772],[-58.177652401902762,-15.608975342493236],[-58.177573850802588,-15.604939940628329],[-58.177532870928893,-15.603163650429694],[-58.177497690433569,-15.60132230697635],[-58.177470351179025,-15.599232793336224],[-58.177396389372987,-15.597080748795282],[-58.177324390177354,-15.594731385827769],[-58.177284056778234,-15.592525349450025],[-58.177227485367489,-15.590175903654364],[-58.177168907058828,-15.588014806032325]]]}},
{"type":"Feature","properties":{"COD_LOG":0.0,"TIPO":"RODOVIA","NOME":"MT-175","NOME_COMPL":"RODOVIA MT-175","NOME_MAPA":"ROD. 175","COBERTURA":"ASFALTO","HIERARQUIA":null},"geometry":{"type":"MultiLineString","coordinates":[[[-58.156922619774171,-15.621509097950211],[-58.156900132196284,-15.621511123716624],[-58.156878349390475,-15.62151690333749],[-58.156857932622302,-15.621526260680849],[-58.156839503374584,-15.621538911354889],[-58.156823621007653,-15.621554470960817],[-58.156810767901788,-15.621572466921984],[-58.156801334614677,-15.621592353024598],[-58.156795607837083,-15.621613523943742],[-58.156793762119932,-15.621635336980873],[-58.156795852508615,-15.621657129276926],[-58.156801816524968,-15.621678238591931],[-58.156811472413196,-15.621698023200402],[-58.156824526718196,-15.621715882641402],[-58.15684058277126,-15.621731273944448],[-58.156859152916887,-15.62174372964343],[-58.156879673512613,-15.621752871256302],[-58.156901519918513,-15.62175842095713],[-58.156924028928529,-15.621760209593173],[-58.156946516533004,-15.621758183822534],[-58.156968298428701,-15.62175240419835],[-58.156988715212776,-15.621743046843731],[-58.157007144467769,-15.621730396156773],[-58.157023026832476,-15.62171483653783],[-58.157035879926902,-15.621696840565114],[-58.157045313199795,-15.621676955357698],[-58.157051039952549,-15.621655784433782],[-58.157052885642351,-15.621633971396378],[-58.157050795227086,-15.621612179104545],[-58.157044831188117,-15.621591069797779],[-58.157035175278892,-15.621571284296667],[-58.157022120966609,-15.621553424868596],[-58.15700606491577,-15.621538033578558],[-58.156987494781589,-15.621525577891125],[-58.156966974205176,-15.621516436286937],[-58.156945128756831,-15.621510886585964],[-58.156922619774171,-15.621509097950211]]]}},
{"type":"Feature","properties":{"COD_LOG":0.0,"TIPO":"RODOVIA","NOME":"MT-175","NOME_COMPL":"RODOVIA MT-175","NOME_MAPA":"ROD. 175","COBERTURA":"ASFALTO","HIERARQUIA":null},"geometry":{"type":"MultiLineString","coordinates":[[[-58.163105043838257,-15.622950461159181],[-58.16118564375288,-15.622539699611721],[-58.158977649651803,-15.622067307155669],[-58.157034593752712,-15.621660459382001],[-58.15532273746021,-15.621288730948281],[-58.153660360224499,-15.620937774609217],[-58.151590723249782,-15.620487537063743],[-58.149236319609997,-15.619952672189207],[-58.147051926035012,-15.619455159555699],[-58.144869472673349,-15.618949960914103],[-58.142936156151933,-15.618510408148163]]]}},
{"type":"Feature","properties":{"COD_LOG":0.0,"TIPO":"RODOVIA","NOME":"MT-339","NOME_COMPL":"RODOVIA MT-339","NOME_MAPA":"ROD. MT-339","COBERTURA":"ASFALTO","HIERARQUIA":null},"geometry":{"type":"MultiLineString","coordinates":[[[-58.17840762471328,-15.624256478307444],[-58.178394214303097,-15.624101780483027],[-58.178260426606279,-15.622974622206927],[-58.178148350552313,-15.621759815371503],[-58.178102384331886,-15.621230563489883],[-58.178063786699305,-15.620435804104186],[-58.178014328897845,-15.619295278413896],[-58.177971574414727,-15.618291037751307],[-58.177920744860167,-15.617169173081731],[-58.177871355519954,-15.61604012620748],[-58.17783447605315,-15.615027243904889],[-58.17780298815412,-15.614243165229489]]]}},
{"type":"Feature","properties":{"COD_LOG":0.0,"TIPO":"RUA","NOME":"SAO JOSE","NOME_COMPL":"RUA SAO JOSE","NOME_MAPA":"R. SAO JOSE","COBERTURA":"ASFALTO","HIERARQUIA":null},"geometry":{"type":"MultiLineString","coordinates":[[[-58.173949429582635,-15.631822415822908],[-58.174100173473299,-15.630843496999912]]]}},
{"type":"Feature","properties":{"COD_LOG":0.0,"TIPO":"RUA","NOME":"SAO JOAO","NOME_COMPL":"RUA SAO JOAO","NOME_MAPA":"R. SAO JOAO","COBERTURA":"ASFALTO","HIERARQUIA":null},"geometry":{"type":"MultiLineString","coordinates":[[[-58.172831135908162,-15.631186358323754],[-58.174014061984892,-15.631393529662793]]]}},
{"type":"Feature","properties":{"COD_LOG":0.0,"TIPO":"RUA","NOME":"SAO JOAO","NOME_COMPL":"RUA SAO JOAO","NOME_MAPA":"R. SAO JOAO","COBERTURA":"TERRA","HIERARQUIA":null},"geometry":{"type":"MultiLineString","coordinates":[[[-58.174014061984892,-15.631393529662793],[-58.174259239576337,-15.631436468447578]]]}},
{"type":"Feature","properties":{"COD_LOG":0.0,"TIPO":"AVENIDA","NOME":"LUIZ BARBOSA","NOME_COMPL":"AVENIDA LUIZ BARBOSA","NOME_MAPA":"AV. LUIZ BARBOSA","COBERTURA":"ASFALTO","HIERARQUIA":null},"geometry":{"type":"MultiLineString","coordinates":[[[-58.181571041526169,-15.631689810948187],[-58.181789552365807,-15.630734826621515],[-58.18223379840051,-15.628860869043843],[-58.182643507344842,-15.627036169977552],[-58.183165802389077,-15.624882961410142],[-58.183707526605652,-15.622521333730331],[-58.183958077517389,-15.621457219884336],[-58.184143381634961,-15.620634708603108],[-58.184156028399947,-15.620559305201247],[-58.18415289397565,-15.620529188574457],[-58.184145300557134,-15.620496225190736],[-58.18413292025852,-15.620466987314826]]]}},
{"type":"Feature","properties":{"COD_LOG":0.0,"TIPO":"AVENIDA","NOME":"LUIZ BARBOSA","NOME_COMPL":"AVENIDA LUIZ BARBOSA","NOME_MAPA":"AV. LUIZ BARBOSA","COBERTURA":"ASFALTO","HIERARQUIA":null},"geometry":{"type":"MultiLineString","coordinates":[[[-58.184268781369312,-15.620484027098263],[-58.184269368194713,-15.62049606667955],[-58.184255961226761,-15.620567886581133],[-58.18420119988496,-15.620830300402796],[-58.184032673092283,-15.621565905525632],[-58.183821545339001,-15.622447149923637],[-58.183626994400719,-15.623292908706855],[-58.183433347487409,-15.624124312967838],[-58.18323675429501,-15.624958602883883],[-58.183029493010487,-15.625826432672131],[-58.182842652004467,-15.62664058042915],[-58.182642939560374,-15.62744810128933],[-58.18246180032331,-15.628223952999081],[-58.182281553469977,-15.628983536701545],[-58.182086010549149,-15.629830256112728],[-58.181922324013698,-15.630551485303885]]]}},
{"type":"Feature","properties":{"COD_LOG":0.0,"TIPO":"RUA","NOME":"PRESIDENTE MEDICE","NOME_COMPL":"RUA PRESIDENTE MEDICE","NOME_MAPA":"R. PRESIDENTE MEDICE","COBERTURA":"ASFALTO","HIERARQUIA":null},"geometry":{"type":"MultiLineString","coordinates":[[[-58.173235647717604,-15.618122148703417],[-58.173170751686961,-15.61810834745374],[-58.17146208510686,-15.61774495695521],[-58.170557673653818,-15.617551781285592]]]}},
{"type":"Feature","properties":{"COD_LOG":0.0,"TIPO":"RUA","NOME":"MARECHAL DUTRA","NOME_COMPL":"RUA MARECHAL DUTRA","NOME_MAPA":"R. MARECHAL DUTRA","COBERTURA":"TERRA","HIERARQUIA":null},"geometry":{"type":"MultiLineString","coordinates":[[[-58.16817363704039,-15.624023510811991],[-58.167866701433404,-15.625366680577875]]]}},
{"type":"Feature","properties":{"COD_LOG":0.0,"TIPO":"RUA","NOME":"DAS ROSAS","NOME_COMPL":"RUA DAS ROSAS","NOME_MAPA":"R. DAS ROSAS","COBERTURA":"ASFALTO","HIERARQUIA":null},"geometry":{"type":"MultiLineString","coordinates":[[[-58.17361797531985,-15.616454379677011],[-58.173122233841767,-15.616347547931312],[-58.172137906560394,-15.616135422820349]]]}},
{"type":"Feature","properties":{"COD_LOG":0.0,"TIPO":"RUA","NOME":"PRESIDENTE GEISEL","NOME_COMPL":"RUA PRESIDENTE GEISEL","NOME_MAPA":"R. PRESIDENTE GEISEL","COBERTURA":"ASFALTO","HIERARQUIA":null},"geometry":{"type":"MultiLineString","coordinates":[[[-58.173424627851375,-15.617297794546285],[-58.173202994688218,-15.617249463533703],[-58.171855337933373,-15.616955578055654]]]}},
{"type":"Feature","properties":{"COD_LOG":0.0,"TIPO":"RUA","NOME":"EZEQUIEL ESCOBAR DA SILVA","NOME_COMPL":"RUA EZEQUIEL ESCOBAR DA SILVA","NOME_MAPA":"R. EZEQUIEL ESCOBAR DA SILVA","COBERTURA":"TERRA","HIERARQUIA":null},"geometry":{"type":"MultiLineString","coordinates":[[[-58.187612134444024,-15.626299501717162],[-58.18758995590612,-15.625423384184973],[-58.187502777711089,-15.623096226441401]]]}},
{"type":"Feature","properties":{"COD_LOG":0.0,"TIPO":"RUA","NOME":"15 DE JUNHO","NOME_COMPL":"RUA 15 DE JUNHO","NOME_MAPA":"R. 15 DE JUNHO","COBERTURA":"TERRA","HIERARQUIA":null},"geometry":{"type":"MultiLineString","coordinates":[[[-58.189471988519053,-15.626507455923518],[-58.188638572804187,-15.626522866085553],[-58.186677190990039,-15.626096042467942]]]}},
{"type":"Feature","properties":{"COD_LOG":0.0,"TIPO":"RUA","NOME":"ELSIO GONCALVES DE AGUIAR","NOME_COMPL":"RUA ELSIO GONCALVES DE AGUIAR","NOME_MAPA":"R. ELSIO GONCALVES DE AGUIAR","COBERTURA":"TERRA","HIERARQUIA":null},"geometry":{"type":"MultiLineString","coordinates":[[[-58.188104172651869,-15.630352894636124],[-58.186499454938456,-15.630360258294514]]]}},
{"type":"Feature","properties":{"COD_LOG":0.0,"TIPO":"RUA","NOME":"ELSIO GONCALVES DE AGUIAR","NOME_COMPL":"RUA ELSIO GONCALVES DE AGUIAR","NOME_MAPA":"R. ELSIO GONCALVES DE AGUIAR","COBERTURA":"ASFALTO","HIERARQUIA":null},"geometry":{"type":"MultiLineString","coordinates":[[[-58.186499454938456,-15.630360258294514],[-58.185110115406715,-15.630366624196375],[-58.182345523790616,-15.6297620935783],[-58.180316242090406,-15.629301214541712],[-58.177605671005452,-15.628694758025706],[-58.174697297738206,-15.628047739756823],[-58.173353132542715,-15.627751519401301]]]}},
{"type":"Feature","properties":{"COD_LOG":0.0,"TIPO":"RUA","NOME":"ELSIO GONCALVES DE AGUIAR","NOME_COMPL":"RUA ELSIO GONCALVES DE AGUIAR","NOME_MAPA":"R. ELSIO GONCALVES DE AGUIAR","COBERTURA":"ASFALTO","HIERARQUIA":null},"geometry":{"type":"MultiLineString","coordinates":[[[-58.171551362660033,-15.62735058178362],[-58.170726753308337,-15.627237765132612],[-58.170679537764734,-15.627231305474561]]]}},
{"type":"Feature","properties":{"COD_LOG":0.0,"TIPO":"RUA","NOME":"CEZAR LATTES","NOME_COMPL":"RUA CEZAR LATTES","NOME_MAPA":"R. CEZAR LATTES","COBERTURA":"TERRA","HIERARQUIA":null},"geometry":{"type":"MultiLineString","coordinates":[[[-58.179831165768675,-15.636753445161636],[-58.179793901042189,-15.63674438508558],[-58.178573674097557,-15.636447713331053]]]}},
{"type":"Feature","properties":{"COD_LOG":0.0,"TIPO":"RUA","NOME":"CEZAR LATTES","NOME_COMPL":"RUA CEZAR LATTES","NOME_MAPA":"R. CEZAR LATTES","COBERTURA":"TERRA","HIERARQUIA":null},"geometry":{"type":"MultiLineString","coordinates":[[[-58.183645264163353,-15.637439520161589],[-58.1830885741496,-15.637311065129278],[-58.181630528672578,-15.636984102977777],[-58.180684088843236,-15.636781131357463],[-58.179867373820684,-15.6366133889415],[-58.179862594045574,-15.63661240679699]]]}},
{"type":"Feature","properties":{"COD_LOG":0.0,"TIPO":"RUA","NOME":"CAMPINAS","NOME_COMPL":"RUA CAMPINAS","NOME_MAPA":"R. CAMPINAS","COBERTURA":"TERRA","HIERARQUIA":null},"geometry":{"type":"MultiLineString","coordinates":[[[-58.179221663583988,-15.639365913344188],[-58.1793856270208,-15.638646553463609],[-58.179426807224203,-15.638465881544375],[-58.179468265033115,-15.638272776700413],[-58.179532932278562,-15.638121845332096],[-58.17956551280141,-15.637996417595868],[-58.179682357076494,-15.637421245410025],[-58.179912813911727,-15.636387037719771],[-58.179917123334072,-15.636364210784674],[-58.18006168551512,-15.635769024182235],[-58.180281346582831,-15.634922673505242]]]}},
{"type":"Feature","properties":{"COD_LOG":0.0,"TIPO":"RUA","NOME":"SANTA CATARINA","NOME_COMPL":"RUA SANTA CATARINA","NOME_MAPA":"R. SANTA CATARINA","COBERTURA":"ASFALTO","HIERARQUIA":null},"geometry":{"type":"MultiLineString","coordinates":[[[-58.184861115869417,-15.628491744604847],[-58.183186603121506,-15.628122428906776],[-58.180919939997175,-15.627611283491062],[-58.178869411124438,-15.62716099179581],[-58.176827407474704,-15.626702103541028],[-58.174632854954105,-15.626224488665345],[-58.172661321147963,-15.6258034330603],[-58.170970899483891,-15.62547941289867],[-58.170956045779974,-15.625476566189434]]]}},
{"type":"Feature","properties":{"COD_LOG":0.0,"TIPO":"RUA","NOME":"VEREADOR JOSE PAS FILHO","NOME_COMPL":"RUA VEREADOR JOSE PAS FILHO","NOME_MAPA":"R. VEREADOR JOSE PAS FILHO","COBERTURA":"TERRA","HIERARQUIA":null},"geometry":{"type":"MultiLineString","coordinates":[[[-58.192013246431067,-15.629041217766661],[-58.191988776711561,-15.627322499057547],[-58.191969543352471,-15.625615431871031],[-58.191934766670947,-15.622058634217199]]]}},
{"type":"Feature","properties":{"COD_LOG":0.0,"TIPO":"RUA","NOME":"GOIAS","NOME_COMPL":"RUA GOIAS","NOME_MAPA":"R. GOIAS","COBERTURA":"ASFALTO","HIERARQUIA":null},"geometry":{"type":"MultiLineString","coordinates":[[[-58.180444748358646,-15.620477366989673],[-58.180023231644299,-15.622297943590004],[-58.179830491720416,-15.623117861109375],[-58.179640427237253,-15.623888019375299],[-58.179465991271812,-15.624629393564858],[-58.17929538850543,-15.625350658610365],[-58.179121081780472,-15.626114992050049],[-58.178874971838653,-15.627162212933168]]]}},
{"type":"Feature","properties":{"COD_LOG":0.0,"TIPO":"RUA","NOME":"PROFESSOR ORIVALDO DE PAULA","NOME_COMPL":"RUA PROFESSOR ORIVALDO DE PAULA","NOME_MAPA":"R. PROFESSOR ORIVALDO DE PAULA","COBERTURA":"ASFALTO","HIERARQUIA":null},"geometry":{"type":"MultiLineString","coordinates":[[[-58.17607654976414,-15.614614163423772],[-58.174601919111673,-15.61429911909465],[-58.173446517959825,-15.614044132381801],[-58.172531314412716,-15.613846212730408],[-58.171502856026564,-15.613623049568883]]]}},
{"type":"Feature","properties":{"COD_LOG":0.0,"TIPO":"RUA","NOME":"EDVALDO DELBEN","NOME_COMPL":"RUA EDVALDO DELBEN","NOME_MAPA":"R. EDVALDO DELBEN","COBERTURA":"ASFALTO","HIERARQUIA":null},"geometry":{"type":"MultiLineString","coordinates":[[[-58.174762071860101,-15.615976139289002],[-58.175122850896734,-15.61441041389603]]]}},
{"type":"Feature","properties":{"COD_LOG":0.0,"TIPO":"RUA","NOME":"VEREADOR ANTONIO RODRIGUES","NOME_COMPL":"RUA VEREADOR ANTONIO RODRIGUES","NOME_MAPA":"R. VEREADOR ANTONIO RODRIGUES","COBERTURA":"ASFALTO","HIERARQUIA":null},"geometry":{"type":"MultiLineString","coordinates":[[[-58.1731496598902,-15.615619698728059],[-58.173295035054608,-15.614986181448346],[-58.173507737087434,-15.61405764324031]]]}},
{"type":"Feature","properties":{"COD_LOG":0.0,"TIPO":"RUA","NOME":"ANTONIO BRAGA DO CARMO","NOME_COMPL":"RUA ANTONIO BRAGA DO CARMO","NOME_MAPA":"R. ANTONIO BRAGA DO CARMO","COBERTURA":"ASFALTO","HIERARQUIA":null},"geometry":{"type":"MultiLineString","coordinates":[[[-58.1749090997575,-15.61533806304047],[-58.174088219733967,-15.615159105079259],[-58.17353711947986,-15.615038958952553],[-58.173295035054608,-15.614986181448346]]]}},
{"type":"Feature","properties":{"COD_LOG":0.0,"TIPO":"RUA","NOME":"JUNQUEIRA","NOME_COMPL":"RUA JUNQUEIRA","NOME_MAPA":"R. JUNQUEIRA","COBERTURA":"TERRA","HIERARQUIA":null},"geometry":{"type":"MultiLineString","coordinates":[[[-58.170679719171204,-15.61846272711589],[-58.167888150333056,-15.617857376320279],[-58.167773690185193,-15.61783255444163]]]}},
{"type":"Feature","properties":{"COD_LOG":0.0,"TIPO":"RUA","NOME":"RIO DE JANEIRO","NOME_COMPL":"RUA RIO DE JANEIRO","NOME_MAPA":"R. RIO DE JANEIRO","COBERTURA":"ASFALTO","HIERARQUIA":null},"geometry":{"type":"MultiLineString","coordinates":[[[-58.175270876893279,-15.630522795790185],[-58.175420111017353,-15.629955085025719],[-58.175874509150113,-15.628015394324901],[-58.176337994516103,-15.625983044265466],[-58.176633217639328,-15.624743082964759]]]}},
{"type":"Feature","properties":{"COD_LOG":0.0,"TIPO":"RUA","NOME":"ESPIRITO SANTO","NOME_COMPL":"RUA ESPIRITO SANTO","NOME_MAPA":"R. ESPIRITO SANTO","COBERTURA":"ASFALTO","HIERARQUIA":null},"geometry":{"type":"MultiLineString","coordinates":[[[-58.176179891965177,-15.630544069540756],[-58.176818470738141,-15.627845725353826],[-58.177507148869473,-15.624936256329285]]]}},
{"type":"Feature","properties":{"COD_LOG":0.0,"TIPO":"AVENIDA","NOME":"LUIZ BARBOSA","NOME_COMPL":"AVENIDA LUIZ BARBOSA","NOME_MAPA":"AV. LUIZ BARBOSA","COBERTURA":"TERRA","HIERARQUIA":null},"geometry":{"type":"MultiLineString","coordinates":[[[-58.179789876373277,-15.639357170802581],[-58.180215038719616,-15.637532430068589],[-58.180380636450678,-15.636718806918729],[-58.180831921729805,-15.634817644925818],[-58.181362191260632,-15.632602568622552],[-58.181571041526169,-15.631689810948187]]]}},
{"type":"Feature","properties":{"COD_LOG":0.0,"TIPO":"RUA","NOME":"GOIAS","NOME_COMPL":"RUA GOIAS","NOME_MAPA":"R. GOIAS","COBERTURA":"TERRA","HIERARQUIA":null},"geometry":{"type":"MultiLineString","coordinates":[[[-58.177772653932998,-15.631728763225677],[-58.17794230221422,-15.631038992735087]]]}},
{"type":"Feature","properties":{"COD_LOG":0.0,"TIPO":"RUA","NOME":"GOIAS","NOME_COMPL":"RUA GOIAS","NOME_MAPA":"R. GOIAS","COBERTURA":"ASFALTO","HIERARQUIA":null},"geometry":{"type":"MultiLineString","coordinates":[[[-58.17794230221422,-15.631038992735087],[-58.178061454851616,-15.630574343865192],[-58.178254249339034,-15.629730886784531],[-58.17846314226589,-15.628886610953336],[-58.178654317445442,-15.628053906142712]]]}},
{"type":"Feature","properties":{"COD_LOG":0.0,"TIPO":"RUA","NOME":"DIRCEU JOSE DE SOUZA","NOME_COMPL":"RUA DIRCEU JOSE DE SOUZA","NOME_MAPA":"R. DIRCEU JOSE DE SOUZA","COBERTURA":"TERRA","HIERARQUIA":null},"geometry":{"type":"MultiLineString","coordinates":[[[-58.187408365898797,-15.619603039037438],[-58.188492414170327,-15.619576377364908]]]}},
{"type":"Feature","properties":{"COD_LOG":0.0,"TIPO":"RUA","NOME":"EZEQUIEL ESCOBAR DA SILVA","NOME_COMPL":"RUA EZEQUIEL ESCOBAR DA SILVA","NOME_MAPA":"R. EZEQUIEL ESCOBAR DA SILVA","COBERTURA":"ASFALTO","HIERARQUIA":null},"geometry":{"type":"MultiLineString","coordinates":[[[-58.187502777711089,-15.623096226441401],[-58.187437338482937,-15.620751308055222],[-58.187408364966075,-15.619603039042488]]]}},
{"type":"Feature","properties":{"COD_LOG":0.0,"TIPO":"RUA","NOME":"CEZAR LATTES","NOME_COMPL":"RUA CEZAR LATTES","NOME_MAPA":"R. CEZAR LATTES","COBERTURA":"TERRA","HIERARQUIA":null},"geometry":{"type":"MultiLineString","coordinates":[[[-58.190540121869773,-15.637693833410435],[-58.189103037728245,-15.637694675742226],[-58.187721022790811,-15.637714121924821],[-58.186279828992561,-15.637743446429617],[-58.1852239866353,-15.637765850734208]]]}},
{"type":"Feature","properties":{"COD_LOG":0.0,"TIPO":"ALAMEDA","NOME":"SANTA FE DO SUL","NOME_COMPL":"RUA 0SANTA FE DO SUL","NOME_MAPA":"R. SANTA FE DO SUL","COBERTURA":"TERRA","HIERARQUIA":null},"geometry":{"type":"MultiLineString","coordinates":[[[-58.189837718505814,-15.637694246389964],[-58.189837715636301,-15.637671953430662],[-58.189837602997351,-15.636825305456737]]]}},
{"type":"Feature","properties":{"COD_LOG":0.0,"TIPO":"RUA","NOME":"01","NOME_COMPL":"RUA 01","NOME_MAPA":"R. 01","COBERTURA":"TERRA","HIERARQUIA":null},"geometry":{"type":"MultiLineString","coordinates":[[[-58.189185370855029,-15.63682972848931],[-58.189183917218863,-15.637692174519357],[-58.189183912733682,-15.637694628642482]]]}},
{"type":"Feature","properties":{"COD_LOG":0.0,"TIPO":"RUA","NOME":"VEREADOR JOSE PAS FILHO","NOME_COMPL":"RUA VEREADOR JOSE PAS FILHO","NOME_MAPA":"R. VEREADOR JOSE PAS FILHO","COBERTURA":"TERRA","HIERARQUIA":null},"geometry":{"type":"MultiLineString","coordinates":[[[-58.191988456501115,-15.627404698194635],[-58.191360092786631,-15.6274104532278]]]}},
{"type":"Feature","properties":{"COD_LOG":0.0,"TIPO":"RUA","NOME":"PARA","NOME_COMPL":"RUA PARA","NOME_MAPA":"R. PARA","COBERTURA":"ASFALTO","HIERARQUIA":null},"geometry":{"type":"MultiLineString","coordinates":[[[-58.173384262609609,-15.624992622339304],[-58.173606500570237,-15.624069039991696]]]}},
{"type":"Feature","properties":{"COD_LOG":0.0,"TIPO":"RUA","NOME":"PARAIBA","NOME_COMPL":"RUA PARAIBA","NOME_MAPA":"R. PARAIBA","COBERTURA":"ASFALTO","HIERARQUIA":null},"geometry":{"type":"MultiLineString","coordinates":[[[-58.174350692568368,-15.625196490708491],[-58.17456072571764,-15.624287958876049]]]}},
{"type":"Feature","properties":{"COD_LOG":0.0,"TIPO":"RUA","NOME":"TEREZINHA","NOME_COMPL":"RUA TEREZINHA","NOME_MAPA":"R. TEREZINHA","COBERTURA":"TERRA","HIERARQUIA":null},"geometry":{"type":"MultiLineString","coordinates":[[[-58.173814623369303,-15.623231961137751],[-58.172941034701999,-15.623024974153333]]]}},
{"type":"Feature","properties":{"COD_LOG":0.0,"TIPO":"RUA","NOME":"PRESIDENTE JUSCELINO KUBITSCHEK","NOME_COMPL":"RUA PRESIDENTE JUSCELINO KUBITSCHEK","NOME_MAPA":"R. PRESIDENTE JUSCELINO KUBITSCHEK","COBERTURA":"ASFALTO","HIERARQUIA":null},"geometry":{"type":"MultiLineString","coordinates":[[[-58.167276740538199,-15.623838464573984],[-58.1675953512569,-15.622519056736127],[-58.16771978597864,-15.621952019570593]]]}},
{"type":"Feature","properties":{"COD_LOG":0.0,"TIPO":"RUA","NOME":"RUI BARBOSA","NOME_COMPL":"RUA RUI BARBOSA","NOME_MAPA":"R. RUI BARBOSA","COBERTURA":"TERRA","HIERARQUIA":null},"geometry":{"type":"MultiLineString","coordinates":[[[-58.179168894617248,-15.633803454032693],[-58.179050482099449,-15.633776609904556],[-58.178478496149438,-15.633649319149377]]]}},
{"type":"Feature","properties":{"COD_LOG":0.0,"TIPO":"RUA","NOME":"CACERES","NOME_COMPL":"RUA CACERES","NOME_MAPA":"R. CACERES","COBERTURA":"ASFALTO","HIERARQUIA":null},"geometry":{"type":"MultiLineString","coordinates":[[[-58.179361189135356,-15.632977390168852],[-58.180944967708761,-15.633321722090651]]]}},
{"type":"Feature","properties":{"COD_LOG":0.0,"TIPO":"RUA","NOME":"BRASILIA","NOME_COMPL":"RUA BRASILIA","NOME_MAPA":"R. BRASILIA","COBERTURA":"ASFALTO","HIERARQUIA":null},"geometry":{"type":"MultiLineString","coordinates":[[[-58.181378341766894,-15.632531984187755],[-58.179647334770145,-15.632156081410544],[-58.179556909538562,-15.632134890094537]]]}},
{"type":"Feature","properties":{"COD_LOG":0.0,"TIPO":"RUA","NOME":"PRESIDENTE MEDICE","NOME_COMPL":"RUA PRESIDENTE MEDICE","NOME_MAPA":"R. PRESIDENTE MEDICE","COBERTURA":"TERRA","HIERARQUIA":null},"geometry":{"type":"MultiLineString","coordinates":[[[-58.170557673653818,-15.617551781285592],[-58.16980158337909,-15.617400799854938],[-58.169684008157695,-15.617377320698756]]]}},
{"type":"Feature","properties":{"COD_LOG":0.0,"TIPO":"AVENIDA","NOME":"MATO GROSSO","NOME_COMPL":"AVENIDA MATO GROSSO","NOME_MAPA":"AV. MATO GROSSO","COBERTURA":"ASFALTO","HIERARQUIA":null},"geometry":{"type":"MultiLineString","coordinates":[[[-58.183043643427553,-15.617812481636024],[-58.182898198646022,-15.618412213957232],[-58.182613551473331,-15.619642069362635],[-58.182544091046587,-15.619930348747241]]]}},
{"type":"Feature","properties":{"COD_LOG":0.0,"TIPO":"AVENIDA","NOME":"MATO GROSSO","NOME_COMPL":"AVENIDA MATO GROSSO","NOME_MAPA":"AV. MATO GROSSO","COBERTURA":"TERRA","HIERARQUIA":null},"geometry":{"type":"MultiLineString","coordinates":[[[-58.182544091046587,-15.619930348747241],[-58.182448878573133,-15.620325508295236]]]}},
{"type":"Feature","properties":{"COD_LOG":0.0,"TIPO":"AVENIDA","NOME":"MATO GROSSO","NOME_COMPL":"AVENIDA MATO GROSSO","NOME_MAPA":"AV. MATO GROSSO","COBERTURA":"ASFALTO","HIERARQUIA":null},"geometry":{"type":"MultiLineString","coordinates":[[[-58.182491461495118,-15.619817845401593],[-58.182640465519263,-15.619171259070491],[-58.182867251898969,-15.618179918367829],[-58.182957983476598,-15.617793952053546]]]}},
{"type":"Feature","properties":{"COD_LOG":0.0,"TIPO":"AVENIDA","NOME":"MATO GROSSO","NOME_COMPL":"AVENIDA MATO GROSSO","NOME_MAPA":"AV. MATO GROSSO","COBERTURA":"TERRA","HIERARQUIA":null},"geometry":{"type":"MultiLineString","coordinates":[[[-58.182422504840403,-15.620117075590692],[-58.182491461495118,-15.619817845401593]]]}},
{"type":"Feature","properties":{"COD_LOG":0.0,"TIPO":"RUA","NOME":"PERNAMBUCO","NOME_COMPL":"RUA PERNAMBUCO","NOME_MAPA":"R. PERNAMBUCO","COBERTURA":"ASFALTO","HIERARQUIA":null},"geometry":{"type":"MultiLineString","coordinates":[[[-58.181665992205509,-15.61940650868469],[-58.181788360153142,-15.618919967324924],[-58.182064366209495,-15.617731773267687],[-58.182096257681351,-15.617607551142859]]]}},
{"type":"Feature","properties":{"COD_LOG":0.0,"TIPO":"RUA","NOME":"PERNAMBUCO","NOME_COMPL":"RUA PERNAMBUCO","NOME_MAPA":"R. PERNAMBUCO","COBERTURA":"TERRA","HIERARQUIA":null},"geometry":{"type":"MultiLineString","coordinates":[[[-58.181545802502619,-15.619884562330752],[-58.181548035815204,-15.6198755058149],[-58.181665992205509,-15.61940650868469]]]}},
{"type":"Feature","properties":{"COD_LOG":0.0,"TIPO":"RUA","NOME":"07 DE SETEMBRO","NOME_COMPL":"RUA 07 DE SETEMBRO","NOME_MAPA":"R. 07 DE SETEMBRO","COBERTURA":"TERRA","HIERARQUIA":null},"geometry":{"type":"MultiLineString","coordinates":[[[-58.179694770567934,-15.623667815645707],[-58.179220001727856,-15.623555581298252]]]}},
{"type":"Feature","properties":{"COD_LOG":0.0,"TIPO":"RUA","NOME":"AURELIO OLEGARIO DE CAMPOS","NOME_COMPL":"RUA AURELIO OLEGARIO DE CAMPOS","NOME_MAPA":"R. AURELIO OLEGARIO DE CAMPOS","COBERTURA":"ASFALTO","HIERARQUIA":null},"geometry":{"type":"MultiLineString","coordinates":[[[-58.188607230349326,-15.623505176482009],[-58.188595039084717,-15.623049282031875]]]}},
{"type":"Feature","properties":{"COD_LOG":0.0,"TIPO":"RUA","NOME":"CEZAR LATTES","NOME_COMPL":"RUA CEZAR LATTES","NOME_MAPA":"R. CEZAR LATTES","COBERTURA":"ASFALTO","HIERARQUIA":null},"geometry":{"type":"MultiLineString","coordinates":[[[-58.185224735962329,-15.637797990447222],[-58.184121604331878,-15.63754943276958],[-58.183645264163353,-15.637439520161589]]]}},
{"type":"Feature","properties":{"COD_LOG":0.0,"TIPO":"RUA","NOME":"PROJETADA N","NOME_COMPL":"RUA PROJETADA N","NOME_MAPA":"R. PROJETADA N","COBERTURA":"TERRA","HIERARQUIA":null},"geometry":{"type":"MultiLineString","coordinates":[[[-58.172568671364417,-15.611888953257111],[-58.172693108322193,-15.61135142849106]]]}},
{"type":"Feature","properties":{"COD_LOG":0.0,"TIPO":"RUA","NOME":"SALUSTIANO","NOME_COMPL":"RUA SALUSTIANO","NOME_MAPA":"R. SALUSTIANO","COBERTURA":"TERRA","HIERARQUIA":null},"geometry":{"type":"MultiLineString","coordinates":[[[-58.173814623369303,-15.623231961137751],[-58.172162867070256,-15.622409444684743]]]}},
{"type":"Feature","properties":{"COD_LOG":0.0,"TIPO":"RUA","NOME":"SALUSTIANO","NOME_COMPL":"RUA SALUSTIANO","NOME_MAPA":"R. SALUSTIANO","COBERTURA":"ASFALTO","HIERARQUIA":null},"geometry":{"type":"MultiLineString","coordinates":[[[-58.172162867070256,-15.622409444684743],[-58.171981546532677,-15.622320544283319],[-58.171971141308461,-15.622313424598662],[-58.171960718842747,-15.622303435995716],[-58.171952507927756,-15.622291641324388],[-58.171942773024284,-15.62227232160415],[-58.171935225198332,-15.622246890623803],[-58.171866536587302,-15.621950579631704],[-58.171860558744484,-15.621940926148113],[-58.171850863540421,-15.621928421690262],[-58.171839684201444,-15.621915566302084]]]}},
{"type":"Feature","properties":{"COD_LOG":0.0,"TIPO":"RUA","NOME":"RONDON","NOME_COMPL":"RUA RONDON","NOME_MAPA":"R. RONDON","COBERTURA":"ASFALTO","HIERARQUIA":null},"geometry":{"type":"MultiLineString","coordinates":[[[-58.171710068129336,-15.626282885307685],[-58.170852071629973,-15.626136392057697]]]}},
{"type":"Feature","properties":{"COD_LOG":0.0,"TIPO":"RUA","NOME":"CASTELO BRANCO","NOME_COMPL":"RUA CASTELO BRANCO","NOME_MAPA":"R. CASTELO BRANCO","COBERTURA":"ASFALTO","HIERARQUIA":null},"geometry":{"type":"MultiLineString","coordinates":[[[-58.172800137919495,-15.624973690740273],[-58.172664777268082,-15.625803962363284]]]}},
{"type":"Feature","properties":{"COD_LOG":0.0,"TIPO":"RUA","NOME":"RONDON","NOME_COMPL":"RUA RONDON","NOME_MAPA":"R. RONDON","COBERTURA":"TERRA","HIERARQUIA":null},"geometry":{"type":"MultiLineString","coordinates":[[[-58.172562957452755,-15.626428502114862],[-58.171710068129336,-15.626282885307685]]]}},
{"type":"Feature","properties":{"COD_LOG":0.0,"TIPO":"RUA","NOME":"CASTELO BRANCO","NOME_COMPL":"RUA CASTELO BRANCO","NOME_MAPA":"R. CASTELO BRANCO","COBERTURA":"TERRA","HIERARQUIA":null},"geometry":{"type":"MultiLineString","coordinates":[[[-58.172664777268082,-15.625803962363284],[-58.172562956520011,-15.626428502119856]]]}},
{"type":"Feature","properties":{"COD_LOG":0.0,"TIPO":"RUA","NOME":"SALUSTIANO","NOME_COMPL":"RUA SALUSTIANO","NOME_MAPA":"R. SALUSTIANO","COBERTURA":"TERRA","HIERARQUIA":null},"geometry":{"type":"MultiLineString","coordinates":[[[-58.175798310131761,-15.624214242928089],[-58.174737807739938,-15.623696971095228],[-58.173814623369303,-15.623231961137751]]]}},
{"type":"Feature","properties":{"COD_LOG":0.0,"TIPO":"RUA","NOME":"SANTO ANTONIO","NOME_COMPL":"RUA SANTO ANTONIO","NOME_MAPA":"R. SANTO ANTONIO","COBERTURA":"TERRA","HIERARQUIA":null},"geometry":{"type":"MultiLineString","coordinates":[[[-58.170548147375094,-15.628065110159723],[-58.171088125044243,-15.624638372738268]]]}},
{"type":"Feature","properties":{"COD_LOG":0.0,"TIPO":"RUA","NOME":"SANTA CATARINA","NOME_COMPL":"RUA SANTA CATARINA","NOME_MAPA":"R. SANTA CATARINA","COBERTURA":"TERRA","HIERARQUIA":null},"geometry":{"type":"MultiLineString","coordinates":[[[-58.167960757147533,-15.624970480516074],[-58.167030262343737,-15.624791405482201]]]}},
{"type":"Feature","properties":{"COD_LOG":0.0,"TIPO":"RUA","NOME":"S/D","NOME_COMPL":"RUA SEM DENOMINACAO","NOME_MAPA":"R. S/D","COBERTURA":"TERRA","HIERARQUIA":null},"geometry":{"type":"MultiLineString","coordinates":[[[-58.166831537892236,-15.6252612158173],[-58.167030262343737,-15.624791405482201],[-58.167362674625551,-15.623856537746686]]]}},
{"type":"Feature","properties":{"COD_LOG":0.0,"TIPO":"RUA","NOME":"PROJETADA D","NOME_COMPL":"RUA PROJETADA D","NOME_MAPA":"R. PROJETADA D","COBERTURA":"TERRA","HIERARQUIA":null},"geometry":{"type":"MultiLineString","coordinates":[[[-58.174852693587525,-15.611811317244239],[-58.1749017404181,-15.611595727306881]]]}},
{"type":"Feature","properties":{"COD_LOG":0.0,"TIPO":"RUA","NOME":"PROJETADA F","NOME_COMPL":"RUA PROJETADA F","NOME_MAPA":"R. PROJETADA F","COBERTURA":"TERRA","HIERARQUIA":null},"geometry":{"type":"MultiLineString","coordinates":[[[-58.176291100507633,-15.612115045577918],[-58.176338078108827,-15.611900773550623]]]}},
{"type":"Feature","properties":{"COD_LOG":0.0,"TIPO":"RUA","NOME":"DAS OLIVEIRAS","NOME_COMPL":"RUA DAS OLIVEIRAS","NOME_MAPA":"R. DAS OLIVEIRAS","COBERTURA":"TERRA","HIERARQUIA":null},"geometry":{"type":"MultiLineString","coordinates":[[[-58.179116142170791,-15.616884763074244],[-58.179430682213294,-15.615422677249478]]]}},
{"type":"Feature","properties":{"COD_LOG":0.0,"TIPO":"RUA","NOME":"DOS IPES","NOME_COMPL":"RUA DOS IPES","NOME_MAPA":"R. DOS IPES","COBERTURA":"TERRA","HIERARQUIA":null},"geometry":{"type":"MultiLineString","coordinates":[[[-58.179727372444702,-15.617017967528973],[-58.179992490887905,-15.615689894337187]]]}},
{"type":"Feature","properties":{"COD_LOG":0.0,"TIPO":"RUA","NOME":"07 DE SETEMBRO","NOME_COMPL":"RUA 07 DE SETEMBRO","NOME_MAPA":"R. 07 DE SETEMBRO","COBERTURA":"TERRA","HIERARQUIA":null},"geometry":{"type":"MultiLineString","coordinates":[[[-58.188169022593051,-15.625564709527691],[-58.187471289987919,-15.625394423348325]]]}},
{"type":"Feature","properties":{"COD_LOG":0.0,"TIPO":"RUA","NOME":"RIO DE JANEIRO","NOME_COMPL":"RUA RIO DE JANEIRO","NOME_MAPA":"R. RIO DE JANEIRO","COBERTURA":"TERRA","HIERARQUIA":null},"geometry":{"type":"MultiLineString","coordinates":[[[-58.176633217639328,-15.624743082964759],[-58.176720883408109,-15.624420896650959]]]}},
{"type":"Feature","properties":{"COD_LOG":0.0,"TIPO":"RUA","NOME":"NITEROI","NOME_COMPL":"RUA NITEROI","NOME_MAPA":"R. NITEROI","COBERTURA":"TERRA","HIERARQUIA":null},"geometry":{"type":"MultiLineString","coordinates":[[[-58.180771368760205,-15.639256652953188],[-58.181104335272273,-15.637736695597853],[-58.181275273363887,-15.637073782235269],[-58.181688374769863,-15.635240762220363],[-58.182225740162551,-15.633018743979891],[-58.182490267172867,-15.631892115236102]]]}},
{"type":"Feature","properties":{"COD_LOG":0.0,"TIPO":"RUA","NOME":"RONDONIA","NOME_COMPL":"RUA RONDONIA","NOME_MAPA":"R. RONDONIA","COBERTURA":"TERRA","HIERARQUIA":null},"geometry":{"type":"MultiLineString","coordinates":[[[-58.181422056688369,-15.639190010779123],[-58.181428101349816,-15.639163661900799],[-58.181734381910097,-15.637828461378767],[-58.182083361339735,-15.636364842097661],[-58.182417199839364,-15.635016100056571],[-58.182718128879628,-15.633702576775336],[-58.183068389841551,-15.632200079620404],[-58.183108510388742,-15.632025815276211]]]}},
{"type":"Feature","properties":{"COD_LOG":0.0,"TIPO":"RUA","NOME":"ALAGOAS","NOME_COMPL":"RUA ALAGOAS","NOME_MAPA":"R. ALAGOAS","COBERTURA":"TERRA","HIERARQUIA":null},"geometry":{"type":"MultiLineString","coordinates":[[[-58.182355555168471,-15.639094401396779],[-58.182660816177226,-15.637787243707223],[-58.182877435712896,-15.636828243819242],[-58.182975442576897,-15.636417474063398]]]}},
{"type":"Feature","properties":{"COD_LOG":0.0,"TIPO":"RUA","NOME":"BOMFIN","NOME_COMPL":"RUA BOMFIN","NOME_MAPA":"R. BOMFIN","COBERTURA":"TERRA","HIERARQUIA":null},"geometry":{"type":"MultiLineString","coordinates":[[[-58.184197633806932,-15.638922141897364],[-58.184505736738124,-15.63763598915901]]]}},
{"type":"Feature","properties":{"COD_LOG":0.0,"TIPO":"RUA","NOME":"MARIA JOSE MATTOS","NOME_COMPL":"RUA MARIA JOSE MATTOS","NOME_MAPA":"R. MARIA JOSE MATTOS","COBERTURA":"TERRA","HIERARQUIA":null},"geometry":{"type":"MultiLineString","coordinates":[[[-58.179468265033115,-15.638272776700413],[-58.182400218635699,-15.638903149074011]]]}},
{"type":"Feature","properties":{"COD_LOG":0.0,"TIPO":"ALAMEDA","NOME":"VILLAS-BOAS","NOME_COMPL":"ALAMEDA VILLAS-BOAS","NOME_MAPA":"AL. VILLAS-BOAS","COBERTURA":"TERRA","HIERARQUIA":null},"geometry":{"type":"MultiLineString","coordinates":[[[-58.183643311381971,-15.623221975242544],[-58.184494219486432,-15.623406231181383]]]}},
{"type":"Feature","properties":{"COD_LOG":0.0,"TIPO":"RUA","NOME":"FLOR DE LIS","NOME_COMPL":"RUA FLOR DE LIS","NOME_MAPA":"R. FLOR DE LIS","COBERTURA":"TERRA","HIERARQUIA":null},"geometry":{"type":"MultiLineString","coordinates":[[[-58.179948105345268,-15.615912238419517],[-58.179353167600567,-15.615782993667255]]]}},
{"type":"Feature","properties":{"COD_LOG":0.0,"TIPO":"RUA","NOME":"DAS ORQUIDEAS","NOME_COMPL":"RUA DAS ORQUIDEAS","NOME_MAPA":"R. DAS ORQUIDEAS","COBERTURA":"TERRA","HIERARQUIA":null},"geometry":{"type":"MultiLineString","coordinates":[[[-58.171795564924388,-15.617815880872898],[-58.17171041771843,-15.618202315771917]]]}},
{"type":"Feature","properties":{"COD_LOG":0.0,"TIPO":"AVENIDA","NOME":"PROJETADA","NOME_COMPL":"AVENIDA PROJETADA","NOME_MAPA":"AV. PROJETADA","COBERTURA":"ASFALTO","HIERARQUIA":null},"geometry":{"type":"MultiLineString","coordinates":[[[-58.183861030129883,-15.620269313945675],[-58.184162811999528,-15.620334012383346],[-58.184192508005452,-15.620348202629854],[-58.184220257860851,-15.620367185035329],[-58.184241102758754,-15.620387161920098],[-58.184257044717661,-15.620412905056547],[-58.184267130828538,-15.620450159392473],[-58.184268781369312,-15.620484027098263]]]}},
{"type":"Feature","properties":{"COD_LOG":0.0,"TIPO":"AVENIDA","NOME":"AV. SAO PAULO","NOME_COMPL":"AVENIDA SAO PAULO","NOME_MAPA":"AV. AV. SAO PAULO","COBERTURA":"ASFALTO","HIERARQUIA":null},"geometry":{"type":"MultiLineString","coordinates":[[[-58.185060400824518,-15.627661257256712],[-58.184748209040571,-15.627592619928066],[-58.183271017899052,-15.627267843812874],[-58.181792785774604,-15.626937159632002],[-58.180317510005189,-15.626605014774805],[-58.178772611869917,-15.626267493820714],[-58.176987495762639,-15.625870981939434],[-58.175476687624773,-15.625537558648514],[-58.174019254951212,-15.625215318776203],[-58.172433044946345,-15.624900932080807],[-58.171270838631131,-15.624674673232033],[-58.170279087438516,-15.624477633860566],[-58.169150848474999,-15.624255907104793],[-58.16840942415525,-15.624071875097625],[-58.167483484234324,-15.623881945930117],[-58.165123305698131,-15.623385552723489],[-58.163105043838257,-15.622950461159181]]]}},
{"type":"Feature","properties":{"COD_LOG":0.0,"TIPO":"RUA","NOME":"PRESIDENTE JUSCELINO KUBITSCHEK","NOME_COMPL":"RUA PRESIDENTE JUSCELINO KUBITSCHEK","NOME_MAPA":"R. PRESIDENTE JUSCELINO KUBITSCHEK","COBERTURA":"TERRA","HIERARQUIA":null},"geometry":{"type":"MultiLineString","coordinates":[[[-58.16771978597864,-15.621952019570593],[-58.167924250187895,-15.621020295821383],[-58.168284936344001,-15.619479009009051],[-58.168579666752294,-15.618184061322895],[-58.168727357437042,-15.617542794597259]]]}},
{"type":"Feature","properties":{"COD_LOG":0.0,"TIPO":"RUA","NOME":"SALUSTIANO","NOME_COMPL":"RUA SALUSTIANO","NOME_MAPA":"R. SALUSTIANO","COBERTURA":"TERRA","HIERARQUIA":null},"geometry":{"type":"MultiLineString","coordinates":[[[-58.169003228140824,-15.620239760509451],[-58.167266620283705,-15.619871374310186]]]}},
{"type":"Feature","properties":{"COD_LOG":0.0,"TIPO":"RUA","NOME":"PINHEIROS","NOME_COMPL":"RUA PINHEIROS","NOME_MAPA":"R. PINHEIROS","COBERTURA":"TERRA","HIERARQUIA":null},"geometry":{"type":"MultiLineString","coordinates":[[[-58.16650985898989,-15.622677404303747],[-58.16487744744741,-15.622350313054055]]]}},
{"type":"Feature","properties":{"COD_LOG":0.0,"TIPO":"AVENIDA","NOME":"PROJETADA","NOME_COMPL":"AVENIDA PROJETADA","NOME_MAPA":"AV. PROJETADA","COBERTURA":"TERRA","HIERARQUIA":null},"geometry":{"type":"MultiLineString","coordinates":[[[-58.18382466107979,-15.620356611407679],[-58.182513751146239,-15.620056268233418]]]}},
{"type":"Feature","properties":{"COD_LOG":0.0,"TIPO":"RUA","NOME":"NEVES","NOME_COMPL":"RUA NEVES","NOME_MAPA":"R. NEVES","COBERTURA":"TERRA","HIERARQUIA":null},"geometry":{"type":"MultiLineString","coordinates":[[[-58.185248878565389,-15.638833367960592],[-58.183284779865765,-15.638999225140788],[-58.179688654920334,-15.639367537164306],[-58.179295700237155,-15.639361998130008],[-58.179195031017294,-15.639367322017318],[-58.179054923830421,-15.639381468507219],[-58.178872442515086,-15.639409234974789],[-58.17871656661422,-15.639428249489669],[-58.178564559802915,-15.639434834272203]]]}},
{"type":"Feature","properties":{"COD_LOG":0.0,"TIPO":"RUA","NOME":"DAS PALMEIRAS","NOME_COMPL":"RUA DAS PALMEIRAS","NOME_MAPA":"R. DAS PALMEIRAS","COBERTURA":"TERRA","HIERARQUIA":null},"geometry":{"type":"MultiLineString","coordinates":[[[-58.166413493978766,-15.623656909250746],[-58.16650985898989,-15.622677404303747],[-58.166563319529395,-15.621920083624723]]]}},
{"type":"Feature","properties":{"COD_LOG":0.0,"TIPO":"ESTRADA","NOME":"RURAL","NOME_COMPL":"ESTRADA RURAL","NOME_MAPA":"ESTR. RURAL","COBERTURA":"TERRA","HIERARQUIA":null},"geometry":{"type":"MultiLineString","coordinates":[[[-58.184833580802014,-15.641523940664207],[-58.184683479199443,-15.64401471344056],[-58.184580380077811,-15.646057637335678],[-58.184506249728869,-15.647329403846266],[-58.184427179482434,-15.648515100964204],[-58.184330578571945,-15.64974250575696],[-58.184247379006401,-15.650982753016491],[-58.184222638821439,-15.651315795497938]]]}},
{"type":"Feature","properties":{"COD_LOG":0.0,"TIPO":"AVENIDA","NOME":"PROJETADA","NOME_COMPL":"AVENIDA PROJETADA","NOME_MAPA":"AV. PROJETADA","COBERTURA":"ASFALTO","HIERARQUIA":null},"geometry":{"type":"MultiLineString","coordinates":[[[-58.18413292025852,-15.620466987314826],[-58.184129538912522,-15.620459001459805],[-58.184109405748544,-15.620433998620603],[-58.184073001119607,-15.620411952536884],[-58.184029238890552,-15.620397839039768],[-58.18382466107979,-15.620356611407679]]]}},
{"type":"Feature","properties":{"COD_LOG":0.0,"TIPO":"AVENIDA","NOME":"AV. SAO PAULO","NOME_COMPL":"AVENIDA SAO PAULO","NOME_MAPA":"AV. AV. SAO PAULO","COBERTURA":"ASFALTO","HIERARQUIA":null},"geometry":{"type":"MultiLineString","coordinates":[[[-58.192851450250842,-15.629215052727425],[-58.191205416909881,-15.628873677537264],[-58.189418930209989,-15.628503106417973],[-58.187435246292274,-15.628087669078859],[-58.186271287563102,-15.62786703787785],[-58.185927119663262,-15.627801798450889],[-58.185070357091369,-15.627618408074126]]]}},
{"type":"Feature","properties":{"COD_LOG":0.0,"TIPO":"RUA","NOME":"CAMPO GRANDE","NOME_COMPL":"RUA CAMPO GRANDE","NOME_MAPA":"R. CAMPO GRANDE","COBERTURA":"ASFALTO","HIERARQUIA":null},"geometry":{"type":"MultiLineString","coordinates":[[[-58.17366116134869,-15.629918822288541],[-58.173037179865183,-15.629782454419528]]]}},
{"type":"Feature","properties":{"COD_LOG":0.0,"TIPO":"RUA","NOME":"MARAJO","NOME_COMPL":"RUA MARAJO","NOME_MAPA":"R. MARAJO","COBERTURA":"ASFALTO","HIERARQUIA":null},"geometry":{"type":"MultiLineString","coordinates":[[[-58.174298144778916,-15.630798897175341],[-58.174091572986569,-15.630845433998619],[-58.172915574945684,-15.630626440674247]]]}},
{"type":"Feature","properties":{"COD_LOG":0.0,"TIPO":"RUA","NOME":"APAE","NOME_COMPL":"RUA DA APAE","NOME_MAPA":"R. APAE","COBERTURA":"ASFALTO","HIERARQUIA":null},"geometry":{"type":"MultiLineString","coordinates":[[[-58.173388915694993,-15.631842405033542],[-58.172744798945786,-15.631755569231359]]]}},
{"type":"Feature","properties":{"COD_LOG":0.0,"TIPO":"RUA","NOME":"RUI BARBOSA","NOME_COMPL":"RUA RUI BARBOSA","NOME_MAPA":"R. RUI BARBOSA","COBERTURA":"ASFALTO","HIERARQUIA":null},"geometry":{"type":"MultiLineString","coordinates":[[[-58.188665363530625,-15.635070682692634],[-58.188032516766036,-15.635091135201472],[-58.187257559242347,-15.635109923597412],[-58.186077990390544,-15.635127006078152],[-58.185184511388599,-15.635136700158526],[-58.18414215497419,-15.634921489141961],[-58.183374692567561,-15.63475010214508]]]}},
{"type":"Feature","properties":{"COD_LOG":0.0,"TIPO":"AVENIDA","NOME":"DR GUILHERME PINTO CARDOSO","NOME_COMPL":"AVENIDA DR GUILHERME PINTO CARDOSO","NOME_MAPA":"AV. DR GUILHERME PINTO CARDOSO","COBERTURA":"ASFALTO","HIERARQUIA":null},"geometry":{"type":"MultiLineString","coordinates":[[[-58.176738963067528,-15.632007634301685],[-58.176923141936285,-15.631242843458711],[-58.177190704959962,-15.630125012432433],[-58.177430541756827,-15.62907907670437],[-58.177677664915052,-15.628013013224349],[-58.17790182413102,-15.627074784109626],[-58.178148770233655,-15.626040310941217],[-58.178451285324662,-15.624760119196532],[-58.17840762471328,-15.624256478307444]]]}},
{"type":"Feature","properties":{"COD_LOG":0.0,"TIPO":"TRAVESSA","NOME":"FRANCA","NOME_COMPL":"TRAVESSA FRANCA","NOME_MAPA":"TRAV. FRANCA","COBERTURA":"ASFALTO","HIERARQUIA":null},"geometry":{"type":"MultiLineString","coordinates":[[[-58.172264269287695,-15.622141546587555],[-58.173047777317429,-15.622528284897188],[-58.173060247162219,-15.622538096184075],[-58.173067957248001,-15.622548577393164],[-58.173071465136978,-15.622557886089616],[-58.173076501822301,-15.622575556818209],[-58.17307736080339,-15.62259635932063]]]}},
{"type":"Feature","properties":{"COD_LOG":0.0,"TIPO":"ESTRADA","NOME":"RURAL","NOME_COMPL":"ESTRADA RURAL","NOME_MAPA":"ESTR. RURAL","COBERTURA":"TERRA","HIERARQUIA":null},"geometry":{"type":"MultiLineString","coordinates":[[[-58.172128909384412,-15.635854556514836],[-58.172070113456769,-15.636263912887863],[-58.171962712881069,-15.636994402073213],[-58.171845369205684,-15.63771250835806],[-58.171739631921511,-15.638388460265205],[-58.171629595556993,-15.639111453706297],[-58.171498764274197,-15.639975518205118],[-58.171300323319954,-15.64115251896037]]]}},
{"type":"Feature","properties":{"COD_LOG":0.0,"TIPO":"AVENIDA","NOME":"BELEM","NOME_COMPL":"AVENIDA BELEM","NOME_MAPA":"AV. BELEM","COBERTURA":"TERRA","HIERARQUIA":null},"geometry":{"type":"MultiLineString","coordinates":[[[-58.172514613093107,-15.633011836308997],[-58.172439019964109,-15.633606312691619],[-58.172367223034556,-15.63400083136473],[-58.172346086273812,-15.634276456625516],[-58.172332853282825,-15.634379844117877],[-58.17227418955288,-15.634826908201124],[-58.172150830398891,-15.635701934608562],[-58.172128909384412,-15.635854556514836]]]}},
{"type":"Feature","properties":{"COD_LOG":0.0,"TIPO":"RUA","NOME":"AURELIO OLEGARIO DE CAMPOS","NOME_COMPL":"RUA AURELIO OLEGARIO DE CAMPOS","NOME_MAPA":"R. AURELIO OLEGARIO DE CAMPOS","COBERTURA":"TERRA","HIERARQUIA":null},"geometry":{"type":"MultiLineString","coordinates":[[[-58.188595039084717,-15.623049282031875],[-58.18858482448401,-15.622667326241221],[-58.188543650065171,-15.621205391193225],[-58.188505798224668,-15.61988257427779],[-58.188462276848526,-15.618886882334058]]]}},
{"type":"Feature","properties":{"COD_LOG":0.0,"TIPO":"RUA","NOME":"CERES","NOME_COMPL":"RUA CERES","NOME_MAPA":"R. CERES","COBERTURA":"ASFALTO","HIERARQUIA":null},"geometry":{"type":"MultiLineString","coordinates":[[[-58.183155728965808,-15.621083739678845],[-58.18231440340903,-15.620884057083282],[-58.181349376142556,-15.620680955688032],[-58.180303808537069,-15.62044564735224]]]}},
{"type":"Feature","properties":{"COD_LOG":0.0,"TIPO":"RUA","NOME":"FORTALEZA","NOME_COMPL":"RUA FORTALEZA","NOME_MAPA":"R. FORTALEZA","COBERTURA":"TERRA","HIERARQUIA":null},"geometry":{"type":"MultiLineString","coordinates":[[[-58.171595023865457,-15.616898810409099],[-58.171316476803675,-15.618107300589978]]]}},
{"type":"Feature","properties":{"COD_LOG":0.0,"TIPO":"RUA","NOME":"PERNAMBUCO","NOME_COMPL":"RUA PERNAMBUCO","NOME_MAPA":"R. PERNAMBUCO","COBERTURA":"TERRA","HIERARQUIA":null},"geometry":{"type":"MultiLineString","coordinates":[[[-58.178573674097557,-15.636447713331053],[-58.178508047471084,-15.634534020347296],[-58.178478496149438,-15.633649319149377],[-58.178484320037533,-15.633066306625107],[-58.178687239592705,-15.632039223123494],[-58.178888081761094,-15.631167126427474],[-58.17890385983037,-15.6310996210205]]]}},
{"type":"Feature","properties":{"COD_LOG":0.0,"TIPO":"RUA","NOME":"RUI BARBOSA","NOME_COMPL":"RUA RUI BARBOSA","NOME_MAPA":"R. RUI BARBOSA","COBERTURA":"TERRA","HIERARQUIA":null},"geometry":{"type":"MultiLineString","coordinates":[[[-58.192878877222398,-15.634971506955146],[-58.1926693159362,-15.634997872577284],[-58.192255806291037,-15.635019577884737],[-58.191683516720872,-15.635014905030141],[-58.190443759660766,-15.635040120523879],[-58.189298288377096,-15.635050226133709],[-58.188665363530625,-15.635070682692634]]]}},
{"type":"Feature","properties":{"COD_LOG":0.0,"TIPO":"RUA","NOME":"ALLAN KARDEC","NOME_COMPL":"RUA ALLAN KARDEC","NOME_MAPA":"R. ALLAN KARDEC","COBERTURA":"TERRA","HIERARQUIA":null},"geometry":{"type":"MultiLineString","coordinates":[[[-58.190413774498751,-15.63682139635076],[-58.187996854960851,-15.636837782570234],[-58.185663790790272,-15.636884687396787],[-58.185207140201697,-15.636892726205387]]]}},
{"type":"Feature","properties":{"COD_LOG":0.0,"TIPO":"AVENIDA","NOME":"MATO GROSSO","NOME_COMPL":"AVENIDA MATO GROSSO","NOME_MAPA":"AV. MATO GROSSO","COBERTURA":"ASFALTO","HIERARQUIA":null},"geometry":{"type":"MultiLineString","coordinates":[[[-58.178786647371695,-15.635432874395642],[-58.179093365694406,-15.634142113719186],[-58.179361189135356,-15.632977390168852],[-58.179641640384951,-15.63178487022148],[-58.179909123156776,-15.630655556734085],[-58.180208538816316,-15.629414144965715],[-58.180487590959537,-15.628237415736246],[-58.180768269562002,-15.627086506625909],[-58.180990661247648,-15.626100930868208],[-58.181248087601261,-15.625027633836757],[-58.181456112501373,-15.624119622465511],[-58.181694893793917,-15.623152611869436],[-58.181934866391231,-15.622135371776983],[-58.18215748741715,-15.621191407947784],[-58.182417971676387,-15.620136747329411],[-58.182422504840403,-15.620117075590692]]]}},
{"type":"Feature","properties":{"COD_LOG":0.0,"TIPO":"RUA","NOME":"SAO LUIZ","NOME_COMPL":"RUA SAO LUIZ","NOME_MAPA":"R. SAO LUIZ","COBERTURA":"TERRA","HIERARQUIA":null},"geometry":{"type":"MultiLineString","coordinates":[[[-58.18532684374243,-15.641461842203999],[-58.185273687024143,-15.63989728797867],[-58.185224735962329,-15.637797990447222]]]}},
{"type":"Feature","properties":{"COD_LOG":0.0,"TIPO":"RUA","NOME":"SAO SALVADOR","NOME_COMPL":"RUA SAO SALVADOR","NOME_MAPA":"R. SAO SALVADOR","COBERTURA":"TERRA","HIERARQUIA":null},"geometry":{"type":"MultiLineString","coordinates":[[[-58.183645264163353,-15.637439520161589],[-58.183284779865765,-15.638999225140788]]]}},
{"type":"Feature","properties":{"COD_LOG":0.0,"TIPO":"RUA","NOME":"SALVADOR GARCIA","NOME_COMPL":"RUA SALVADOR GARCIA","NOME_MAPA":"R. SALVADOR GARCIA","COBERTURA":"ASFALTO","HIERARQUIA":null},"geometry":{"type":"MultiLineString","coordinates":[[[-58.168832929592732,-15.633038064622243],[-58.168840433415546,-15.633039114758761],[-58.170646381248766,-15.633291784714906]]]}},
{"type":"Feature","properties":{"COD_LOG":0.0,"TIPO":"AVENIDA","NOME":"PROJETADA","NOME_COMPL":"AVENIDA PROJETADA","NOME_MAPA":"AV. PROJETADA","COBERTURA":"TERRA","HIERARQUIA":null},"geometry":{"type":"MultiLineString","coordinates":[[[-58.182536502902011,-15.619961844680507],[-58.183861030129883,-15.620269313945675]]]}},
{"type":"Feature","properties":{"COD_LOG":0.0,"TIPO":"RUA","NOME":"ARMILDO CARNIEL","NOME_COMPL":"RUA ARMILDO CARNIEL","NOME_MAPA":"R. ARMILDO CARNIEL","COBERTURA":"ASFALTO","HIERARQUIA":null},"geometry":{"type":"MultiLineString","coordinates":[[[-58.170518382769089,-15.634147850650384],[-58.168706127346312,-15.633890263012265],[-58.1687007687188,-15.633889501542848]]]}},
{"type":"Feature","properties":{"COD_LOG":0.0,"TIPO":"RUA","NOME":"LEON DENNIS III","NOME_COMPL":"RUA LEON DENNIS III","NOME_MAPA":"R. LEON DENNIS III","COBERTURA":"TERRA","HIERARQUIA":null},"geometry":{"type":"MultiLineString","coordinates":[[[-58.1689636107794,-15.63218031718157],[-58.16898483266597,-15.632183403949124],[-58.169287132257764,-15.632226003256104]]]}},
{"type":"Feature","properties":{"COD_LOG":0.0,"TIPO":"RUA","NOME":"ALLAN KARDEC","NOME_COMPL":"RUA ALLAN KARDEC","NOME_MAPA":"R. ALLAN KARDEC","COBERTURA":"ASFALTO","HIERARQUIA":null},"geometry":{"type":"MultiLineString","coordinates":[[[-58.185207140201697,-15.636892726205387],[-58.184635707818067,-15.636777238989268],[-58.182975447126601,-15.636417454152923]]]}},
{"type":"Feature","properties":{"COD_LOG":0.0,"TIPO":"RUA","NOME":"LEON DENNIS","NOME_COMPL":"RUA LEON DENNIS","NOME_MAPA":"R. LEON DENNIS","COBERTURA":"ASFALTO","HIERARQUIA":null},"geometry":{"type":"MultiLineString","coordinates":[[[-58.19040154619023,-15.635929702198416],[-58.18863714782163,-15.63595481404926],[-58.186579981021481,-15.635987244515125],[-58.185191042625817,-15.636019982616977],[-58.184033242387322,-15.635781684780271],[-58.183174456710134,-15.635581416908597]]]}},
{"type":"Feature","properties":{"COD_LOG":0.0,"TIPO":"RUA","NOME":"LEON DENNIS","NOME_COMPL":"RUA LEON DENNIS","NOME_MAPA":"R. LEON DENNIS","COBERTURA":"TERRA","HIERARQUIA":null},"geometry":{"type":"MultiLineString","coordinates":[[[-58.183174456710134,-15.635581416908597],[-58.182856372636778,-15.635507239576171],[-58.181649340677382,-15.635231856602964],[-58.18035054972178,-15.634937652187402],[-58.180281346582831,-15.634922673505242]]]}},
{"type":"Feature","properties":{"COD_LOG":0.0,"TIPO":"AVENIDA","NOME":"MATO GROSSO","NOME_COMPL":"AVENIDA MATO GROSSO","NOME_MAPA":"AV. MATO GROSSO","COBERTURA":"TERRA","HIERARQUIA":null},"geometry":{"type":"MultiLineString","coordinates":[[[-58.178865976079962,-15.635456784866003],[-58.178784787130041,-15.635624513556357],[-58.178786647371695,-15.635432874395642]]]}},
{"type":"Feature","properties":{"COD_LOG":0.0,"TIPO":"RUA","NOME":"LEON DENNIS","NOME_COMPL":"RUA LEON DENNIS","NOME_MAPA":"R. LEON DENNIS","COBERTURA":"ASFALTO","HIERARQUIA":null},"geometry":{"type":"MultiLineString","coordinates":[[[-58.180281346582831,-15.634922673505242],[-58.179057311835201,-15.634657726966957],[-58.178977953616659,-15.634639853898806]]]}},
{"type":"Feature","properties":{"COD_LOG":0.0,"TIPO":"RUA","NOME":"LEON DENNIS","NOME_COMPL":"RUA LEON DENNIS","NOME_MAPA":"R. LEON DENNIS","COBERTURA":"ASFALTO","HIERARQUIA":null},"geometry":{"type":"MultiLineString","coordinates":[[[-58.172380074751217,-15.633156161123315],[-58.171492730952309,-15.632967501785243],[-58.170718745001089,-15.632807519628082]]]}},
{"type":"Feature","properties":{"COD_LOG":0.0,"TIPO":"AVENIDA","NOME":"BELEM","NOME_COMPL":"AVENIDA BELEM","NOME_MAPA":"AV. BELEM","COBERTURA":"TERRA","HIERARQUIA":null},"geometry":{"type":"MultiLineString","coordinates":[[[-58.17256621000228,-15.632884327238793],[-58.172514613093107,-15.633011836308997]]]}},
{"type":"Feature","properties":{"COD_LOG":0.0,"TIPO":"AVENIDA","NOME":"BELEM","NOME_COMPL":"AVENIDA BELEM","NOME_MAPA":"AV. BELEM","COBERTURA":"TERRA","HIERARQUIA":null},"geometry":{"type":"MultiLineString","coordinates":[[[-58.172514613093107,-15.633011836308997],[-58.172510144027825,-15.632871051986857]]]}},
{"type":"Feature","properties":{"COD_LOG":0.0,"TIPO":"RUA","NOME":"RIO CLARO","NOME_COMPL":"RUA RIO CLARO","NOME_MAPA":"R. RIO CLARO","COBERTURA":"TERRA","HIERARQUIA":null},"geometry":{"type":"MultiLineString","coordinates":[[[-58.185912066356991,-15.63775125099118],[-58.185900512723606,-15.636879929394922],[-58.185878647407229,-15.636003776965401]]]}},
{"type":"Feature","properties":{"COD_LOG":0.0,"TIPO":"RUA","NOME":"JUAZEIRO","NOME_COMPL":"RUA JUAZEIRO","NOME_MAPA":"R. JUAZEIRO","COBERTURA":"TERRA","HIERARQUIA":null},"geometry":{"type":"MultiLineString","coordinates":[[[-58.18660994554449,-15.637736729854472],[-58.186587748562431,-15.63654567997893],[-58.186579981021481,-15.635987244515125]]]}},
{"type":"Feature","properties":{"COD_LOG":0.0,"TIPO":"RUA","NOME":"LOURENCO PERUCHI","NOME_COMPL":"RUA LOURENCO PERUCHI","NOME_MAPA":"R. LOURENCO PERUCHI","COBERTURA":"TERRA","HIERARQUIA":null},"geometry":{"type":"MultiLineString","coordinates":[[[-58.1873010940472,-15.637722667773218],[-58.187273263701798,-15.635975962607544]]]}},
{"type":"Feature","properties":{"COD_LOG":0.0,"TIPO":"RUA","NOME":"PRESIDENTE TANCREDO DE ALMEIDA NEVES","NOME_COMPL":"RUA PRESIDENTE TANCREDO DE ALMEIDA NEVES","NOME_MAPA":"R. PRESIDENTE TANCREDO DE ALMEIDA NEVES","COBERTURA":"TERRA","HIERARQUIA":null},"geometry":{"type":"MultiLineString","coordinates":[[[-58.187983289304874,-15.636108800335657],[-58.188001118565893,-15.637066877495744],[-58.188014518540335,-15.637709993281584]]]}},
{"type":"Feature","properties":{"COD_LOG":0.0,"TIPO":"RUA","NOME":"PLANO CRUZADO","NOME_COMPL":"RUA PLANO CRUZADO","NOME_MAPA":"R. PLANO CRUZADO","COBERTURA":"TERRA","HIERARQUIA":null},"geometry":{"type":"MultiLineString","coordinates":[[[-58.188700936771674,-15.636833011571335],[-58.188685726800635,-15.636079125046992]]]}},
{"type":"Feature","properties":{"COD_LOG":0.0,"TIPO":"RUA","NOME":"CAMPOS SALES","NOME_COMPL":"RUA CAMPOS SALES","NOME_MAPA":"R. CAMPOS SALES","COBERTURA":"ASFALTO","HIERARQUIA":null},"geometry":{"type":"MultiLineString","coordinates":[[[-58.170631129912536,-15.619113961709665],[-58.169469784730644,-15.618859465425185],[-58.169336701411645,-15.618829481034576]]]}},
{"type":"Feature","properties":{"COD_LOG":0.0,"TIPO":"RUA","NOME":"TEREZINHA","NOME_COMPL":"RUA TEREZINHA","NOME_MAPA":"R. TEREZINHA","COBERTURA":"TERRA","HIERARQUIA":null},"geometry":{"type":"MultiLineString","coordinates":[[[-58.168601936873927,-15.622060212075294],[-58.168306607565761,-15.621994992238395],[-58.167102438162523,-15.621726620258]]]}},
{"type":"Feature","properties":{"COD_LOG":0.0,"TIPO":"RUA","NOME":"RIO GRANDE DO SUL","NOME_COMPL":"RUA RIO GRANDE DO SUL","NOME_MAPA":"R. RIO GRANDE DO SUL","COBERTURA":"TERRA","HIERARQUIA":null},"geometry":{"type":"MultiLineString","coordinates":[[[-58.167412461141168,-15.622679454942862],[-58.167026168450754,-15.622591421553391]]]}},
{"type":"Feature","properties":{"COD_LOG":0.0,"TIPO":"RUA","NOME":"JALES","NOME_COMPL":"RUA JALES","NOME_MAPA":"R. JALES","COBERTURA":"TERRA","HIERARQUIA":null},"geometry":{"type":"MultiLineString","coordinates":[[[-58.168785327892145,-15.621222219799819],[-58.168465925526789,-15.621153050720086],[-58.167816458618333,-15.620993877552019],[-58.167179056501759,-15.620858386714538]]]}},
{"type":"Feature","properties":{"COD_LOG":0.0,"TIPO":"RUA","NOME":"AFONSO PENA","NOME_COMPL":"RUA AFONSO PENA","NOME_MAPA":"R. AFONSO PENA","COBERTURA":"TERRA","HIERARQUIA":null},"geometry":{"type":"MultiLineString","coordinates":[[[-58.169134726401225,-15.619670268093106],[-58.168538010353991,-15.619538083252088],[-58.167584135189358,-15.619338810763875]]]}},
{"type":"Feature","properties":{"COD_LOG":0.0,"TIPO":"RUA","NOME":"MARECHAL DUTRA","NOME_COMPL":"RUA MARECHAL DUTRA","NOME_MAPA":"R. MARECHAL DUTRA","COBERTURA":"TERRA","HIERARQUIA":null},"geometry":{"type":"MultiLineString","coordinates":[[[-58.169493595657649,-15.618208362822621],[-58.16987937262666,-15.616524660346315]]]}},
{"type":"Feature","properties":{"COD_LOG":0.0,"TIPO":"RUA","NOME":"AFONSO PENA","NOME_COMPL":"RUA AFONSO PENA","NOME_MAPA":"R. AFONSO PENA","COBERTURA":"ASFALTO","HIERARQUIA":null},"geometry":{"type":"MultiLineString","coordinates":[[[-58.172252005606303,-15.620331485632397],[-58.17174109584348,-15.620228528760308]]]}},
{"type":"Feature","properties":{"COD_LOG":0.0,"TIPO":"RUA","NOME":"AFONSO PENA","NOME_COMPL":"RUA AFONSO PENA","NOME_MAPA":"R. AFONSO PENA","COBERTURA":"ASFALTO","HIERARQUIA":null},"geometry":{"type":"MultiLineString","coordinates":[[[-58.171732996084906,-15.620265490387743],[-58.17146756231547,-15.620202101030115]]]}},
{"type":"Feature","properties":{"COD_LOG":0.0,"TIPO":"RUA","NOME":"AFONSO PENA","NOME_COMPL":"RUA AFONSO PENA","NOME_MAPA":"R. AFONSO PENA","COBERTURA":"ASFALTO","HIERARQUIA":null},"geometry":{"type":"MultiLineString","coordinates":[[[-58.170016141589663,-15.619865484314415],[-58.169134726401225,-15.619670268093106]]]}},
{"type":"Feature","properties":{"COD_LOG":0.0,"TIPO":"RUA","NOME":"PRESIDENTE GEISEL","NOME_COMPL":"RUA PRESIDENTE GEISEL","NOME_MAPA":"R. PRESIDENTE GEISEL","COBERTURA":"TERRA","HIERARQUIA":null},"geometry":{"type":"MultiLineString","coordinates":[[[-58.170285875012524,-15.616613312056353],[-58.16987937262666,-15.616524660346315]]]}},
{"type":"Feature","properties":{"COD_LOG":0.0,"TIPO":"RUA","NOME":"PRESIDENTE GEISEL","NOME_COMPL":"RUA PRESIDENTE GEISEL","NOME_MAPA":"R. PRESIDENTE GEISEL","COBERTURA":"ASFALTO","HIERARQUIA":null},"geometry":{"type":"MultiLineString","coordinates":[[[-58.170753329491681,-15.616715254541269],[-58.170285875012524,-15.616613312056353]]]}},
{"type":"Feature","properties":{"COD_LOG":0.0,"TIPO":"RUA","NOME":"PRESIDENTE GEISEL","NOME_COMPL":"RUA PRESIDENTE GEISEL","NOME_MAPA":"R. PRESIDENTE GEISEL","COBERTURA":"TERRA","HIERARQUIA":null},"geometry":{"type":"MultiLineString","coordinates":[[[-58.171855337933373,-15.616955578055654],[-58.170753329491681,-15.616715254541269]]]}}
]
}
