{
"type": "FeatureCollection",
"name": "Quadras",
"crs": { "type": "name", "properties": { "name": "urn:ogc:def:crs:OGC:1.3:CRS84" } },
"features": [
{"type":"Feature","properties":{"OBJECTID":438,"QUADRA":"4","SETOR":"2","BAIRRO":"JD. BANDEIRANTES I","SHAPE_AREA":1049.00456141,"SHAPE_LEN":152.44127560199999},"geometry":{"type":"MultiPolygon","coordinates":[[[[-58.191403823878971,-15.627338497365395],[-58.191948551849592,-15.627337640990117],[-58.19194220025728,-15.627174691682242],[-58.191401475192031,-15.627175541649297],[-58.191403823878971,-15.627338497365395]]]]}},
{"type":"Feature","properties":{"OBJECTID":495,"QUADRA":"5","SETOR":"3","BAIRRO":"RESIDENCIAL  ARANTES","SHAPE_AREA":4241.7135122899999,"SHAPE_LEN":266.09103239900003},"geometry":{"type":"MultiPolygon","coordinates":[[[[-58.183687493389769,-15.621832448918207],[-58.183815520546474,-15.621860412392962],[-58.183869404899582,-15.621626920246307],[-58.18392328821129,-15.621393427191206],[-58.183795261339355,-15.621365463759043],[-58.183676973377679,-15.62133962796241],[-58.183558685435997,-15.621313791196032],[-58.183322110566095,-15.621262118364506],[-58.183194723567823,-15.62123429484328],[-58.183164992222693,-15.621361538047351],[-58.183140273423845,-15.621467327123545],[-58.183086314551112,-15.621701140433016],[-58.183214341569261,-15.621729104270109],[-58.183332629718493,-15.621754940303708],[-58.183450917892912,-15.621780776271443],[-58.183569206097701,-15.62180661307718],[-58.183687493389769,-15.621832448918207]]]]}},
{"type":"Feature","properties":{"OBJECTID":459,"QUADRA":"40","SETOR":"4","BAIRRO":"JD. ZEFERINO I","SHAPE_AREA":4005.54397543,"SHAPE_LEN":284.69492040199998},"geometry":{"type":"MultiPolygon","coordinates":[[[[-58.166749889596836,-15.624569892149305],[-58.167019137896666,-15.624643742070319],[-58.167048973456822,-15.624558101474239],[-58.167078809927226,-15.624472460870184],[-58.167257824535874,-15.623958615394651],[-58.167000755652303,-15.623905602094052],[-58.166882792454125,-15.623881275858295],[-58.166768114564036,-15.623857626297857],[-58.166663836064018,-15.62383612152235],[-58.166580564034206,-15.62407514513451],[-58.166682225998706,-15.624096110655952],[-58.166611664490873,-15.624344330904517],[-58.166809561839585,-15.624398611007422],[-58.166779725263098,-15.624484251582343],[-58.166749889596836,-15.624569892149305]]]]}},
{"type":"Feature","properties":{"OBJECTID":503,"QUADRA":"50","SETOR":"4","BAIRRO":"JD. ZEFERINO  II","SHAPE_AREA":6383.5559340500004,"SHAPE_LEN":320.000134479},"geometry":{"type":"MultiPolygon","coordinates":[[[[-58.172650722648982,-15.630517852404433],[-58.172787111079288,-15.630548107638452],[-58.172807741269779,-15.630418754658924],[-58.17282700153293,-15.630297986192209],[-58.172844097553316,-15.630190791542326],[-58.172861194492683,-15.630083596886321],[-58.172880071063737,-15.629965239383706],[-58.172901084806668,-15.629833475428626],[-58.172764697778398,-15.629803220227215],[-58.17265104070394,-15.629778007499091],[-58.172537384585979,-15.629752794705125],[-58.172423727559,-15.629727581855294],[-58.172310071483395,-15.629702368035732],[-58.172173683670508,-15.629672112459597],[-58.172133791547793,-15.62992223385211],[-58.172116695165784,-15.630029428473042],[-58.172099598769961,-15.630136623092845],[-58.172059706507582,-15.630386744473872],[-58.17219609478974,-15.630417000087629],[-58.172309752184034,-15.630442213029646],[-58.172423408669303,-15.630467425915802],[-58.172537065178318,-15.630492638741096],[-58.172650722648982,-15.630517852404433]]]]}},
{"type":"Feature","properties":{"OBJECTID":279,"QUADRA":"18","SETOR":"1","BAIRRO":"JD. ZEFERINO I","SHAPE_AREA":6399.9356131799996,"SHAPE_LEN":319.998502153},"geometry":{"type":"MultiPolygon","coordinates":[[[[-58.171450038570107,-15.62350938792588],[-58.171813959553248,-15.623589086588904],[-58.171895594387728,-15.623236293185945],[-58.171920084794316,-15.623130455612657],[-58.171948657362705,-15.623006976329735],[-58.171977228974377,-15.622883497952957],[-58.171840759269273,-15.62285361109533],[-58.171727034229832,-15.622828705315339],[-58.171613310146519,-15.622803799469498],[-58.171499585159026,-15.622778894471629],[-58.171385860189794,-15.622753988509025],[-58.171249390630685,-15.622724101271531],[-58.171192244662109,-15.622971058807021],[-58.171167753899041,-15.623076898132714],[-58.17108611875932,-15.623429688634509],[-58.171222588776871,-15.623459575941199],[-58.171336314128155,-15.623484481961489],[-58.171450038570107,-15.62350938792588]]]]}},
{"type":"Feature","properties":{"OBJECTID":134,"QUADRA":"1","SETOR":"2","BAIRRO":"JARDIM PERUCHI","SHAPE_AREA":1611.1436821100001,"SHAPE_LEN":173.28968523},"geometry":{"type":"MultiPolygon","coordinates":[[[[-58.185235440247439,-15.634045101424585],[-58.185235964480057,-15.634193438473163],[-58.185497122374663,-15.634188769629244],[-58.185637039567112,-15.634186268016517],[-58.185781651998575,-15.634183683085187],[-58.185780748908542,-15.633994554876042],[-58.185636391395818,-15.63396523599434],[-58.185496014169267,-15.633936725290262],[-58.185233959346291,-15.633885967875495],[-58.185235440247439,-15.634045101424585]]]]}},
{"type":"Feature","properties":{"OBJECTID":547,"QUADRA":"7","SETOR":"1","BAIRRO":"NUCLEO URBANO","SHAPE_AREA":6409.2845484,"SHAPE_LEN":320.23302500599999},"geometry":{"type":"MultiPolygon","coordinates":[[[[-58.180786055763456,-15.630220937590272],[-58.180924432091707,-15.630252240900735],[-58.180982637915641,-15.630005518141601],[-58.181007583620286,-15.629899777744665],[-58.181032529318664,-15.629794040057313],[-58.181061887107489,-15.629669595771967],[-58.181090735833976,-15.629547313656806],[-58.18095448387043,-15.629516490712842],[-58.180840941063096,-15.629490805308755],[-58.180727398274797,-15.629465118940011],[-58.18061385458315,-15.629439433419384],[-58.180500311848476,-15.629413747832949],[-58.180364060036084,-15.629382924509684],[-58.180305108278858,-15.62962948303972],[-58.180279843736159,-15.629735150974785],[-58.180254579171304,-15.629840818907732],[-58.180195629019472,-15.630087371079226],[-58.180331881288055,-15.63011819447471],[-58.180445424402897,-15.630143880121324],[-58.180558968479893,-15.630169566606],[-58.180672511643188,-15.630195252131035],[-58.180786055763456,-15.630220937590272]]]]}},
{"type":"Feature","properties":{"OBJECTID":159,"QUADRA":"1","SETOR":"3","BAIRRO":"RESIDENCIAL SOLARES","SHAPE_AREA":8202.7574110099995,"SHAPE_LEN":363.99986023999998},"geometry":{"type":"MultiPolygon","coordinates":[[[[-58.187495170678829,-15.620127552549331],[-58.187502725049704,-15.620380536572576],[-58.187633255709599,-15.620377024775825],[-58.187745140059931,-15.620374015114216],[-58.187857023464851,-15.620371004496992],[-58.187968907794996,-15.620367993817901],[-58.188080791190131,-15.62036498399093],[-58.188192667507408,-15.620361718340186],[-58.188304543822092,-15.620358453536531],[-58.188435066181171,-15.620354644828472],[-58.188427511604402,-15.620101660911292],[-58.188424002802549,-15.619984203839103],[-58.188412940450924,-15.619613763733028],[-58.187480602659058,-15.619639656055615],[-58.187491663343501,-15.620010096324389],[-58.187495170678829,-15.620127552549331]]]]}},
{"type":"Feature","properties":{"OBJECTID":454,"QUADRA":"4","SETOR":"4","BAIRRO":"JD. ARATAKA","SHAPE_AREA":3229.606976,"SHAPE_LEN":241.067701137},"geometry":{"type":"MultiPolygon","coordinates":[[[[-58.173009583050117,-15.618008693734595],[-58.17319483800479,-15.618048895158688],[-58.17321314124721,-15.61795925605594],[-58.173234023914205,-15.617872152195362],[-58.173254965735708,-15.617783972364492],[-58.173274471127613,-15.61769579116827],[-58.173294736641871,-15.617606783351135],[-58.173314403136075,-15.617519053246244],[-58.173335855073873,-15.617428737456436],[-58.173355718004892,-15.617342750844994],[-58.173172950335314,-15.617301894451092],[-58.172989120013682,-15.617261143006884],[-58.172968277068726,-15.617351961709094],[-58.172947351985997,-15.617441461140015],[-58.172926570597568,-15.617531628695174],[-58.172906719215582,-15.617618040054854],[-58.17288680952192,-15.617705681042114],[-58.172868219266562,-15.617792438187605],[-58.17284810201442,-15.617881309598326],[-58.17282729696241,-15.617970609519062],[-58.173009583050117,-15.618008693734595]]]]}},
{"type":"Feature","properties":{"OBJECTID":271,"QUADRA":"17","SETOR":"4","BAIRRO":"JD. VISTA ALEGRE","SHAPE_AREA":3836.58160886,"SHAPE_LEN":256.01071099900003},"geometry":{"type":"MultiPolygon","coordinates":[[[[-58.168419910635961,-15.617912269298225],[-58.168556153495743,-15.617943100713525],[-58.168613809745004,-15.617696253014072],[-58.168634788607505,-15.617607344749302],[-58.168655394020277,-15.617520022122839],[-58.168293918518273,-15.617438222704841],[-58.167928676724223,-15.617355569526721],[-58.167888488066026,-15.617532116497266],[-58.167829526251587,-15.61777866638719],[-58.167965768960045,-15.617809498181366],[-58.168079304108183,-15.617835190826916],[-58.168192839280593,-15.617860883411764],[-58.168306375415057,-15.617886576834815],[-58.168419910635961,-15.617912269298225]]]]}},
{"type":"Feature","properties":{"OBJECTID":460,"QUADRA":"41","SETOR":"2","BAIRRO":"JD. POPULAR","SHAPE_AREA":9479.9971253500007,"SHAPE_LEN":396.99983684},"geometry":{"type":"MultiPolygon","coordinates":[[[[-58.180348706895941,-15.633120009040177],[-58.180603117369209,-15.63317725481309],[-58.180634614605658,-15.633045151107579],[-58.180660860412537,-15.632935064995143],[-58.180687108050627,-15.63282497706262],[-58.180713353809601,-15.632714890945627],[-58.180739601404966,-15.632604803912423],[-58.180771096626387,-15.632472700202724],[-58.180516686995141,-15.632415452756357],[-58.180403111632771,-15.632389897568187],[-58.180289535351363,-15.632364340516466],[-58.180175960037175,-15.63233878520666],[-58.180062383803957,-15.632313228033302],[-58.179948807594805,-15.632287670799116],[-58.179817829140511,-15.632258198260612],[-58.179694399297397,-15.632230424169194],[-58.179662900601315,-15.632362527787343],[-58.179636654302669,-15.632472613817793],[-58.17961040612488,-15.632582701663756],[-58.179584159778308,-15.632692787689646],[-58.179557911547413,-15.632802874627149],[-58.179526414567341,-15.632934978221044],[-58.179780825582647,-15.632992224975295],[-58.179894402172295,-15.633017782269462],[-58.180007977853279,-15.633043339507811],[-58.180121554480756,-15.633068894872574],[-58.180235130209915,-15.633094451989292],[-58.180348706895941,-15.633120009040177]]]]}},
{"type":"Feature","properties":{"OBJECTID":7,"QUADRA":"104","SETOR":"2","BAIRRO":"JARDIM POPULAR II","SHAPE_AREA":4656.9449544999998,"SHAPE_LEN":276.17124121900002},"geometry":{"type":"MultiPolygon","coordinates":[[[[-58.185457876599159,-15.631159094956177],[-58.185738555619757,-15.631157966950722],[-58.185736578683425,-15.630908463617361],[-58.185734979016317,-15.630795827582737],[-58.185732472811921,-15.630682889118059],[-58.185728953588075,-15.630434442638304],[-58.185449461471997,-15.630434172141555],[-58.185186986276513,-15.630436032979322],[-58.185189209794402,-15.63054853008525],[-58.185190732608923,-15.63068515621196],[-58.185193107587295,-15.630796414146477],[-58.185192818532798,-15.630911564224462],[-58.185194845574784,-15.631023953917799],[-58.185198651706138,-15.631160224220265],[-58.185457876599159,-15.631159094956177]]]]}},
{"type":"Feature","properties":{"OBJECTID":396,"QUADRA":"3","SETOR":"4","BAIRRO":"JD. VISTA ALEGRE","SHAPE_AREA":4027.7167762700001,"SHAPE_LEN":260.67726634000002},"geometry":{"type":"MultiPolygon","coordinates":[[[[-58.168711854859616,-15.620112591242993],[-58.168963418560544,-15.620161275288739],[-58.168987461631467,-15.620053305286731],[-58.169012054957435,-15.619942860156655],[-58.169061242490763,-15.619721972597079],[-58.168924530339162,-15.619693149856031],[-58.168810604360075,-15.619669132942974],[-58.168696677470706,-15.619645115973883],[-58.168582751536498,-15.619621098938817],[-58.168468824686869,-15.61959708094385],[-58.168332113623386,-15.619568260528828],[-58.168282925331759,-15.619789149786799],[-58.168257406547532,-15.619903746928513],[-58.168231867726632,-15.620018433661706],[-58.168369032077337,-15.620045222427636],[-58.168483333009384,-15.62006756080887],[-58.16859765304703,-15.620089810443993],[-58.168711854859616,-15.620112591242993]]]]}},
{"type":"Feature","properties":{"OBJECTID":391,"QUADRA":"3","SETOR":"3","BAIRRO":"RESIDENCIAL  ARANTES","SHAPE_AREA":6399.9836430799996,"SHAPE_LEN":319.999923405},"geometry":{"type":"MultiPolygon","coordinates":[[[[-58.184300686290356,-15.622848899964049],[-58.184546435230516,-15.622902247652405],[-58.184575191548781,-15.622778809602091],[-58.184601894217487,-15.622664188486207],[-58.184628596855767,-15.622549566464082],[-58.184655299473995,-15.622434945343489],[-58.184710758247341,-15.622196886157349],[-58.18446501106034,-15.622143537685314],[-58.184346688001078,-15.622117851619409],[-58.184228364966835,-15.622092165487601],[-58.183982617991646,-15.622038816457586],[-58.183953861388432,-15.622162255359722],[-58.183927158397893,-15.622276876422379],[-58.183900455382144,-15.622391497482672],[-58.183873752341157,-15.622506118540604],[-58.183847049280125,-15.622620740500061],[-58.183818291601042,-15.622744178490461],[-58.184064040329353,-15.622797526736829],[-58.184182362828395,-15.622823212933969],[-58.184300686290356,-15.622848899964049]]]]}},
{"type":"Feature","properties":{"OBJECTID":226,"QUADRA":"13","SETOR":"3","BAIRRO":"JD. ITALIA III","SHAPE_AREA":2513.26474813,"SHAPE_LEN":249.73075259199999},"geometry":{"type":"MultiPolygon","coordinates":[[[[-58.173136049437872,-15.612302499788955],[-58.173251614281924,-15.612327690970092],[-58.173293606295879,-15.612132481471175],[-58.173271811751029,-15.612100502747818],[-58.173183636325369,-15.612081282040132],[-58.173068345251352,-15.612056150817153],[-58.172953053258261,-15.612031017728899],[-58.172837762232028,-15.612005886380894],[-58.172722470291859,-15.61198075407148],[-58.172607178380716,-15.611955622603414],[-58.17249188742101,-15.611930490163974],[-58.172382692738317,-15.611906686412821],[-58.172335105010724,-15.612127904951713],[-58.172444298870836,-15.612151707819482],[-58.172559590884894,-15.61217684027033],[-58.172674881990162,-15.612201972663636],[-58.172790174046852,-15.612227104085555],[-58.172905465199918,-15.612252236353825],[-58.173020757304371,-15.612277367650707],[-58.173136049437872,-15.612302499788955]]]]}},
{"type":"Feature","properties":{"OBJECTID":25,"QUADRA":"57A","SETOR":"4","BAIRRO":"JD. ZEFERINO  II","SHAPE_AREA":2799.777231,"SHAPE_LEN":231.85073174799999},"geometry":{"type":"MultiPolygon","coordinates":[[[[-58.171499119733703,-15.632470319452116],[-58.171592515170133,-15.63248735656097],[-58.171616953253178,-15.632339518265059],[-58.171642092002884,-15.632182031514452],[-58.171551906482392,-15.632163521983399],[-58.17146162240639,-15.632147363104339],[-58.171371525666466,-15.632128057582893],[-58.171283226331134,-15.632113162543822],[-58.171189363773195,-15.632095965080245],[-58.171097348134211,-15.632080402831914],[-58.171006655810928,-15.632061335351944],[-58.170892038523803,-15.632040849833661],[-58.170871902630786,-15.632174356238304],[-58.170845641743,-15.632346230124199],[-58.170944493457803,-15.632364820238756],[-58.171035818323837,-15.632381913837328],[-58.171125397407636,-15.632397109467364],[-58.171224464701567,-15.632417515159275],[-58.171317414091185,-15.632436498174359],[-58.171409000236196,-15.632453599257566],[-58.171499119733703,-15.632470319452116]]]]}},
{"type":"Feature","properties":{"OBJECTID":504,"QUADRA":"51","SETOR":"2","BAIRRO":"JD. POPULAR","SHAPE_AREA":5639.1862285999996,"SHAPE_LEN":303.20911651099999},"geometry":{"type":"MultiPolygon","coordinates":[[[[-58.178992666546101,-15.633696509067388],[-58.179128957558653,-15.633727180995521],[-58.179161999754967,-15.633588260007381],[-58.179187617363091,-15.633480559193304],[-58.179212755781222,-15.633374864914355],[-58.179238641377715,-15.633269338359224],[-58.179296556547015,-15.633022546987119],[-58.179160265996359,-15.632991876034639],[-58.179046689474028,-15.632966316545218],[-58.178933114836163,-15.632940756081082],[-58.178819539294793,-15.632915196465014],[-58.178705963777531,-15.632889636788134],[-58.178569673372088,-15.632858964552275],[-58.178571616629256,-15.633119227848436],[-58.178572458138873,-15.633230771795096],[-58.178573308043639,-15.633342314791618],[-58.178573951373167,-15.633428347926392],[-58.178575252251413,-15.633602571743733],[-58.178651939635522,-15.633619829313371],[-58.178765514629873,-15.633645389898126],[-58.178879089643161,-15.633670949518191],[-58.178992666546101,-15.633696509067388]]]]}},
{"type":"Feature","properties":{"OBJECTID":154,"QUADRA":"1","SETOR":"3","BAIRRO":"JD. SANTA ROSA II","SHAPE_AREA":917.03320600999996,"SHAPE_LEN":127.23406733},"geometry":{"type":"MultiPolygon","coordinates":[[[[-58.182819195053156,-15.623399890799393],[-58.182965038673139,-15.623432882952986],[-58.182960740941439,-15.623292682167783],[-58.182957302764308,-15.623180521357222],[-58.182953577792006,-15.623059017503365],[-58.182791422743591,-15.623022335789409],[-58.182765191595784,-15.623137061772951],[-58.182740976793625,-15.623242966510652],[-58.182710709200485,-15.623375348554873],[-58.182819195053156,-15.623399890799393]]]]}},
{"type":"Feature","properties":{"OBJECTID":65,"QUADRA":"82","SETOR":"2","BAIRRO":"JD. POPULAR","SHAPE_AREA":6401.55206034,"SHAPE_LEN":319.998974127},"geometry":{"type":"MultiPolygon","coordinates":[[[[-58.182391432737006,-15.637977171318523],[-58.182527723353232,-15.638007858989416],[-58.182556473016341,-15.637887020822669],[-58.182586415375596,-15.637761248128498],[-58.182611569176707,-15.637655554398075],[-58.182637466453087,-15.637550030206416],[-58.182695415667325,-15.637303246162926],[-58.182559126440751,-15.637272558558745],[-58.182445552734507,-15.637246985635652],[-58.182331978114391,-15.637221411752863],[-58.182218403523585,-15.637195838713108],[-58.182104829884494,-15.637170264703618],[-58.181968539870397,-15.63713957582098],[-58.181938895286628,-15.637264140136885],[-58.181909846321631,-15.637386192901289],[-58.181884692177064,-15.637491886576408],[-58.18185953800009,-15.637597578441682],[-58.18180084511976,-15.637844188264751],[-58.181937135590701,-15.637874877219165],[-58.182050709605335,-15.637900450384581],[-58.182164285514823,-15.637926024382983],[-58.182277858644859,-15.637951597431746],[-58.182391432737006,-15.637977171318523]]]]}},
{"type":"Feature","properties":{"OBJECTID":478,"QUADRA":"5","SETOR":"2","BAIRRO":"RESIDENCIAL BERTINI","SHAPE_AREA":1740.25370537,"SHAPE_LEN":168.92995335500001},"geometry":{"type":"MultiPolygon","coordinates":[[[[-58.188834754740483,-15.631150550656947],[-58.188944913758874,-15.631150151700922],[-58.188943841931994,-15.630827826105818],[-58.188833682153152,-15.630828225054362],[-58.188721750636653,-15.6308287212252],[-58.188488559805862,-15.630829565966563],[-58.188488916704209,-15.630937038282095],[-58.188489274018458,-15.631044420203887],[-58.188489630399253,-15.631151801225807],[-58.188606226468487,-15.631151379322265],[-58.188722822527424,-15.631150956452895],[-58.188834754740483,-15.631150550656947]]]]}},
{"type":"Feature","properties":{"OBJECTID":158,"QUADRA":"1","SETOR":"4","BAIRRO":"JD. VISTA ALEGRE","SHAPE_AREA":284.93916293500001,"SHAPE_LEN":108.524292422},"geometry":{"type":"MultiPolygon","coordinates":[[[[-58.169986918448856,-15.620378113940198],[-58.170076328243731,-15.620396962146215],[-58.170100150993314,-15.61995787454069],[-58.170081375743401,-15.619953916948941],[-58.169986918448856,-15.620378113940198]]]]}},
{"type":"Feature","properties":{"OBJECTID":281,"QUADRA":"18","SETOR":"4","BAIRRO":"JD. VISTA ALEGRE","SHAPE_AREA":6399.9377660299997,"SHAPE_LEN":319.99861644700002},"geometry":{"type":"MultiPolygon","coordinates":[[[[-58.170627769286654,-15.617497872594731],[-58.171354398013079,-15.617662297572766],[-58.171463893586662,-15.617204410726503],[-58.171522852709309,-15.616957855627783],[-58.171159539434541,-15.616875643190726],[-58.170796226413074,-15.616793431035795],[-58.170627769286654,-15.617497872594731]]]]}},
{"type":"Feature","properties":{"OBJECTID":274,"QUADRA":"18","SETOR":"4","BAIRRO":"JD. RONDON","SHAPE_AREA":6421.4168667000004,"SHAPE_LEN":320.46687975200001},"geometry":{"type":"MultiPolygon","coordinates":[[[[-58.169972718892033,-15.63226893850088],[-58.170103162831147,-15.632287252057809],[-58.170122219029359,-15.632160639242182],[-58.170139255867959,-15.632044730445276],[-58.170156671652109,-15.631929850082907],[-58.170173102130207,-15.631810654286586],[-58.170191187944496,-15.631695171959823],[-58.170210989444897,-15.631568737751492],[-58.170073582488733,-15.631549575531658],[-58.169953230137317,-15.631532600134841],[-58.169839161429259,-15.631516666819605],[-58.169731067163468,-15.631501533188834],[-58.169602487840748,-15.63148295634112],[-58.169472800390523,-15.631464710730592],[-58.169452643926348,-15.631591464969668],[-58.169434867818744,-15.631705380039605],[-58.169417385440383,-15.631823388253922],[-58.169402187756319,-15.631939639743571],[-58.169382758416234,-15.632056465171692],[-58.169364445969066,-15.63218107634755],[-58.169488052158087,-15.632199345370298],[-58.169622809328423,-15.632218323198252],[-58.169734807221708,-15.632235831406136],[-58.169843066439391,-15.63225037658894],[-58.169972718892033,-15.63226893850088]]]]}},
{"type":"Feature","properties":{"OBJECTID":579,"QUADRA":"8","SETOR":"3","BAIRRO":"RESIDENCIAL  ARANTES","SHAPE_AREA":261.9608934,"SHAPE_LEN":65.281005426500002},"geometry":{"type":"MultiPolygon","coordinates":[[[[-58.182901732032803,-15.621311415961374],[-58.183030850533683,-15.621339618097174],[-58.183062015713752,-15.621205407096548],[-58.182889093880831,-15.621167636320669],[-58.182890542793928,-15.621308972429896],[-58.182901732032803,-15.621311415961374]]]]}},
{"type":"Feature","properties":{"OBJECTID":578,"QUADRA":"8","SETOR":"2","BAIRRO":"JD. SAO JOSE","SHAPE_AREA":3023.9979820399999,"SHAPE_LEN":240.00002574600001},"geometry":{"type":"MultiPolygon","coordinates":[[[[-58.190388553974451,-15.62276074210946],[-58.190391329949136,-15.622923420849634],[-58.190503245687019,-15.622921754535668],[-58.190615160480895,-15.622920087265918],[-58.190727075273948,-15.622918420843098],[-58.190838990060961,-15.622916754363327],[-58.190950904841912,-15.622915087826614],[-58.19106282054954,-15.622913421227903],[-58.191174735313176,-15.622911753673421],[-58.191171957799419,-15.622749076798927],[-58.191169181221845,-15.622586398108908],[-58.191057266629215,-15.6225880647444],[-58.190945351097817,-15.62258973132802],[-58.190833437425809,-15.622591397844554],[-58.190721521887532,-15.622593065218158],[-58.190609607270709,-15.622594731625856],[-58.190497692647824,-15.62259639797664],[-58.190385777086171,-15.622598064275506],[-58.190388553974451,-15.62276074210946]]]]}},
{"type":"Feature","properties":{"OBJECTID":74,"QUADRA":"93","SETOR":"2","BAIRRO":"JD. POPULAR","SHAPE_AREA":2874.5695738499999,"SHAPE_LEN":223.434757082},"geometry":{"type":"MultiPolygon","coordinates":[[[[-58.179567649954144,-15.638231918027223],[-58.17993115873206,-15.638313468240785],[-58.179962869906525,-15.638181412273372],[-58.179988238073776,-15.63807576732029],[-58.180013607151544,-15.637970122360032],[-58.180038975274257,-15.637864477402685],[-58.179990006508312,-15.637742155796158],[-58.179932476611597,-15.637590079340772],[-58.179732547750348,-15.637545227336252],[-58.179700836493694,-15.637677283281274],[-58.179675468210583,-15.637782928211671],[-58.179650098972424,-15.637888573144931],[-58.179624729706816,-15.637994217172203],[-58.179599361356914,-15.638099862096174],[-58.179567649954144,-15.638231918027223]]]]}},
{"type":"Feature","properties":{"OBJECTID":377,"QUADRA":"3","SETOR":"1","BAIRRO":"NUCLEO URBANO","SHAPE_AREA":6409.3030745699998,"SHAPE_LEN":320.23356342800002},"geometry":{"type":"MultiPolygon","coordinates":[[[[-58.177148190208662,-15.629408683882618],[-58.177286569334314,-15.629439990449793],[-58.177344778495538,-15.629193268358064],[-58.177369726035394,-15.629087529148903],[-58.177394672620672,-15.62898178994266],[-58.177452882473233,-15.628735064209511],[-58.177316631433996,-15.628704238929203],[-58.177203089396919,-15.628678551578197],[-58.177089546451327,-15.628652864171432],[-58.176976004457558,-15.628627175794993],[-58.176862461560418,-15.628601488266675],[-58.17672621067242,-15.628570662607133],[-58.176667255583133,-15.628817220456877],[-58.176641989212641,-15.628922888102528],[-58.176616721892373,-15.629028556654939],[-58.176596718461418,-15.629112210322138],[-58.176557767470548,-15.629275107247231],[-58.176694018814672,-15.629305932979083],[-58.176807562091895,-15.629331620567664],[-58.176921104465769,-15.629357309004345],[-58.17703464779148,-15.629382996471369],[-58.177148190208662,-15.629408683882618]]]]}},
{"type":"Feature","properties":{"OBJECTID":131,"QUADRA":"1","SETOR":"2","BAIRRO":"JARDIM PERUCHI","SHAPE_AREA":3391.3560422599999,"SHAPE_LEN":233.120006133},"geometry":{"type":"MultiPolygon","coordinates":[[[[-58.189896638834853,-15.637543914897666],[-58.189898061372986,-15.637645140768313],[-58.190177881836561,-15.637641845419358],[-58.190462924749134,-15.63763848792283],[-58.190455807914844,-15.637132356881564],[-58.190338657175616,-15.637133736614288],[-58.190226728902331,-15.637135054499941],[-58.190170765701573,-15.637135714320188],[-58.190114801561378,-15.637136373227357],[-58.19000287421477,-15.637137691897756],[-58.189890945924461,-15.637139009612309],[-58.189892369375016,-15.637240235481974],[-58.189893791903096,-15.637341462259554],[-58.189895215363812,-15.637442688127175],[-58.189896638834853,-15.637543914897666]]]]}},
{"type":"Feature","properties":{"OBJECTID":472,"QUADRA":"48","SETOR":"4","BAIRRO":"JD. ZEFERINO  II","SHAPE_AREA":9256.1509519699994,"SHAPE_LEN":391.99991796699999},"geometry":{"type":"MultiPolygon","coordinates":[[[[-58.172674427956693,-15.629627131272828],[-58.172925027209395,-15.629680198149602],[-58.172962360396362,-15.629429706189145],[-58.172978360314723,-15.629322352877432],[-58.172994360220414,-15.629214999564681],[-58.173010360108293,-15.629107645346991],[-58.173022093165493,-15.629028919041534],[-58.173026359988654,-15.629000292032147],[-58.173042359856339,-15.628892938716245],[-58.173079692826541,-15.628642446737844],[-58.172943003419597,-15.628613501168763],[-58.172829095766737,-15.62858938084776],[-58.172715188131299,-15.628565259561862],[-58.172601279585663,-15.628541138219894],[-58.172487371995338,-15.628517016811937],[-58.172350682734269,-15.628488071765942],[-58.172313348877694,-15.628738562778787],[-58.172297348637471,-15.628845916972141],[-58.172281348379428,-15.628953270260572],[-58.172265348108724,-15.62906062354795],[-58.17224934782535,-15.629167976834287],[-58.172233347534458,-15.629275331023445],[-58.172196013461061,-15.629525822018358],[-58.172332703411804,-15.629554768016149],[-58.172446611572596,-15.629578889464039],[-58.172560519755933,-15.629603010850884],[-58.172674427956693,-15.629627131272828]]]]}},
{"type":"Feature","properties":{"OBJECTID":109,"QUADRA":null,"SETOR":null,"BAIRRO":null,"SHAPE_AREA":37070.727537799998,"SHAPE_LEN":783.81288516500001},"geometry":{"type":"MultiPolygon","coordinates":[[[[-58.186688699096798,-15.627835603932033],[-58.188576293218439,-15.628225452238798],[-58.188572163673143,-15.626588396386044],[-58.187930021317619,-15.626452774808055],[-58.186665652104217,-15.626155883739045],[-58.1866711296246,-15.626406715893268],[-58.186673767968891,-15.626527487793096],[-58.186676406326704,-15.626648260595262],[-58.186681884850373,-15.626899092731357],[-58.186683602198251,-15.627034862683086],[-58.186685009235021,-15.627255889757595],[-58.186686143727272,-15.627434118385093],[-58.186686280368868,-15.627455579973867],[-58.186688699096798,-15.627835603932033]]]]}},
{"type":"Feature","properties":{"OBJECTID":112,"QUADRA":null,"SETOR":null,"BAIRRO":null,"SHAPE_AREA":4103.4231464699997,"SHAPE_LEN":272.59164242399999},"geometry":{"type":"MultiPolygon","coordinates":[[[[-58.167533372184572,-15.625350542982877],[-58.167795522441239,-15.625372863321903],[-58.167821369988992,-15.625255746184989],[-58.167844778428993,-15.625149676966226],[-58.167874039881902,-15.625017090209225],[-58.167746281633981,-15.624990902122416],[-58.167618523413353,-15.624964713958933],[-58.16755464431327,-15.624951619848428],[-58.16734110454032,-15.624907848465151],[-58.167085588299507,-15.624855471575239],[-58.167038272219095,-15.624984356928922],[-58.166922919911549,-15.625298564085446],[-58.167248751938445,-15.625326308028205],[-58.167467834154259,-15.625344961947171],[-58.167533372184572,-15.625350542982877]]]]}},
{"type":"Feature","properties":{"OBJECTID":114,"QUADRA":null,"SETOR":null,"BAIRRO":null,"SHAPE_AREA":26430.3653935,"SHAPE_LEN":884.36209759400003},"geometry":{"type":"MultiPolygon","coordinates":[[[[-58.168203295044229,-15.62421490882765],[-58.168125543173268,-15.624568528453906],[-58.16804973522656,-15.624913306505908],[-58.167942937932366,-15.625399024497471],[-58.168206434313916,-15.625414938392042],[-58.169194024269402,-15.625496115165932],[-58.169291659280937,-15.624963777575807],[-58.169457333877808,-15.624997077172704],[-58.169632486905201,-15.62503228219278],[-58.169806977559396,-15.625067458962556],[-58.170172219707084,-15.625141059001175],[-58.170240323321778,-15.625154782433912],[-58.170292203764021,-15.624918050168102],[-58.170589438353673,-15.624973016452929],[-58.170957757313921,-15.625041127400767],[-58.171013946007839,-15.624683509334879],[-58.17064587878955,-15.624613789945341],[-58.170302045845716,-15.624548660024168],[-58.169935875508266,-15.62447929899737],[-58.169760937996244,-15.624446161189562],[-58.169585359966888,-15.624412901911988],[-58.169399163192807,-15.624377630917005],[-58.169387852584691,-15.624439299899764],[-58.168459613572836,-15.624263463869063],[-58.168331454296066,-15.624239186386841],[-58.168203295044229,-15.62421490882765]]]]}},
{"type":"Feature","properties":{"OBJECTID":117,"QUADRA":null,"SETOR":null,"BAIRRO":null,"SHAPE_AREA":4680.2198107800004,"SHAPE_LEN":279.23721971200001},"geometry":{"type":"MultiPolygon","coordinates":[[[[-58.187066618307675,-15.623674327262751],[-58.187462068873543,-15.623679662705253],[-58.187444752284179,-15.623410708940794],[-58.187432298113393,-15.623156475175893],[-58.187284922243727,-15.623158725836364],[-58.187163515607388,-15.62316170912346],[-58.18692137985888,-15.623174057926196],[-58.186818337279689,-15.62317721289633],[-58.186662762475009,-15.623181895588049],[-58.186666414812066,-15.623393614836141],[-58.186671168224663,-15.62366908059008],[-58.187066618307675,-15.623674327262751]]]]}},
{"type":"Feature","properties":{"OBJECTID":245,"QUADRA":"15","SETOR":"1","BAIRRO":"JD. SANTA ROSA","SHAPE_AREA":4806.1990757100002,"SHAPE_LEN":401.49467048100001},"geometry":{"type":"MultiPolygon","coordinates":[[[[-58.182407780503354,-15.624593958149992],[-58.182382516551286,-15.624699626262228],[-58.182357253509842,-15.624805294367304],[-58.182298306912607,-15.625051846940485],[-58.182434556013924,-15.625082669252635],[-58.182548096489356,-15.625108353996485],[-58.182661637926913,-15.625134039578418],[-58.182720584093303,-15.624887486034059],[-58.182834125416868,-15.624913170630306],[-58.182775179383498,-15.625159724195708],[-58.182888719931555,-15.625185408757243],[-58.183024969183919,-15.625216230690189],[-58.183054070335636,-15.625092867758594],[-58.183083171457668,-15.624969504824216],[-58.183108114730324,-15.624863766974579],[-58.182745846952315,-15.624781817900123],[-58.182771110727138,-15.624676150662928],[-58.182887810631414,-15.624702549478545],[-58.182946012967186,-15.624455822732475],[-58.182830057571422,-15.624429591668962],[-58.182716517446664,-15.624403906142099],[-58.182602976418544,-15.624378221463369],[-58.182466727773303,-15.624347399223339],[-58.182407780503354,-15.624593958149992]]]]}},
{"type":"Feature","properties":{"OBJECTID":446,"QUADRA":"4","SETOR":"4","BAIRRO":"JD. RONDON","SHAPE_AREA":6406.138221,"SHAPE_LEN":320.98249740900002},"geometry":{"type":"MultiPolygon","coordinates":[[[[-58.171639670294418,-15.625554888042466],[-58.171764297196447,-15.625579468910814],[-58.171785193419417,-15.6254518880127],[-58.171805141697533,-15.625326562908844],[-58.171822419241927,-15.625210553292575],[-58.171840592147774,-15.625094529855541],[-58.171875808890334,-15.624862416692814],[-58.171747228387495,-15.624841273744806],[-58.171749500157119,-15.62483397610476],[-58.171629257338942,-15.624810971715799],[-58.171511094874724,-15.624789655505749],[-58.171395441057072,-15.624766608413424],[-58.171277572126819,-15.624744413715268],[-58.171143733049163,-15.624718715643313],[-58.171109354146957,-15.624952324761992],[-58.171033488829863,-15.625431096717097],[-58.171518657125148,-15.625530992861915],[-58.171639670294418,-15.625554888042466]]]]}},
{"type":"Feature","properties":{"OBJECTID":501,"QUADRA":"5","SETOR":"3","BAIRRO":"JD. ITALIA III","SHAPE_AREA":6103.8954791300002,"SHAPE_LEN":340.84456952199997},"geometry":{"type":"MultiPolygon","coordinates":[[[[-58.17186796023757,-15.612013371153973],[-58.172335105010724,-15.612127904951713],[-58.172382692738317,-15.611906686412821],[-58.172527368873354,-15.611244266125054],[-58.172566305249347,-15.61107125951229],[-58.17210239379277,-15.610965772312193],[-58.17186796023757,-15.612013371153973]]]]}},
{"type":"Feature","properties":{"OBJECTID":604,"QUADRA":"9","SETOR":"3","BAIRRO":"JD. UNIVERSITARIO","SHAPE_AREA":2084.4860677199999,"SHAPE_LEN":265.75683637499998},"geometry":{"type":"MultiPolygon","coordinates":[[[[-58.181073847654574,-15.618487865518645],[-58.181111385654837,-15.618496688208706],[-58.181345686338325,-15.617504826396072],[-58.181046477782068,-15.617438455754614],[-58.181073847654574,-15.618487865518645]]]]}},
{"type":"Feature","properties":{"OBJECTID":449,"QUADRA":"4","SETOR":"3","BAIRRO":"RESIDENCIAL SOLARES","SHAPE_AREA":8199.9938735199994,"SHAPE_LEN":364.00005449000002},"geometry":{"type":"MultiPolygon","coordinates":[[[[-58.187576191874783,-15.622881868535199],[-58.187579272148547,-15.623008377838504],[-58.187709823278439,-15.623005540996827],[-58.187821723574743,-15.623003109618475],[-58.187933623864176,-15.623000678183244],[-58.18804552414673,-15.622998246691148],[-58.188157424422435,-15.622995815142177],[-58.188269317625654,-15.622993128673306],[-58.188381211754454,-15.622990442142534],[-58.188511755515762,-15.62298730748012],[-58.18850559290474,-15.622734288982167],[-58.188502732070013,-15.622616815780974],[-58.188499871243515,-15.622499342578283],[-58.188496790436382,-15.622372833320979],[-58.188493708700861,-15.622246323163104],[-58.188363166339713,-15.622249457777272],[-58.188251272611588,-15.62225214427102],[-58.188139378876315,-15.622254830707925],[-58.188027479001398,-15.622257262219865],[-58.187915579119597,-15.622259693674936],[-58.187803679230946,-15.622262125073126],[-58.187691779335431,-15.622264556414452],[-58.187561229605841,-15.622267393207901],[-58.187564310771215,-15.622393903418452],[-58.187567391008194,-15.622520412728436],[-58.187570251305274,-15.622637885980033],[-58.187573111610561,-15.622755359230158],[-58.187576191874783,-15.622881868535199]]]]}},
{"type":"Feature","properties":{"OBJECTID":570,"QUADRA":"8","SETOR":"4","BAIRRO":"JD. RONDON","SHAPE_AREA":4189.553891,"SHAPE_LEN":263.753084613},"geometry":{"type":"MultiPolygon","coordinates":[[[[-58.170983602283343,-15.628932313681956],[-58.171241794313865,-15.628974576486664],[-58.171265984253097,-15.628840515100402],[-58.171284343547228,-15.628729299509827],[-58.171300517021024,-15.62861918027648],[-58.171317842293739,-15.628506569142846],[-58.171333966529396,-15.628399279406761],[-58.171356031118343,-15.628257274952563],[-58.171229599019732,-15.628237033318959],[-58.171097164828488,-15.628216028201344],[-58.170986098082643,-15.628197855729585],[-58.170874386856227,-15.628186095358561],[-58.170842775096787,-15.628383126510466],[-58.170817786421708,-15.628542465445017],[-58.170792233415767,-15.628720690060444],[-58.170767077044609,-15.628898135194458],[-58.17087403598309,-15.628915615583297],[-58.170983602283343,-15.628932313681956]]]]}},
{"type":"Feature","properties":{"OBJECTID":456,"QUADRA":"4","SETOR":"3","BAIRRO":"JD. ITALIA II","SHAPE_AREA":3034.1243209899999,"SHAPE_LEN":220.99993035599999},"geometry":{"type":"MultiPolygon","coordinates":[[[[-58.172781126251685,-15.613847720801795],[-58.172896900794058,-15.613874046305593],[-58.172946589251012,-15.613653262099861],[-58.172969446153829,-15.613551701415396],[-58.172992303042747,-15.613450141633072],[-58.173015158974827,-15.61334858095007],[-58.172783609566672,-15.613295930871933],[-58.172552059327153,-15.613243280546211],[-58.172529202238664,-15.61334484120181],[-58.172506346063834,-15.61344640185067],[-58.172494917036595,-15.613497182179428],[-58.172483488932144,-15.613547961598888],[-58.172433799988831,-15.613768745734221],[-58.172549575387869,-15.613795071422475],[-58.172665350807115,-15.613821396143702],[-58.172781126251685,-15.613847720801795]]]]}},
{"type":"Feature","properties":{"OBJECTID":496,"QUADRA":"5","SETOR":"4","BAIRRO":"JD. VISTA ALEGRE","SHAPE_AREA":3825.1586527300001,"SHAPE_LEN":256.753147162},"geometry":{"type":"MultiPolygon","coordinates":[[[[-58.170463627103814,-15.619894998149773],[-58.170594058654885,-15.619924513250709],[-58.170610675422047,-15.619668376665269],[-58.170617777142994,-15.619558599556493],[-58.170624878860636,-15.619448822446923],[-58.170641495594168,-15.619192685853559],[-58.170516423453186,-15.61916438415108],[-58.170402887349191,-15.61913869284006],[-58.170266643493704,-15.619107862647331],[-58.170208426762926,-15.619354585282538],[-58.170183476301531,-15.619460323940817],[-58.170158526750996,-15.61956606259205],[-58.170137735131284,-15.619654178134821],[-58.170100309799366,-15.619812785206264],[-58.170236553178427,-15.619843615475014],[-58.170350090595356,-15.619869306840277],[-58.170463627103814,-15.619894998149773]]]]}},
{"type":"Feature","properties":{"OBJECTID":569,"QUADRA":"8","SETOR":"1","BAIRRO":"JD. SANTA MARIA","SHAPE_AREA":6729.2922470399999,"SHAPE_LEN":328.23347277099998},"geometry":{"type":"MultiPolygon","coordinates":[[[[-58.17524820393762,-15.629862988250398],[-58.175363873167925,-15.629889157820504],[-58.175422084756804,-15.629642436081445],[-58.175447033331928,-15.629536696119519],[-58.175471981895519,-15.629430957963299],[-58.175530194175693,-15.629184232582791],[-58.175416652024587,-15.629158544311167],[-58.175303109892575,-15.629132855074911],[-58.175189566857213,-15.629107166686746],[-58.175076024778839,-15.629081478232809],[-58.174767188797603,-15.629011603748616],[-58.174737710501638,-15.629134882941379],[-58.174708231237616,-15.629258161232361],[-58.17468296288061,-15.629363829630028],[-58.174657695429055,-15.629469497116693],[-58.174628217912584,-15.629592769062693],[-58.174598738541661,-15.629716048246832],[-58.174807658170657,-15.629763316012415],[-58.174907575551565,-15.629785921991155],[-58.175021118010044,-15.629811610505381],[-58.17513466142551,-15.62983729895385],[-58.17524820393762,-15.629862988250398]]]]}},
{"type":"Feature","properties":{"OBJECTID":190,"QUADRA":"11","SETOR":"4","BAIRRO":"JD. RONDON","SHAPE_AREA":6520.547725,"SHAPE_LEN":322.789516972},"geometry":{"type":"MultiPolygon","coordinates":[[[[-58.170358523881191,-15.629717015088129],[-58.170487826545397,-15.629735036317291],[-58.170510683396067,-15.629601018253986],[-58.170525646414248,-15.629489558687256],[-58.170542621300108,-15.629377582197845],[-58.170558188359585,-15.629264085609877],[-58.17057494767483,-15.629153574601691],[-58.170599818631437,-15.629011238855794],[-58.170346440583224,-15.628975683742652],[-58.170229289346267,-15.628958736522504],[-58.170117523331058,-15.628945611178422],[-58.169988997461843,-15.628926311041706],[-58.169853794305212,-15.628905618248245],[-58.16981086169681,-15.629162539456871],[-58.169797892973236,-15.629275380390551],[-58.169782449228869,-15.629384383861492],[-58.169768062116901,-15.629495487808482],[-58.169749294319352,-15.629630198115903],[-58.170007266097464,-15.629666398271725],[-58.170118496768559,-15.629683738721164],[-58.17022920170632,-15.629698840220646],[-58.170358523881191,-15.629717015088129]]]]}},
{"type":"Feature","properties":{"OBJECTID":110,"QUADRA":null,"SETOR":"1","BAIRRO":"JD. DAS OLIVEIRAS","SHAPE_AREA":419.98936188499999,"SHAPE_LEN":85.998653633800004},"geometry":{"type":"MultiPolygon","coordinates":[[[[-58.183026583304859,-15.62609562898634],[-58.183162833183452,-15.62612645078803],[-58.183221778936463,-15.625879897152688],[-58.183085529222716,-15.62584907628011],[-58.183026583304859,-15.62609562898634]]]]}},
{"type":"Feature","properties":{"OBJECTID":581,"QUADRA":"8","SETOR":"3","BAIRRO":"JD. UNIVERSITARIO","SHAPE_AREA":2086.90060804,"SHAPE_LEN":185.79395192600001},"geometry":{"type":"MultiPolygon","coordinates":[[[[-58.181216854018835,-15.619229490841356],[-58.181214080668788,-15.619418793931937],[-58.181212820794556,-15.619504806602242],[-58.181209824638138,-15.619709270319346],[-58.181278027602247,-15.619722656323004],[-58.18136346923918,-15.619739425071909],[-58.181531214399591,-15.619770611117866],[-58.181553838746517,-15.6196722707889],[-58.181572363488506,-15.61958284696944],[-58.181589476556887,-15.619496115350897],[-58.181608952424533,-15.619408277287263],[-58.181612744968923,-15.619409260213665],[-58.181636075186262,-15.61932017209074],[-58.181537063246118,-15.619297040645293],[-58.181447641724006,-15.619277491255456],[-58.181335206294612,-15.619254106541181],[-58.181216854018835,-15.619229490841356]]]]}},
{"type":"Feature","properties":{"OBJECTID":517,"QUADRA":"6","SETOR":"2","BAIRRO":"JARDIM PERUCHI","SHAPE_AREA":431.6790738,"SHAPE_LEN":89.394752608399997},"geometry":{"type":"MultiPolygon","coordinates":[[[[-58.18592099823816,-15.634022549954262],[-58.185922020826936,-15.634181698595102],[-58.186201847814679,-15.634178338078616],[-58.186200658340667,-15.634077071003293],[-58.18592099823816,-15.634022549954262]]]]}},
{"type":"Feature","properties":{"OBJECTID":304,"QUADRA":"2","SETOR":"2","BAIRRO":"JD. BANDEIRANTES II","SHAPE_AREA":2084.1813989900002,"SHAPE_LEN":187.74014041699999},"geometry":{"type":"MultiPolygon","coordinates":[[[[-58.191388339893535,-15.625845151152692],[-58.191391242787738,-15.626007827286308],[-58.19149850562971,-15.626007122964086],[-58.191605769404994,-15.626006419488281],[-58.191713033170437,-15.62600571505623],[-58.191820296936456,-15.626005011475653],[-58.191931478156327,-15.626004282047907],[-58.191928570260934,-15.625841298648652],[-58.191925672411045,-15.625678920807866],[-58.191815514736533,-15.625679672684285],[-58.191708250988043,-15.62568035003831],[-58.191600987234935,-15.625681027339969],[-58.19149372347723,-15.62568170458923],[-58.19138645971492,-15.625682381786113],[-58.191388339893535,-15.625845151152692]]]]}},
{"type":"Feature","properties":{"OBJECTID":82,"QUADRA":"F","SETOR":"4","BAIRRO":"JD. AMERICA","SHAPE_AREA":852.64577015999998,"SHAPE_LEN":130.48007136499999},"geometry":{"type":"MultiPolygon","coordinates":[[[[-58.171656792276707,-15.620306597438718],[-58.171492138639977,-15.620271284433228],[-58.171398959955852,-15.62068788850576],[-58.171563613919723,-15.620723201558093],[-58.171656792276707,-15.620306597438718]]]]}},
{"type":"Feature","properties":{"OBJECTID":423,"QUADRA":"37","SETOR":"2","BAIRRO":"JD. POPULAR","SHAPE_AREA":6409.2975233799998,"SHAPE_LEN":320.23313090699997},"geometry":{"type":"MultiPolygon","coordinates":[[[[-58.183388182650837,-15.633798754495361],[-58.183526833187742,-15.63382892732537],[-58.183582892152671,-15.633581738407257],[-58.183606917783102,-15.633475799390252],[-58.18363094339265,-15.633369860371346],[-58.183661967680521,-15.633233060405061],[-58.183687003063568,-15.63312266871718],[-58.183550486165338,-15.633092958997505],[-58.183436722571088,-15.633068200074982],[-58.183322957144888,-15.633043442909305],[-58.183209193597065,-15.63301868386486],[-58.183095429144892,-15.632993925668377],[-58.182958912396735,-15.632964216472207],[-58.182902105634177,-15.633211246610202],[-58.182877759316355,-15.633317117701948],[-58.182853412972115,-15.633422987887851],[-58.182825009500604,-15.633546503400185],[-58.182796607819057,-15.633670010764879],[-58.182933125036996,-15.633699721837173],[-58.183046888939238,-15.63372448009569],[-58.183160653797472,-15.633749238288196],[-58.183274418678934,-15.633773996419752],[-58.183388182650837,-15.633798754495361]]]]}},
{"type":"Feature","properties":{"OBJECTID":87,"QUADRA":"97","SETOR":"2","BAIRRO":"JD. POPULAR","SHAPE_AREA":5894.7354386200004,"SHAPE_LEN":311.85293463800002},"geometry":{"type":"MultiPolygon","coordinates":[[[[-58.180097628935279,-15.638480402657301],[-58.179914261915073,-15.639247194939061],[-58.18069842757626,-15.63917129209737],[-58.180825379207761,-15.638640401699023],[-58.180097628935279,-15.638480402657301]]]]}},
{"type":"Feature","properties":{"OBJECTID":6,"QUADRA":"103","SETOR":"2","BAIRRO":"JARDIM POPULAR II","SHAPE_AREA":4758.9012045,"SHAPE_LEN":280.44577929000002},"geometry":{"type":"MultiPolygon","coordinates":[[[[-58.185170290777187,-15.629557319082327],[-58.185173804836033,-15.629712563960576],[-58.185176257582334,-15.629845460984722],[-58.185179360736122,-15.629948724470593],[-58.185181614007703,-15.630055047746518],[-58.185183769881746,-15.630162275452898],[-58.185186623579668,-15.630300006199688],[-58.185490387983101,-15.630300516505704],[-58.185626454255292,-15.630300676181571],[-58.185725313509714,-15.630301145309307],[-58.185723739281734,-15.630150780120523],[-58.185722554994832,-15.63004061853362],[-58.185721857513059,-15.62992589863182],[-58.185720445579406,-15.629815078421808],[-58.185719849966446,-15.629701849411084],[-58.185715354426939,-15.629562527645735],[-58.185575223542578,-15.629564306234613],[-58.185435518523995,-15.629567149041883],[-58.185423797890714,-15.629558191384149],[-58.18536315599561,-15.629557886249763],[-58.185170290777187,-15.629557319082327]]]]}},
{"type":"Feature","properties":{"OBJECTID":407,"QUADRA":"31","SETOR":"2","BAIRRO":"JD. POPULAR","SHAPE_AREA":3199.9953510099999,"SHAPE_LEN":239.999930218},"geometry":{"type":"MultiPolygon","coordinates":[[[[-58.180949078874939,-15.632372473402821],[-58.181312108233627,-15.632455958932711],[-58.181344264340758,-15.632324004365504],[-58.181371061694165,-15.632214042672143],[-58.181397858085084,-15.632104080077569],[-58.181424655389421,-15.63199411837947],[-58.181451452664056,-15.63188415577511],[-58.181483608618123,-15.631752201193121],[-58.181120580472253,-15.63166871586086],[-58.18108842429077,-15.631800670405818],[-58.181061626826647,-15.631910632979288],[-58.181034829332809,-15.632020594646505],[-58.181008032752381,-15.632130557210205],[-58.18098123520948,-15.632240518872676],[-58.180949078874939,-15.632372473402821]]]]}},
{"type":"Feature","properties":{"OBJECTID":69,"QUADRA":"87","SETOR":"2","BAIRRO":"JD. POPULAR","SHAPE_AREA":1846.60588168,"SHAPE_LEN":224.21621892300001},"geometry":{"type":"MultiPolygon","coordinates":[[[[-58.184363807952828,-15.638549891423718],[-58.184292228569603,-15.638849285247577],[-58.184437918708241,-15.638840655280053],[-58.184583629782651,-15.63883193832851],[-58.184777875644947,-15.63882046159913],[-58.185170696010772,-15.638797098268508],[-58.185169277034824,-15.638732078118315],[-58.184818002730324,-15.638652624685374],[-58.18463632477593,-15.638611532039816],[-58.184500066346928,-15.638580711775568],[-58.184363807952828,-15.638549891423718]]]]}},
{"type":"Feature","properties":{"OBJECTID":584,"QUADRA":"8","SETOR":"3","BAIRRO":"JD. ITALIA II","SHAPE_AREA":9180.00913081,"SHAPE_LEN":410.97489352000002},"geometry":{"type":"MultiPolygon","coordinates":[[[[-58.17571105393295,-15.613874448252579],[-58.175799375426486,-15.613893765622427],[-58.175832796212894,-15.613873276756406],[-58.175852619936315,-15.613788655997286],[-58.175878639079158,-15.613677591641578],[-58.175904659130815,-15.613566527278635],[-58.175930678225939,-15.61345546291844],[-58.175950501880969,-15.613370842152857],[-58.175929401987219,-15.613338428847252],[-58.175729243573976,-15.613294651139116],[-58.175620066107307,-15.613270770338577],[-58.175510889594818,-15.613246889476981],[-58.17540171217631,-15.613223009468166],[-58.175292534784461,-15.613199130307164],[-58.175183356481419,-15.613175251095065],[-58.175074179132572,-15.613151371821912],[-58.174965001800075,-15.613127491588784],[-58.17485582449423,-15.613103612203462],[-58.174655596424856,-15.613059817588605],[-58.174622175634248,-15.613080306275904],[-58.174602351444548,-15.613164926959383],[-58.174576331647678,-15.61327599121182],[-58.174550310894254,-15.613387055467005],[-58.174524291049643,-15.613498119714947],[-58.174504466791539,-15.613582740391976],[-58.174525566499192,-15.613615153847515],[-58.174725725058636,-15.613658933551688],[-58.174834902652869,-15.613682812981308],[-58.174944080268602,-15.613706692354825],[-58.175053257911003,-15.613730572576156],[-58.175162435569746,-15.613754451837529],[-58.175271613249997,-15.613778331042816],[-58.175380791884436,-15.613802210187036],[-58.175489968685312,-15.613826091092921],[-58.175599146440376,-15.613849971937737],[-58.17571105393295,-15.613874448252579]]]]}},
{"type":"Feature","properties":{"OBJECTID":351,"QUADRA":"25","SETOR":"2","BAIRRO":"JD. POPULAR","SHAPE_AREA":3394.17476459,"SHAPE_LEN":246.710894435},"geometry":{"type":"MultiPolygon","coordinates":[[[[-58.17854217610406,-15.630062181815621],[-58.178526080102834,-15.630149783677854],[-58.178400725968977,-15.630128132222911],[-58.178393446927743,-15.630202742773001],[-58.178385870110112,-15.630287428066087],[-58.178378245250862,-15.630345772850928],[-58.178659486100074,-15.630408205586189],[-58.178739062521657,-15.630425870714761],[-58.178964979603087,-15.630476022375214],[-58.17898637803782,-15.630388043998018],[-58.179007776456892,-15.630300065619318],[-58.179039044730438,-15.630171507523292],[-58.179087011526953,-15.629974293809845],[-58.178725943967414,-15.629894182451764],[-58.178725581587351,-15.629894102142872],[-58.178587479102426,-15.629863460308259],[-58.17854217610406,-15.630062181815621]]]]}},
{"type":"Feature","properties":{"OBJECTID":348,"QUADRA":"24","SETOR":"1","BAIRRO":"JD. ZEFERINO I","SHAPE_AREA":6399.93099342,"SHAPE_LEN":319.99842194000001},"geometry":{"type":"MultiPolygon","coordinates":[[[[-58.170999360370104,-15.622530057746486],[-58.17113560660141,-15.622560887312272],[-58.171165086460832,-15.622437612967223],[-58.171194566269548,-15.622314335003773],[-58.171219835850032,-15.622208667781873],[-58.171245104475631,-15.62210300056282],[-58.171304064836988,-15.621856445516235],[-58.171167819061523,-15.621825616022868],[-58.171054281410889,-15.621799925161046],[-58.170940742846646,-15.621774233339581],[-58.170827205244507,-15.62174854235629],[-58.170713666733903,-15.621722851317225],[-58.170577422042442,-15.6216920214399],[-58.170518459907768,-15.62193857816405],[-58.170493190917526,-15.622044245325149],[-58.170467920972385,-15.622149912489112],[-58.170408961375848,-15.622396462849665],[-58.170545207455824,-15.622427292794447],[-58.170658745413562,-15.62245298389885],[-58.170772283395529,-15.622478674942494],[-58.170885822339621,-15.622504366824316],[-58.170999360370104,-15.622530057746486]]]]}},
{"type":"Feature","properties":{"OBJECTID":594,"QUADRA":"9","SETOR":"1","BAIRRO":"NUCLEO URBANO","SHAPE_AREA":6409.2802708299996,"SHAPE_LEN":320.23295057899998},"geometry":{"type":"MultiPolygon","coordinates":[[[[-58.17562220653145,-15.628193564132976],[-58.175760580929911,-15.628224870854416],[-58.175818792644606,-15.627978149033606],[-58.175843741806624,-15.627872409033802],[-58.175868690024394,-15.627766670844697],[-58.175926902435549,-15.627519946286341],[-58.175790652372044,-15.627489119983876],[-58.175677111148069,-15.6274634317811],[-58.175563569010421,-15.627437742618664],[-58.17545002783492,-15.627412054294348],[-58.175336486683669,-15.62738636590926],[-58.175200236771417,-15.627355539227624],[-58.175141279134145,-15.627602096800812],[-58.175116012071385,-15.627707764325789],[-58.175090744986456,-15.627813431848642],[-58.17503178895457,-15.628059983063258],[-58.175281580854175,-15.628116498262608],[-58.175395123342476,-15.628142186642208],[-58.175508664927413,-15.628167875869922],[-58.17562220653145,-15.628193564132976]]]]}},
{"type":"Feature","properties":{"OBJECTID":388,"QUADRA":"3","SETOR":"2","BAIRRO":"JD. SAO JOSE","SHAPE_AREA":3023.91119493,"SHAPE_LEN":239.999949077},"geometry":{"type":"MultiPolygon","coordinates":[[[[-58.190427852159772,-15.62497598636199],[-58.19043106574469,-15.625138657269471],[-58.190542987892741,-15.625137408427243],[-58.190654910029942,-15.625136158624127],[-58.190766832166794,-15.62513490966791],[-58.190878753365318,-15.625133660659751],[-58.190990675490966,-15.625132411589533],[-58.191102597611021,-15.625131162462333],[-58.19121451972547,-15.625129913278128],[-58.191211305528789,-15.624967243329001],[-58.191208090408765,-15.624804572478316],[-58.191096169403316,-15.624805821641885],[-58.190984247459546,-15.624807070753521],[-58.190872325510171,-15.624808319808162],[-58.19076040355521,-15.624809568805809],[-58.19064848159465,-15.624810817746457],[-58.190536559633699,-15.624812067534011],[-58.190424637661955,-15.624813316360687],[-58.190427852159772,-15.62497598636199]]]]}},
{"type":"Feature","properties":{"OBJECTID":340,"QUADRA":"23","SETOR":"4","BAIRRO":"JD. RONDON","SHAPE_AREA":4609.6562443000003,"SHAPE_LEN":278.40339090499998},"geometry":{"type":"MultiPolygon","coordinates":[[[[-58.170154853766363,-15.634040262458822],[-58.170473701738473,-15.634093421523348],[-58.17049769046001,-15.633953673888234],[-58.170515730744007,-15.633848579524766],[-58.170569310467016,-15.633488971600336],[-58.170593070696249,-15.633325119720864],[-58.170330999875006,-15.633298885432565],[-58.170331789682507,-15.633291776491175],[-58.170214556791223,-15.633280596802498],[-58.170092636231558,-15.63326196672099],[-58.170071188487633,-15.63340602869871],[-58.170040343596149,-15.633521504941415],[-58.170028040081597,-15.63364388759139],[-58.17001573655768,-15.633766270240333],[-58.169999709894846,-15.633871191136059],[-58.16998022561404,-15.634011147923589],[-58.170154853766363,-15.634040262458822]]]]}},
{"type":"Feature","properties":{"OBJECTID":410,"QUADRA":"32","SETOR":"2","BAIRRO":"JD. POPULAR","SHAPE_AREA":9919.9909006399994,"SHAPE_LEN":407.99987723499999},"geometry":{"type":"MultiPolygon","coordinates":[[[[-58.180630654895701,-15.632300017128589],[-58.180848968309455,-15.632348040933195],[-58.180879790965101,-15.632215788071642],[-58.180905476175724,-15.632105577503591],[-58.18093116135779,-15.631995366029464],[-58.180956847454439,-15.631885155452027],[-58.18098253258978,-15.631774943973523],[-58.181013355099623,-15.631642691098314],[-58.180795042419334,-15.631594667405263],[-58.180685886575446,-15.631570655020079],[-58.180576730753245,-15.631546642578783],[-58.180467574952694,-15.631522630081353],[-58.180358418241028,-15.631498617532802],[-58.180249262488964,-15.631474605826988],[-58.180140106753399,-15.631450593161164],[-58.179885409813807,-15.631394563993538],[-58.179854586593443,-15.631526816760662],[-58.179803214177269,-15.631747238636471],[-58.179777528397921,-15.631857449116639],[-58.179721019234186,-15.632099913251945],[-58.179862012506966,-15.632130929202191],[-58.179975717029436,-15.632155942549767],[-58.180084873131719,-15.632179955271384],[-58.180194029255681,-15.632203967936876],[-58.180303186334065,-15.632227980541208],[-58.180412342496155,-15.632251992190549],[-58.180521498685103,-15.632276004687634],[-58.180630654895701,-15.632300017128589]]]]}},
{"type":"Feature","properties":{"OBJECTID":425,"QUADRA":"38","SETOR":"2","BAIRRO":"JD. POPULAR","SHAPE_AREA":4159.9539907500002,"SHAPE_LEN":263.99988011800002},"geometry":{"type":"MultiPolygon","coordinates":[[[[-58.182512106050979,-15.633597824648129],[-58.182648555817366,-15.633627823709187],[-58.182679751506321,-15.633497362009276],[-58.182707512054456,-15.633381266524575],[-58.18271377012195,-15.633355093633902],[-58.182732779371612,-15.633275598379324],[-58.182758045739028,-15.63316993114087],[-58.182786514003404,-15.633050876060516],[-58.182817001752205,-15.632923373934929],[-58.182680552443308,-15.632893374946164],[-58.182580489020594,-15.632871376358459],[-58.182480425610848,-15.632849376819683],[-58.182343976390548,-15.632819378518425],[-58.182285019822295,-15.633065935636651],[-58.182259752284203,-15.633171602842536],[-58.18223448566193,-15.633277270945172],[-58.182175528869763,-15.633523828042053],[-58.182311979485512,-15.633553827314463],[-58.182412042292775,-15.633575826007396],[-58.182512106050979,-15.633597824648129]]]]}},
{"type":"Feature","properties":{"OBJECTID":383,"QUADRA":"3","SETOR":"4","BAIRRO":"JD. RONDON","SHAPE_AREA":2250.4874515500001,"SHAPE_LEN":228.76540008399999},"geometry":{"type":"MultiPolygon","coordinates":[[[[-58.171727382119258,-15.626592460538308],[-58.171711426936938,-15.626683989732667],[-58.171748400202652,-15.626683665784009],[-58.17186489751677,-15.626657678252055],[-58.171990371267519,-15.626621427643196],[-58.172118981278366,-15.626609344312492],[-58.172208381204285,-15.626618406689072],[-58.172285232903349,-15.626651636992229],[-58.172380907071108,-15.626663720092308],[-58.172468738130171,-15.626651636550953],[-58.172511947658286,-15.626649631330691],[-58.172525398544892,-15.626578038545714],[-58.172524717298728,-15.626476002571644],[-58.1725244042387,-15.626472457303926],[-58.172523520843875,-15.62646900366637],[-58.172522089050723,-15.626465726509274],[-58.17252014383876,-15.62646270790149],[-58.172517734142573,-15.626460023509937],[-58.172514919095228,-15.626457738100157],[-58.172511768981522,-15.626455909146843],[-58.172508362419308,-15.626454583233244],[-58.172504781664742,-15.626453790652828],[-58.172244733992912,-15.626416834155123],[-58.171761690483955,-15.626348185626904],[-58.171727382119258,-15.626592460538308]]]]}},
{"type":"Feature","properties":{"OBJECTID":166,"QUADRA":"10","SETOR":"2","BAIRRO":"JARDIM PERUCHI","SHAPE_AREA":4919.9916555600003,"SHAPE_LEN":283.99998068999997},"geometry":{"type":"MultiPolygon","coordinates":[[[[-58.185980953588775,-15.637543182892609],[-58.185984126698656,-15.637687772409283],[-58.186120810532152,-15.637685150427307],[-58.18626391237347,-15.63768240596864],[-58.186543698940099,-15.63767703916696],[-58.186540525433344,-15.637532448781634],[-58.186538046291297,-15.637419488585877],[-58.186535567151338,-15.637306527484899],[-58.186533088018692,-15.637193566382557],[-58.186530608898543,-15.637080606182741],[-58.186527435441157,-15.636936015788287],[-58.186247650816107,-15.63694138339852],[-58.186108686065744,-15.63694404849546],[-58.185967865212106,-15.636946749753934],[-58.185971038277863,-15.637091340183623],[-58.18597351709203,-15.637204300410962],[-58.185975995918724,-15.637317261540824],[-58.185978474752702,-15.637430222669323],[-58.185980953588775,-15.637543182892609]]]]}},
{"type":"Feature","properties":{"OBJECTID":308,"QUADRA":"2","SETOR":"3","BAIRRO":"RESIDENCIAL ESCOBAR","SHAPE_AREA":7011.5020564599999,"SHAPE_LEN":340.04003025999998},"geometry":{"type":"MultiPolygon","coordinates":[[[[-58.187362996782348,-15.625291692854452],[-58.187501506186443,-15.625322269236051],[-58.187496871282995,-15.62506921982288],[-58.187494658989792,-15.624948479086783],[-58.187492447637155,-15.624827738344131],[-58.187489831205816,-15.624684931847627],[-58.187487811862987,-15.624574688019255],[-58.187349302976209,-15.624544112495759],[-58.187220071002635,-15.624515583764367],[-58.187090838126757,-15.624487054959355],[-58.186961606219256,-15.624458526974495],[-58.186832374342202,-15.62442999891098],[-58.186693866548403,-15.624399422050914],[-58.186695998365039,-15.6245158299433],[-58.18669850039101,-15.624652471565772],[-58.186700711269566,-15.624773212350783],[-58.186702923088674,-15.624893953129256],[-58.186705306879396,-15.625024148731834],[-58.186707557003686,-15.62514700353511],[-58.186846066237116,-15.625177579440486],[-58.186975299524704,-15.625206107456256],[-58.187104531915217,-15.625234636302292],[-58.187233764336163,-15.625263165069651],[-58.187362996782348,-15.625291692854452]]]]}},
{"type":"Feature","properties":{"OBJECTID":313,"QUADRA":"2","SETOR":"4","BAIRRO":"JD. ALVORADA","SHAPE_AREA":5553.9317385200002,"SHAPE_LEN":299.99994212399997},"geometry":{"type":"MultiPolygon","coordinates":[[[[-58.165379816430985,-15.62326477618365],[-58.165494036913465,-15.623287451802156],[-58.165514087456046,-15.623024307984785],[-58.16552151258638,-15.622926873897484],[-58.165529754719287,-15.622818700617801],[-58.16554898728117,-15.622566296893201],[-58.165434767200175,-15.622543621274952],[-58.165329683472827,-15.622522759152659],[-58.165224600701094,-15.622501897877504],[-58.165119517947119,-15.62248103655053],[-58.165014435205805,-15.622460174267866],[-58.164909352487371,-15.62243931283728],[-58.164881875735738,-15.62279988984578],[-58.164854399871395,-15.623160467744746],[-58.164959482959183,-15.623181329175582],[-58.165064566069844,-15.623202191458498],[-58.165169649193182,-15.623223052785717],[-58.165274733267005,-15.623243914056175],[-58.16528158554069,-15.623245274223807],[-58.165379816430985,-15.62326477618365]]]]}},
{"type":"Feature","properties":{"OBJECTID":568,"QUADRA":"8","SETOR":"1","BAIRRO":"NUCLEO URBANO","SHAPE_AREA":6381.6335237399999,"SHAPE_LEN":319.54276670199999},"geometry":{"type":"MultiPolygon","coordinates":[[[[-58.181059737732539,-15.6302811047352],[-58.181788395251949,-15.630443320316513],[-58.181952876730193,-15.629737991146206],[-58.181231153637455,-15.629577322265554],[-58.181059737732539,-15.6302811047352]]]]}},
{"type":"Feature","properties":{"OBJECTID":575,"QUADRA":"8","SETOR":"1","BAIRRO":"JD. DAS OLIVEIRAS","SHAPE_AREA":6402.9710089500004,"SHAPE_LEN":319.99925036100001},"geometry":{"type":"MultiPolygon","coordinates":[[[[-58.18381603722429,-15.625390240992932],[-58.183952453361499,-15.62542035819247],[-58.184010040982287,-15.62517350349756],[-58.184035785091012,-15.625067938418637],[-58.184060146957407,-15.624962071658283],[-58.184116989986165,-15.624715049216489],[-58.183980573374271,-15.624684932091661],[-58.183866892740902,-15.624659835476034],[-58.183753213058615,-15.624634737890643],[-58.183639532467176,-15.624609640249401],[-58.183525851904498,-15.624584543451181],[-58.183389435439665,-15.624554425946508],[-58.183350045225538,-15.624723273817938],[-58.183331846285242,-15.624801286863885],[-58.183307165579947,-15.62490708387789],[-58.183282484853088,-15.625012880889876],[-58.183224896372103,-15.625259734550816],[-58.183361313294967,-15.625289852125169],[-58.183474994239347,-15.62531494898148],[-58.183588675212491,-15.625340046680794],[-58.183702356209196,-15.62536514431924],[-58.18381603722429,-15.625390240992932]]]]}},
{"type":"Feature","properties":{"OBJECTID":180,"QUADRA":"10","SETOR":"3","BAIRRO":"JD. SANTA ROSA II","SHAPE_AREA":4570.6128655599996,"SHAPE_LEN":319.76535214500001},"geometry":{"type":"MultiPolygon","coordinates":[[[[-58.182524681044562,-15.620272252187442],[-58.182498535433794,-15.620382361439717],[-58.182472389793993,-15.620492469785852],[-58.182446244135583,-15.620602579033617],[-58.18242009752062,-15.620712688284137],[-58.182388723225955,-15.620844818649639],[-58.182643332722847,-15.62090116439683],[-58.182752451112002,-15.620925311964243],[-58.182861569528093,-15.620949460379459],[-58.182892944453158,-15.620817329058591],[-58.182919088955096,-15.620707219779408],[-58.182945234365924,-15.620597110492943],[-58.182971379752935,-15.620487001204209],[-58.182997524188593,-15.620376892822129],[-58.18325212853842,-15.620433236111348],[-58.183283503154854,-15.620301104751398],[-58.183028726816026,-15.62024548282861],[-58.182919535927049,-15.620221644903046],[-58.182810345059529,-15.620197806921357],[-58.182701154213454,-15.620173968883538],[-58.182555566134234,-15.620142183542329],[-58.182524681044562,-15.620272252187442]]]]}},
{"type":"Feature","properties":{"OBJECTID":90,"QUADRA":"12","SETOR":"2","BAIRRO":"JARDIM PERUCHI","SHAPE_AREA":4919.9999076200002,"SHAPE_LEN":284.00018067000002},"geometry":{"type":"MultiPolygon","coordinates":[[[[-58.186645888911379,-15.635778413207637],[-58.186649062368652,-15.635923002706869],[-58.186928846501509,-15.635917635579679],[-58.187208630593382,-15.635912268096529],[-58.187205456739299,-15.635767677728658],[-58.187202977325903,-15.63565471754654],[-58.187200497914588,-15.635541756459183],[-58.187198018510593,-15.63542879537048],[-58.187195539119102,-15.635315835184295],[-58.187192365314395,-15.635171244807291],[-58.186912582231194,-15.635176613103974],[-58.186632799101787,-15.635181980140862],[-58.186635972509698,-15.63532656964925],[-58.186638451600466,-15.635439530766844],[-58.186640930698545,-15.635552491883088],[-58.186643409798698,-15.635665452094102],[-58.186645888911379,-15.635778413207637]]]]}},
{"type":"Feature","properties":{"OBJECTID":183,"QUADRA":"10","SETOR":"3","BAIRRO":"JD. UNIVERSITARIO","SHAPE_AREA":17897.4690472,"SHAPE_LEN":559.61816960500005},"geometry":{"type":"MultiPolygon","coordinates":[[[[-58.181042317269224,-15.617278916731999],[-58.182018803164823,-15.617498558247759],[-58.181965662986549,-15.615692771153169],[-58.181008088228836,-15.615966493899258],[-58.181042317269224,-15.617278916731999]]]]}},
{"type":"Feature","properties":{"OBJECTID":272,"QUADRA":"17","SETOR":"3","BAIRRO":"JD. ITALIA II","SHAPE_AREA":4144.51115897,"SHAPE_LEN":376.09987400099999},"geometry":{"type":"MultiPolygon","coordinates":[[[[-58.17127805257612,-15.615137648064456],[-58.171393749336843,-15.615164296531473],[-58.171444095203448,-15.614943652784211],[-58.171467253655422,-15.614842156588589],[-58.171490412088076,-15.614740660391181],[-58.171513571428974,-15.614639163283112],[-58.171536729822989,-15.614537667082109],[-58.171559889130371,-15.614436170874347],[-58.17158304748574,-15.61433467466977],[-58.171606205821796,-15.614233178463392],[-58.171629365071198,-15.614131682250243],[-58.171652523368607,-15.61403018604026],[-58.171675682574246,-15.613928688919653],[-58.171698357596242,-15.61382931133879],[-58.171721093585255,-15.613729668585043],[-58.171606886306215,-15.613703363010639],[-58.171489700734377,-15.613676371826296],[-58.17146696463579,-15.61377601456384],[-58.171444289504521,-15.613875392128545],[-58.171421130187284,-15.61397688923264],[-58.171397971778262,-15.614078385426108],[-58.171374812417241,-15.614179881622725],[-58.171351653969587,-15.614281377812601],[-58.171328495502614,-15.61438287400067],[-58.17130533608362,-15.614484370191915],[-58.171282177578,-15.614585866376405],[-58.171259018125497,-15.61468736346796],[-58.17123585958123,-15.614788859648849],[-58.171212701017623,-15.614890355827951],[-58.171162354908397,-15.615110999539315],[-58.17127805257612,-15.615137648064456]]]]}},
{"type":"Feature","properties":{"OBJECTID":552,"QUADRA":"7","SETOR":"2","BAIRRO":"JARDIM BELA VISTA","SHAPE_AREA":6149.9976540999996,"SHAPE_LEN":313.99997797200001},"geometry":{"type":"MultiPolygon","coordinates":[[[[-58.18961174780398,-15.62619315470012],[-58.189618475460939,-15.62645520174847],[-58.189735037152694,-15.626452524359983],[-58.189851598831595,-15.62644984600592],[-58.189968159575358,-15.626447168499064],[-58.190084720311496,-15.626444490930492],[-58.190201281962331,-15.626441811487402],[-58.190317842683214,-15.626439133795415],[-58.190311114145672,-15.626177087733975],[-58.190308330413963,-15.626068654190465],[-58.190305544818727,-15.625960219751892],[-58.190298816357654,-15.625698173676733],[-58.190182255121478,-15.625700851334646],[-58.190154738540052,-15.625701484139428],[-58.190065694815623,-15.625703529829662],[-58.190007440304804,-15.625704868011077],[-58.189949133564198,-15.625706207364146],[-58.189832573237886,-15.625708884831866],[-58.189716012909159,-15.625711563141754],[-58.189599451634869,-15.625714240491119],[-58.189602276938885,-15.625824288219587],[-58.18960617921536,-15.625976287553188],[-58.189608963506096,-15.626084721127302],[-58.18961174780398,-15.62619315470012]]]]}},
{"type":"Feature","properties":{"OBJECTID":548,"QUADRA":"7","SETOR":"1","BAIRRO":"JD. SANTA MARIA","SHAPE_AREA":15276.543337700001,"SHAPE_LEN":548.54868194200003},"geometry":{"type":"MultiPolygon","coordinates":[[[[-58.174141277361194,-15.630695934526454],[-58.174268551989435,-15.630724263451109],[-58.174290649759378,-15.630633751622289],[-58.174312769394035,-15.630543151091711],[-58.174339613366129,-15.630433199710112],[-58.174371826096049,-15.630301257325936],[-58.1744040387957,-15.630169315842197],[-58.174436251454772,-15.630037373451136],[-58.174468464083574,-15.629905431960507],[-58.174500676671812,-15.629773489562574],[-58.174532889224615,-15.629641547161178],[-58.17456510174717,-15.629509605660219],[-58.17459731423429,-15.629377664155827],[-58.174629526680839,-15.629245721744111],[-58.174689463255952,-15.629000222031074],[-58.174527255565209,-15.628964117733153],[-58.174392105875555,-15.628934035871358],[-58.174154966137323,-15.628881252044208],[-58.174047896236679,-15.628857420291256],[-58.173907641609908,-15.628826202103783],[-58.173881368297657,-15.628999009116315],[-58.173868521339926,-15.629076339443364],[-58.173848446052773,-15.629210619437048],[-58.173827319938418,-15.629344649244095],[-58.173809713734371,-15.629456340001232],[-58.173792108453483,-15.629568031656049],[-58.173774502225058,-15.62967972331465],[-58.173756192923499,-15.629795882234193],[-58.173738586664967,-15.629907573890323],[-58.173720981319292,-15.630019264636363],[-58.173703375963981,-15.630130956285067],[-58.173685769661162,-15.630242647937546],[-58.173668164271191,-15.630354338679957],[-58.173649149954585,-15.630474965767629],[-58.173632180084972,-15.63058261896343],[-58.173904910807479,-15.630643323590132],[-58.174023094074023,-15.630669629543132],[-58.174141277361194,-15.630695934526454]]]]}},
{"type":"Feature","properties":{"OBJECTID":36,"QUADRA":"60A","SETOR":"4","BAIRRO":"JD. ZEFERINO  II","SHAPE_AREA":3064.0086004999998,"SHAPE_LEN":244.11161744500001},"geometry":{"type":"MultiPolygon","coordinates":[[[[-58.170522542304987,-15.634502286537755],[-58.170500597331426,-15.634657297525438],[-58.170488627267702,-15.634655282404488],[-58.170465784188721,-15.634819689798617],[-58.170598893041948,-15.634847045902674],[-58.170684696702921,-15.634865768958498],[-58.170777811096961,-15.634885691316537],[-58.170942507166039,-15.634921637495937],[-58.171041809184381,-15.634942096171853],[-58.171132007189406,-15.634967511632782],[-58.171134307281633,-15.634958613926861],[-58.17125734321376,-15.634982913950122],[-58.17127904410264,-15.634826087371032],[-58.171286803645209,-15.634663432703361],[-58.171194392091586,-15.634644067229027],[-58.171100191695992,-15.634623436752692],[-58.171006159011412,-15.634602769183008],[-58.170917007811447,-15.634585890012326],[-58.170823465859897,-15.634562932852337],[-58.170735129522924,-15.634544991682647],[-58.170522542304987,-15.634502286537755]]]]}},
{"type":"Feature","properties":{"OBJECTID":44,"QUADRA":"66","SETOR":"2","BAIRRO":"JD. POPULAR","SHAPE_AREA":6390.56925409,"SHAPE_LEN":319.76515875600001},"geometry":{"type":"MultiPolygon","coordinates":[[[[-58.18132141008973,-15.635976932044141],[-58.181440451001649,-15.636003458704831],[-58.181472035786506,-15.635871374332616],[-58.181498356103184,-15.635761304021571],[-58.181524676401011,-15.635651234612135],[-58.181550996669607,-15.635541164296512],[-58.181577316914179,-15.635431093978607],[-58.181608901549055,-15.635299009592069],[-58.181354195000928,-15.635243011455227],[-58.181245033483584,-15.635219011264875],[-58.181135871993085,-15.63519501192226],[-58.180994367527219,-15.635163901171877],[-58.180881161927573,-15.63513901233391],[-58.180850070602709,-15.635269035795304],[-58.180823749044535,-15.635379106057979],[-58.180797428389916,-15.635489175409477],[-58.180771107716446,-15.635599245662547],[-58.180744787018924,-15.635709315913331],[-58.18071320177706,-15.635841400213263],[-58.180967740528764,-15.635898121276488],[-58.181076829539805,-15.63592243110895],[-58.181185917634842,-15.635946739986444],[-58.18132141008973,-15.635976932044141]]]]}},
{"type":"Feature","properties":{"OBJECTID":346,"QUADRA":"24","SETOR":"2","BAIRRO":"JD. POPULAR","SHAPE_AREA":9278.6841870200005,"SHAPE_LEN":392.22574358999998},"geometry":{"type":"MultiPolygon","coordinates":[[[[-58.17912839523273,-15.630472695568971],[-58.179103691402041,-15.630578827712572],[-58.179078426152238,-15.630684495550957],[-58.179053160880294,-15.630790163387228],[-58.17899420907861,-15.631036715333122],[-58.179244005403504,-15.631093225681786],[-58.17935754990846,-15.631118912760366],[-58.179471093499721,-15.631144598879292],[-58.179720890048529,-15.631201108666275],[-58.179779097521987,-15.630954386129167],[-58.179804043933579,-15.630848645827379],[-58.179828989400946,-15.630742907336304],[-58.179855075176562,-15.630637086783111],[-58.179878957701696,-15.630531106332898],[-58.179880020589323,-15.630531346480067],[-58.179906030743219,-15.630425848119764],[-58.179964237825025,-15.63017912283533],[-58.179827985553665,-15.630148299210635],[-58.179714441551894,-15.630122612340434],[-58.17960089851227,-15.630096926308322],[-58.179487354564124,-15.630071240220426],[-58.179373811567793,-15.63004555316286],[-58.179237559452801,-15.630014730062749],[-58.179178607132584,-15.630261288376836],[-58.179153341016075,-15.630366956226508],[-58.17915366043848,-15.630367027726411],[-58.17912839523273,-15.630472695568971]]]]}},
{"type":"Feature","properties":{"OBJECTID":205,"QUADRA":"12","SETOR":"2","BAIRRO":"JARDIM BELA VISTA","SHAPE_AREA":6149.99606778,"SHAPE_LEN":314.00005568},"geometry":{"type":"MultiPolygon","coordinates":[[[[-58.188687540282572,-15.624598408807389],[-58.188690622555406,-15.624724966830795],[-58.188807186007814,-15.624722432804553],[-58.188923750390714,-15.624719899615416],[-58.189040313828222,-15.62471736546574],[-58.189156877263478,-15.624714832158228],[-58.189273440691274,-15.62471229878898],[-58.18939000503913,-15.624709764449094],[-58.189383621101413,-15.624447709141707],[-58.189380979712006,-15.624339272958093],[-58.189378338324396,-15.624230835869316],[-58.189375146856811,-15.624099808659187],[-58.18937195539425,-15.623968780543322],[-58.189255391463931,-15.623971314844599],[-58.18913882845365,-15.623973848175225],[-58.189022265435916,-15.623976381444141],[-58.188905701483222,-15.623978915560272],[-58.188789138450574,-15.623981448705761],[-58.188672575415694,-15.623983982693394],[-58.18867895745467,-15.624246037197432],[-58.188681598475668,-15.624354474320109],[-58.188684240436402,-15.624462911436439],[-58.188687540282572,-15.624598408807389]]]]}},
{"type":"Feature","properties":{"OBJECTID":564,"QUADRA":"7","SETOR":"3","BAIRRO":"JD. ITALIA III","SHAPE_AREA":6875.8015149900002,"SHAPE_LEN":368.74950441099998},"geometry":{"type":"MultiPolygon","coordinates":[[[[-58.174583977816994,-15.612274932531355],[-58.174660685566636,-15.61229165683063],[-58.174694090251883,-15.612271146536738],[-58.174738871518038,-15.612077081647103],[-58.174783652722937,-15.611883018558554],[-58.174762459890673,-15.611850602900578],[-58.174685751369374,-15.611833878630442],[-58.174581744147829,-15.611811201632669],[-58.174477100975153,-15.611788384262841],[-58.174372457837606,-15.611765569553157],[-58.174267813776765,-15.611742752989171],[-58.174163169745889,-15.611719938181469],[-58.17405852665194,-15.611697120605619],[-58.173953882660435,-15.611674305694903],[-58.173849238678322,-15.611651488924892],[-58.173744594715892,-15.611628672103389],[-58.17363995171096,-15.611605856129293],[-58.173562607374897,-15.611588991130255],[-58.173529200814961,-15.611609503071158],[-58.17348441938929,-15.611803566884682],[-58.1734391233339,-15.611997518643873],[-58.173460244070483,-15.612029917652317],[-58.173537589501485,-15.61204678267096],[-58.173642818255288,-15.612069725712772],[-58.173747462437362,-15.612092542567249],[-58.173852106639131,-15.612115359370218],[-58.173956748990079,-15.612138175227765],[-58.174061393226083,-15.612160991023833],[-58.174166037486884,-15.61218380767229],[-58.174270681762231,-15.612206623365351],[-58.174375326062417,-15.612229439910774],[-58.174479970371983,-15.612252254596925],[-58.174583977816994,-15.612274932531355]]]]}},
{"type":"Feature","properties":{"OBJECTID":526,"QUADRA":"6","SETOR":"2","BAIRRO":"JARDIM BELA VISTA","SHAPE_AREA":3374.9983940500001,"SHAPE_LEN":240.00001403300001},"geometry":{"type":"MultiPolygon","coordinates":[[[[-58.18873263962562,-15.626860377215712],[-58.188735509983765,-15.62699593201771],[-58.189085226988055,-15.626989376013437],[-58.189434944856281,-15.626982818544338],[-58.189432074039466,-15.626847263783366],[-58.189426332431808,-15.626576153351733],[-58.189309760354632,-15.626578338913033],[-58.189193187342887,-15.626580525321501],[-58.189076615251579,-15.626582710759271],[-58.188960043153209,-15.626584896135274],[-58.188843471047782,-15.626587081449522],[-58.188726898935286,-15.626589266702009],[-58.18873263962562,-15.626860377215712]]]]}},
{"type":"Feature","properties":{"OBJECTID":182,"QUADRA":"10","SETOR":"4","BAIRRO":"JD. ARATAKA","SHAPE_AREA":3283.183805,"SHAPE_LEN":244.35465747800001},"geometry":{"type":"MultiPolygon","coordinates":[[[[-58.172271512147347,-15.616976103598873],[-58.172391150082547,-15.617000159701796],[-58.172411081270077,-15.616912988663577],[-58.172431169435335,-15.616823900496348],[-58.172452424719005,-15.616733386957224],[-58.172471508211245,-15.616651336572168],[-58.172493853462704,-15.616558955155368],[-58.172514212230652,-15.61647153777114],[-58.172531263890406,-15.616383197977303],[-58.172551141121851,-15.616293116626663],[-58.172458973339388,-15.616274156597957],[-58.172463581227618,-15.616254508105971],[-58.172373691971579,-15.616236014946731],[-58.172189620189869,-15.616200181319572],[-58.172164880033186,-15.616306097995336],[-58.172144105242161,-15.616392550393426],[-58.172124755249193,-15.616481887697665],[-58.172106309937099,-15.61656957505506],[-58.172087063415596,-15.616657429391598],[-58.172067587609604,-15.616745971922395],[-58.172046472292912,-15.616834884766757],[-58.172026683655005,-15.61692418824906],[-58.172207908457167,-15.616962812173536],[-58.172271512147347,-15.616976103598873]]]]}},
{"type":"Feature","properties":{"OBJECTID":440,"QUADRA":"4","SETOR":"2","BAIRRO":"JARDIM BELA VISTA","SHAPE_AREA":6441.7562052599997,"SHAPE_LEN":323.99939514900001},"geometry":{"type":"MultiPolygon","coordinates":[[[[-58.189313698361019,-15.627811398903377],[-58.189453986551761,-15.627841316178131],[-58.189434944856281,-15.626982818544338],[-58.189085226988055,-15.626989376013437],[-58.188735509983765,-15.62699593201771],[-58.188752547792078,-15.62769172615636],[-58.188892835850368,-15.627721644705492],[-58.18903312300511,-15.627751562263175],[-58.189173411132231,-15.627781480627052],[-58.189313698361019,-15.627811398903377]]]]}},
{"type":"Feature","properties":{"OBJECTID":443,"QUADRA":"4","SETOR":"1","BAIRRO":"JD. DAS OLIVEIRAS","SHAPE_AREA":5982.0054652600002,"SHAPE_LEN":319.99919343400001},"geometry":{"type":"MultiPolygon","coordinates":[[[[-58.183616999691964,-15.626229188591063],[-58.18375324972159,-15.626260010013512],[-58.183786933271726,-15.626119118154326],[-58.183812513261557,-15.626013526863478],[-58.183837457157814,-15.625907786241275],[-58.183863464841437,-15.625802287549083],[-58.183921666208498,-15.625555561531714],[-58.18355833408993,-15.625473371069598],[-58.183444792389942,-15.625447686877035],[-58.183331251641704,-15.625422001714767],[-58.183195002224409,-15.625391180889071],[-58.183136055633859,-15.62563773994877],[-58.183110791972979,-15.625743408118007],[-58.183085529222716,-15.62584907628011],[-58.183221778936463,-15.625879897152688],[-58.183162833183452,-15.62612645078803],[-58.183276375239345,-15.626152135101469],[-58.183369983385326,-15.626173310587658],[-58.183503457563454,-15.626203504459957],[-58.183616999691964,-15.626229188591063]]]]}},
{"type":"Feature","properties":{"OBJECTID":455,"QUADRA":"4","SETOR":"3","BAIRRO":"JD. ITALIA","SHAPE_AREA":6996.4798382400004,"SHAPE_LEN":336.34007276},"geometry":{"type":"MultiPolygon","coordinates":[[[[-58.174538493135323,-15.615195329546093],[-58.174861597835353,-15.615265465675927],[-58.175045774823452,-15.614447063126365],[-58.174358611387724,-15.614297899240539],[-58.17423465247051,-15.614848711375867],[-58.174174431719891,-15.615116301403189],[-58.174538493135323,-15.615195329546093]]]]}},
{"type":"Feature","properties":{"OBJECTID":73,"QUADRA":"91","SETOR":"2","BAIRRO":"JD. POPULAR","SHAPE_AREA":4159.9581885400003,"SHAPE_LEN":264.000074359},"geometry":{"type":"MultiPolygon","coordinates":[[[[-58.181323336069795,-15.638619172798506],[-58.181459790031745,-15.638649172362568],[-58.181518748705273,-15.638402614505971],[-58.181544016141217,-15.638296947369001],[-58.181569284487807,-15.638191280224902],[-58.181588820098924,-15.638109583007553],[-58.181628242004521,-15.637944722351969],[-58.181491789438184,-15.637914723759115],[-58.181391723617686,-15.637892723894987],[-58.181291657820559,-15.637870724887561],[-58.181155205332495,-15.63784072517438],[-58.181096246322575,-15.638087282060663],[-58.181070978675997,-15.638192950065996],[-58.181045710069277,-15.638298617170358],[-58.180986750835288,-15.638545174035261],[-58.181123204713764,-15.638575173815779],[-58.181223269913694,-15.638597172881298],[-58.181323336069795,-15.638619172798506]]]]}},
{"type":"Feature","properties":{"OBJECTID":384,"QUADRA":"3","SETOR":"1","BAIRRO":"JD. DAS OLIVEIRAS II","SHAPE_AREA":3179.59244399,"SHAPE_LEN":241.73181158700001},"geometry":{"type":"MultiPolygon","coordinates":[[[[-58.18656163086154,-15.626873905709509],[-58.186681884850373,-15.626899092731357],[-58.186676406326704,-15.626648260595262],[-58.186673767968891,-15.626527487793096],[-58.1866711296246,-15.626406715893268],[-58.186665652104217,-15.626155883739045],[-58.18652616132001,-15.626126668023623],[-58.186389406869722,-15.626098024963765],[-58.186336760429285,-15.626336683890203],[-58.186311412588331,-15.626451593403004],[-58.186286064723625,-15.626566502913667],[-58.186233418087319,-15.626805162725868],[-58.186361056310631,-15.626831895465862],[-58.186479577881279,-15.626856719557892],[-58.18656163086154,-15.626873905709509]]]]}},
{"type":"Feature","properties":{"OBJECTID":301,"QUADRA":"2","SETOR":"1","BAIRRO":"JD. DAS OLIVEIRAS II","SHAPE_AREA":7030.4303952299997,"SHAPE_LEN":335.783447959},"geometry":{"type":"MultiPolygon","coordinates":[[[[-58.185164340579526,-15.627523862699377],[-58.185895163690908,-15.627670976251139],[-58.185989420622299,-15.627270996685896],[-58.186014363492788,-15.6271652567989],[-58.18607672011251,-15.626900907978845],[-58.185826231183469,-15.626847376452194],[-58.185712372615733,-15.62682304384246],[-58.185598514070726,-15.626798711171732],[-58.185484655548464,-15.626774378439986],[-58.185348025351765,-15.626745179081368],[-58.185331360144758,-15.6268158270698],[-58.185303714365389,-15.626933021331441],[-58.185285667814135,-15.627009527759654],[-58.185164340579526,-15.627523862699377]]]]}},
{"type":"Feature","properties":{"OBJECTID":371,"QUADRA":"3","SETOR":"2","BAIRRO":"JARDIM SAO FRANCISCO","SHAPE_AREA":4099.9962335,"SHAPE_LEN":263.99992695700001},"geometry":{"type":"MultiPolygon","coordinates":[[[[-58.189866725654895,-15.635769046255863],[-58.189868122733401,-15.635868464474692],[-58.190101304449662,-15.635865718848128],[-58.19033448520333,-15.635862972075239],[-58.1903330879001,-15.635763553875019],[-58.190331816522992,-15.635673173122941],[-58.190330546082741,-15.635582792364984],[-58.190329275646548,-15.635492411606217],[-58.190328004281618,-15.635402030851685],[-58.190326733858768,-15.635311650995169],[-58.190325463434746,-15.635221270233954],[-58.190324065225212,-15.635121851128581],[-58.190090884376339,-15.635124597837169],[-58.189857704435624,-15.635127344293187],[-58.189859101482448,-15.635226762518357],[-58.189860372634968,-15.635317143291426],[-58.189861642858766,-15.635407524068732],[-58.189862913086635,-15.635497904845241],[-58.189864184246098,-15.635588284711984],[-58.189865454482074,-15.635678665486861],[-58.189866725654895,-15.635769046255863]]]]}},
{"type":"Feature","properties":{"OBJECTID":81,"QUADRA":"ESTANCIA","SETOR":null,"BAIRRO":null,"SHAPE_AREA":77674.936885100004,"SHAPE_LEN":1223.17322962},"geometry":{"type":"MultiPolygon","coordinates":[[[[-58.186353938115708,-15.620232133289575],[-58.186338330537431,-15.618581949140124],[-58.183086979714957,-15.617879107437107],[-58.18260183584281,-15.619919916665861],[-58.184390519058255,-15.620288543275018],[-58.184497685626525,-15.619831880102762],[-58.186353938115708,-15.620232133289575]]]]}},
{"type":"Feature","properties":{"OBJECTID":94,"QUADRA":null,"SETOR":null,"BAIRRO":null,"SHAPE_AREA":35608.032995499998,"SHAPE_LEN":767.74482706200001},"geometry":{"type":"MultiPolygon","coordinates":[[[[-58.176388943124714,-15.633985846002728],[-58.178424913084996,-15.634442730333465],[-58.178420442250804,-15.634052885664017],[-58.17841632221613,-15.633693532403013],[-58.17838615954264,-15.633546522070604],[-58.178399583487312,-15.633414275235882],[-58.178410601866823,-15.633301783557915],[-58.178407192915991,-15.633185756458513],[-58.17843127330417,-15.632969885256387],[-58.178448118981713,-15.632822193956345],[-58.178300671128753,-15.632790976766179],[-58.1781653204959,-15.632762320359989],[-58.177263493069098,-15.63257138510212],[-58.176795389775329,-15.632456229388955],[-58.176732801843414,-15.632439567110747],[-58.176388943124714,-15.633985846002728]]]]}},
{"type":"Feature","properties":{"OBJECTID":97,"QUADRA":null,"SETOR":null,"BAIRRO":null,"SHAPE_AREA":13219.9751609,"SHAPE_LEN":491.493016571},"geometry":{"type":"MultiPolygon","coordinates":[[[[-58.17766113936559,-15.632525575946739],[-58.178404939220194,-15.632691156873143],[-58.178400853479616,-15.632578784283117],[-58.178396716981922,-15.632465038025254],[-58.178391383802548,-15.632318365236747],[-58.178381383232825,-15.63209297724857],[-58.178378659651614,-15.631941994166292],[-58.177831069772708,-15.631814521509474],[-58.17769998327271,-15.631784006040849],[-58.177560723754596,-15.631751221258048],[-58.177433931042074,-15.631721370453267],[-58.177306421016247,-15.6316913516794],[-58.176978710359066,-15.631623155605839],[-58.176951719044041,-15.63174071981666],[-58.176817786939786,-15.632324082687731],[-58.17766113936559,-15.632525575946739]]]]}},
{"type":"Feature","properties":{"OBJECTID":602,"QUADRA":"9","SETOR":"3","BAIRRO":"JD. SANTA ROSA II","SHAPE_AREA":335.99951618,"SHAPE_LEN":79.999983545099994},"geometry":{"type":"MultiPolygon","coordinates":[[[[-58.181095965608677,-15.62095576469474],[-58.181205094831135,-15.620979866883818],[-58.181262827803003,-15.620733038114908],[-58.181153698708727,-15.620708935945444],[-58.181095965608677,-15.62095576469474]]]]}},
{"type":"Feature","properties":{"OBJECTID":219,"QUADRA":"13","SETOR":"1","BAIRRO":"JD. SANTA ROSA","SHAPE_AREA":6399.9162739200001,"SHAPE_LEN":319.99847832900002},"geometry":{"type":"MultiPolygon","coordinates":[[[[-58.181097341563273,-15.624787946144599],[-58.181233671464327,-15.624818435249516],[-58.181291975772432,-15.624571731769038],[-58.181316963836274,-15.624466002861782],[-58.181341950940357,-15.624360273053615],[-58.181400254131049,-15.624113575884429],[-58.181263926562792,-15.62408308864822],[-58.181150320273574,-15.624057681044706],[-58.181036713080722,-15.624032274289265],[-58.180923105916953,-15.624006868376911],[-58.180809499699478,-15.623981460590956],[-58.180673170404596,-15.623950971177576],[-58.180644018413169,-15.624074322408935],[-58.180614866397185,-15.624197674541353],[-58.180589877989618,-15.624303403393844],[-58.180564890498097,-15.624409133143145],[-58.180506586233449,-15.624655830158868],[-58.180642914109484,-15.624686317845564],[-58.18075652070776,-15.6247117256907],[-58.18087012825751,-15.624737132566128],[-58.180983734888073,-15.624762537577999],[-58.181097341563273,-15.624787946144599]]]]}},
{"type":"Feature","properties":{"OBJECTID":608,"QUADRA":"A","SETOR":"3","BAIRRO":"JD. UNIVERSITARIO","SHAPE_AREA":35297.168135300002,"SHAPE_LEN":769.33581421899999},"geometry":{"type":"MultiPolygon","coordinates":[[[[-58.184172597200849,-15.621213206670362],[-58.186416412378605,-15.621695854779528],[-58.186353938115708,-15.620232133289575],[-58.184496892623265,-15.619830712918219],[-58.184388640998698,-15.620292198861661],[-58.184172597200849,-15.621213206670362]]]]}},
{"type":"Feature","properties":{"OBJECTID":59,"QUADRA":"77","SETOR":"2","BAIRRO":"JD. POPULAR","SHAPE_AREA":11304.988428000001,"SHAPE_LEN":427.99993642800001},"geometry":{"type":"MultiPolygon","coordinates":[[[[-58.178705882727122,-15.636416391194389],[-58.179789628564258,-15.636649092028705],[-58.179980374091144,-15.635810523369223],[-58.178896632591005,-15.635577823170395],[-58.178705882727122,-15.636416391194389]]]]}},
{"type":"Feature","properties":{"OBJECTID":409,"QUADRA":"31","SETOR":"1","BAIRRO":"JD. ZEFERINO I","SHAPE_AREA":7188.6212891599998,"SHAPE_LEN":339.75110238100001},"geometry":{"type":"MultiPolygon","coordinates":[[[[-58.168869240636305,-15.623915185479884],[-58.169004965485378,-15.623944910005731],[-58.169065323605281,-15.623680462276045],[-58.169095613200206,-15.623547754225504],[-58.169125829030769,-15.623415367452838],[-58.169186259680899,-15.623150597518819],[-58.169049790079207,-15.62312070981457],[-58.168936065121692,-15.623095802575847],[-58.168822341125448,-15.623070896175147],[-58.168708616214758,-15.623045988814662],[-58.168594891332596,-15.623021082297193],[-58.168458421871883,-15.622991193309238],[-58.168399534073728,-15.623256301991981],[-58.168368918064211,-15.623388600433408],[-58.168338302021262,-15.623520898871689],[-58.168279413959439,-15.623786006626753],[-58.168415883937058,-15.623815895689646],[-58.168529609249944,-15.623840802269573],[-58.168755516181108,-15.623890278172913],[-58.168869240636305,-15.623915185479884]]]]}},
{"type":"Feature","properties":{"OBJECTID":509,"QUADRA":"53","SETOR":"4","BAIRRO":"JD. ZEFERINO  II","SHAPE_AREA":6383.5519088399997,"SHAPE_LEN":320.00001319900002},"geometry":{"type":"MultiPolygon","coordinates":[[[[-58.171656017345704,-15.631170106754137],[-58.171792708353159,-15.631199053014484],[-58.1718113757209,-15.631073807091559],[-58.171830043071395,-15.630948561167182],[-58.171846043646006,-15.630841207903979],[-58.17186204420279,-15.630733853735833],[-58.171899378798003,-15.630483362781805],[-58.171762688262696,-15.63045441655451],[-58.171648779664402,-15.630430294781107],[-58.171534870161061,-15.63040617385554],[-58.171420961607893,-15.630382051960076],[-58.1713070530773,-15.630357930003582],[-58.171170362682773,-15.630328983395447],[-58.171133027211383,-15.630579475191618],[-58.17111702627173,-15.630686828429431],[-58.171101025324553,-15.630794182570064],[-58.171082357528249,-15.630919427559684],[-58.17106368971983,-15.631044673451743],[-58.171200380586491,-15.631073620092966],[-58.171314289510534,-15.631097742077015],[-58.171428198452013,-15.631121863096164],[-58.171542107421196,-15.631145984958149],[-58.171656017345704,-15.631170106754137]]]]}},
{"type":"Feature","properties":{"OBJECTID":172,"QUADRA":"10","SETOR":"1","BAIRRO":"NUCLEO URBANO","SHAPE_AREA":6409.28628802,"SHAPE_LEN":320.23314563899999},"geometry":{"type":"MultiPolygon","coordinates":[[[[-58.176482999147233,-15.628381234828289],[-58.176621374702741,-15.628412541887458],[-58.176679585401168,-15.628165819005877],[-58.176704533202297,-15.628060079847703],[-58.176729480986744,-15.62795434159135],[-58.176787692381687,-15.627707615972209],[-58.176651442102454,-15.627676790222258],[-58.17653790069869,-15.627651102479899],[-58.176424358381254,-15.627625413777887],[-58.176310817025957,-15.62759972591399],[-58.176197275694911,-15.627574037989312],[-58.176061025566895,-15.627543211860171],[-58.1760311427768,-15.627668183656255],[-58.176002068939475,-15.627789769593312],[-58.175976802309506,-15.627895437186844],[-58.17595153565739,-15.62800110477826],[-58.175922057249323,-15.628124384087505],[-58.175892580635342,-15.628247656152826],[-58.176028831219426,-15.628278482354293],[-58.176142372930549,-15.628304170339236],[-58.176255915603811,-15.628329859162266],[-58.176369457363407,-15.628355547025665],[-58.176482999147233,-15.628381234828289]]]]}},
{"type":"Feature","properties":{"OBJECTID":218,"QUADRA":"13","SETOR":"1","BAIRRO":"NUCLEO URBANO","SHAPE_AREA":6793.2534311099998,"SHAPE_LEN":329.827958642},"geometry":{"type":"MultiPolygon","coordinates":[[[[-58.17912994808507,-15.628974174421913],[-58.179311616638543,-15.629015273232225],[-58.179365743386441,-15.628785846364368],[-58.179390689832942,-15.628680106092659],[-58.179415635330066,-15.628574366727781],[-58.179478000848043,-15.628310019200402],[-58.179298511898637,-15.628269414058865],[-58.179184969928293,-15.628243726829229],[-58.179071427054588,-15.628218040447683],[-58.178957885137848,-15.62819235400036],[-58.178844343240186,-15.628166666588379],[-58.1787080924436,-15.62813584306301],[-58.17864492834012,-15.628400011231047],[-58.17861966303618,-15.62850567903488],[-58.178594396777335,-15.628611346841627],[-58.178539576155615,-15.628840614597618],[-58.178675776977919,-15.628871427619298],[-58.178789319250683,-15.628897114187653],[-58.178902862485621,-15.628922801594111],[-58.179016404806845,-15.628948488040905],[-58.17912994808507,-15.628974174421913]]]]}},
{"type":"Feature","properties":{"OBJECTID":253,"QUADRA":"16","SETOR":"4","BAIRRO":"JD. RONDON","SHAPE_AREA":2257.0289736999998,"SHAPE_LEN":216.52201835899999},"geometry":{"type":"MultiPolygon","coordinates":[[[[-58.169093361806269,-15.631273043072149],[-58.169356003435666,-15.631309924032962],[-58.169374258036171,-15.631184987753647],[-58.169391461617899,-15.631068806921858],[-58.169429012510612,-15.630836491772593],[-58.169445390401663,-15.630721110778257],[-58.169462090378595,-15.630595098085946],[-58.169203851933631,-15.630556485340534],[-58.169185269873708,-15.630682905772739],[-58.169166673969499,-15.630800314295124],[-58.169132364699784,-15.631031889017487],[-58.169115189929485,-15.631148241427711],[-58.169111876849797,-15.631167181531692],[-58.169093361806269,-15.631273043072149]]]]}},
{"type":"Feature","properties":{"OBJECTID":35,"QUADRA":"6-A/43","SETOR":"1","BAIRRO":"NUCLEO URBANO","SHAPE_AREA":554.98360944000001,"SHAPE_LEN":110.51673764500001},"geometry":{"type":"MultiPolygon","coordinates":[[[[-58.178945943284155,-15.624916076890772],[-58.179061355073848,-15.62494072477503],[-58.179052747439854,-15.624975928502106],[-58.179176130138828,-15.625002278045617],[-58.17930377427335,-15.625029538357353],[-58.179335129432545,-15.624896733198216],[-58.178969537765909,-15.624818602913766],[-58.178945943284155,-15.624916076890772]]]]}},
{"type":"Feature","properties":{"OBJECTID":347,"QUADRA":"24","SETOR":"1","BAIRRO":"NUCLEO URBANO","SHAPE_AREA":6399.9220046,"SHAPE_LEN":319.99994505299998},"geometry":{"type":"MultiPolygon","coordinates":[[[[-58.177757423142332,-15.626840506905539],[-58.17789357637669,-15.626871730235576],[-58.177946144563755,-15.626651573415073],[-58.177987567953707,-15.626478095450576],[-58.178000183874516,-15.626425257595827],[-58.178019628386586,-15.626343825023707],[-58.178027198490952,-15.626312122307121],[-58.178061794987784,-15.626167229096763],[-58.177975565040555,-15.626147453442016],[-58.177925642203817,-15.626136004934903],[-58.177889335112688,-15.626127678656088],[-58.177812181738183,-15.626109985636285],[-58.177764982437672,-15.626099161538246],[-58.177698721291968,-15.626083965373091],[-58.177634099312719,-15.6260691454567],[-58.177335648780662,-15.626000701022761],[-58.177271615405964,-15.626268870659242],[-58.177245330989351,-15.626378948563156],[-58.177219996681146,-15.626485044172906],[-58.17719666014878,-15.626582776954285],[-58.177167427739974,-15.626705201777192],[-58.17730358082607,-15.626736426389943],[-58.17741704160273,-15.626762446834629],[-58.177530501466073,-15.626788466319725],[-58.17764396229191,-15.626814486642997],[-58.177757423142332,-15.626840506905539]]]]}},
{"type":"Feature","properties":{"OBJECTID":609,"QUADRA":"A","SETOR":"4","BAIRRO":"JD. AMERICA","SHAPE_AREA":4496.7320320999997,"SHAPE_LEN":299.37456447699998},"geometry":{"type":"MultiPolygon","coordinates":[[[[-58.172210757612049,-15.619313745979996],[-58.172399803796893,-15.619355991391377],[-58.172420365611359,-15.619267826303275],[-58.172449152304786,-15.619144393730359],[-58.172477939901569,-15.619020961149705],[-58.172506726541449,-15.618897529475142],[-58.172535513146855,-15.618774096893945],[-58.172564300660753,-15.618650665208884],[-58.172593087207481,-15.618527232622155],[-58.172619419833197,-15.618414321091004],[-58.172621133475843,-15.618406976709936],[-58.172622123221231,-15.61840273208648],[-58.172433036949364,-15.618360667806664],[-58.172420999703952,-15.618357989618387],[-58.172244088514034,-15.6183187192274],[-58.172214997326705,-15.618442741853809],[-58.172186210558074,-15.618566174406626],[-58.172157422822266,-15.618689606057778],[-58.172128635994945,-15.618813038605083],[-58.172099849133154,-15.618936470245714],[-58.172071061314455,-15.619059902792468],[-58.172042274393974,-15.619183334427593],[-58.172021711493421,-15.619271500400323],[-58.172210757612049,-15.619313745979996]]]]}},
{"type":"Feature","properties":{"OBJECTID":376,"QUADRA":"3","SETOR":"4","BAIRRO":"JD. DA PAZ","SHAPE_AREA":2398.1010994200001,"SHAPE_LEN":196.00007997200001},"geometry":{"type":"MultiPolygon","coordinates":[[[[-58.17384665451371,-15.631308562196233],[-58.173979618628955,-15.631332803180703],[-58.173996602136476,-15.63122102174928],[-58.174013584691977,-15.631109239417802],[-58.174030568171311,-15.63099745798406],[-58.174047551631404,-15.630885675645263],[-58.17382754448861,-15.630845565836662],[-58.173717540938355,-15.630825509943474],[-58.173607538343532,-15.630805454892505],[-58.173590554645585,-15.630917237213982],[-58.173573571861162,-15.631029018625437],[-58.173556588135035,-15.631140800944603],[-58.173539604389667,-15.631252582358718],[-58.173649607222345,-15.631272637426994],[-58.173759611010453,-15.6312926933375],[-58.17384665451371,-15.631308562196233]]]]}},
{"type":"Feature","properties":{"OBJECTID":559,"QUADRA":"7","SETOR":"4","BAIRRO":"JD. VISTA ALEGRE","SHAPE_AREA":6399.93713415,"SHAPE_LEN":319.99861644800001},"geometry":{"type":"MultiPolygon","coordinates":[[[[-58.168953169533793,-15.619563061091789],[-58.169089413553067,-15.619593891187479],[-58.169148375119363,-15.619347339253908],[-58.169173645513339,-15.6192416721927],[-58.169198914957562,-15.619136006038199],[-58.169228396561067,-15.619012727345476],[-58.169257877211948,-15.618889450462593],[-58.169121633643265,-15.61885861953548],[-58.169008096898899,-15.618832927483822],[-58.168894561111479,-15.618807235366489],[-58.168781024410499,-15.618781542289513],[-58.168667488671595,-15.618755850050746],[-58.168531245254215,-15.618725018744708],[-58.168501764183155,-15.618848296463844],[-58.168472282154326,-15.618971575088926],[-58.16844701142309,-15.619077242998195],[-58.168421741597271,-15.619182909996466],[-58.168362779164987,-15.619429459083134],[-58.168499023038045,-15.619460290461644],[-58.168612559161808,-15.619485983664685],[-58.168726096237407,-15.619511675898163],[-58.168953169533793,-15.619563061091789]]]]}},
{"type":"Feature","properties":{"OBJECTID":248,"QUADRA":"15","SETOR":"2","BAIRRO":"JARDIM BELA VISTA","SHAPE_AREA":6149.99431104,"SHAPE_LEN":313.99985234100001},"geometry":{"type":"MultiPolygon","coordinates":[[[[-58.189564387006136,-15.622685634630487],[-58.189570770952443,-15.622947689961476],[-58.189687333355693,-15.622945155538121],[-58.189803895756704,-15.622942621956936],[-58.189920459082977,-15.622940088308983],[-58.190037021463844,-15.622937553700483],[-58.190153583842473,-15.622935019934165],[-58.190270146213642,-15.622932486106112],[-58.190263762314167,-15.622670430852036],[-58.19026112054943,-15.622561993788681],[-58.19025847879692,-15.622453557627939],[-58.190255285944161,-15.622322529548157],[-58.190252094039607,-15.622191502365336],[-58.190135532085925,-15.622194036154736],[-58.190018970124761,-15.622196569882435],[-58.189902408161359,-15.622199104452301],[-58.189785845252565,-15.62220163806164],[-58.189669283269026,-15.622204171604199],[-58.189552721283256,-15.622206705988937],[-58.189559104221999,-15.622468761338569],[-58.189561745607953,-15.622577197533214],[-58.189564387006136,-15.622685634630487]]]]}},
{"type":"Feature","properties":{"OBJECTID":444,"QUADRA":"4","SETOR":"3","BAIRRO":"RESIDENCIAL ESCOBAR","SHAPE_AREA":3026.4371901,"SHAPE_LEN":223.196986783},"geometry":{"type":"MultiPolygon","coordinates":[[[[-58.188036867657416,-15.625447845853776],[-58.188163440975849,-15.625475884974499],[-58.188164857705303,-15.625224252734512],[-58.188164951151272,-15.625107618645449],[-58.188165045034062,-15.624992192170044],[-58.187634972342906,-15.624871602038246],[-58.187636775185481,-15.624986021263028],[-58.187638676052295,-15.625106767292698],[-58.187640766836658,-15.625239427571811],[-58.187642663858902,-15.625359827423596],[-58.187781095034588,-15.625390735779352],[-58.18790898086192,-15.625419290405683],[-58.188036867657416,-15.625447845853776]]]]}},
{"type":"Feature","properties":{"OBJECTID":540,"QUADRA":"6","SETOR":"3","BAIRRO":"JD. ITALIA III","SHAPE_AREA":3784.0510504099998,"SHAPE_LEN":245.07340567200001},"geometry":{"type":"MultiPolygon","coordinates":[[[[-58.1732100090857,-15.611979848989924],[-58.173298037829362,-15.611999689651869],[-58.173331356990808,-15.611979047141244],[-58.173374623829787,-15.611784975170792],[-58.173418077048161,-15.611590066984974],[-58.173396523247618,-15.611557935127074],[-58.173308494689046,-15.611538094491523],[-58.173193394236662,-15.611512152392873],[-58.173078294741735,-15.611486210226847],[-58.172963194344042,-15.611460268907303],[-58.172848093960859,-15.611434325717639],[-58.17276064544928,-15.611414616440998],[-58.172727085439995,-15.611434889546405],[-58.172683750719457,-15.611629261889821],[-58.1726403168012,-15.611824080384013],[-58.172661761787495,-15.611856281599247],[-58.172749608332502,-15.611876081880855],[-58.172864708014735,-15.611902023302246],[-58.172979808659555,-15.611927965560158],[-58.1732100090857,-15.611979848989924]]]]}},
{"type":"Feature","properties":{"OBJECTID":268,"QUADRA":"17","SETOR":"1","BAIRRO":"JD. ZEFERINO I","SHAPE_AREA":7188.6211749300001,"SHAPE_LEN":339.75129619000001},"geometry":{"type":"MultiPolygon","coordinates":[[[[-58.171463123917313,-15.624494594273729],[-58.171598849411083,-15.62452431714191],[-58.171628989060871,-15.624392254134673],[-58.171659203332979,-15.62425986893401],[-58.171689491289307,-15.624127160641017],[-58.171719705485245,-15.623994773626469],[-58.171749919658559,-15.623862388416633],[-58.171780133798961,-15.623730003203759],[-58.171643662616347,-15.623700117171206],[-58.171529938051393,-15.623675211316407],[-58.171416212582237,-15.6236503063096],[-58.171302487131364,-15.623625400338025],[-58.171188761709011,-15.62360049520945],[-58.171052291600013,-15.623570607888162],[-58.171022848453177,-15.623703167891755],[-58.170993407073126,-15.623835716132026],[-58.170962792701395,-15.623968015724133],[-58.17093217922384,-15.62410031440427],[-58.170873293505785,-15.624365422629351],[-58.17100976506444,-15.624395310020548],[-58.171123489984851,-15.624420215216473],[-58.171237215866526,-15.624445121250437],[-58.17134939798914,-15.624469688360717],[-58.171463123917313,-15.624494594273729]]]]}},
{"type":"Feature","properties":{"OBJECTID":370,"QUADRA":"3","SETOR":"2","BAIRRO":"JARDIM PERUCHI","SHAPE_AREA":4755.9950109600004,"SHAPE_LEN":280.00018542800001},"geometry":{"type":"MultiPolygon","coordinates":[[[[-58.185267274226504,-15.635801388815949],[-58.185270059650747,-15.635945986820934],[-58.185531203854197,-15.635941633331745],[-58.185811001518225,-15.635936969888814],[-58.185808215720414,-15.635792372820831],[-58.185806038327861,-15.635679405517925],[-58.18580386188026,-15.635566439112532],[-58.185801685439642,-15.635453472705821],[-58.185799508067987,-15.635340505398945],[-58.185796722317264,-15.635195908321998],[-58.18551692566249,-15.635200572581025],[-58.185255782385724,-15.635204924180544],[-58.185258567762901,-15.635349522194465],[-58.185260743900663,-15.635462488628367],[-58.185262921916149,-15.635575455954756],[-58.185265098067845,-15.635688422386005],[-58.185267274226504,-15.635801388815949]]]]}},
{"type":"Feature","properties":{"OBJECTID":270,"QUADRA":"17","SETOR":"1","BAIRRO":"JD. DAS OLIVEIRAS II","SHAPE_AREA":4153.7560873700004,"SHAPE_LEN":263.75984332199999},"geometry":{"type":"MultiPolygon","coordinates":[[[[-58.184912515503207,-15.622987022464665],[-58.185149023464156,-15.623038988455743],[-58.185178110971378,-15.622915622681964],[-58.185205119639278,-15.622801068559085],[-58.185232128281612,-15.622686514433806],[-58.185259013088462,-15.622572489759687],[-58.185285896937273,-15.622458465088224],[-58.185314983372265,-15.622335099306342],[-58.185192460319328,-15.622308178151728],[-58.185078476198392,-15.622283132533795],[-58.184956088619003,-15.622256241244544],[-58.184841968198391,-15.622231166406767],[-58.184812880552947,-15.622354532150778],[-58.184785996452661,-15.622468557686469],[-58.184759111394328,-15.622582583224808],[-58.184732103421638,-15.622697136401319],[-58.184705093557959,-15.622811689585507],[-58.184676006705736,-15.622935055311338],[-58.184793602675242,-15.62296089513797],[-58.184912515503207,-15.622987022464665]]]]}},
{"type":"Feature","properties":{"OBJECTID":133,"QUADRA":"1","SETOR":"2","BAIRRO":"JD. PLANALTO","SHAPE_AREA":1338.7137704199999,"SHAPE_LEN":165.89900369399999},"geometry":{"type":"MultiPolygon","coordinates":[[[[-58.18834936073381,-15.634500433136923],[-58.188582975721708,-15.634545215063858],[-58.188581679779666,-15.634407919938207],[-58.188580569889552,-15.634290419305543],[-58.188463971883323,-15.634290167007279],[-58.188347373872801,-15.63428991464702],[-58.188230589298108,-15.634289662331369],[-58.188131167183116,-15.634289446982633],[-58.188020919756937,-15.634289207959799],[-58.188022322634914,-15.634437832072633],[-58.188129284895524,-15.634458301087941],[-58.188232367096859,-15.634478028171449],[-58.188302648393481,-15.634491479013285],[-58.18834936073381,-15.634500433136923]]]]}},
{"type":"Feature","properties":{"OBJECTID":353,"QUADRA":"25","SETOR":"1","BAIRRO":"JD. SANTA ROSA","SHAPE_AREA":4797.1739784600004,"SHAPE_LEN":279.93017398699999},"geometry":{"type":"MultiPolygon","coordinates":[[[[-58.179784144141586,-15.621841365989999],[-58.180038632354503,-15.621898228793386],[-58.180063961736266,-15.621792575885248],[-58.18008929016311,-15.621686922979999],[-58.180114619495313,-15.621581269163739],[-58.180140121898013,-15.621474894000494],[-58.180165451190852,-15.621369241083858],[-58.179910794255129,-15.621313099706807],[-58.179801650271763,-15.621289038535307],[-58.179437849583358,-15.621208833555821],[-58.179336533625388,-15.621631446770188],[-58.179311525481069,-15.621735761012948],[-58.179566011611129,-15.621792625296818],[-58.179675077401576,-15.621816996125885],[-58.179784144141586,-15.621841365989999]]]]}},
{"type":"Feature","properties":{"OBJECTID":362,"QUADRA":"28","SETOR":"4","BAIRRO":"JD. RONDON","SHAPE_AREA":2309.5501395000001,"SHAPE_LEN":219.70118383600001},"geometry":{"type":"MultiPolygon","coordinates":[[[[-58.168583557421584,-15.634691001799132],[-58.168853389030311,-15.63471032700927],[-58.168871979297755,-15.634578709089181],[-58.168887890738176,-15.63446159511442],[-58.168902795649608,-15.63434793039778],[-58.168917127465079,-15.634236835837454],[-58.168933162414362,-15.634115192613281],[-58.168952497831278,-15.633989970396598],[-58.168694886563543,-15.633954138026075],[-58.168675478572879,-15.634079749297973],[-58.168656216003313,-15.634201400668582],[-58.168637106384438,-15.634333572732954],[-58.168620429919464,-15.634449045658842],[-58.16860410046673,-15.634564851181491],[-58.168583557421584,-15.634691001799132]]]]}},
{"type":"Feature","properties":{"OBJECTID":149,"QUADRA":"1","SETOR":"1","BAIRRO":"JD. ZEFERINO I","SHAPE_AREA":2172.0069022500002,"SHAPE_LEN":228.15633277000001},"geometry":{"type":"MultiPolygon","coordinates":[[[[-58.175372037789458,-15.625366798587338],[-58.175507805810504,-15.625399553155717],[-58.175572621824884,-15.625135759130425],[-58.175674167978222,-15.624722484229462],[-58.175260355072432,-15.625060422928804],[-58.174998598137414,-15.625276740440011],[-58.175258897170913,-15.625339501694665],[-58.175372037789458,-15.625366798587338]]]]}},
{"type":"Feature","properties":{"OBJECTID":39,"QUADRA":"61","SETOR":"2","BAIRRO":"JD. POPULAR","SHAPE_AREA":3394.16833468,"SHAPE_LEN":243.89205691699999},"geometry":{"type":"MultiPolygon","coordinates":[[[[-58.184654438579344,-15.636721262927288],[-58.185095275525434,-15.636820975766657],[-58.185135246549173,-15.636458654540615],[-58.185133803894935,-15.636347032774763],[-58.185130435620437,-15.636086378314426],[-58.184959115478151,-15.636047627883077],[-58.184822859673552,-15.636016807693014],[-58.184738649249439,-15.636369035321858],[-58.184717596602383,-15.636457091773464],[-58.184654438579344,-15.636721262927288]]]]}},
{"type":"Feature","properties":{"OBJECTID":197,"QUADRA":"11","SETOR":"4","BAIRRO":"JD. ARATAKA","SHAPE_AREA":4111.5137220200004,"SHAPE_LEN":376.54149918500002},"geometry":{"type":"MultiPolygon","coordinates":[[[[-58.17178686147782,-15.616894807504215],[-58.171907409059472,-15.616918099738855],[-58.171932320848477,-15.616806243478269],[-58.171951129401641,-15.61672320842667],[-58.171971129032201,-15.616634920721745],[-58.171991127720709,-15.616546633924331],[-58.172012581380827,-15.616458171232766],[-58.17203175012159,-15.616369756891178],[-58.172054381253929,-15.616273487166302],[-58.172071968402292,-15.61619071262445],[-58.172102826421138,-15.616058387200106],[-58.172122726864373,-15.615970719192411],[-58.172163990703254,-15.615795140347391],[-58.172183327170927,-15.6157067160611],[-58.172202729912108,-15.615620108279412],[-58.172238573530791,-15.615490305255216],[-58.172072479323845,-15.615453417375596],[-58.171897171955294,-15.615416894899715],[-58.171865428067434,-15.615738051910549],[-58.171854853451926,-15.615917417039418],[-58.171848082625729,-15.61600783516738],[-58.171840207962774,-15.616125593434193],[-58.171832808222781,-15.616236651190118],[-58.17182601402795,-15.616327882960169],[-58.17181928280776,-15.616418707633963],[-58.171814912872158,-15.616511435996605],[-58.171808299251389,-15.616601618265417],[-58.171801770412557,-15.616693589823692],[-58.171796616481757,-15.616781305666045],[-58.17178686147782,-15.616894807504215]]]]}},
{"type":"Feature","properties":{"OBJECTID":535,"QUADRA":"6","SETOR":"4","BAIRRO":"JD. VISTA ALEGRE","SHAPE_AREA":6399.9354773900004,"SHAPE_LEN":319.99861644800001},"geometry":{"type":"MultiPolygon","coordinates":[[[[-58.169824543022905,-15.619752497749602],[-58.16996078726541,-15.619783328190277],[-58.169994478764501,-15.619642443218142],[-58.170019747810073,-15.619536776094519],[-58.170045017766206,-15.619431108963804],[-58.170070286777715,-15.619325443643682],[-58.17008887451945,-15.619247714935877],[-58.17012924800536,-15.619078887002024],[-58.169993004218554,-15.61904805663379],[-58.169879467292439,-15.619022365047856],[-58.169765931323269,-15.618996673396262],[-58.169652394440512,-15.618970980785013],[-58.16953885851985,-15.618945289011959],[-58.169402614884355,-15.618914458264793],[-58.169343652806056,-15.61916101477123],[-58.16931838250752,-15.619266681846129],[-58.169293113119529,-15.619372348913927],[-58.169234151713965,-15.619618899066699],[-58.169370395805167,-15.619649729886309],[-58.169483932105592,-15.619675421719737],[-58.169597469368092,-15.619701114391352],[-58.169711005717019,-15.619726806103317],[-58.169824543022905,-15.619752497749602]]]]}},
{"type":"Feature","properties":{"OBJECTID":387,"QUADRA":"3","SETOR":"2","BAIRRO":"JD. BANDEIRANTES II","SHAPE_AREA":2078.35797628,"SHAPE_LEN":187.409990663},"geometry":{"type":"MultiPolygon","coordinates":[[[[-58.191383766625869,-15.625383817887007],[-58.191385494292142,-15.625546509446371],[-58.191492757832251,-15.625545806042499],[-58.191600021362525,-15.625545101682357],[-58.191707284893376,-15.625544398173732],[-58.191814548419615,-15.62554369461269],[-58.191924237024402,-15.625542974213737],[-58.19192250893331,-15.625380282688266],[-58.191920780854495,-15.62521759116024],[-58.191812118416244,-15.62521830416633],[-58.191704855064444,-15.62521900861824],[-58.191597591702795,-15.625219712113896],[-58.191490328341729,-15.625220416461028],[-58.191383064970822,-15.625221119851917],[-58.191383766625869,-15.625383817887007]]]]}},
{"type":"Feature","properties":{"OBJECTID":122,"QUADRA":"18","SETOR":"1","BAIRRO":"JD. DAS OLIVEIRAS II","SHAPE_AREA":10300.025637700001,"SHAPE_LEN":410.051083065},"geometry":{"type":"MultiPolygon","coordinates":[[[[-58.185389787654451,-15.622598641375047],[-58.186489280892204,-15.622844673195003],[-58.186462927202598,-15.621958042499152],[-58.185590461946511,-15.621762811264942],[-58.185389787654451,-15.622598641375047]]]]}},
{"type":"Feature","properties":{"OBJECTID":493,"QUADRA":"5","SETOR":"3","BAIRRO":"RESIDENCIAL SOLARES","SHAPE_AREA":8199.9935943799992,"SHAPE_LEN":364.00002892600003},"geometry":{"type":"MultiPolygon","coordinates":[[[[-58.187604903776247,-15.623761805187772],[-58.187609008129314,-15.62388828724448],[-58.187851409858105,-15.623881176131695],[-58.187907348931844,-15.623879535622885],[-58.187963287998443,-15.623877894195997],[-58.188075165193062,-15.623874611304657],[-58.188187043317832,-15.623871329255374],[-58.188298912503612,-15.623867792296377],[-58.188410780748598,-15.623864255285682],[-58.188541296025306,-15.623860129140771],[-58.188537191103194,-15.623733647140986],[-58.188533085253937,-15.623607164240516],[-58.188529273090509,-15.62348971608737],[-58.188525461879529,-15.623372269735331],[-58.18852135699904,-15.623245787728406],[-58.188517252124115,-15.623119304815745],[-58.188386737313941,-15.623123430913994],[-58.188274868536112,-15.623126967889737],[-58.188162999750219,-15.623130504808723],[-58.188051122958178,-15.623133786812966],[-58.187939246163573,-15.623137069664281],[-58.187827368423243,-15.623140351559995],[-58.187715491613048,-15.623143634297746],[-58.18758496756633,-15.623147463489978],[-58.187593177105988,-15.623400426710596],[-58.187596987798969,-15.623517874923234],[-58.18760079943398,-15.62363532312923],[-58.187604903776247,-15.623761805187772]]]]}},
{"type":"Feature","properties":{"OBJECTID":356,"QUADRA":"26","SETOR":"1","BAIRRO":"NUCLEO URBANO","SHAPE_AREA":6799.91431706,"SHAPE_LEN":329.99995154599998},"geometry":{"type":"MultiPolygon","coordinates":[[[[-58.179545764470923,-15.627239036449433],[-58.179727522643283,-15.627279757602595],[-58.179789191696088,-15.627015257375323],[-58.179814888254057,-15.626905047732132],[-58.179840584798995,-15.626794839894512],[-58.179891975942944,-15.626574422414944],[-58.179710218380578,-15.626533701354713],[-58.179596620872516,-15.626508251398896],[-58.17948302338327,-15.626482800478369],[-58.179369424990405,-15.626457350405941],[-58.179312624867634,-15.626444624899991],[-58.179255826621507,-15.626431900272699],[-58.179188967691168,-15.626416921106223],[-58.179119509544243,-15.6264013602083],[-58.179105706524375,-15.626460560764595],[-58.179089695706651,-15.626529230765938],[-58.179068117585018,-15.626621776660553],[-58.17904242156775,-15.62673198443146],[-58.179016724599535,-15.626842193109054],[-58.178996681418809,-15.626928156632809],[-58.178975096862395,-15.627020731479979],[-58.178955053652139,-15.627106695000972],[-58.179091371186878,-15.627137235135084],[-58.179204969942184,-15.627162686230283],[-58.179318568716283,-15.627188136360806],[-58.179432166581613,-15.627213586435527],[-58.179545764470923,-15.627239036449433]]]]}},
{"type":"Feature","properties":{"OBJECTID":291,"QUADRA":"2","SETOR":"2","BAIRRO":"JARDIM PERUCHI","SHAPE_AREA":4755.9937600200001,"SHAPE_LEN":279.99987882400001},"geometry":{"type":"MultiPolygon","coordinates":[[[[-58.185252712449078,-15.634924956159905],[-58.185255884877328,-15.635069546663008],[-58.185517015810689,-15.635064538905961],[-58.18559896222007,-15.635062967036465],[-58.185796797977119,-15.635059172402761],[-58.185793625175542,-15.634914582837578],[-58.185792890437043,-15.634881096226165],[-58.185791146575127,-15.634801621672528],[-58.185788667987211,-15.634688661410005],[-58.185786189401391,-15.634575700242257],[-58.185783710822861,-15.63446273907315],[-58.185780538070617,-15.634318149498819],[-58.185642225151732,-15.634320801625245],[-58.185500756902371,-15.6343235150079],[-58.185239626910722,-15.634328523584623],[-58.185242799284467,-15.634473113192989],[-58.185245277567269,-15.634586074388684],[-58.185247755852181,-15.634699034679162],[-58.185250234149578,-15.634811995872147],[-58.185252712449078,-15.634924956159905]]]]}},
{"type":"Feature","properties":{"OBJECTID":249,"QUADRA":"15","SETOR":"4","BAIRRO":"JD. VISTA ALEGRE","SHAPE_AREA":6399.9956435499998,"SHAPE_LEN":320.00008168699998},"geometry":{"type":"MultiPolygon","coordinates":[[[[-58.169579432592606,-15.618161189698927],[-58.170308845402751,-15.618313610118852],[-58.170467249852578,-15.617606974303918],[-58.169737840434728,-15.617454554232333],[-58.169579432592606,-15.618161189698927]]]]}},
{"type":"Feature","properties":{"OBJECTID":571,"QUADRA":"8","SETOR":"2","BAIRRO":"JD. POPULAR","SHAPE_AREA":6390.5664750599999,"SHAPE_LEN":319.76518405299998},"geometry":{"type":"MultiPolygon","coordinates":[[[[-58.18298503682982,-15.628886595074222],[-58.183121368747699,-15.628917082792961],[-58.183178927205368,-15.62867021757566],[-58.183203595201306,-15.628564416126736],[-58.183228264118831,-15.628458616478511],[-58.183247413488886,-15.628376484640958],[-58.183285823275973,-15.628211748524174],[-58.183151619411213,-15.628181736609502],[-58.183038010659004,-15.628156329261385],[-58.182924401008329,-15.628130923665227],[-58.182810792309134,-15.628105517099335],[-58.182697182695904,-15.628080109573771],[-58.182560852317117,-15.628049621541406],[-58.182530875068615,-15.628176461950835],[-58.18250254701055,-15.62829632525569],[-58.182477559245406,-15.628402054251945],[-58.18245257053087,-15.628507784155051],[-58.182423418245733,-15.6286311355487],[-58.182394267760053,-15.628754480602344],[-58.182530597658015,-15.628784967806851],[-58.182644207652174,-15.628810375391591],[-58.182757817659876,-15.628835781107755],[-58.182871427696675,-15.628861187666951],[-58.18298503682982,-15.628886595074222]]]]}},
{"type":"Feature","properties":{"OBJECTID":352,"QUADRA":"25","SETOR":"1","BAIRRO":"NUCLEO URBANO","SHAPE_AREA":6399.9179953900002,"SHAPE_LEN":319.99986662700002},"geometry":{"type":"MultiPolygon","coordinates":[[[[-58.178683441898521,-15.627048054044556],[-58.178819735688535,-15.627078694813969],[-58.178881613216831,-15.62681423974634],[-58.178907395244195,-15.626704049605062],[-58.178933178186007,-15.626593860360448],[-58.178984742128577,-15.626373480970754],[-58.178848448795762,-15.626342840271402],[-58.178734870575077,-15.626317305688323],[-58.178621292383617,-15.62629177194834],[-58.178555872481191,-15.62627706416229],[-58.178507715143795,-15.626266237238662],[-58.178450926066532,-15.626253469863528],[-58.178394137000453,-15.62624070337707],[-58.178257843817782,-15.626210062298378],[-58.178206278180483,-15.626430441576323],[-58.178180495790421,-15.626540630757528],[-58.17815471338205,-15.626650820840419],[-58.178092834939349,-15.62691527576791],[-58.178229128579218,-15.626945916916691],[-58.178342707108719,-15.626971451740548],[-58.178456285657127,-15.626996985599709],[-58.178569863296836,-15.627022519403106],[-58.178683441898521,-15.627048054044556]]]]}},
{"type":"Feature","properties":{"OBJECTID":96,"QUADRA":null,"SETOR":"4","BAIRRO":"JD. DA PAZ","SHAPE_AREA":3080.9982207899998,"SHAPE_LEN":222.123087723},"geometry":{"type":"MultiPolygon","coordinates":[[[[-58.17272490358657,-15.63230326174962],[-58.173237063922464,-15.632404698982757],[-58.173314368177834,-15.631895900214971],[-58.172797223572523,-15.631827281728651],[-58.17272490358657,-15.63230326174962]]]]}},
{"type":"Feature","properties":{"OBJECTID":368,"QUADRA":"29","SETOR":"1","BAIRRO":"NUCLEO URBANO","SHAPE_AREA":6398.2935300400004,"SHAPE_LEN":319.99882227099999},"geometry":{"type":"MultiPolygon","coordinates":[[[[-58.182260314530659,-15.627846995067308],[-58.182396565507219,-15.627877817267755],[-58.182423588350261,-15.627763268743447],[-58.18245476814527,-15.627631094239366],[-58.182480776696188,-15.627525594759245],[-58.182506039909043,-15.627419927550672],[-58.182564987623678,-15.627173369515649],[-58.182428737103265,-15.627142547387347],[-58.182088111423738,-15.627065492133118],[-58.181838319522313,-15.627008984718872],[-58.18177937002865,-15.627255543528131],[-58.181756211600451,-15.627352406138497],[-58.181728841928567,-15.62746687964048],[-58.181700420125495,-15.627585756311387],[-58.181669894973062,-15.627713432086182],[-58.181806145798532,-15.62774425466589],[-58.181919687710753,-15.627769939632703],[-58.182033229647196,-15.627795624538727],[-58.182146772545785,-15.627821310282837],[-58.182260314530659,-15.627846995067308]]]]}},
{"type":"Feature","properties":{"OBJECTID":562,"QUADRA":"7","SETOR":"3","BAIRRO":"JD. ITALIA","SHAPE_AREA":2794.3220892200002,"SHAPE_LEN":271.66596760900001},"geometry":{"type":"MultiPolygon","coordinates":[[[[-58.174058708110586,-15.614125404211926],[-58.174231574671836,-15.614163077891011],[-58.174264440664246,-15.614141762428646],[-58.174283410249018,-15.614057883024016],[-58.174308370948694,-15.613947515951443],[-58.174207196156203,-15.613925476323747],[-58.174109355314734,-15.613904164550574],[-58.174102546449298,-15.613902680573842],[-58.174018356029642,-15.61388434196081],[-58.17399789676206,-15.613879884772423],[-58.173927356759421,-15.613864519332086],[-58.173893247094476,-15.613857088919481],[-58.173836356571385,-15.613844696669394],[-58.173788597446574,-15.613834293015021],[-58.173745357330908,-15.613824873962779],[-58.17368394781834,-15.613811497059043],[-58.173652908741488,-15.613804736266479],[-58.173579298209745,-15.613788701051549],[-58.173561909530974,-15.61378491348133],[-58.173474648620839,-15.613765904992555],[-58.173383649439472,-15.61374608213109],[-58.173369999984288,-15.61374310887706],[-58.173292650272963,-15.613726259230683],[-58.173267394027874,-15.613836578086447],[-58.173242018539312,-15.613947418229198],[-58.173333015987673,-15.613967250192614],[-58.173424013450919,-15.613987082117079],[-58.173512722004091,-15.61400641461983],[-58.173603719496739,-15.61402624646737],[-58.173694717004246,-15.614046078275962],[-58.173785714526623,-15.614065910045598],[-58.173876712058743,-15.614085740872403],[-58.173967709610892,-15.614105572564128],[-58.174058708110586,-15.614125404211926]]]]}},
{"type":"Feature","properties":{"OBJECTID":521,"QUADRA":"6","SETOR":"2","BAIRRO":"PACAEMBU","SHAPE_AREA":1198.2586380099999,"SHAPE_LEN":189.976566488},"geometry":{"type":"MultiPolygon","coordinates":[[[[-58.187961764790664,-15.630300538700062],[-58.18810522526082,-15.630300395575889],[-58.188102752740633,-15.630210019399032],[-58.188100281158299,-15.630119643216222],[-58.188097809586274,-15.630029267936377],[-58.188095338014151,-15.629938891751753],[-58.188092866452351,-15.629848516470094],[-58.188090394890438,-15.629758140283661],[-58.188085450854381,-15.629577388816987],[-58.187949453089985,-15.629577524034621],[-58.187952531454506,-15.629758277477482],[-58.187954070176822,-15.629848654200192],[-58.187955608908631,-15.629939031825939],[-58.187957148572281,-15.630029408541926],[-58.187958687302242,-15.630119784358264],[-58.18796022604171,-15.630210161077644],[-58.187961764790664,-15.630300538700062]]]]}},
{"type":"Feature","properties":{"OBJECTID":188,"QUADRA":"11","SETOR":"1","BAIRRO":"JD. SANTA MARIA","SHAPE_AREA":3875.2466881099999,"SHAPE_LEN":258.64419701399999},"geometry":{"type":"MultiPolygon","coordinates":[[[[-58.175349650235319,-15.630527907564781],[-58.176111060196945,-15.630542374880598],[-58.176136008492939,-15.630436635769524],[-58.176196346869524,-15.630190392403744],[-58.176060094982496,-15.630159566400394],[-58.17594655130101,-15.630133877547964],[-58.175833008581677,-15.63010818953364],[-58.175719464953822,-15.630082501463537],[-58.175605922277839,-15.630056812423783],[-58.175469670547223,-15.630025986945046],[-58.175385445558362,-15.630378212106345],[-58.175349650235319,-15.630527907564781]]]]}},
{"type":"Feature","properties":{"OBJECTID":244,"QUADRA":"15","SETOR":"1","BAIRRO":"NUCLEO URBANO","SHAPE_AREA":6393.8470187100002,"SHAPE_LEN":319.99937319700001},"geometry":{"type":"MultiPolygon","coordinates":[[[[-58.180983404470588,-15.629386884768117],[-58.181119656349992,-15.629417707700116],[-58.181177860841352,-15.629170984908352],[-58.181202806374657,-15.629065244495298],[-58.181227751891328,-15.62895950498404],[-58.181250550114257,-15.628866455225401],[-58.181288083775669,-15.6287132606355],[-58.181151832352462,-15.628682437775684],[-58.181038289057462,-15.628656751542872],[-58.180924746724621,-15.628631066148156],[-58.180811203483245,-15.628605380697685],[-58.180697661193655,-15.628579694277514],[-58.180561409921566,-15.628548871038426],[-58.180502459507593,-15.628795430505841],[-58.180451929814659,-15.629006766411869],[-58.18039298006812,-15.629253318621885],[-58.180529231791191,-15.629284141029304],[-58.180642775393672,-15.629309827504612],[-58.180756318082445,-15.629335513020285],[-58.18086986079544,-15.629361198475157],[-58.180983404470588,-15.629386884768117]]]]}},
{"type":"Feature","properties":{"OBJECTID":61,"QUADRA":"79","SETOR":"2","BAIRRO":"JD. POPULAR","SHAPE_AREA":6015.9315971300002,"SHAPE_LEN":312.795965266},"geometry":{"type":"MultiPolygon","coordinates":[[[[-58.18498771320116,-15.638552785327642],[-58.185169748077556,-15.638592358999803],[-58.185164060760279,-15.63833174695697],[-58.18516081099753,-15.638182822686673],[-58.185157558449049,-15.638033898429148],[-58.185153494657229,-15.637847744901613],[-58.184922309374755,-15.637797488619734],[-58.184740272456871,-15.637757916510184],[-58.18455823653116,-15.637718344239458],[-58.18451770093337,-15.637894802966493],[-58.184485271854101,-15.63803597012798],[-58.184452843675146,-15.638177138184849],[-58.184424515161076,-15.63830045728165],[-58.184396094693533,-15.638424174590462],[-58.184532622557001,-15.638453853647922],[-58.184646394720744,-15.638478587339748],[-58.184760168773266,-15.638503320960533],[-58.184873940978221,-15.638528053626521],[-58.18498771320116,-15.638552785327642]]]]}},
{"type":"Feature","properties":{"OBJECTID":541,"QUADRA":"60","SETOR":"2","BAIRRO":"JD. POPULAR","SHAPE_AREA":3816.9889034799999,"SHAPE_LEN":257.69517057799999},"geometry":{"type":"MultiPolygon","coordinates":[[[[-58.178799807712757,-15.634534331035553],[-58.178936062827056,-15.634565155097155],[-58.178994270977633,-15.634318432716695],[-58.179019218079191,-15.634212692479879],[-58.179044165169259,-15.634106954048772],[-58.179069300748367,-15.634000415548684],[-58.179102374011151,-15.633860228026897],[-58.178968246100034,-15.633829885235905],[-58.178854701047342,-15.633804198960704],[-58.178741155086122,-15.633778512629695],[-58.178583463085545,-15.633742838417799],[-58.178584468453927,-15.63390241690713],[-58.178585102371024,-15.634003104229162],[-58.178585810534649,-15.634114647978988],[-58.178586521506986,-15.63422619261649],[-58.17858815893814,-15.63448645119508],[-58.178686262279797,-15.6345086447001],[-58.178799807712757,-15.634534331035553]]]]}},
{"type":"Feature","properties":{"OBJECTID":26,"QUADRA":"57B","SETOR":"4","BAIRRO":"JD. ZEFERINO  II","SHAPE_AREA":3146.543493,"SHAPE_LEN":239.928499837},"geometry":{"type":"MultiPolygon","coordinates":[[[[-58.17134337352762,-15.632881028662315],[-58.171533316446244,-15.632919813561394],[-58.171563883687377,-15.632754036101671],[-58.171581226930414,-15.632577328683031],[-58.171400412299214,-15.632537817134335],[-58.171308594594365,-15.63251937046155],[-58.171216849853934,-15.63250227018448],[-58.171123890725617,-15.632484859982258],[-58.171033076571909,-15.632467365977805],[-58.170940363277786,-15.632450532885532],[-58.17083469391445,-15.632433786974428],[-58.170808371726991,-15.632581752781141],[-58.170798136331726,-15.632658440837311],[-58.170781211577754,-15.632771031713588],[-58.170886805663123,-15.632790914606346],[-58.170976683356201,-15.63280609965325],[-58.171066962610624,-15.632824645061373],[-58.17115735355447,-15.632843144639578],[-58.171250338544382,-15.632861793034186],[-58.17134337352762,-15.632881028662315]]]]}},
{"type":"Feature","properties":{"OBJECTID":592,"QUADRA":"9","SETOR":"2","BAIRRO":"JD. POPULAR","SHAPE_AREA":3854.35597689,"SHAPE_LEN":258.48624492800002},"geometry":{"type":"MultiPolygon","coordinates":[[[[-58.185008414915835,-15.630280695924776],[-58.185052923761674,-15.6302907636817],[-58.185053279206876,-15.630030956708064],[-58.185053380296999,-15.629919596803834],[-58.185053430897142,-15.629864007241576],[-58.185053481396643,-15.629808237802392],[-58.185053838724798,-15.629548426288247],[-58.184949741985029,-15.629524879482139],[-58.184836197889474,-15.629499195281939],[-58.184699945574707,-15.629468375604635],[-58.184641000008853,-15.629714934935185],[-58.184615737719845,-15.629820603215478],[-58.184590474475975,-15.629926271498709],[-58.184572917278246,-15.629999710999863],[-58.184531529582756,-15.630172824475785],[-58.184667782358972,-15.63020364512907],[-58.184781326829565,-15.630229328485465],[-58.184894870391616,-15.630255011786099],[-58.185008414915835,-15.630280695924776]]]]}},
{"type":"Feature","properties":{"OBJECTID":328,"QUADRA":"20","SETOR":"1","BAIRRO":"JD. SANTA ROSA","SHAPE_AREA":3566.8696170100002,"SHAPE_LEN":260.57608481599999},"geometry":{"type":"MultiPolygon","coordinates":[[[[-58.182861092119637,-15.624295619126157],[-58.182979174094548,-15.624322331345901],[-58.18303811971419,-15.624075777740844],[-58.182990795446585,-15.624065072030689],[-58.182987174150696,-15.623952869733328],[-58.182983461341827,-15.623840648041815],[-58.182935153661717,-15.623829719831377],[-58.18296296968591,-15.6237153468561],[-58.182995065859586,-15.623583378865417],[-58.182781538430397,-15.623535075005115],[-58.182666182246862,-15.623508978887351],[-58.182634603287511,-15.623641064276443],[-58.18260723445259,-15.623755537857862],[-58.182581971608307,-15.623861205981697],[-58.182556708741892,-15.623966874103424],[-58.182497762553069,-15.624213426715427],[-58.182634011111489,-15.624244248942379],[-58.182747551134497,-15.62426993361523],[-58.182861092119637,-15.624295619126157]]]]}},
{"type":"Feature","properties":{"OBJECTID":255,"QUADRA":"16","SETOR":"1","BAIRRO":"NUCLEO URBANO","SHAPE_AREA":6403.8821082799996,"SHAPE_LEN":320.15098065699999},"geometry":{"type":"MultiPolygon","coordinates":[[[[-58.18184409926738,-15.629577643736495],[-58.181981732738059,-15.629608777753756],[-58.182011678205178,-15.629481840853511],[-58.182039937149959,-15.629362054800147],[-58.182064882254622,-15.629256315223767],[-58.182089827342672,-15.629150576549183],[-58.1821487759061,-15.628904018595199],[-58.182012524265254,-15.628873196288104],[-58.181898981721631,-15.628847510510878],[-58.181785438274659,-15.628821825581769],[-58.181671895784646,-15.628796140586857],[-58.181558353313683,-15.62877045462729],[-58.181422101823948,-15.628739631940906],[-58.181363151486565,-15.628986191572952],[-58.181337887550143,-15.629091859592926],[-58.181312623591573,-15.629197527610788],[-58.181253674854403,-15.629444079980429],[-58.181389926795141,-15.629474901835113],[-58.181503469646273,-15.629500587854828],[-58.181617013449191,-15.629526272904862],[-58.181730556343595,-15.629551957899144],[-58.18184409926738,-15.629577643736495]]]]}},
{"type":"Feature","properties":{"OBJECTID":511,"QUADRA":"54","SETOR":"4","BAIRRO":"JD. ZEFERINO  II","SHAPE_AREA":6383.5558934800001,"SHAPE_LEN":320.000134479},"geometry":{"type":"MultiPolygon","coordinates":[[[[-58.172385223553512,-15.632219695745084],[-58.172521613107222,-15.632249951968772],[-58.17253870937602,-15.632142757339283],[-58.172561504065243,-15.631999830563963],[-58.17257860030179,-15.63189263593183],[-58.172595697457325,-15.631785441293589],[-58.172635588275668,-15.631535319877305],[-58.172499200129216,-15.631505064590122],[-58.172385542122932,-15.631479851790496],[-58.172271885068007,-15.631454638021149],[-58.172158227109215,-15.631429425099817],[-58.172044570106941,-15.631404212112631],[-58.171908181175887,-15.631373956450673],[-58.171888234874274,-15.631499017578916],[-58.171868288548715,-15.63162407780173],[-58.171851191950502,-15.63173127240491],[-58.171834095338468,-15.631838467006935],[-58.17179420257159,-15.632088588346523],[-58.171930591971964,-15.632118844046103],[-58.172044250298121,-15.63214405705965],[-58.172157907715253,-15.63216927001732],[-58.172271565156123,-15.63219448291412],[-58.172385223553512,-15.632219695745084]]]]}},
{"type":"Feature","properties":{"OBJECTID":102,"QUADRA":null,"SETOR":"4","BAIRRO":"JD. ZEFERINO  II","SHAPE_AREA":2245.21167995,"SHAPE_LEN":216.17474176799999},"geometry":{"type":"MultiPolygon","coordinates":[[[[-58.17293074668067,-15.627986009720082],[-58.173176593354619,-15.628039411882147],[-58.173194744773035,-15.627932014512892],[-58.173209039743995,-15.6277872023661],[-58.172980312338417,-15.627737518694959],[-58.172852887637632,-15.627709839599785],[-58.172743666221464,-15.627686114472535],[-58.172634443017749,-15.627662399241794],[-58.17248408198833,-15.627629738108411],[-58.172445439882793,-15.627880591368479],[-58.172584878762635,-15.627910881169068],[-58.172694100282214,-15.62793460546408],[-58.172803321828312,-15.627958330606827],[-58.172809511000466,-15.627959675087419],[-58.17293074668067,-15.627986009720082]]]]}},
{"type":"Feature","properties":{"OBJECTID":413,"QUADRA":"33","SETOR":"2","BAIRRO":"JD. POPULAR","SHAPE_AREA":6409.3026545000002,"SHAPE_LEN":320.23356342699998},"geometry":{"type":"MultiPolygon","coordinates":[[[[-58.179269656134672,-15.631998642704895],[-58.179521581359467,-15.632055633839819],[-58.17957978830897,-15.631808911346228],[-58.179604734895776,-15.631703171060934],[-58.179629680533175,-15.631597431682472],[-58.179654984978384,-15.631490174520685],[-58.17968788817921,-15.63135070645137],[-58.179551635148705,-15.631319882708933],[-58.179438090519476,-15.631294196644482],[-58.179324546842068,-15.631268509610342],[-58.179211003194084,-15.631242823419292],[-58.17909745863755,-15.631217137172481],[-58.178961205758256,-15.631186313050717],[-58.178902252869598,-15.631432871310794],[-58.178876987442223,-15.631538539132311],[-58.178851721059928,-15.631644206956699],[-58.178813366418012,-15.631804614310711],[-58.178792768843842,-15.631890758863229],[-58.178929022179375,-15.631921583057267],[-58.179042567116099,-15.631947269364298],[-58.179156111144309,-15.631972955615558],[-58.179269656134672,-15.631998642704895]]]]}},
{"type":"Feature","properties":{"OBJECTID":119,"QUADRA":null,"SETOR":"4","BAIRRO":"JD. ZEFERINO III","SHAPE_AREA":3533.5370629899999,"SHAPE_LEN":248.104775754},"geometry":{"type":"MultiPolygon","coordinates":[[[[-58.173085691900098,-15.622816122988917],[-58.17362182373828,-15.623082905135107],[-58.173979186310639,-15.622816024952741],[-58.173298800314562,-15.62241609241255],[-58.173085691900098,-15.622816122988917]]]]}},
{"type":"Feature","properties":{"OBJECTID":605,"QUADRA":"9","SETOR":"4","BAIRRO":"JD. ARATAKA","SHAPE_AREA":3269.5792044,"SHAPE_LEN":245.31818794},"geometry":{"type":"MultiPolygon","coordinates":[[[[-58.172685472307755,-15.616321017107051],[-58.172666472356795,-15.616409539055919],[-58.172651279379728,-15.6164064565027],[-58.172629526948597,-15.616496457481999],[-58.172646082596295,-15.616499695463357],[-58.172626319576722,-15.61658689273651],[-58.172605940859043,-15.616674075217878],[-58.172585640802673,-15.616761971366707],[-58.17256527771098,-15.616854860146121],[-58.172546652291359,-15.616942337878612],[-58.172525344773021,-15.617033502518133],[-58.172708374319804,-15.617072902781873],[-58.172893220533041,-15.617111913542665],[-58.172913655824445,-15.617018294901651],[-58.172934234045712,-15.616928489995811],[-58.172954620732781,-15.616841090512137],[-58.172972697961733,-15.616754345139398],[-58.172992465543459,-15.616666334301234],[-58.173013036773689,-15.616578590341781],[-58.17303170654089,-15.616489437399462],[-58.17305083575414,-15.61639907076218],[-58.172868927343615,-15.616359899776553],[-58.172685472307755,-15.616321017107051]]]]}},
{"type":"Feature","properties":{"OBJECTID":445,"QUADRA":"4","SETOR":"2","BAIRRO":"JD. BANDEIRANTES II","SHAPE_AREA":2072.2357792399998,"SHAPE_LEN":187.129731212},"geometry":{"type":"MultiPolygon","coordinates":[[[[-58.191381913346497,-15.624968308626073],[-58.191383777156901,-15.625130998548736],[-58.191491037061027,-15.625129864920988],[-58.191598296022129,-15.625128730342045],[-58.191705554983372,-15.62512759661465],[-58.191812814867049,-15.625126461925957],[-58.1919211930581,-15.625125315688432],[-58.191918769207192,-15.624962632454494],[-58.191916344436933,-15.624799949222963],[-58.191808992392481,-15.624801085355671],[-58.191701732672655,-15.624802219126819],[-58.191594473885701,-15.624803353744429],[-58.191487214155707,-15.624804487410891],[-58.191379955358613,-15.624805621923821],[-58.191381913346497,-15.624968308626073]]]]}},
{"type":"Feature","properties":{"OBJECTID":174,"QUADRA":"10","SETOR":"2","BAIRRO":"JARDIM BELA VISTA","SHAPE_AREA":6149.9964617799997,"SHAPE_LEN":313.99984137600001},"geometry":{"type":"MultiPolygon","coordinates":[[[[-58.188694078267311,-15.625334041743596],[-58.188696679434969,-15.625596157364807],[-58.188813269286705,-15.625595204090498],[-58.188929858194818,-15.625594249855482],[-58.189046447097247,-15.625593295558602],[-58.189163036926736,-15.625592341194787],[-58.189279626750569,-15.625591386769093],[-58.189340252527316,-15.625590891026825],[-58.189396215635981,-15.625590432286581],[-58.189394104010262,-15.625377743203046],[-58.189393612641744,-15.6253283158367],[-58.189392537164139,-15.625219854906495],[-58.189391459821202,-15.625111393081403],[-58.189388857822237,-15.624849277518251],[-58.189272268417646,-15.624850231068875],[-58.189155679940122,-15.624851184552574],[-58.189039090534614,-15.624852139787208],[-58.188922501113012,-15.624853093152211],[-58.188805912628879,-15.624854048258047],[-58.188689324128646,-15.624855001494259],[-58.188690729880129,-15.624996699058961],[-58.188691925244242,-15.625117118031437],[-58.18869300128673,-15.625225579890603],[-58.188694078267311,-15.625334041743596]]]]}},
{"type":"Feature","properties":{"OBJECTID":160,"QUADRA":"1","SETOR":"3","BAIRRO":"JD. UNIVERSITARIO","SHAPE_AREA":3999.9569634499999,"SHAPE_LEN":259.99996296799998},"geometry":{"type":"MultiPolygon","coordinates":[[[[-58.181649469022354,-15.619799122990862],[-58.182377404335142,-15.619958047342203],[-58.182481986755228,-15.619517611261511],[-58.181754052967754,-15.619358687148624],[-58.181649469022354,-15.619799122990862]]]]}},
{"type":"Feature","properties":{"OBJECTID":98,"QUADRA":null,"SETOR":"4","BAIRRO":"JD. DA PAZ","SHAPE_AREA":5202.5717856499996,"SHAPE_LEN":307.93330804300001},"geometry":{"type":"MultiPolygon","coordinates":[[[[-58.174204272347346,-15.631796774004377],[-58.17467741824867,-15.631809958433102],[-58.174811992976075,-15.630926014588681],[-58.174351561544938,-15.63083204595366],[-58.17433539381237,-15.630938152817972],[-58.174318410507865,-15.631049935168084],[-58.174301427184133,-15.63116171661315],[-58.174284443846304,-15.631273498057055],[-58.174267461432315,-15.631385280398707],[-58.174251737351042,-15.63149428190942],[-58.174234209705695,-15.631605984911038],[-58.174216682045639,-15.631717687911447],[-58.174204272347346,-15.631796774004377]]]]}},
{"type":"Feature","properties":{"OBJECTID":185,"QUADRA":"10","SETOR":"3","BAIRRO":"JD. ITALIA III","SHAPE_AREA":829.8353421,"SHAPE_LEN":115.008626824},"geometry":{"type":"MultiPolygon","coordinates":[[[[-58.176350117688969,-15.613001110278223],[-58.176450095306038,-15.613023440078065],[-58.176501134781617,-15.612802946359688],[-58.176400523149844,-15.612780474442609],[-58.176299184036019,-15.612757840958617],[-58.176228201277553,-15.612741986887233],[-58.176192534694877,-15.612758540455387],[-58.176147411004379,-15.612956775312405],[-58.176248855856102,-15.61297896266732],[-58.176350117688969,-15.613001110278223]]]]}},
{"type":"Feature","properties":{"OBJECTID":331,"QUADRA":"21","SETOR":"4","BAIRRO":"JD. RONDON","SHAPE_AREA":6442.0565547899996,"SHAPE_LEN":322.66710798700001},"geometry":{"type":"MultiPolygon","coordinates":[[[[-58.169845868627334,-15.633120013072165],[-58.169974490309443,-15.633139294532072],[-58.169993927920672,-15.633010835717521],[-58.16998740547217,-15.633010454703621],[-58.170007511004677,-15.632896129470851],[-58.170027821508562,-15.632780121871608],[-58.170047057252965,-15.632663758438857],[-58.170083753934655,-15.632422390619999],[-58.169825812637335,-15.632385603077996],[-58.16982663593619,-15.632379461141708],[-58.169714819907476,-15.632362783613646],[-58.169604981737649,-15.632347803872598],[-58.169344870353235,-15.632311578707071],[-58.169324901219895,-15.632443420948745],[-58.169306374647824,-15.63255989807338],[-58.169289849392754,-15.632680567710464],[-58.169272900117448,-15.63280048936106],[-58.169253171722389,-15.632910663596828],[-58.169237527156916,-15.633036950854809],[-58.169496306406835,-15.633071190973181],[-58.169607369046801,-15.633085885811674],[-58.169718430765812,-15.633100580597796],[-58.169845868627334,-15.633120013072165]]]]}},
{"type":"Feature","properties":{"OBJECTID":476,"QUADRA":"5","SETOR":"2","BAIRRO":"JARDIM SAO FRANCISCO","SHAPE_AREA":4099.9949295099996,"SHAPE_LEN":264.00002790299999},"geometry":{"type":"MultiPolygon","coordinates":[[[[-58.189321195247537,-15.6366512700853],[-58.18932259303849,-15.636750689216539],[-58.189555774865269,-15.636747943201398],[-58.189788957605465,-15.636745197837548],[-58.189787559589782,-15.636645778724906],[-58.189786289350515,-15.63655539795541],[-58.189785018187742,-15.636465018094007],[-58.189783747956582,-15.636374637322881],[-58.189782477729487,-15.636284256550946],[-58.18978120657367,-15.636193875783235],[-58.189779936354668,-15.636103495009671],[-58.189778538375904,-15.636004076794558],[-58.189545357411319,-15.636006822987902],[-58.189312175484162,-15.636009568034899],[-58.189313573243432,-15.636108987172483],[-58.189314843258124,-15.636199367962957],[-58.189316113271651,-15.636289747848753],[-58.18931738422723,-15.636380128632556],[-58.189318654254102,-15.636470509420587],[-58.189319924279786,-15.636560889303942],[-58.189321195247537,-15.6366512700853]]]]}},
{"type":"Feature","properties":{"OBJECTID":457,"QUADRA":"4","SETOR":"3","BAIRRO":"JD. ITALIA III","SHAPE_AREA":1974.41634258,"SHAPE_LEN":238.89973356799999},"geometry":{"type":"MultiPolygon","coordinates":[[[[-58.173337113088678,-15.611429410920659],[-58.173414296159656,-15.611446961125926],[-58.173447597342744,-15.611426290677906],[-58.173480781939041,-15.611279196342011],[-58.173376357706616,-15.611255452551637],[-58.173271934427461,-15.611231708704935],[-58.173167511168927,-15.611207964806864],[-58.173063087930984,-15.61118422085743],[-58.17295866470851,-15.611160475952762],[-58.172854240579106,-15.611136731905592],[-58.172749817402988,-15.611112987802091],[-58.172566305249347,-15.61107125951229],[-58.172527368873354,-15.611244266125054],[-58.172710731472002,-15.611286239291793],[-58.172815134718888,-15.611310072097886],[-58.172919517971238,-15.611333993542729],[-58.173023922187085,-15.611357825337267],[-58.173128325496094,-15.611381657989329],[-58.173232708805557,-15.611405578376271],[-58.173337113088678,-15.611429410920659]]]]}},
{"type":"Feature","properties":{"OBJECTID":118,"QUADRA":null,"SETOR":"1","BAIRRO":"NUCLEO URBANO","SHAPE_AREA":2399.7871459500002,"SHAPE_LEN":260.02798632299999},"geometry":{"type":"MultiPolygon","coordinates":[[[[-58.178121726403759,-15.624147792298618],[-58.178347474203626,-15.624173164439977],[-58.178329689465343,-15.624024059066944],[-58.178315626668628,-15.623906155592859],[-58.178222728260131,-15.623154435599442],[-58.178041057011171,-15.623245105448083],[-58.178082901317168,-15.623757582031272],[-58.178089550880053,-15.623873773545268],[-58.178100414029707,-15.623972065853891],[-58.17811035756263,-15.624054050269036],[-58.178121726403759,-15.624147792298618]]]]}},
{"type":"Feature","properties":{"OBJECTID":474,"QUADRA":"49","SETOR":"4","BAIRRO":"JD. ZEFERINO  II","SHAPE_AREA":9256.1514416000009,"SHAPE_LEN":392.00015116200001},"geometry":{"type":"MultiPolygon","coordinates":[[[[-58.171917237176764,-15.629452621047735],[-58.172053927051714,-15.629481567225444],[-58.172091261290412,-15.629231075338534],[-58.172107261659505,-15.629123722058344],[-58.172123262010793,-15.629016367873223],[-58.172139262354555,-15.628909014590937],[-58.172155262685642,-15.628801661307604],[-58.172171262998901,-15.628694307119334],[-58.172208597025922,-15.628443816118356],[-58.172071907835509,-15.62841486998858],[-58.171958000357954,-15.628390748296436],[-58.171844092908096,-15.628366627447155],[-58.171730184542909,-15.628342505637942],[-58.171616277133033,-15.628318383762736],[-58.171479588083379,-15.628289437252159],[-58.171442253180288,-15.628539929095307],[-58.171426252484217,-15.628647282353253],[-58.171410251780621,-15.628754636514024],[-58.171394251059191,-15.628861989769865],[-58.171378250325098,-15.628969343024655],[-58.17136224957833,-15.629076696278398],[-58.171343582026992,-15.629201942191711],[-58.171324913525623,-15.629327188108574],[-58.171461604192551,-15.629356134662126],[-58.17157551216772,-15.6293802556734],[-58.171689420170594,-15.629404377527536],[-58.171803328196013,-15.629428499320646],[-58.171917237176764,-15.629452621047735]]]]}},
{"type":"Feature","properties":{"OBJECTID":403,"QUADRA":"30","SETOR":"4","BAIRRO":"JD. RONDON","SHAPE_AREA":3326.678126,"SHAPE_LEN":243.714120651},"geometry":{"type":"MultiPolygon","coordinates":[[[[-58.168942591257846,-15.634956465366205],[-58.168925689601245,-15.635074967598829],[-58.168915645005299,-15.635073638142591],[-58.168901310623198,-15.635167847679599],[-58.168895020640008,-15.635211729854982],[-58.168980992378536,-15.635225544452261],[-58.169148689951847,-15.635249598613497],[-58.16927615382798,-15.635268452694067],[-58.169386371393848,-15.635284262073416],[-58.169632432248385,-15.635316114627747],[-58.169653479753386,-15.635188560205791],[-58.169670778363994,-15.635084183932292],[-58.169693157256106,-15.634951262224636],[-58.169567392389283,-15.634930962101313],[-58.169438033866925,-15.634910247185843],[-58.169325708761392,-15.634892867212246],[-58.169209326827435,-15.634873999273969],[-58.169079345244683,-15.634853612870609],[-58.168958485897392,-15.634836395695769],[-58.168942591257846,-15.634956465366205]]]]}},
{"type":"Feature","properties":{"OBJECTID":508,"QUADRA":"53","SETOR":"2","BAIRRO":"JD. POPULAR","SHAPE_AREA":6390.5697266500001,"SHAPE_LEN":319.765151656},"geometry":{"type":"MultiPolygon","coordinates":[[[[-58.184714712188779,-15.635851528848107],[-58.184850968803744,-15.635882349109481],[-58.184879568141625,-15.635761113815459],[-58.184909170940607,-15.635635625647641],[-58.184934115065062,-15.63552988494955],[-58.184959058245326,-15.635424146062205],[-58.185017261073575,-15.635177418959033],[-58.184883130752581,-15.635147079913825],[-58.184769584449448,-15.635121396805305],[-58.184656038165343,-15.635095712732083],[-58.184542490977854,-15.63507002950697],[-58.184428944747381,-15.635044346216013],[-58.184292688739973,-15.635013525647281],[-58.184251709104295,-15.635184928490013],[-58.184233740648992,-15.635260084895558],[-58.184208477677522,-15.635365753138434],[-58.184183214683927,-15.635471421379195],[-58.184153248649295,-15.635596757774522],[-58.184124268198268,-15.635717974268946],[-58.184260524662079,-15.635748794909833],[-58.184374071272934,-15.635774478260908],[-58.184487618845985,-15.635800162450019],[-58.184601165505271,-15.635825845679465],[-58.184714712188779,-15.635851528848107]]]]}},
{"type":"Feature","properties":{"OBJECTID":591,"QUADRA":"9","SETOR":"1","BAIRRO":"JD. SANTA MARIA","SHAPE_AREA":7282.0628731300003,"SHAPE_LEN":366.45354321600001},"geometry":{"type":"MultiPolygon","coordinates":[[[[-58.174373854710758,-15.630749144886515],[-58.174833631158364,-15.630845897415703],[-58.174910033652274,-15.630522085267705],[-58.174931745943915,-15.630521879516817],[-58.175215222892184,-15.630519184482074],[-58.175230815287627,-15.630453097584892],[-58.175255764040514,-15.630347359446608],[-58.175280711833636,-15.630241620407357],[-58.17533892451484,-15.629994896871636],[-58.175229923924171,-15.629970235450516],[-58.175120922423076,-15.629945573978384],[-58.175011920949494,-15.629920913354114],[-58.174591706242872,-15.629825840269973],[-58.174373854710758,-15.630749144886515]]]]}},
{"type":"Feature","properties":{"OBJECTID":367,"QUADRA":"29","SETOR":"2","BAIRRO":"JD. POPULAR","SHAPE_AREA":4159.9547687599998,"SHAPE_LEN":263.99988011800002},"geometry":{"type":"MultiPolygon","coordinates":[[[[-58.182707586224367,-15.632761508410834],[-58.182844035447175,-15.632791507388898],[-58.182902991280784,-15.632544950166164],[-58.182928258425036,-15.632439282004576],[-58.182953524619556,-15.632333614749776],[-58.183012480229287,-15.632087057505725],[-58.182876031463934,-15.632057058599941],[-58.182826000415986,-15.632046059339881],[-58.18277596843982,-15.632035060073067],[-58.182657538860617,-15.632009022422499],[-58.182539456751918,-15.631983062376872],[-58.182480500587133,-15.632229619533231],[-58.18245523322198,-15.632335286755461],[-58.182429966772617,-15.632440954874426],[-58.182371010383932,-15.632687512009447],[-58.182507459523343,-15.6327175112039],[-58.182607522864764,-15.632739509830945],[-58.182707586224367,-15.632761508410834]]]]}},
{"type":"Feature","properties":{"OBJECTID":556,"QUADRA":"7","SETOR":"2","BAIRRO":"JD. SAO JOSE","SHAPE_AREA":3023.91178012,"SHAPE_LEN":240.000090575},"geometry":{"type":"MultiPolygon","coordinates":[[[[-58.190397329970679,-15.62322282659914],[-58.190400887544925,-15.623385490246289],[-58.190512805588071,-15.623384018238339],[-58.190624724563314,-15.623382547072239],[-58.190736642600008,-15.623381075854221],[-58.190848560630862,-15.623379604579249],[-58.190960478655867,-15.6233781332473],[-58.191072397607776,-15.623376661853339],[-58.19118431468317,-15.623375189508634],[-58.191180756492287,-15.623212525917177],[-58.191177198316559,-15.623049862322913],[-58.191065279546677,-15.623051333757941],[-58.190953361708907,-15.623052806034813],[-58.190841443860066,-15.623054277350848],[-58.190729526005398,-15.623055748609904],[-58.190617607212161,-15.623057219817071],[-58.190505689345819,-15.623058690962203],[-58.19039377147363,-15.623060162050379],[-58.190397329970679,-15.62322282659914]]]]}},
{"type":"Feature","properties":{"OBJECTID":343,"QUADRA":"23","SETOR":"1","BAIRRO":"JD. ZEFERINO I","SHAPE_AREA":6399.9328867599997,"SHAPE_LEN":319.998502153},"geometry":{"type":"MultiPolygon","coordinates":[[[[-58.170811890623803,-15.623368424658013],[-58.170948360572829,-15.623398312140917],[-58.171005505074426,-15.623151358275621],[-58.171029996860931,-15.62304551895744],[-58.1710544877036,-15.622939681449985],[-58.171083058946088,-15.622816207677133],[-58.17111163290118,-15.622692723943919],[-58.170975163410596,-15.622662836530242],[-58.170861438549935,-15.622637930286862],[-58.170747713712679,-15.622613023982609],[-58.170633989836688,-15.622588118516397],[-58.170520265046235,-15.622563212090409],[-58.170383795701675,-15.62253332429686],[-58.170326648715623,-15.62278028167869],[-58.170302157516481,-15.622886120938515],[-58.170277666295938,-15.622991960196345],[-58.170220520923202,-15.623238911220763],[-58.170356990726184,-15.623268799083522],[-58.170470714965937,-15.623293705572204],[-58.170584440161825,-15.623318611995009],[-58.170698165381111,-15.62334351835694],[-58.170811890623803,-15.623368424658013]]]]}},
{"type":"Feature","properties":{"OBJECTID":298,"QUADRA":"2","SETOR":"2","BAIRRO":"JD. BANDEIRANTES I","SHAPE_AREA":2576.0426940699999,"SHAPE_LEN":205.10004794599999},"geometry":{"type":"MultiPolygon","coordinates":[[[[-58.19140326242799,-15.628012438552604],[-58.191407663497522,-15.62821124911699],[-58.191514925358312,-15.628210176829489],[-58.191622187219323,-15.628209105393482],[-58.191729449070095,-15.628208033001256],[-58.191834844546506,-15.628206979732205],[-58.191953765388924,-15.628205791482074],[-58.191949363793732,-15.628006980965317],[-58.191944961293757,-15.627808171353307],[-58.191826041613027,-15.62780935957764],[-58.191720646339498,-15.627810412828293],[-58.191613385627974,-15.627811485196746],[-58.191506123040718,-15.627812556619093],[-58.191398861386432,-15.627813628887891],[-58.19140326242799,-15.628012438552604]]]]}},
{"type":"Feature","properties":{"OBJECTID":296,"QUADRA":"2","SETOR":"4","BAIRRO":"JD. DA PAZ","SHAPE_AREA":2997.6244918100001,"SHAPE_LEN":220.00001959900001},"geometry":{"type":"MultiPolygon","coordinates":[[[[-58.173132900487218,-15.631755231716033],[-58.173352907597568,-15.631795342165612],[-58.173369891468504,-15.63168356076131],[-58.173386874387432,-15.63157177845696],[-58.17342084205373,-15.63134821473869],[-58.173294631873908,-15.631325204574777],[-58.173200835419095,-15.631308104323747],[-58.173090831661689,-15.631288049033747],[-58.172870824194327,-15.631247937379873],[-58.172853841006244,-15.631359719664896],[-58.172836856866162,-15.631471501049864],[-58.172819872717142,-15.631583283337539],[-58.172802889481638,-15.631695064715196],[-58.172912892509082,-15.631715120140845],[-58.173022896486813,-15.631735175504836],[-58.173132900487218,-15.631755231716033]]]]}},
{"type":"Feature","properties":{"OBJECTID":382,"QUADRA":"3","SETOR":"1","BAIRRO":"JD. DAS OLIVEIRAS","SHAPE_AREA":7191.6029455600001,"SHAPE_LEN":339.90425386499999},"geometry":{"type":"MultiPolygon","coordinates":[[[[-58.184771576804081,-15.627454373344424],[-58.185021423984352,-15.6275108896858],[-58.18512015388891,-15.627092348932042],[-58.185146063321078,-15.62698251462564],[-58.18517834846881,-15.626847097892758],[-58.185209129846989,-15.626717987692803],[-58.18507418600786,-15.626687463868461],[-58.184960643496666,-15.626661780522602],[-58.18484710194241,-15.626636097110916],[-58.184733559479611,-15.626610413643496],[-58.184620017973749,-15.626584730110251],[-58.184483767641105,-15.6265539101547],[-58.184456839540729,-15.62666654478123],[-58.184432460946681,-15.626768514921336],[-58.184420535807035,-15.626818397155521],[-58.184389034146534,-15.626950161415859],[-58.184389432024147,-15.626950251466999],[-58.184357931251853,-15.627082013911322],[-58.184294699146783,-15.62734650178975],[-58.184430949992716,-15.627377321826138],[-58.184544491931518,-15.62740300633061],[-58.184658034822078,-15.627428689865395],[-58.184771576804081,-15.627454373344424]]]]}},
{"type":"Feature","properties":{"OBJECTID":157,"QUADRA":"1","SETOR":"3","BAIRRO":"RESIDENCIAL SANTIAGO","SHAPE_AREA":2019.43599376,"SHAPE_LEN":219.231238902},"geometry":{"type":"MultiPolygon","coordinates":[[[[-58.186561137657733,-15.620463240537049],[-58.186563054011962,-15.620538692762958],[-58.186721304843424,-15.620533705649834],[-58.186795883502789,-15.620531355493092],[-58.186920005936734,-15.620527443976528],[-58.18704389987775,-15.620523539048911],[-58.187167793808889,-15.620519634051698],[-58.187366359622871,-15.62051337632302],[-58.187361324230451,-15.620315212294656],[-58.187162589524746,-15.620314783825288],[-58.187038587319215,-15.620314441943938],[-58.186914586041631,-15.620314099987459],[-58.186790585983331,-15.620313808573027],[-58.186557330658573,-15.620313398033911],[-58.186559167245981,-15.620385687925388],[-58.186561137657733,-15.620463240537049]]]]}},
{"type":"Feature","properties":{"OBJECTID":278,"QUADRA":"18","SETOR":"1","BAIRRO":"JD. SANTA ROSA","SHAPE_AREA":6426.168986,"SHAPE_LEN":320.65827570900001},"geometry":{"type":"MultiPolygon","coordinates":[[[[-58.180701935030108,-15.623821389586247],[-58.181431790088752,-15.623971885938364],[-58.18159432485804,-15.623266134397346],[-58.180865775580614,-15.623109822892078],[-58.180701935030108,-15.623821389586247]]]]}},
{"type":"Feature","properties":{"OBJECTID":520,"QUADRA":"6","SETOR":"1","BAIRRO":"JD. SANTA MARIA","SHAPE_AREA":4330.8069763399999,"SHAPE_LEN":266.99984664},"geometry":{"type":"MultiPolygon","coordinates":[[[[-58.173223477611202,-15.630623955693048],[-58.173478053925727,-15.630680493285176],[-58.173496653716249,-15.63056895361081],[-58.173515252558168,-15.630457413940109],[-58.173553938461232,-15.630225409575006],[-58.173571048978616,-15.630122793112495],[-58.173593368435519,-15.629988944050069],[-58.173338785500484,-15.629932405667741],[-58.173084215758756,-15.629875869621918],[-58.173061896896556,-15.630009716843031],[-58.173043297829025,-15.630121256493812],[-58.173024698750808,-15.630232797047167],[-58.17300609871883,-15.630344336700354],[-58.172987499608922,-15.630455877251114],[-58.172968900478033,-15.630567416896685],[-58.173223477611202,-15.630623955693048]]]]}},
{"type":"Feature","properties":{"OBJECTID":246,"QUADRA":"15","SETOR":"1","BAIRRO":"JD. DAS OLIVEIRAS II","SHAPE_AREA":1386.54238919,"SHAPE_LEN":150.73942267499999},"geometry":{"type":"MultiPolygon","coordinates":[[[[-58.186287670414281,-15.623285532869586],[-58.186514114941211,-15.623336754484539],[-58.186509928888213,-15.623211836555937],[-58.186505652760999,-15.62308423180078],[-58.186501608144432,-15.622962653939627],[-58.186358191846246,-15.622930212357835],[-58.186234562617095,-15.622902247457883],[-58.186207541447956,-15.623016799026511],[-58.186179182677805,-15.623137022598296],[-58.186151422121505,-15.623254712902419],[-58.186287670414281,-15.623285532869586]]]]}},
{"type":"Feature","properties":{"OBJECTID":319,"QUADRA":"2","SETOR":"4","BAIRRO":"JD. ARATAKA","SHAPE_AREA":1524.148752,"SHAPE_LEN":157.064004195},"geometry":{"type":"MultiPolygon","coordinates":[[[[-58.172420999703952,-15.618357989618387],[-58.172624275900908,-15.618403211413069],[-58.172644103296292,-15.618312551823871],[-58.172684568892578,-15.618086837292884],[-58.172539963239451,-15.618054969356301],[-58.172540868007481,-15.618045129983933],[-58.172504140700852,-15.618035943521388],[-58.172309703975095,-15.617995076437605],[-58.172289056465836,-15.618087521087865],[-58.172269687957879,-15.61817524953671],[-58.172249107097031,-15.618264656690378],[-58.17223697209436,-15.618317139221437],[-58.172420999703952,-15.618357989618387]]]]}},
{"type":"Feature","properties":{"OBJECTID":147,"QUADRA":"1","SETOR":"1","BAIRRO":"JD. SANTA MARIA","SHAPE_AREA":14683.411479599999,"SHAPE_LEN":527.25693122799998},"geometry":{"type":"MultiPolygon","coordinates":[[[[-58.174842181400166,-15.626191738651631],[-58.175296036210355,-15.626295764695861],[-58.17540360252999,-15.625856002055468],[-58.175468141391505,-15.625592145360709],[-58.175331986573717,-15.625560937627172],[-58.175328231946445,-15.625560077326538],[-58.175232138673415,-15.625538052026531],[-58.175123213370981,-15.625513085371917],[-58.175014288091205,-15.625488118661368],[-58.174905362834089,-15.625463151894866],[-58.174719140903029,-15.62542046909968],[-58.174651062649183,-15.625404864104519],[-58.174582984409327,-15.625389259991392],[-58.174446827961312,-15.625358052603444],[-58.174310672476295,-15.62532684421922],[-58.174267230945922,-15.62531688687776],[-58.174085690360769,-15.62527527401916],[-58.173994919171932,-15.625254469796278],[-58.173904148921252,-15.625233663721811],[-58.173778445801425,-15.625204851397276],[-58.173755107239735,-15.625338536008959],[-58.17371488236121,-15.62556895145852],[-58.173653626517044,-15.625919310593009],[-58.174842181400166,-15.626191738651631]]]]}},
{"type":"Feature","properties":{"OBJECTID":380,"QUADRA":"3","SETOR":"2","BAIRRO":"JARDIM BELA VISTA","SHAPE_AREA":5215.059596,"SHAPE_LEN":291.00201058499999},"geometry":{"type":"MultiPolygon","coordinates":[[[[-58.189946321976194,-15.627582738197118],[-58.190357423614607,-15.627664836620934],[-58.190341785886673,-15.626959964679683],[-58.189992069126049,-15.626966523584475],[-58.189642351363851,-15.626973081034576],[-58.18965398270025,-15.627524356334312],[-58.189946321976194,-15.627582738197118]]]]}},
{"type":"Feature","properties":{"OBJECTID":538,"QUADRA":"6","SETOR":"3","BAIRRO":"JD. ITALIA","SHAPE_AREA":2882.57708301,"SHAPE_LEN":279.19622458399999},"geometry":{"type":"MultiPolygon","coordinates":[[[[-58.175325599445394,-15.614400813220882],[-58.175416636366144,-15.614420473244071],[-58.175470921603321,-15.614200708053824],[-58.175455402648645,-15.614197357162229],[-58.175379884782757,-15.614181048950309],[-58.175350709931955,-15.614174748461068],[-58.175288847039091,-15.614161388908926],[-58.175246017234741,-15.614152139708379],[-58.175197810247965,-15.614141729727461],[-58.175141324562148,-15.61412953180802],[-58.175106772538889,-15.614122070512016],[-58.175036631903886,-15.614106922952232],[-58.175015735772078,-15.614102410348712],[-58.174931938337558,-15.614084314953759],[-58.174924698092468,-15.614082751055312],[-58.174833661360246,-15.614063091717943],[-58.174827245718255,-15.614061705994876],[-58.17474262370493,-15.614043431442701],[-58.174722553118407,-15.61403909698446],[-58.174651587002181,-15.61402377202738],[-58.174617860543208,-15.614016488826367],[-58.174509386770829,-15.613993062913568],[-58.174419441794882,-15.613973639808536],[-58.174392298634778,-15.614083521409784],[-58.174371669557779,-15.614167031860354],[-58.174392865054543,-15.614199387865996],[-58.174597300904558,-15.614243536171584],[-58.174688337707487,-15.614263196506581],[-58.174779375452687,-15.614282855893746],[-58.174870412279937,-15.614302515246907],[-58.174961450059726,-15.614322175459989],[-58.175052486916428,-15.614341834735207],[-58.175143524720546,-15.614361493966442],[-58.175234561611838,-15.614381154067589],[-58.175325599445394,-15.614400813220882]]]]}},
{"type":"Feature","properties":{"OBJECTID":386,"QUADRA":"3","SETOR":"3","BAIRRO":"RESIDENCIAL ESCOBAR","SHAPE_AREA":7011.5012363100004,"SHAPE_LEN":340.04010224199999},"geometry":{"type":"MultiPolygon","coordinates":[[[[-58.187389971147411,-15.626184584518171],[-58.187528371881562,-15.626215620613422],[-58.187524632218022,-15.625962557340884],[-58.187522847959606,-15.625841809780601],[-58.18752106370853,-15.625721062218849],[-58.187517325040659,-15.625467998928777],[-58.187378924812968,-15.625436961885564],[-58.18724979333296,-15.625408004215299],[-58.187120662816646,-15.625379046461408],[-58.186991532326097,-15.625350087725039],[-58.186862400938985,-15.625321129818998],[-58.186724000879629,-15.625290092348566],[-58.186726097778006,-15.625432014958095],[-58.186727739492703,-15.625543156623001],[-58.186729523270124,-15.625663904225549],[-58.186731306122105,-15.625784651831674],[-58.18673504479289,-15.626037715189725],[-58.186873445358692,-15.6260687517122],[-58.187002576295654,-15.626097710486055],[-58.187131708191117,-15.626126668272372],[-58.187260839184809,-15.626155625985151],[-58.187389971147411,-15.626184584518171]]]]}},
{"type":"Feature","properties":{"OBJECTID":412,"QUADRA":"32","SETOR":"1","BAIRRO":"JD. ZEFERINO I","SHAPE_AREA":6399.9323528799996,"SHAPE_LEN":319.99854698899998},"geometry":{"type":"MultiPolygon","coordinates":[[[[-58.169079931255844,-15.622982562820885],[-58.169216400772726,-15.623012451416596],[-58.169273548242089,-15.622765497853871],[-58.169298039968048,-15.622659658672477],[-58.169322532610465,-15.622553820387978],[-58.169339881003573,-15.622478850738599],[-58.169379679853314,-15.622306864997213],[-58.169243210794839,-15.622276976470765],[-58.169129486294274,-15.622252069300092],[-58.169015761817121,-15.622227162068555],[-58.168902037363381,-15.622202254776145],[-58.168788313865775,-15.622177347417912],[-58.168651844953359,-15.622147458511646],[-58.168594695937479,-15.622394416489726],[-58.168570203866203,-15.622500255617705],[-58.168545710835666,-15.622606093844778],[-58.168517136234144,-15.622729572825035],[-58.168488563433094,-15.622853045465442],[-58.168625032803902,-15.622882934440984],[-58.168738757616232,-15.622907841851996],[-58.168852482446844,-15.622932748298252],[-58.168966207305999,-15.622957655587513],[-58.169079931255844,-15.622982562820885]]]]}},
{"type":"Feature","properties":{"OBJECTID":363,"QUADRA":"28","SETOR":"2","BAIRRO":"JD. POPULAR","SHAPE_AREA":6409.3125437,"SHAPE_LEN":320.23390095299999},"geometry":{"type":"MultiPolygon","coordinates":[[[[-58.183580231319745,-15.632960653831493],[-58.183718531590273,-15.632992302736616],[-58.183777390210061,-15.632745725984881],[-58.183802614883625,-15.632640048037661],[-58.183827840473036,-15.632534370987189],[-58.183886699776188,-15.632287789689787],[-58.183767220523187,-15.632260447658313],[-58.183637052355209,-15.632230661215575],[-58.183523576116379,-15.632204692234115],[-58.183410100840035,-15.632178724090743],[-58.183296624655441,-15.632152755891655],[-58.18316045363526,-15.632121593247453],[-58.183100848131787,-15.63236800397612],[-58.183075302750588,-15.632473609475126],[-58.18304975734177,-15.6325792140681],[-58.182990152502846,-15.632825617538931],[-58.183126323978385,-15.63285678025645],[-58.183239800542445,-15.632882748516634],[-58.183353278063805,-15.632908716711025],[-58.183466753749329,-15.632934685758606],[-58.183580231319745,-15.632960653831493]]]]}},
{"type":"Feature","properties":{"OBJECTID":322,"QUADRA":"2","SETOR":"3","BAIRRO":"JD. ITALIA II","SHAPE_AREA":4748.69772887,"SHAPE_LEN":341.28843933100001},"geometry":{"type":"MultiPolygon","coordinates":[[[[-58.174334562709085,-15.612880658310333],[-58.174515288456639,-15.612920017184273],[-58.174548688540291,-15.612899497891744],[-58.174565970942602,-15.612824513828356],[-58.174589352731374,-15.61272306591788],[-58.17461273450062,-15.612621618005587],[-58.174508721428964,-15.61259896634026],[-58.174404708371604,-15.612576313720153],[-58.174300058448672,-15.61255352434817],[-58.174195408535105,-15.612530733116902],[-58.174090757718801,-15.61250794364687],[-58.173986107844549,-15.612485152312583],[-58.173881457995087,-15.612462361830662],[-58.173776808165293,-15.612439571297218],[-58.173672158350016,-15.612416779808401],[-58.17356750856468,-15.612393990075832],[-58.17346285878871,-15.612371198483979],[-58.173358209037559,-15.612348407744507],[-58.17333455677889,-15.612449797349672],[-58.173310905433098,-15.612551186947998],[-58.173293424597603,-15.612626126806353],[-58.173314555622845,-15.61265852215381],[-58.173392710829148,-15.612675542874706],[-58.173497360756713,-15.612698334489275],[-58.173602010693635,-15.61272112424456],[-58.173706660660507,-15.612743915756091],[-58.173811311569438,-15.612766705403386],[-58.173915961575638,-15.612789496811903],[-58.174020612534171,-15.612812288163923],[-58.17412526256939,-15.612835077661664],[-58.174229912634551,-15.612857868915626],[-58.174334562709085,-15.612880658310333]]]]}},
{"type":"Feature","properties":{"OBJECTID":92,"QUADRA":null,"SETOR":"4","BAIRRO":"JD. ZEFERINO  II","SHAPE_AREA":449.99197267,"SHAPE_LEN":89.999885605200006},"geometry":{"type":"MultiPolygon","coordinates":[[[[-58.171856314013965,-15.634789811858337],[-58.172131113560802,-15.634841037045273],[-58.172156771321269,-15.63470775237213],[-58.171881971945552,-15.634656526301091],[-58.171856314013965,-15.634789811858337]]]]}},
{"type":"Feature","properties":{"OBJECTID":341,"QUADRA":"23","SETOR":"2","BAIRRO":"JD. POPULAR","SHAPE_AREA":1971.4828585499999,"SHAPE_LEN":279.79992722399999},"geometry":{"type":"MultiPolygon","coordinates":[[[[-58.180854627499478,-15.631450505345565],[-58.181054742685475,-15.631494545808792],[-58.18108601135139,-15.631354056839141],[-58.180885896299529,-15.631310016394925],[-58.18070397409894,-15.631269979789687],[-58.18052205102061,-15.631229942129687],[-58.180340128940415,-15.631189905212622],[-58.180158205982458,-15.631149867240781],[-58.179958092201005,-15.631105825916869],[-58.179926822773979,-15.631246313875529],[-58.180126937627477,-15.631290356117303],[-58.180308859769411,-15.63133039320755],[-58.180490782909487,-15.63137043104075],[-58.180672705171787,-15.631410467819176],[-58.180854627499478,-15.631450505345565]]]]}},
{"type":"Feature","properties":{"OBJECTID":136,"QUADRA":"1","SETOR":"2","BAIRRO":"RESIDENCIAL BERTINI","SHAPE_AREA":953.32986462999997,"SHAPE_LEN":124.781766543},"geometry":{"type":"MultiPolygon","coordinates":[[[[-58.188130988867059,-15.631153840342506],[-58.188376959022357,-15.631152949339192],[-58.188376601908253,-15.63104559272273],[-58.188376150584887,-15.630938235711586],[-58.188375793479878,-15.63083087909301],[-58.188122640464719,-15.630831795407333],[-58.188125422634876,-15.630939143422388],[-58.188126303055654,-15.630973089312647],[-58.188128205750054,-15.63104649233501],[-58.188128645956247,-15.631063464376078],[-58.188130988867059,-15.631153840342506]]]]}},
{"type":"Feature","properties":{"OBJECTID":577,"QUADRA":"8","SETOR":"2","BAIRRO":"JD. BANDEIRANTES II","SHAPE_AREA":2052.4534665199999,"SHAPE_LEN":186.02706827200001},"geometry":{"type":"MultiPolygon","coordinates":[[[[-58.191797386285543,-15.623370971371415],[-58.191901166231894,-15.623370990896042],[-58.191899435595111,-15.623207992023683],[-58.191897710337592,-15.623045598735439],[-58.191796042282554,-15.623045575867573],[-58.191688778620971,-15.623045869868079],[-58.191581514022438,-15.623046163821247],[-58.191474249419727,-15.623046457722015],[-58.191366985745518,-15.623046751565294],[-58.19136765740577,-15.623209449795318],[-58.191368329071402,-15.623372147119026],[-58.191475592914877,-15.623371853263276],[-58.191582857686875,-15.623371559350034],[-58.191690122454673,-15.623371265384401],[-58.191797386285543,-15.623370971371415]]]]}},
{"type":"Feature","properties":{"OBJECTID":178,"QUADRA":"10","SETOR":"1","BAIRRO":"JD. ZEFERINO I","SHAPE_AREA":184.99813245499999,"SHAPE_LEN":85.371750990400002},"geometry":{"type":"MultiPolygon","coordinates":[[[[-58.173030495543919,-15.622988954387152],[-58.173366570176611,-15.62306499655563],[-58.173051286139057,-15.622900838658342],[-58.173030495543919,-15.622988954387152]]]]}},
{"type":"Feature","properties":{"OBJECTID":306,"QUADRA":"2","SETOR":"1","BAIRRO":"NUCLEO URBANO","SHAPE_AREA":7199.9099617600004,"SHAPE_LEN":339.99985473100003},"geometry":{"type":"MultiPolygon","coordinates":[[[[-58.180570333832641,-15.626523325586422],[-58.180820287037854,-15.62657915570883],[-58.180898310244807,-15.626244101384824],[-58.180922949358639,-15.626138295749698],[-58.180947588440603,-15.626032488304798],[-58.181005078940217,-15.625785606672569],[-58.180755124818631,-15.625729777607525],[-58.180636965706817,-15.625703384624924],[-58.18052789592825,-15.625679022577389],[-58.180277942954895,-15.625623192041443],[-58.18025638429711,-15.62571577316792],[-58.180228460240528,-15.625835687425543],[-58.180195813085653,-15.625975880928079],[-58.180173227447078,-15.626072870502934],[-58.180161934154654,-15.626121365292246],[-58.180093149239354,-15.62641674065536],[-58.18022948738804,-15.626447194120226],[-58.180276296717764,-15.626457649169545],[-58.180323106056711,-15.626468105112403],[-58.180377641144581,-15.626480285727675],[-58.180452173347049,-15.626496933444898],[-58.180570333832641,-15.626523325586422]]]]}},
{"type":"Feature","properties":{"OBJECTID":420,"QUADRA":"35","SETOR":"1","BAIRRO":"NUCLEO URBANO","SHAPE_AREA":16712.824112400001,"SHAPE_LEN":561.76829363000002},"geometry":{"type":"MultiPolygon","coordinates":[[[[-58.178070227483417,-15.624994747532497],[-58.178321176654045,-15.62505111586279],[-58.178370181911617,-15.624830156439678],[-58.178389524389296,-15.624736957317785],[-58.178398141507387,-15.624670925781306],[-58.178360677470522,-15.62432426492296],[-58.178137336761502,-15.624276500933012],[-58.17811035756263,-15.624054050269036],[-58.178100414029707,-15.623972065853891],[-58.178089550880053,-15.623873773545268],[-58.178082901317168,-15.623757582031272],[-58.178041057011171,-15.623245105448083],[-58.177233822224672,-15.623647984700956],[-58.17726822207468,-15.623768637371176],[-58.177282014420811,-15.624537301167289],[-58.177287066168809,-15.624818830616212],[-58.177456787433378,-15.624856954570081],[-58.177559671671915,-15.624880065121946],[-58.177674912241585,-15.62490595121241],[-58.177854848364206,-15.624946368392825],[-58.178070227483417,-15.624994747532497]]]]}},
{"type":"Feature","properties":{"OBJECTID":467,"QUADRA":"44","SETOR":"2","BAIRRO":"JD. POPULAR","SHAPE_AREA":6067.3941911800002,"SHAPE_LEN":308.77294187500001},"geometry":{"type":"MultiPolygon","coordinates":[[[[-58.184981457180058,-15.635033769425178],[-58.185048515297595,-15.635048937160573],[-58.185107462355106,-15.63480237776049],[-58.185105927757739,-15.634690648004744],[-58.185104394099312,-15.634578918242727],[-58.185100662723421,-15.634318181635972],[-58.184967132599581,-15.634287977659907],[-58.18485358583802,-15.634262294565836],[-58.184740040033446,-15.634236611405887],[-58.184626493315115,-15.634210927286299],[-58.18449023878064,-15.634180106796785],[-58.184431291100175,-15.634426666987403],[-58.18440602830244,-15.634532335246762],[-58.1843807645498,-15.634638003509046],[-58.184352086739224,-15.634757953828878],[-58.184321817573064,-15.634884562769445],[-58.184458073496728,-15.634915383326049],[-58.184571619657433,-15.634941066606904],[-58.184685166775125,-15.63496674982191],[-58.184798712989469,-15.634992433885026],[-58.184912259222813,-15.635018116983437],[-58.184981457180058,-15.635033769425178]]]]}},
{"type":"Feature","properties":{"OBJECTID":524,"QUADRA":"6","SETOR":"2","BAIRRO":"MORADA DO SOL","SHAPE_AREA":8564.6001617000002,"SHAPE_LEN":406.87378775799999},"geometry":{"type":"MultiPolygon","coordinates":[[[[-58.18683018329186,-15.629388946473121],[-58.187110010683398,-15.629387935365221],[-58.187107359486127,-15.629252375702409],[-58.187105150940944,-15.629139409461718],[-58.187102941470009,-15.629026443224754],[-58.187100732944046,-15.628913477885288],[-58.187098523487123,-15.628800511645659],[-58.187096314969956,-15.628687545399668],[-58.187094105527052,-15.628574579157387],[-58.187091896091175,-15.628461612913796],[-58.187089637576534,-15.628346116903952],[-58.18708422014091,-15.628152315504614],[-58.186972208583462,-15.628130901364974],[-58.186860258764412,-15.628109190351791],[-58.186748187524799,-15.628087610098881],[-58.186636112215567,-15.628065805640658],[-58.18652404282313,-15.628044215317148],[-58.186529984662208,-15.628348139423418],[-58.186532242863628,-15.628463635460813],[-58.186534451993154,-15.628576601731366],[-58.186536661129686,-15.62868956800059],[-58.186538869340481,-15.628802534273532],[-58.186541078491032,-15.628915500540096],[-58.186543286710631,-15.629028465906513],[-58.186545495875187,-15.629141432170423],[-58.186547705046749,-15.629254398433014],[-58.186550354943606,-15.629389958133189],[-58.18683018329186,-15.629388946473121]]]]}},
{"type":"Feature","properties":{"OBJECTID":482,"QUADRA":"5","SETOR":"1","BAIRRO":"NUCLEO URBANO","SHAPE_AREA":6799.9345719299999,"SHAPE_LEN":329.99914939600001},"geometry":{"type":"MultiPolygon","coordinates":[[[[-58.178934533979231,-15.6298091864612],[-58.179116321693563,-15.629849792116223],[-58.179148081563447,-15.629715226710799],[-58.179174552964199,-15.629603070464778],[-58.179199507988862,-15.629497332875422],[-58.17922446393996,-15.629391597990612],[-58.1792826950105,-15.629144879933813],[-58.17910090700407,-15.629104279801707],[-58.178987288953948,-15.629078905660045],[-58.178873672788065,-15.62905353054367],[-58.178760054785727,-15.629028156280338],[-58.178510097127109,-15.628972332134566],[-58.178451864217038,-15.629219050055616],[-58.17842690789282,-15.629324787591717],[-58.178401952474346,-15.629430524216872],[-58.178370756770121,-15.629562694776956],[-58.178343721183118,-15.629677237587609],[-58.178480062253264,-15.629707687475213],[-58.178593679685122,-15.629733062767418],[-58.178820915542929,-15.62978381135653],[-58.178934533979231,-15.6298091864612]]]]}},
{"type":"Feature","properties":{"OBJECTID":434,"QUADRA":"4","SETOR":"4","BAIRRO":"JD. DA PAZ","SHAPE_AREA":18227.821529100001,"SHAPE_LEN":691.4175825},"geometry":{"type":"MultiPolygon","coordinates":[[[[-58.173465836853929,-15.631717129497114],[-58.173356920853436,-15.632433986411746],[-58.173974351430907,-15.632565973182404],[-58.173951871144112,-15.632709559114142],[-58.173846984657807,-15.63335917723064],[-58.174432577066369,-15.633371725911328],[-58.174656290395831,-15.631956046418656],[-58.17467741824867,-15.631809958433102],[-58.174452392336576,-15.631803687792885],[-58.174097548302676,-15.631793800023386],[-58.174089073788494,-15.631847802383049],[-58.173997212125464,-15.631830618922381],[-58.173904288502911,-15.631814665900308],[-58.173925416887265,-15.631668577949672],[-58.173942400433688,-15.631556795617986],[-58.173959383038408,-15.631445014193996],[-58.173854329970304,-15.631425861121265],[-58.173739376228518,-15.631404903429985],[-58.173630747816297,-15.631385098674013],[-58.173519369493881,-15.631364793343151],[-58.173502385718521,-15.631476574754812],[-58.173485401934251,-15.631588357069189],[-58.173465836853929,-15.631717129497114]]]]}},
{"type":"Feature","properties":{"OBJECTID":215,"QUADRA":"13","SETOR":"1","BAIRRO":"JD. SANTA MARIA","SHAPE_AREA":2264.5611275000001,"SHAPE_LEN":218.324901326},"geometry":{"type":"MultiPolygon","coordinates":[[[[-58.176881646125345,-15.630558019643326],[-58.177024530351574,-15.630560735060984],[-58.177043544708596,-15.630480141881501],[-58.177065692896129,-15.630386266138899],[-58.1769294407869,-15.63035544069395],[-58.176815897858177,-15.630329753205732],[-58.176702354953697,-15.630304065656734],[-58.176588812073447,-15.630278378046953],[-58.176475269217441,-15.630252690376398],[-58.176339017259465,-15.630221864552187],[-58.176280698349842,-15.630468565344403],[-58.176262369550066,-15.63054609959255],[-58.176624252539618,-15.630553144128635],[-58.176643387099091,-15.630553516973734],[-58.176762573053033,-15.630555769394135],[-58.176881646125345,-15.630558019643326]]]]}},
{"type":"Feature","properties":{"OBJECTID":404,"QUADRA":"30","SETOR":"2","BAIRRO":"JD. POPULAR","SHAPE_AREA":6399.2287913700002,"SHAPE_LEN":320.11619750699998},"geometry":{"type":"MultiPolygon","coordinates":[[[[-58.181980697164953,-15.632602603390811],[-58.182235226481552,-15.632659321474504],[-58.182266810393344,-15.632527237019234],[-58.182293129982519,-15.632417166639005],[-58.182319449552836,-15.632307097160368],[-58.182345769093942,-15.632197026775549],[-58.182372089543783,-15.632086956383437],[-58.182403673305672,-15.631954871913871],[-58.182148969879641,-15.631898874417141],[-58.1820398101001,-15.63187487449898],[-58.182040056044826,-15.631873844528601],[-58.181931143165478,-15.631848814579065],[-58.181676438090037,-15.63179281562128],[-58.181644853871255,-15.631924900018584],[-58.18161853397342,-15.632034970345478],[-58.181592213113618,-15.632145039771213],[-58.181565893167729,-15.632255110093531],[-58.181539573197803,-15.632365180413549],[-58.181507988829082,-15.632497264796553],[-58.181762524463316,-15.63255398521992],[-58.181871610805757,-15.632578294785359],[-58.181980697164953,-15.632602603390811]]]]}},
{"type":"Feature","properties":{"OBJECTID":164,"QUADRA":"1","SETOR":"3","BAIRRO":"JD. ITALIA II","SHAPE_AREA":6552.99245789,"SHAPE_LEN":447.35787127600003},"geometry":{"type":"MultiPolygon","coordinates":[[[[-58.176279681611163,-15.613305391779404],[-58.176379761322963,-15.613327280851198],[-58.176450095306038,-15.613023440078065],[-58.176350117688969,-15.613001110278223],[-58.176248855856102,-15.61297896266732],[-58.176147411004379,-15.612956775312405],[-58.176045967098744,-15.612934587000204],[-58.175944523216828,-15.61291239954347],[-58.17584307935347,-15.612890212038314],[-58.175741635508686,-15.61286802448476],[-58.175640190749775,-15.612845836887777],[-58.175538746936951,-15.612823648333494],[-58.175437303147859,-15.612801460634692],[-58.17533585937732,-15.612779272887471],[-58.175234415625347,-15.612757085091834],[-58.175132970959254,-15.612734897252784],[-58.175031527239256,-15.612712708456455],[-58.174930083542975,-15.612690520515574],[-58.174720827202194,-15.61264475127869],[-58.174697347430211,-15.612746178029397],[-58.174673868576441,-15.61284760567715],[-58.174656514298434,-15.612922572956625],[-58.174677613958899,-15.612954987306344],[-58.174859645408993,-15.612994801706773],[-58.174961090184851,-15.613016989664795],[-58.175062534046567,-15.61303917757941],[-58.175163977932023,-15.613061366349488],[-58.175265421830886,-15.613083554167273],[-58.175366865748295,-15.613105741936645],[-58.175468310616978,-15.613127929652597],[-58.175569754571526,-15.613150117325146],[-58.175671198549793,-15.613172305853146],[-58.175772642541475,-15.613194493428841],[-58.175874086551723,-15.613216680956135],[-58.17597553151321,-15.613238868430015],[-58.176076975560569,-15.613261055860484],[-58.176178419631654,-15.6132832441464],[-58.176279681611163,-15.613305391779404]]]]}},
{"type":"Feature","properties":{"OBJECTID":395,"QUADRA":"3","SETOR":"3","BAIRRO":"CHACARA SANTO REIS","SHAPE_AREA":1679.9824486699999,"SHAPE_LEN":176.00002108699999},"geometry":{"type":"MultiPolygon","coordinates":[[[[-58.18096905615532,-15.620531515112836],[-58.181078026652891,-15.620556282607078],[-58.181138827722847,-15.62031014692154],[-58.181125205959617,-15.620307051105941],[-58.181029857352513,-15.620285379448452],[-58.180920887004596,-15.620260611919381],[-58.180811916679097,-15.62023584433436],[-58.180702947303566,-15.620211075784471],[-58.180593977022895,-15.62018630808751],[-58.180564521977225,-15.620305546360118],[-58.180533175322012,-15.620432444571218],[-58.180642145729884,-15.62045721228932],[-58.180751115227473,-15.620481979956477],[-58.18086008568018,-15.620506747562644],[-58.18096905615532,-15.620531515112836]]]]}},
{"type":"Feature","properties":{"OBJECTID":129,"QUADRA":null,"SETOR":"1","BAIRRO":"JD. ZEFERINO I","SHAPE_AREA":9406.2320883800003,"SHAPE_LEN":798.99991133699996},"geometry":{"type":"MultiPolygon","coordinates":[[[[-58.166695450415055,-15.623537712513309],[-58.166926577331282,-15.623592127789026],[-58.167179440054127,-15.620220443855988],[-58.166948316936285,-15.620166028576239],[-58.166748499215394,-15.622830380354531],[-58.166732637047161,-15.623041876845422],[-58.166695450415055,-15.623537712513309]]]]}},
{"type":"Feature","properties":{"OBJECTID":113,"QUADRA":null,"SETOR":"1","BAIRRO":"NUCLEO URBANO","SHAPE_AREA":2215.0186527800001,"SHAPE_LEN":217.78918735600001},"geometry":{"type":"MultiPolygon","coordinates":[[[[-58.176451360717287,-15.624639806413745],[-58.176582502486688,-15.624665641310857],[-58.176643693777933,-15.624400157193678],[-58.176500736060561,-15.624369763973156],[-58.176392121389689,-15.624346671861669],[-58.176317244582236,-15.624330752184409],[-58.17611569820432,-15.624287902267834],[-58.176115634701191,-15.624287889049468],[-58.175951236329084,-15.624384798414061],[-58.175812937312742,-15.624466322530564],[-58.175784749373108,-15.624490706415816],[-58.175921393978221,-15.624522046874041],[-58.176067421420129,-15.62455553889118],[-58.176263232134069,-15.624600448847367],[-58.17633839749162,-15.624617552918126],[-58.176451360717287,-15.624639806413745]]]]}},
{"type":"Feature","properties":{"OBJECTID":62,"QUADRA":"8-15","SETOR":"2","BAIRRO":"JARDIM PERUCHI","SHAPE_AREA":310.7755027,"SHAPE_LEN":78.089017391499993},"geometry":{"type":"MultiPolygon","coordinates":[[[[-58.187598055886454,-15.634293368715594],[-58.187601112359367,-15.634432615832191],[-58.187603591931705,-15.634545576911824],[-58.187706409099412,-15.634543603835542],[-58.187704103852639,-15.634376114683269],[-58.187702937927362,-15.634291356449266],[-58.187598055886454,-15.634293368715594]]]]}},
{"type":"Feature","properties":{"OBJECTID":151,"QUADRA":"1","SETOR":"4","BAIRRO":"JD. ZEFERINO III","SHAPE_AREA":874.15808643000003,"SHAPE_LEN":124.934556915},"geometry":{"type":"MultiPolygon","coordinates":[[[[-58.175841549622874,-15.624186525245296],[-58.176001719348541,-15.624260240517289],[-58.176287763738841,-15.624128069499339],[-58.175949508484635,-15.623936742902858],[-58.175841549622874,-15.624186525245296]]]]}},
{"type":"Feature","properties":{"OBJECTID":465,"QUADRA":"43","SETOR":"1","BAIRRO":"NUCLEO URBANO","SHAPE_AREA":4833.61625241,"SHAPE_LEN":373.105156104},"geometry":{"type":"MultiPolygon","coordinates":[[[[-58.178684102674708,-15.624393427280992],[-58.17862679724508,-15.624633972003821],[-58.17860154807726,-15.624739960612049],[-58.178576369919433,-15.624845647835455],[-58.178517750755958,-15.625091706196956],[-58.178657293615196,-15.625123277005967],[-58.178770833786508,-15.625148963735239],[-58.17888326349177,-15.625174399658606],[-58.178997878721646,-15.625200330874744],[-58.179120645681074,-15.625228104691162],[-58.179249984108552,-15.625257366213452],[-58.17930377427335,-15.625029538357353],[-58.179176130138828,-15.625002278045617],[-58.179052747439854,-15.624975928502106],[-58.179061355073848,-15.62494072477503],[-58.178945943284155,-15.624916076890772],[-58.178969537765909,-15.624818602913766],[-58.178993947786495,-15.624717761113642],[-58.179110113532914,-15.624744271498763],[-58.179136394910266,-15.624620820135091],[-58.179263846535584,-15.624648386137407],[-58.179282130670813,-15.624521409101263],[-58.179163002352773,-15.624495835797685],[-58.179047554203898,-15.62447114837423],[-58.178937193047979,-15.624447548987185],[-58.178684102674708,-15.624393427280992]]]]}},
{"type":"Feature","properties":{"OBJECTID":497,"QUADRA":"5","SETOR":"3","BAIRRO":"JD. UNIVERSITARIO","SHAPE_AREA":3111.020735,"SHAPE_LEN":224.024482834},"geometry":{"type":"MultiPolygon","coordinates":[[[[-58.181826632542048,-15.618068563494989],[-58.181926122226848,-15.618090526235704],[-58.181978789720958,-15.617870177439],[-58.182030444518347,-15.617648912098618],[-58.181932606543036,-15.61762704896964],[-58.181839380318657,-15.617605893138949],[-58.181748323257494,-15.617585647578828],[-58.181658263060839,-15.617565197755537],[-58.181565334194126,-15.617548722445472],[-58.181465872212769,-15.617526659942072],[-58.181414202321328,-15.617745394328738],[-58.181393883671348,-15.617834276411214],[-58.181362696688986,-15.617966767232366],[-58.181462564295828,-15.617987959835046],[-58.18155307365835,-15.618008633287214],[-58.181643554330279,-15.618029180308206],[-58.181735683569073,-15.61804931165984],[-58.181826632542048,-15.618068563494989]]]]}},
{"type":"Feature","properties":{"OBJECTID":22,"QUADRA":"46-A","SETOR":"4","BAIRRO":"JD. ZEFERINO  II","SHAPE_AREA":6080.4228620900003,"SHAPE_LEN":312.27952272700003},"geometry":{"type":"MultiPolygon","coordinates":[[[[-58.172980879272203,-15.627597696289671],[-58.173231829006802,-15.627653772928285],[-58.17325392160668,-15.627513487447061],[-58.173268933017361,-15.627416865184992],[-58.17328411152296,-15.627320267338078],[-58.173306444154143,-15.627178734982056],[-58.173326978347667,-15.627061609649038],[-58.173344913780902,-15.626938088589307],[-58.173081541286642,-15.626904459217128],[-58.172970614558423,-15.626890294899548],[-58.172859595427688,-15.626876118363972],[-58.172603825625657,-15.626842899731921],[-58.172588164271311,-15.62695075651601],[-58.172572567516625,-15.627058165518752],[-58.172556970749689,-15.62716557452047],[-58.172541373975655,-15.62727298442506],[-58.17252577811697,-15.627380393419758],[-58.172509517967761,-15.627492367992652],[-58.172761922592116,-15.627548769147133],[-58.172871445752115,-15.627573242901992],[-58.172980879272203,-15.627597696289671]]]]}},
{"type":"Feature","properties":{"OBJECTID":285,"QUADRA":"19","SETOR":"1","BAIRRO":"NUCLEO URBANO","SHAPE_AREA":6399.9290802300002,"SHAPE_LEN":319.99854230599999},"geometry":{"type":"MultiPolygon","coordinates":[[[[-58.17733247094872,-15.62762095685232],[-58.177695804260324,-15.627703157523349],[-58.1778100856138,-15.627225207666715],[-58.177836405284076,-15.627115136757626],[-58.17786424354896,-15.626998712262827],[-58.177727993634328,-15.626967887158258],[-58.177614451596497,-15.626942199054845],[-58.17750091052082,-15.626916511789524],[-58.177387368536614,-15.626890824468445],[-58.177273827504223,-15.62686513617771],[-58.17713757774596,-15.62683431159784],[-58.177078623501416,-15.62708086952806],[-58.177053356560201,-15.627186537213204],[-58.177028090529575,-15.627292204891226],[-58.176998729465893,-15.627414998277445],[-58.17696913695768,-15.627538756467869],[-58.177105387177164,-15.627569582023925],[-58.177218928584452,-15.627595269471005],[-58.17733247094872,-15.62762095685232]]]]}},
{"type":"Feature","properties":{"OBJECTID":237,"QUADRA":"14","SETOR":"4","BAIRRO":"JD. VISTA ALEGRE","SHAPE_AREA":3757.8948127799999,"SHAPE_LEN":329.42231765700001},"geometry":{"type":"MultiPolygon","coordinates":[[[[-58.170537794329555,-15.617876316135026],[-58.170512844163355,-15.617982054820787],[-58.170487893975299,-15.618087793504495],[-58.170458785856191,-15.618211154393135],[-58.170429677712498,-15.61833451618285],[-58.170675551965374,-15.618390153570886],[-58.170683496077942,-15.618262003596071],[-58.170691441113995,-15.618133852711333],[-58.170698251409625,-15.61802400935183],[-58.170702204301527,-15.617960256257307],[-58.170776865255519,-15.617978217503188],[-58.170890026392165,-15.618005494311451],[-58.171003146589058,-15.618032948444192],[-58.171116287761237,-15.618060313821545],[-58.171252055562377,-15.61809315907305],[-58.171322638619543,-15.61779401849177],[-58.171186395571581,-15.617763188814655],[-58.17107286019386,-15.617737497799723],[-58.17095932390253,-15.617711805825159],[-58.170845788573281,-15.617686114688798],[-58.170732252335569,-15.617660423496677],[-58.170596010371547,-15.6176295934357],[-58.170537794329555,-15.617876316135026]]]]}},
{"type":"Feature","properties":{"OBJECTID":189,"QUADRA":"11","SETOR":"2","BAIRRO":"JD. POPULAR","SHAPE_AREA":4159.9201729300003,"SHAPE_LEN":263.99679357100001},"geometry":{"type":"MultiPolygon","coordinates":[[[[-58.183383048903302,-15.629921983160672],[-58.183519302303672,-15.629952800930853],[-58.18357824838499,-15.629706248141284],[-58.183603511205305,-15.62960057994345],[-58.183628774013869,-15.629494913551287],[-58.183687719866242,-15.629248359836527],[-58.183551467839287,-15.629217539421813],[-58.183451550079731,-15.6291949374254],[-58.183351631406154,-15.62917233538694],[-58.18321537946521,-15.629141514756304],[-58.183156433981679,-15.629388066570751],[-58.183131170013482,-15.629493734738213],[-58.183105906955923,-15.629599402898529],[-58.183046960315856,-15.629845954696707],[-58.18318321271822,-15.629876776303366],[-58.183283130814367,-15.629899382015244],[-58.183383048903302,-15.629921983160672]]]]}},
{"type":"Feature","properties":{"OBJECTID":461,"QUADRA":"41","SETOR":"1","BAIRRO":"JD. ZEFERINO I","SHAPE_AREA":2690.97303139,"SHAPE_LEN":240.593203426},"geometry":{"type":"MultiPolygon","coordinates":[[[[-58.167054756801292,-15.623505724820555],[-58.167270378812802,-15.623552950201599],[-58.167391245795677,-15.623023408301174],[-58.167451679563591,-15.622758638685919],[-58.167315210398513,-15.622728749867008],[-58.16712415306236,-15.622686905014699],[-58.16710011168508,-15.622959645204336],[-58.167054756801292,-15.623505724820555]]]]}},
{"type":"Feature","properties":{"OBJECTID":330,"QUADRA":"21","SETOR":"2","BAIRRO":"JARDIM PERUCHI","SHAPE_AREA":4919.9986600499997,"SHAPE_LEN":284.000082104},"geometry":{"type":"MultiPolygon","coordinates":[[[[-58.188061595301313,-15.636631490894411],[-58.188064769808676,-15.63677608029217],[-58.188344554928435,-15.63677071128107],[-58.188624340001944,-15.636765341010136],[-58.188621165102958,-15.636620751647667],[-58.18861868486394,-15.63650779064098],[-58.188616204637448,-15.636394830536815],[-58.188613724413059,-15.636281869527425],[-58.188611244201205,-15.636168909420538],[-58.188608069346408,-15.636024319145051],[-58.188471116274684,-15.636026947680161],[-58.188328285276413,-15.636029689325561],[-58.188189939651934,-15.636032344211726],[-58.188048501160161,-15.636035058246248],[-58.188051675618141,-15.636179647653153],[-58.188054155529272,-15.63629260869148],[-58.188056635447715,-15.636405569728433],[-58.188059115368247,-15.63651852986016],[-58.188061595301313,-15.636631490894411]]]]}},
{"type":"Feature","properties":{"OBJECTID":161,"QUADRA":"1","SETOR":"4","BAIRRO":"JD. ARATAKA","SHAPE_AREA":1339.5350795,"SHAPE_LEN":147.23614302799999},"geometry":{"type":"MultiPolygon","coordinates":[[[[-58.17291769760952,-15.618437339580789],[-58.173096274719619,-15.618472650427236],[-58.173122955403933,-15.618355388283319],[-58.173143218180805,-15.618267519418033],[-58.173162637889064,-15.618180658395671],[-58.172979755745892,-15.618141122208572],[-58.172798586270233,-15.618102589095798],[-58.1727784225086,-15.6181898517903],[-58.172758689502366,-15.618279055588983],[-58.172726442668633,-15.618399050121589],[-58.17291769760952,-15.618437339580789]]]]}},
{"type":"Feature","properties":{"OBJECTID":28,"QUADRA":"58-C","SETOR":"4","BAIRRO":"JD. ZEFERINO  II","SHAPE_AREA":5759.9019948799996,"SHAPE_LEN":303.99985790300002},"geometry":{"type":"MultiPolygon","coordinates":[[[[-58.17142397261928,-15.634571149636717],[-58.171881971945552,-15.634656526301091],[-58.172156771321269,-15.63470775237213],[-58.172279928927807,-15.63406798373564],[-58.171547132481734,-15.633931381253367],[-58.17142397261928,-15.634571149636717]]]]}},
{"type":"Feature","properties":{"OBJECTID":490,"QUADRA":"5","SETOR":"2","BAIRRO":"JD. BANDEIRANTES II","SHAPE_AREA":2066.4769258599999,"SHAPE_LEN":186.80983601400001},"geometry":{"type":"MultiPolygon","coordinates":[[[[-58.191379271005928,-15.624506319454389],[-58.191381899589047,-15.624668999809417],[-58.191489152778964,-15.624667391684763],[-58.191596405041047,-15.624665785320616],[-58.191703658225059,-15.624664177995225],[-58.191810910465556,-15.624662569718716],[-58.19191778963004,-15.624660967031438],[-58.191914601024941,-15.624498296078386],[-58.191911412434415,-15.62433562512258],[-58.191805559385571,-15.624337213185287],[-58.19169830637604,-15.624338820548596],[-58.19159105429366,-15.624340427854545],[-58.191483801272987,-15.624342035113227],[-58.191376549179481,-15.624343642314566],[-58.191379271005928,-15.624506319454389]]]]}},
{"type":"Feature","properties":{"OBJECTID":230,"QUADRA":"14","SETOR":"1","BAIRRO":"JD. SANTA MARIA","SHAPE_AREA":9277.2619860600007,"SHAPE_LEN":391.89241119100001},"geometry":{"type":"MultiPolygon","coordinates":[[[[-58.177812547461158,-15.630773863665528],[-58.177930707465116,-15.630800267030351],[-58.177988150324197,-15.630553714350643],[-58.17801394184842,-15.630447817799762],[-58.178063882189768,-15.630236350782235],[-58.178088851858689,-15.630130616820939],[-58.178113822438519,-15.630024882852558],[-58.178171264926874,-15.629778330137919],[-58.178170777319878,-15.629777882610107],[-58.178053924527035,-15.629751771512199],[-58.177940311691067,-15.629726377833983],[-58.177835787426126,-15.629703017008948],[-58.177808519945579,-15.629696922795144],[-58.177694906228524,-15.629671528990542],[-58.177581292540545,-15.629646136028985],[-58.177444951598467,-15.629615684666765],[-58.177386687387497,-15.629862397128363],[-58.177334666267036,-15.630082675647248],[-58.17730865520744,-15.630192815357761],[-58.177282644129292,-15.630302955969904],[-58.17725663302226,-15.630413095675937],[-58.177230621886331,-15.630523234475833],[-58.177203570659536,-15.630637779980313],[-58.177458068521787,-15.630694650459596],[-58.17757622845329,-15.63072105492571],[-58.177694387477914,-15.630747459331012],[-58.177812547461158,-15.630773863665528]]]]}},
{"type":"Feature","properties":{"OBJECTID":502,"QUADRA":"50","SETOR":"2","BAIRRO":"JD. POPULAR","SHAPE_AREA":9479.9971921800006,"SHAPE_LEN":396.99996671899999},"geometry":{"type":"MultiPolygon","coordinates":[[[[-58.180147024080924,-15.633959127622688],[-58.180401212317292,-15.634017295839584],[-58.180433219742156,-15.633885306918861],[-58.180459890708995,-15.633775317062929],[-58.180486563506626,-15.633665325386861],[-58.180513235357445,-15.633555335521207],[-58.180539907173483,-15.633445343845445],[-58.18057191351329,-15.633313354915074],[-58.180317725193987,-15.633255186840682],[-58.180204247755896,-15.633229218870998],[-58.180090772202718,-15.633203249926668],[-58.179977294813696,-15.633177281835499],[-58.179863817449217,-15.633151313683584],[-58.179750341969651,-15.633125344557014],[-58.17949615404828,-15.633067175497409],[-58.17946414610136,-15.633199164323688],[-58.179437473718195,-15.633309155004657],[-58.179410801310603,-15.63341914568327],[-58.179384128878617,-15.633529136359519],[-58.17935745642221,-15.633639127033424],[-58.179325449255749,-15.633771115839998],[-58.179579638026908,-15.633829285037107],[-58.179693115751412,-15.633855254215053],[-58.17980659162972,-15.633881222438383],[-58.179920069398108,-15.633907190590936],[-58.180033546258279,-15.633933158687764],[-58.180147024080924,-15.633959127622688]]]]}},
{"type":"Feature","properties":{"OBJECTID":276,"QUADRA":"18","SETOR":"1","BAIRRO":"JD. SANTA MARIA","SHAPE_AREA":3898.11048695,"SHAPE_LEN":260.03359863999998},"geometry":{"type":"MultiPolygon","coordinates":[[[[-58.178228363176146,-15.631768295712577],[-58.17837377424614,-15.631800862627486],[-58.178364584368694,-15.63142771667675],[-58.178363227280727,-15.631372613639297],[-58.178355395574165,-15.631054582456361],[-58.178260327086818,-15.631033318783135],[-58.178005840482612,-15.630976398598101],[-58.177974297544388,-15.631108438104947],[-58.177948003661221,-15.631218499842543],[-58.177921718890488,-15.631328528084218],[-58.177895424964497,-15.631438590721103],[-58.177869131947247,-15.631548653350702],[-58.177837569715585,-15.631680770682053],[-58.177964805243299,-15.631709267532335],[-58.178092039863145,-15.631737763407443],[-58.178228363176146,-15.631768295712577]]]]}},
{"type":"Feature","properties":{"OBJECTID":373,"QUADRA":"3","SETOR":"2","BAIRRO":"PACAEMBU","SHAPE_AREA":1459.1899323,"SHAPE_LEN":196.48728309800001},"geometry":{"type":"MultiPolygon","coordinates":[[[[-58.188007432804092,-15.633238604172718],[-58.188181303280039,-15.633239054563219],[-58.188178988529835,-15.633040210834745],[-58.188177725863795,-15.632931750946755],[-58.188176464136085,-15.632823291052539],[-58.188175201481172,-15.632714831162254],[-58.188172886410108,-15.632515923248397],[-58.188006479010184,-15.632515492057088],[-58.188007432804092,-15.633238604172718]]]]}},
{"type":"Feature","properties":{"OBJECTID":574,"QUADRA":"8","SETOR":"1","BAIRRO":"JD. DAS OLIVEIRAS II","SHAPE_AREA":4153.7563156200004,"SHAPE_LEN":263.75997084599999},"geometry":{"type":"MultiPolygon","coordinates":[[[[-58.184322476725562,-15.62550052781781],[-58.184558773544424,-15.625553403823714],[-58.184615845006562,-15.625315702043485],[-58.184643323991104,-15.625201252999945],[-58.184670675400938,-15.625087332523512],[-58.184698027717687,-15.624973412039576],[-58.184727620026841,-15.624850159286815],[-58.184491323992667,-15.624797282502595],[-58.184255028067149,-15.624744406359126],[-58.184225435481125,-15.624867659067885],[-58.184198082908473,-15.624981579511136],[-58.184170731242716,-15.625095499946891],[-58.184143252001086,-15.625209948949568],[-58.184135530654295,-15.625242106394541],[-58.184115772733357,-15.62532439794974],[-58.184086180004982,-15.625447650644904],[-58.184206462457979,-15.625474566310936],[-58.184322476725562,-15.62550052781781]]]]}},
{"type":"Feature","properties":{"OBJECTID":57,"QUADRA":"75","SETOR":"2","BAIRRO":"JD. POPULAR","SHAPE_AREA":6390.5695626300003,"SHAPE_LEN":319.76520527000002},"geometry":{"type":"MultiPolygon","coordinates":[[[[-58.180993152679491,-15.636784475101313],[-58.181247686134647,-15.636841194880192],[-58.181279271134144,-15.636709110528148],[-58.181305591629673,-15.636599040233921],[-58.18133191210115,-15.636488969937426],[-58.181358232548604,-15.636378899638629],[-58.181384553904799,-15.636268829332513],[-58.181416138754273,-15.636136744966166],[-58.18116143025631,-15.636080746682667],[-58.18105226830825,-15.636056747331176],[-58.18094310637666,-15.636032747019668],[-58.180688396232043,-15.63597674817847],[-58.180657303757926,-15.636106770721142],[-58.180630982953659,-15.636216840961973],[-58.180604661192575,-15.636326911205535],[-58.180578340340226,-15.636436981441774],[-58.180552019463853,-15.636547051675732],[-58.1805372798351,-15.636608690643786],[-58.180520434002148,-15.636679135051589],[-58.180711339753344,-15.636721676664248],[-58.180774974707774,-15.636735857165288],[-58.180884063216261,-15.636760166163869],[-58.180993152679491,-15.636784475101313]]]]}},
{"type":"Feature","properties":{"OBJECTID":209,"QUADRA":"12","SETOR":"4","BAIRRO":"JD. VISTA ALEGRE","SHAPE_AREA":4478.73829948,"SHAPE_LEN":271.88924300500003},"geometry":{"type":"MultiPolygon","coordinates":[[[[-58.168280621717784,-15.618531785550934],[-58.168417181038848,-15.618561275746204],[-58.16847355913729,-15.618314159184095],[-58.168529120013453,-15.618067201528609],[-58.168528629677745,-15.618066757605988],[-58.168393379976735,-15.61803755064588],[-58.168279580522317,-15.618012975005476],[-58.168165782956372,-15.617988399294234],[-58.168051982620455,-15.61796382444086],[-58.167938185105712,-15.617939249511704],[-58.167801627177532,-15.617909758075072],[-58.167773437284431,-15.618033312686343],[-58.167745246470922,-15.618156874531],[-58.167688866582388,-15.618403990971316],[-58.167825425764796,-15.618433482450524],[-58.167939224485295,-15.618458058318238],[-58.168053023228843,-15.618482634125028],[-58.16816682199542,-15.618507209870918],[-58.168280621717784,-15.618531785550934]]]]}},
{"type":"Feature","properties":{"OBJECTID":528,"QUADRA":"6","SETOR":"1","BAIRRO":"JD. DAS OLIVEIRAS","SHAPE_AREA":6390.5695611199999,"SHAPE_LEN":319.76526588500002},"geometry":{"type":"MultiPolygon","coordinates":[[[[-58.185103614439072,-15.626558269690024],[-58.185239646112088,-15.62658998259027],[-58.18529948891603,-15.626343966959846],[-58.185325246408809,-15.626238070871464],[-58.185350926457311,-15.626132498797313],[-58.185373326996341,-15.626040408110301],[-58.185410847382649,-15.625886158219618],[-58.18527693918891,-15.62585494101886],[-58.185163578468675,-15.625828513756046],[-58.185050219644104,-15.625802087326395],[-58.184936858968669,-15.625775659038419],[-58.184823500188919,-15.625749231583599],[-58.184687468197978,-15.625717519288919],[-58.184626803883368,-15.625963686571774],[-58.184600804988023,-15.626069187089671],[-58.184574805131895,-15.626174686706518],[-58.184514141487718,-15.626420848538572],[-58.184650173932255,-15.626452560908348],[-58.184763533084819,-15.626478987521866],[-58.184876894143457,-15.626505416776306],[-58.185103614439072,-15.626558269690024]]]]}},
{"type":"Feature","properties":{"OBJECTID":126,"QUADRA":"2","SETOR":"1","BAIRRO":"JD. SANTA ROSA","SHAPE_AREA":225.90653868000001,"SHAPE_LEN":94.426338498299998},"geometry":{"type":"MultiPolygon","coordinates":[[[[-58.179146555271224,-15.621144955399227],[-58.179161565657154,-15.621527988004141],[-58.179246856652036,-15.621166725995959],[-58.179146555271224,-15.621144955399227]]]]}},
{"type":"Feature","properties":{"OBJECTID":228,"QUADRA":"14","SETOR":"4","BAIRRO":"JD. RONDON","SHAPE_AREA":4160.853272,"SHAPE_LEN":263.54897550300001},"geometry":{"type":"MultiPolygon","coordinates":[[[[-58.170730092461426,-15.63150516246024],[-58.170848020950913,-15.631520740263898],[-58.170887956921469,-15.631279996848059],[-58.170904691258926,-15.631163465931412],[-58.170920676823798,-15.631048132169923],[-58.1709385116405,-15.63093156826057],[-58.170957937373231,-15.630807710349432],[-58.170718672027661,-15.630772478219143],[-58.170598468733488,-15.630755393885547],[-58.170478221127084,-15.630738716480444],[-58.170458335451087,-15.630863760942781],[-58.170441302265665,-15.630978630243401],[-58.170423527613231,-15.631097625325669],[-58.170406231308,-15.631215442772445],[-58.17038886202603,-15.631330268666554],[-58.170370542130833,-15.631455096869843],[-58.170610470285439,-15.631488644523548],[-58.170730092461426,-15.63150516246024]]]]}},
{"type":"Feature","properties":{"OBJECTID":428,"QUADRA":"39","SETOR":"1","BAIRRO":"JD. ZEFERINO I","SHAPE_AREA":7623.2846903500003,"SHAPE_LEN":350.64478038800002},"geometry":{"type":"MultiPolygon","coordinates":[[[[-58.168588895156489,-15.621104304511457],[-58.168725387944868,-15.621134087619113],[-58.168755811466475,-15.621011024515262],[-58.168786234956798,-15.620887961408327],[-58.168812311677812,-15.620782479003875],[-58.168838389303431,-15.620676995688319],[-58.168857946348083,-15.620597884336231],[-58.168864465978494,-15.620571513279359],[-58.168890542625434,-15.620466029964239],[-58.168934439235187,-15.62028846792523],[-58.168751370018036,-15.620252693169087],[-58.168659937208062,-15.620234825076349],[-58.168568504411269,-15.620216956944406],[-58.168381279985823,-15.620180369677961],[-58.168289847229218,-15.620162501426554],[-58.168202568865865,-15.620145445340617],[-58.16816258346887,-15.620307185193569],[-58.168136506457259,-15.620412668447829],[-58.168110428484823,-15.620518150800903],[-58.168084351422124,-15.620623633146751],[-58.168058274341568,-15.620729116394211],[-58.167997426478742,-15.620975242462984],[-58.168133919121658,-15.621005025950536],[-58.168247662863493,-15.621029845909288],[-58.168361406628648,-15.62105466580717],[-58.168475151344715,-15.621079484735327],[-58.168588895156489,-15.621104304511457]]]]}},
{"type":"Feature","properties":{"OBJECTID":5,"QUADRA":"102","SETOR":"2","BAIRRO":"JARDIM POPULAR II","SHAPE_AREA":4829.1918,"SHAPE_LEN":279.18241261100002},"geometry":{"type":"MultiPolygon","coordinates":[[[[-58.186036519781872,-15.630302979539978],[-58.186146807469321,-15.630303766342649],[-58.186285974014375,-15.630302905514661],[-58.186408280740288,-15.630304522070658],[-58.186425275610233,-15.630288241236428],[-58.186424939255815,-15.630166649732541],[-58.186422468080011,-15.630054994649269],[-58.186420038772361,-15.629940889755279],[-58.186421917481098,-15.629828153580691],[-58.186418698988696,-15.629714685684947],[-58.186419498373496,-15.629579737353824],[-58.186141499888798,-15.629572978588069],[-58.186027354363951,-15.629574418138597],[-58.185860762440605,-15.629576538792239],[-58.185859637770463,-15.629713378064974],[-58.185859972981831,-15.629825107994716],[-58.185860793734655,-15.629938543680373],[-58.185863073507846,-15.630051031418043],[-58.185864450856386,-15.630163930789003],[-58.185866924815898,-15.630302052229386],[-58.185946420310891,-15.630302671104877],[-58.186036519781872,-15.630302979539978]]]]}},
{"type":"Feature","properties":{"OBJECTID":354,"QUADRA":"26","SETOR":"4","BAIRRO":"JD. RONDON","SHAPE_AREA":4325.9786965000003,"SHAPE_LEN":271.924063639},"geometry":{"type":"MultiPolygon","coordinates":[[[[-58.170228514474402,-15.634913244826127],[-58.170353307136637,-15.634934815226746],[-58.170371664669226,-15.634801806462708],[-58.170383095493079,-15.634745034206704],[-58.170392030335407,-15.634682390817771],[-58.170375386267779,-15.634680265041828],[-58.170394088655165,-15.634565269347739],[-58.170410903915233,-15.63444813241666],[-58.170428504236384,-15.634331262468457],[-58.170448276250944,-15.634199312763636],[-58.170327668965697,-15.634185358093477],[-58.170205738736399,-15.634166764318785],[-58.170084975284468,-15.634149944953034],[-58.169959482880842,-15.634134832011762],[-58.169940199062545,-15.634259177210525],[-58.169922202092295,-15.634376880849459],[-58.169902992697232,-15.634494627109365],[-58.16988875628509,-15.63461749913035],[-58.169874469998575,-15.634729949340432],[-58.169848506954288,-15.634852612724249],[-58.170099000090538,-15.634889729016615],[-58.170228514474402,-15.634913244826127]]]]}},
{"type":"Feature","properties":{"OBJECTID":148,"QUADRA":"1","SETOR":"4","BAIRRO":"JD. RONDON","SHAPE_AREA":6439.3279874999998,"SHAPE_LEN":322.482263569},"geometry":{"type":"MultiPolygon","coordinates":[[[[-58.17244362703979,-15.625708173362773],[-58.172603493821285,-15.625737627380641],[-58.172625322896543,-15.6256134311124],[-58.172702396537311,-15.62514931379868],[-58.172722907290748,-15.625022946144131],[-58.172473085753914,-15.624977187125911],[-58.172359698462358,-15.624954155565614],[-58.172103277989756,-15.624907617844075],[-58.171976158858229,-15.62488266177011],[-58.171937153105318,-15.625114406491894],[-58.171950772816416,-15.625117922290302],[-58.17193305488027,-15.625231927584698],[-58.171915962635481,-15.625349346315206],[-58.171896335204409,-15.625475311487444],[-58.171877501354182,-15.625601408007284],[-58.172003266862149,-15.625626091125852],[-58.172132202424486,-15.625650531263187],[-58.17224308435361,-15.625670882648059],[-58.172350875414836,-15.625692271903192],[-58.17244362703979,-15.625708173362773]]]]}},
{"type":"Feature","properties":{"OBJECTID":309,"QUADRA":"2","SETOR":"1","BAIRRO":"JD. ZEFERINO I","SHAPE_AREA":4286.65503128,"SHAPE_LEN":313.863145261},"geometry":{"type":"MultiPolygon","coordinates":[[[[-58.175598898165326,-15.624439458703257],[-58.17573530739093,-15.624469607382816],[-58.175777985967514,-15.624284350482966],[-58.175648935121764,-15.624222260761618],[-58.175528487481678,-15.62416430998144],[-58.175176173457672,-15.623984462060829],[-58.174756777662189,-15.62378051640014],[-58.174732389551629,-15.623886377150814],[-58.174710034000704,-15.623983416621224],[-58.174653127358759,-15.624230426840269],[-58.174789537281214,-15.624260576122374],[-58.174880476623166,-15.624280674995855],[-58.174994150824446,-15.624305798984862],[-58.175107825054496,-15.624330923816908],[-58.175221499303028,-15.624356047684216],[-58.175335173575178,-15.624381171490686],[-58.175471582735007,-15.624411320339657],[-58.175598898165326,-15.624439458703257]]]]}},
{"type":"Feature","properties":{"OBJECTID":269,"QUADRA":"17","SETOR":"1","BAIRRO":"JD. SANTA ROSA","SHAPE_AREA":6769.5667059099997,"SHAPE_LEN":329.19885995700002},"geometry":{"type":"MultiPolygon","coordinates":[[[[-58.180400037989372,-15.623748590985338],[-58.180545368845543,-15.623781469101248],[-58.180574843099528,-15.623658192977588],[-58.180604317307875,-15.623534914139432],[-58.180629582088045,-15.623429246167738],[-58.180655590290058,-15.623323747745408],[-58.180713795079477,-15.623077022306898],[-58.180568464709701,-15.623044144267961],[-58.180454924623866,-15.623018457500443],[-58.180341385500157,-15.622992771571035],[-58.180227846400641,-15.622967085580861],[-58.180114306387452,-15.622941398631079],[-58.179945360004126,-15.622903177582344],[-58.179886409020696,-15.623149736048592],[-58.179861144809614,-15.623255403956312],[-58.179835880576384,-15.623361071861936],[-58.179821143253527,-15.623422711697689],[-58.179797984187637,-15.623519574168331],[-58.179776931198411,-15.623607623969651],[-58.179945878152296,-15.623645846011753],[-58.180059418540317,-15.623671532117813],[-58.180172958019824,-15.62369721816812],[-58.180286497528705,-15.623722905061559],[-58.180400037989372,-15.623748590985338]]]]}},
{"type":"Feature","properties":{"OBJECTID":139,"QUADRA":"1","SETOR":"1","BAIRRO":"NUCLEO URBANO","SHAPE_AREA":6409.3058910999998,"SHAPE_LEN":320.23356342800002},"geometry":{"type":"MultiPolygon","coordinates":[[[[-58.174891141717168,-15.628645819840473],[-58.174832185272095,-15.628892370112116],[-58.174968436179263,-15.628923196951941],[-58.17508197909752,-15.628948886367743],[-58.175195521102118,-15.628974574823864],[-58.17530906313096,-15.629000263219229],[-58.175422606121963,-15.629025952452697],[-58.175560984798715,-15.629057259241312],[-58.175619195985654,-15.628810537464108],[-58.175644144393665,-15.62870479838972],[-58.175669091847112,-15.62859905931826],[-58.17572730372536,-15.62835233389961],[-58.175591053123,-15.62832150751133],[-58.17547751051724,-15.628295819242025],[-58.175363968868474,-15.628270130906957],[-58.175250427238801,-15.628244441607238],[-58.175136884705758,-15.628218753155618],[-58.175000634254665,-15.628187926388138],[-58.174941677142158,-15.628434483917255],[-58.174916408976934,-15.628540152334363],[-58.174891141717168,-15.628645819840473]]]]}},
{"type":"Feature","properties":{"OBJECTID":397,"QUADRA":"3","SETOR":"3","BAIRRO":"JD. UNIVERSITARIO","SHAPE_AREA":4173.314457,"SHAPE_LEN":266.26344091800001},"geometry":{"type":"MultiPolygon","coordinates":[[[[-58.182558295799986,-15.618820218271892],[-58.182660781031053,-15.618842363375576],[-58.182688851706274,-15.618726096265538],[-58.182713747819008,-15.618619020910126],[-58.182767421564016,-15.618400239357644],[-58.182663564118712,-15.618374612599141],[-58.18257144571141,-15.61835640691671],[-58.182482203665494,-15.618335564373137],[-58.182389553954614,-15.618315788674838],[-58.182298479282757,-15.618295787517575],[-58.182207445405432,-15.618274764686452],[-58.18211767608134,-15.618256302105063],[-58.182012956327362,-15.618233174455247],[-58.18195998723251,-15.618452982535915],[-58.18190879696359,-15.618677219216551],[-58.182011286894387,-15.618698578208223],[-58.182103421436075,-15.618719577105296],[-58.182195766940339,-15.618739951130587],[-58.182286569143706,-15.618759574143928],[-58.182377802012702,-15.618779475010621],[-58.182468721457106,-15.618800019300256],[-58.182558295799986,-15.618820218271892]]]]}},
{"type":"Feature","properties":{"OBJECTID":378,"QUADRA":"3","SETOR":"2","BAIRRO":"JD. BANDEIRANTES I","SHAPE_AREA":1285.58133232,"SHAPE_LEN":160.87998783899999},"geometry":{"type":"MultiPolygon","coordinates":[[[[-58.191394898966756,-15.627478678052494],[-58.191398698401642,-15.627677499125042],[-58.191505963410691,-15.627676858004827],[-58.191613228409942,-15.627676215928354],[-58.191720493409854,-15.627675574703355],[-58.191827758399974,-15.627674932522083],[-58.191943791139252,-15.627674239051185],[-58.191939991174102,-15.627475417120854],[-58.191823958551801,-15.627476111485816],[-58.191716693659778,-15.627476752754141],[-58.191609428768409,-15.62747739487396],[-58.191502163867256,-15.627478036037484],[-58.191394898966756,-15.627478678052494]]]]}},
{"type":"Feature","properties":{"OBJECTID":21,"QUADRA":"45","SETOR":"2","BAIRRO":"JD. POPULAR","SHAPE_AREA":6390.5685369100001,"SHAPE_LEN":319.76522608300002},"geometry":{"type":"MultiPolygon","coordinates":[[[[-58.184050035494828,-15.634824256139019],[-58.184186291349704,-15.63485507687024],[-58.184215391812984,-15.634731716560948],[-58.184244493163746,-15.634608353532188],[-58.184269437554811,-15.634502613788863],[-58.184294381924062,-15.634396874043471],[-58.18432378733538,-15.634272221299884],[-58.18435258442949,-15.634150147064073],[-58.18421845578947,-15.634119807551347],[-58.184104909186921,-15.634094124056348],[-58.183991363541367,-15.634068440495502],[-58.183877816982076,-15.634042755975022],[-58.183764271384952,-15.634017072292545],[-58.183628016137611,-15.633986251254031],[-58.183599188573496,-15.63410682962293],[-58.183569068373664,-15.634232810375945],[-58.183543804209826,-15.634338478571857],[-58.183518540956641,-15.634444146760634],[-58.183459593865251,-15.634690699529058],[-58.183595849568974,-15.634721520639726],[-58.18370939554643,-15.634747204382318],[-58.18382294248606,-15.63477288896293],[-58.183936488511939,-15.634798572583906],[-58.184050035494828,-15.634824256139019]]]]}},
{"type":"Feature","properties":{"OBJECTID":71,"QUADRA":"89","SETOR":"2","BAIRRO":"JD. POPULAR","SHAPE_AREA":6660.7584440299997,"SHAPE_LEN":330.63378458599999},"geometry":{"type":"MultiPolygon","coordinates":[[[[-58.182530959820802,-15.638630928088002],[-58.182439053204874,-15.639022249811187],[-58.182561212735742,-15.639011281187956],[-58.182683370388204,-15.639000313411488],[-58.182829977420056,-15.638987080486151],[-58.182952135965706,-15.638976112556884],[-58.183074294488151,-15.63896514365657],[-58.183220926078434,-15.638951650919529],[-58.183252234152768,-15.638818474136144],[-58.183283164637317,-15.638686799869493],[-58.183308750607971,-15.638581203181069],[-58.18336596322245,-15.638334259382685],[-58.183229582134764,-15.638303952384055],[-58.183115931255372,-15.638278696635522],[-58.183002280399741,-15.638253440826098],[-58.182888630505872,-15.638228185854615],[-58.182774979697783,-15.638202929923393],[-58.182638598758402,-15.638172622544765],[-58.182601608285218,-15.638330122370636],[-58.182580639958381,-15.63841940301057],[-58.182555799900449,-15.638525165550314],[-58.182530959820802,-15.638630928088002]]]]}},
{"type":"Feature","properties":{"OBJECTID":342,"QUADRA":"23","SETOR":"1","BAIRRO":"NUCLEO URBANO","SHAPE_AREA":6399.9200729499998,"SHAPE_LEN":320.00001878400002},"geometry":{"type":"MultiPolygon","coordinates":[[[[-58.176888858012475,-15.626652044609397],[-58.177025011033315,-15.626683269400509],[-58.177078035624163,-15.626461205746399],[-58.177110034702601,-15.62632719335765],[-58.177140662732711,-15.626198924519629],[-58.177193232551396,-15.625978767817665],[-58.177057079991251,-15.625947544002516],[-58.176943619702676,-15.625921523335723],[-58.176830159438687,-15.625895502608238],[-58.176716699204434,-15.625869482723909],[-58.176603238989635,-15.625843461875009],[-58.176467087515661,-15.625812237676067],[-58.17641451693261,-15.626032393354013],[-58.176388232076611,-15.626142472090931],[-58.176361947191452,-15.62625254992167],[-58.17634302221223,-15.626331806608393],[-58.17629886356292,-15.626516737970531],[-58.176435015492402,-15.626547962241579],[-58.176548476086822,-15.626573983150573],[-58.176661936705827,-15.626600003998846],[-58.176775397344279,-15.626626023882542],[-58.176888858012475,-15.626652044609397]]]]}},
{"type":"Feature","properties":{"OBJECTID":612,"QUADRA":null,"SETOR":null,"BAIRRO":null,"SHAPE_AREA":73690.49628560002,"SHAPE_LEN":1133.32942968},"geometry":{"type":"MultiPolygon","coordinates":[[[[-58.174768595573447,-15.631744911308397],[-58.174751495256395,-15.631862311186218],[-58.174751463995982,-15.631862554504949],[-58.174665516555507,-15.632530902583076],[-58.17453061777821,-15.63357989989083],[-58.175093031948229,-15.633702411958106],[-58.176214395108104,-15.633946675563319],[-58.17673144113742,-15.631811355826105],[-58.17677444903525,-15.631633106849531],[-58.176774831434699,-15.631631302406438],[-58.176836254899463,-15.631341430508208],[-58.176860064347167,-15.631229066380699],[-58.17689964914949,-15.631078002693817],[-58.176959671199569,-15.630848698298266],[-58.177024530351574,-15.630560735060984],[-58.176881646125345,-15.630558019643326],[-58.176762573053033,-15.630555769394135],[-58.176643387099091,-15.630553516973734],[-58.176624252539618,-15.630553144128635],[-58.176262369550066,-15.63054609959255],[-58.176111060196945,-15.630542374880598],[-58.175349650235319,-15.630527907564781],[-58.175215222892184,-15.630519184482074],[-58.174950472535635,-15.630521701502712],[-58.174768714863866,-15.631744074554486],[-58.174768595573447,-15.631744911308397]]]]}},
{"type":"Feature","properties":{"OBJECTID":186,"QUADRA":"11","SETOR":"2","BAIRRO":"JARDIM PERUCHI","SHAPE_AREA":4919.9917505800004,"SHAPE_LEN":283.99998068999997},"geometry":{"type":"MultiPolygon","coordinates":[[[[-58.18663199914733,-15.634902579382256],[-58.186635172541067,-15.635047169798471],[-58.186914955482067,-15.635041801867343],[-58.187194737454504,-15.635036434489226],[-58.187191563669188,-15.634891844108257],[-58.187189084309502,-15.634778883915903],[-58.187186604951918,-15.634665922818336],[-58.187184125601632,-15.634552961719383],[-58.187181646263866,-15.634440001522981],[-58.18717847253312,-15.634295412036751],[-58.18689869156406,-15.634300779324548],[-58.186618909621252,-15.634306146261478],[-58.186622082965641,-15.634450736686832],[-58.186624561997498,-15.634563696910782],[-58.186627041041881,-15.634676658037248],[-58.186629520093547,-15.634789619162371],[-58.18663199914733,-15.634902579382256]]]]}},
{"type":"Feature","properties":{"OBJECTID":543,"QUADRA":"6A/43","SETOR":"1","BAIRRO":"NUCLEO URBANO","SHAPE_AREA":448.11340875000002,"SHAPE_LEN":102.558195431},"geometry":{"type":"MultiPolygon","coordinates":[[[[-58.178969537765909,-15.624818602913766],[-58.179335129432545,-15.624896733198216],[-58.17935778108312,-15.624800792764782],[-58.179110113532914,-15.624744271498763],[-58.178993947786495,-15.624717761113642],[-58.178969537765909,-15.624818602913766]]]]}},
{"type":"Feature","properties":{"OBJECTID":144,"QUADRA":"1","SETOR":"2","BAIRRO":"JD. BANDEIRANTES II","SHAPE_AREA":6657.15045594,"SHAPE_LEN":345.63081485599997},"geometry":{"type":"MultiPolygon","coordinates":[[[[-58.191401475192031,-15.627175541649297],[-58.19194220025728,-15.627174691682242],[-58.191927233308192,-15.626136404334677],[-58.191386521151315,-15.626137886752277],[-58.191401475192031,-15.627175541649297]]]]}},
{"type":"Feature","properties":{"OBJECTID":124,"QUADRA":null,"SETOR":"3","BAIRRO":"RESIDENCIAL  ARANTES","SHAPE_AREA":193.61394261000001,"SHAPE_LEN":55.672283984800004},"geometry":{"type":"MultiPolygon","coordinates":[[[[-58.182872302412051,-15.621433243109351],[-58.183000537525878,-15.621458980544514],[-58.183030850533683,-15.621339618097174],[-58.182901732032803,-15.621311415961374],[-58.182872302412051,-15.621433243109351]]]]}},
{"type":"Feature","properties":{"OBJECTID":282,"QUADRA":"19","SETOR":"2","BAIRRO":"JARDIM PERUCHI","SHAPE_AREA":3492.0929942900002,"SHAPE_LEN":237.677934564},"geometry":{"type":"MultiPolygon","coordinates":[[[[-58.188026490437167,-15.634879364071192],[-58.188027855314274,-15.635023980469819],[-58.188307615498658,-15.635017611170719],[-58.188454544794396,-15.635014266169224],[-58.188587375639301,-15.635011241515938],[-58.188586010370273,-15.634866625147966],[-58.188584943324308,-15.634753643809184],[-58.188583877216892,-15.634640662464115],[-58.188582975721708,-15.634545215063858],[-58.18834936073381,-15.634500433136923],[-58.188302648393481,-15.634491479013285],[-58.188232367096859,-15.634478028171449],[-58.188129284895524,-15.634458301087941],[-58.188022322634914,-15.634437832072633],[-58.188023312090145,-15.6345425919432],[-58.188024357890953,-15.634653400435592],[-58.188025423692196,-15.634766381804605],[-58.188026490437167,-15.634879364071192]]]]}},
{"type":"Feature","properties":{"OBJECTID":372,"QUADRA":"3","SETOR":"2","BAIRRO":"JD. PLANALTO","SHAPE_AREA":1990.3597730500001,"SHAPE_LEN":218.66654915699999},"geometry":{"type":"MultiPolygon","coordinates":[[[[-58.188217716173327,-15.634026805266263],[-58.188221659684743,-15.634155623721227],[-58.188325010258943,-15.634154793629069],[-58.188432930408212,-15.634153926078039],[-58.188430554716795,-15.634039805664733],[-58.188428308932465,-15.633926858718031],[-58.188426107889228,-15.633818431953163],[-58.188423906842118,-15.633710003379303],[-58.18842170673431,-15.633601574799162],[-58.18841708532846,-15.633374507426026],[-58.188305154742515,-15.633375407513178],[-58.188197794641589,-15.633376269230196],[-58.188201946672002,-15.63351181522942],[-58.188204747694911,-15.633603317667268],[-58.188206097651374,-15.633647338634701],[-58.188208067920144,-15.633711735670465],[-58.188209969868367,-15.633773829023539],[-58.188211388158294,-15.633820154576188],[-58.188213843018204,-15.633900317597748],[-58.188214707476611,-15.6339285743895],[-58.188217716173327,-15.634026805266263]]]]}},
{"type":"Feature","properties":{"OBJECTID":259,"QUADRA":"16","SETOR":"4","BAIRRO":"JD. VISTA ALEGRE","SHAPE_AREA":3823.2773216199998,"SHAPE_LEN":255.61840697400001},"geometry":{"type":"MultiPolygon","coordinates":[[[[-58.169307378844863,-15.618093051980237],[-58.169443621913494,-15.618123881923072],[-58.169501277117917,-15.617877034063865],[-58.169542465342502,-15.617702478301382],[-58.169179151294408,-15.617620264435889],[-58.168818091724631,-15.617536701065013],[-58.168775954304905,-15.617712901477823],[-58.168716992595385,-15.617959450634075],[-58.168853235517837,-15.617990281859683],[-58.168966771782145,-15.618015974930358],[-58.169080307132852,-15.618041667041394],[-58.169193842507823,-15.61806735909172],[-58.169307378844863,-15.618093051980237]]]]}},
{"type":"Feature","properties":{"OBJECTID":86,"QUADRA":"96","SETOR":"2","BAIRRO":"JD. POPULAR","SHAPE_AREA":2430.7134100799999,"SHAPE_LEN":200.42857795899999},"geometry":{"type":"MultiPolygon","coordinates":[[[[-58.180973096859198,-15.638668264651491],[-58.18085625200127,-15.639156888280164],[-58.181366120402771,-15.639106875264687],[-58.181446135400343,-15.638772262089185],[-58.180973096859198,-15.638668264651491]]]]}},
{"type":"Feature","properties":{"OBJECTID":522,"QUADRA":"6","SETOR":"1","BAIRRO":"NUCLEO URBANO","SHAPE_AREA":6409.29161019,"SHAPE_LEN":320.23334008},"geometry":{"type":"MultiPolygon","coordinates":[[[[-58.179857782845204,-15.630016906152074],[-58.179996159868907,-15.630048210062888],[-58.180054366788283,-15.629801488376582],[-58.18007931296021,-15.62969574805205],[-58.180104259115488,-15.629590008629346],[-58.180162466726244,-15.629343283301656],[-58.180026214996346,-15.629312459761637],[-58.179912671445784,-15.629286772962001],[-58.179799128857361,-15.629261087000446],[-58.179685585360424,-15.629235400983124],[-58.179572042815288,-15.62920971399614],[-58.17943579123655,-15.629178890076842],[-58.179376839323133,-15.629425448429638],[-58.179326308354582,-15.62963678505891],[-58.17926735711378,-15.629883337058159],[-58.179403609143506,-15.629914160145795],[-58.179517152068797,-15.629939847193],[-58.179630695945903,-15.629965533270509],[-58.179744238914459,-15.629991219292258],[-58.179857782845204,-15.630016906152074]]]]}},
{"type":"Feature","properties":{"OBJECTID":598,"QUADRA":"9","SETOR":"1","BAIRRO":"JD. DAS OLIVEIRAS","SHAPE_AREA":2823.7011632099998,"SHAPE_LEN":241.92687647700001},"geometry":{"type":"MultiPolygon","coordinates":[[[[-58.183115422776105,-15.624353153263662],[-58.183224420996112,-15.624377810015787],[-58.183282547305517,-15.62413140811733],[-58.183307566901284,-15.62402534714424],[-58.183332509968011,-15.623919607468354],[-58.183359532837493,-15.623805055239917],[-58.183390712543456,-15.62367288063435],[-58.183118266507293,-15.623611248471734],[-58.182995065859586,-15.623583378865417],[-58.18296296968591,-15.6237153468561],[-58.182935153661717,-15.623829719831377],[-58.182983461341827,-15.623840648041815],[-58.182987174150696,-15.623952869733328],[-58.182990795446585,-15.624065072030689],[-58.18303811971419,-15.624075777740844],[-58.182979174094548,-15.624322331345901],[-58.183115422776105,-15.624353153263662]]]]}},
{"type":"Feature","properties":{"OBJECTID":452,"QUADRA":"4","SETOR":"4","BAIRRO":"JD. VISTA ALEGRE","SHAPE_AREA":3191.2963028300001,"SHAPE_LEN":227.61285972600001},"geometry":{"type":"MultiPolygon","coordinates":[[[[-58.167953768603979,-15.61996759127247],[-58.168090932896902,-15.619994380217088],[-58.168142462737691,-15.619762975988751],[-58.168191651193297,-15.619542089463511],[-58.168054940177647,-15.619513266158927],[-58.167941013430067,-15.619489247881466],[-58.167827086710041,-15.619465230446899],[-58.167713160945169,-15.619441212946372],[-58.167587112824599,-15.61941464031622],[-58.167577843319947,-15.619643945008695],[-58.167567793426102,-15.619892248638349],[-58.167725147857048,-15.619923001662265],[-58.167839448680148,-15.619945341292352],[-58.167953768603979,-15.61996759127247]]]]}},
{"type":"Feature","properties":{"OBJECTID":261,"QUADRA":"16","SETOR":"3","BAIRRO":"JD. ITALIA II","SHAPE_AREA":8289.0279928700002,"SHAPE_LEN":427.09995911},"geometry":{"type":"MultiPolygon","coordinates":[[[[-58.17185438268028,-15.615267060547088],[-58.171970158882942,-15.615293386484622],[-58.17199500420562,-15.615182994001296],[-58.172019848578259,-15.615072602424773],[-58.172042705118024,-15.614971041812398],[-58.172065562576591,-15.614869482097165],[-58.172088420010979,-15.6147679214763],[-58.172111276493652,-15.614666360858665],[-58.172134133889998,-15.6145648002343],[-58.172156991267315,-15.614463239608193],[-58.172179847692895,-15.614361678985293],[-58.172202705032156,-15.614260118355693],[-58.172225562352374,-15.614158557724327],[-58.172248418720891,-15.614056997096196],[-58.172293238064775,-15.613857850577487],[-58.17217746359055,-15.613831525653302],[-58.172061688203854,-15.613805199767064],[-58.171945912847612,-15.613778874721591],[-58.171830137511577,-15.613752548709087],[-58.171807717626635,-15.613852167186417],[-58.171785317734134,-15.613951696068172],[-58.171762460204079,-15.614053255765018],[-58.171739603592819,-15.614154816359019],[-58.171716746029837,-15.614256376956252],[-58.17169388844782,-15.614357937551718],[-58.171671031779475,-15.614459498140466],[-58.171648174159394,-15.614561058732439],[-58.171628448825942,-15.614648704083995],[-58.171625316520299,-15.614662619322669],[-58.171602459794855,-15.614764179906162],[-58.171579602117696,-15.614865740492888],[-58.171556744416371,-15.614967300173978],[-58.171507055167346,-15.615188084158419],[-58.171622830361272,-15.615214410290353],[-58.1717386065081,-15.615240735450287],[-58.17185438268028,-15.615267060547088]]]]}},
{"type":"Feature","properties":{"OBJECTID":488,"QUADRA":"5","SETOR":"4","BAIRRO":"JD. RONDON","SHAPE_AREA":4422.1190495000001,"SHAPE_LEN":269.91759642},"geometry":{"type":"MultiPolygon","coordinates":[[[[-58.171483169331793,-15.626176637069843],[-58.171665682576439,-15.626210752555059],[-58.17168559941328,-15.626086440007729],[-58.171705353297646,-15.625961360005535],[-58.171724537447389,-15.625834511380543],[-58.171742259463478,-15.625709713395739],[-58.171619152975971,-15.625686787597436],[-58.1714977106924,-15.625664539816695],[-58.171376643933336,-15.625645995992686],[-58.171255938016841,-15.625627752984562],[-58.1711388170216,-15.62561005120358],[-58.171004913864039,-15.625591232179147],[-58.170972628704028,-15.625822362432876],[-58.170954252317969,-15.625946992132763],[-58.170933500453238,-15.626072167811641],[-58.171062909656214,-15.626096208319691],[-58.17118239029773,-15.626119560526039],[-58.171301580630271,-15.626142706315655],[-58.171419274487754,-15.626165136898393],[-58.171483169331793,-15.626176637069843]]]]}},
{"type":"Feature","properties":{"OBJECTID":16,"QUADRA":"15/7","SETOR":"1","BAIRRO":"JD. SANTA ROSA","SHAPE_AREA":755.99561146999997,"SHAPE_LEN":110.000263191},"geometry":{"type":"MultiPolygon","coordinates":[[[[-58.183133058903529,-15.624758027310092],[-58.183191260956832,-15.624511301423331],[-58.182946012967186,-15.624455822732475],[-58.182887810631414,-15.624702549478545],[-58.183133058903529,-15.624758027310092]]]]}},
{"type":"Feature","properties":{"OBJECTID":389,"QUADRA":"3","SETOR":"4","BAIRRO":"JD. ZEFERINO III","SHAPE_AREA":3776.8747143700002,"SHAPE_LEN":267.74609709499998},"geometry":{"type":"MultiPolygon","coordinates":[[[[-58.174542763844251,-15.623541219176111],[-58.174666064909466,-15.623602572951251],[-58.174722016106763,-15.623501698284691],[-58.174777966313947,-15.62340082270784],[-58.174833450232128,-15.623300790250266],[-58.174603818418433,-15.623170774272108],[-58.174603601320072,-15.623170651598267],[-58.174501106856972,-15.623112619488735],[-58.174404321611405,-15.623057820798259],[-58.17430753734282,-15.623003021152433],[-58.174077689068362,-15.62287288190044],[-58.174031866294108,-15.622959311108554],[-58.173986043478237,-15.623045739405187],[-58.173940219693137,-15.623132167699222],[-58.173894396804307,-15.623218595980681],[-58.174130875284334,-15.623336266668886],[-58.174230445739866,-15.623385812422436],[-58.174330016240859,-15.623435358127328],[-58.174429585849396,-15.623484902884618],[-58.174542763844251,-15.623541219176111]]]]}},
{"type":"Feature","properties":{"OBJECTID":491,"QUADRA":"5","SETOR":"1","BAIRRO":"JD. ZEFERINO I","SHAPE_AREA":8099.92605,"SHAPE_LEN":359.99994534000001},"geometry":{"type":"MultiPolygon","coordinates":[[[[-58.17414398625332,-15.625096616402883],[-58.174279950125161,-15.625128604193238],[-58.174344720046875,-15.624864799829872],[-58.174377105889604,-15.624732898089931],[-58.174409490758833,-15.624600995447615],[-58.174474261328307,-15.624337191051463],[-58.174338298899038,-15.624305203340406],[-58.174224997518259,-15.624278545790034],[-58.174111695235183,-15.624251889087956],[-58.173998392977389,-15.624225232325285],[-58.173885091672467,-15.624198574593189],[-58.173794450463262,-15.624177248907202],[-58.173658488215999,-15.624145260759972],[-58.173618497228873,-15.6243081357651],[-58.173593716626911,-15.624409064987532],[-58.17356133030998,-15.624540966646657],[-58.173528944895317,-15.624672869201181],[-58.173464173016058,-15.624936672497046],[-58.173804079067416,-15.625016646984779],[-58.173917381750059,-15.625043303817689],[-58.174030684458003,-15.625069960590022],[-58.17414398625332,-15.625096616402883]]]]}},
{"type":"Feature","properties":{"OBJECTID":13,"QUADRA":"110","SETOR":"2","BAIRRO":"JARDIM POPULAR II","SHAPE_AREA":4999.469384,"SHAPE_LEN":293.61849267100001},"geometry":{"type":"MultiPolygon","coordinates":[[[[-58.186200658340667,-15.634077071003293],[-58.186201847814679,-15.634178338078616],[-58.186357501023402,-15.63417448635397],[-58.186497992306649,-15.634174820253428],[-58.186498586913274,-15.634078858500017],[-58.186496228823636,-15.633969064893545],[-58.18649767170367,-15.633860046164342],[-58.186491619668907,-15.63374538240898],[-58.186489482671135,-15.6336318635149],[-58.186488481586508,-15.633516358924325],[-58.186485464895114,-15.633381286653586],[-58.186286095437318,-15.633380873382107],[-58.186189541525501,-15.633380889284838],[-58.185914354330045,-15.633380505969519],[-58.185915613903461,-15.633516663417774],[-58.185916959610623,-15.633628894032311],[-58.185918380049579,-15.633741142319771],[-58.185919230332665,-15.633856430809109],[-58.18592099823816,-15.634022549954262],[-58.186200658340667,-15.634077071003293]]]]}},
{"type":"Feature","properties":{"OBJECTID":168,"QUADRA":"10","SETOR":"2","BAIRRO":"JD. PLANALTO","SHAPE_AREA":2027.47120664,"SHAPE_LEN":181.100060391},"geometry":{"type":"MultiPolygon","coordinates":[[[[-58.188850883244129,-15.632367378859266],[-58.188967479986331,-15.632366956715897],[-58.188964051384744,-15.632000443912938],[-58.188847454855043,-15.632000866943949],[-58.188730858315068,-15.632001289009128],[-58.188614262707986,-15.63200171191119],[-58.188497666157872,-15.632002133852479],[-58.188498764703674,-15.632119635478169],[-58.18850109393032,-15.632368646720446],[-58.18861769068252,-15.632368223859025],[-58.188734287434855,-15.632367801839527],[-58.188850883244129,-15.632367378859266]]]]}},
{"type":"Feature","properties":{"OBJECTID":257,"QUADRA":"16","SETOR":"1","BAIRRO":"JD. SANTA ROSA","SHAPE_AREA":3625.1364002300002,"SHAPE_LEN":286.65071397600002},"geometry":{"type":"MultiPolygon","coordinates":[[[[-58.179513464333425,-15.623552441705595],[-58.179640803306711,-15.62358048178327],[-58.179672430908653,-15.62344840728805],[-58.179698787527165,-15.623338345053885],[-58.179725144126813,-15.623228283721268],[-58.179751499764492,-15.6231182214875],[-58.179777856310842,-15.623008159246407],[-58.179809483762646,-15.622876084736868],[-58.179631228984718,-15.622836300897047],[-58.17955498072692,-15.622819283290832],[-58.179445908033244,-15.622794939591437],[-58.179336834423651,-15.62277059493711],[-58.179192221429204,-15.622738318625791],[-58.179204409745964,-15.623112061495421],[-58.1792524939966,-15.623122793796027],[-58.179361567783616,-15.623147137575417],[-58.179470639727157,-15.623171481308797],[-58.179444282066825,-15.623281543529176],[-58.179417927180609,-15.623391605732222],[-58.179386126317176,-15.623524400642658],[-58.179513464333425,-15.623552441705595]]]]}},
{"type":"Feature","properties":{"OBJECTID":222,"QUADRA":"13","SETOR":"2","BAIRRO":"JARDIM BELA VISTA","SHAPE_AREA":6149.9940829200004,"SHAPE_LEN":314.00010835400002},"geometry":{"type":"MultiPolygon","coordinates":[[[[-58.189580196716541,-15.623737326285587],[-58.18958186309429,-15.623825820379695],[-58.189698438810105,-15.623823890558848],[-58.189815014524356,-15.623821961580099],[-58.189931589304329,-15.623820033448492],[-58.190048165010246,-15.62381810525005],[-58.19016474069894,-15.623816175182087],[-58.190281315453355,-15.623814245961297],[-58.190276379824084,-15.623552161183234],[-58.190274336768411,-15.623443712747854],[-58.19027229558457,-15.62333526430114],[-58.190269828268335,-15.623204222355913],[-58.190267360956184,-15.623073179505042],[-58.190150784754323,-15.623075108699451],[-58.190034209478419,-15.623077037827032],[-58.189917634195716,-15.623078966892834],[-58.189801058901033,-15.623080894992988],[-58.189684483604779,-15.62308282393524],[-58.189567909234476,-15.62308475281066],[-58.189572843908614,-15.623346837679149],[-58.189574886590876,-15.623455286147811],[-58.189576928346796,-15.623563734620303],[-58.189580196716541,-15.623737326285587]]]]}},
{"type":"Feature","properties":{"OBJECTID":406,"QUADRA":"31","SETOR":"4","BAIRRO":"JD. RONDON","SHAPE_AREA":1153.649385,"SHAPE_LEN":138.06706990699999},"geometry":{"type":"MultiPolygon","coordinates":[[[[-58.168514958003207,-15.635134861527176],[-58.16878905356235,-15.635173986805139],[-58.168815306433046,-15.634942825682037],[-58.168837086365471,-15.634817680841147],[-58.168570740499391,-15.63477977074399],[-58.168550802345905,-15.634905674080859],[-58.168514958003207,-15.635134861527176]]]]}},
{"type":"Feature","properties":{"OBJECTID":10,"QUADRA":"107","SETOR":"2","BAIRRO":"JARDIM POPULAR II","SHAPE_AREA":6980.0314165,"SHAPE_LEN":356.12882502399998},"geometry":{"type":"MultiPolygon","coordinates":[[[[-58.185214577644274,-15.632239048700729],[-58.185217541320114,-15.632382898264023],[-58.185478510426194,-15.632379861253419],[-58.185616215750727,-15.632377697993752],[-58.185759030070955,-15.632375064121518],[-58.185756790036812,-15.632230596023062],[-58.185754111321231,-15.632116872109487],[-58.185752845508382,-15.632003908877826],[-58.185751335050149,-15.631890576366013],[-58.185749064102673,-15.631778007243431],[-58.185746476803416,-15.63166557541507],[-58.185744512016832,-15.631552715385602],[-58.185741830931335,-15.631435330660665],[-58.185738779846751,-15.631289312214884],[-58.18560650392218,-15.631291446166234],[-58.185462455354468,-15.631293435748246],[-58.185199598797624,-15.631297296362566],[-58.185201306428731,-15.631443340175526],[-58.185203560848699,-15.631556334251284],[-58.185204795008914,-15.631670337172174],[-58.185206231919146,-15.63178553215168],[-58.185207461431496,-15.63189710358974],[-58.185210364217248,-15.632010916711756],[-58.185212568861175,-15.632123359667744],[-58.185214577644274,-15.632239048700729]]]]}},
{"type":"Feature","properties":{"OBJECTID":436,"QUADRA":"4","SETOR":"1","BAIRRO":"NUCLEO URBANO","SHAPE_AREA":6399.9317979300004,"SHAPE_LEN":319.998542305},"geometry":{"type":"MultiPolygon","coordinates":[[[[-58.178072599403357,-15.629617591931671],[-58.178208850197421,-15.62964841579161],[-58.178267802669126,-15.629401862181069],[-58.178293069165413,-15.629296194401139],[-58.178318334711939,-15.629190527527975],[-58.178347374498095,-15.629069078045907],[-58.178377288804519,-15.628943970270507],[-58.178241037528672,-15.628913145583965],[-58.178127494361675,-15.628887458732768],[-58.178013952151659,-15.628861771815794],[-58.177650615741761,-15.628779571834844],[-58.177482175634658,-15.629484016965465],[-58.177845513260912,-15.629566217139164],[-58.178072599403357,-15.629617591931671]]]]}},
{"type":"Feature","properties":{"OBJECTID":557,"QUADRA":"7","SETOR":"3","BAIRRO":"JD. SANTA ROSA II","SHAPE_AREA":4316.9127366399998,"SHAPE_LEN":271.69632350099999},"geometry":{"type":"MultiPolygon","coordinates":[[[[-58.183051166392282,-15.622953579641974],[-58.183022609982828,-15.623074633775172],[-58.182953577792006,-15.623059017503365],[-58.182957302764308,-15.623180521357222],[-58.182960740941439,-15.623292682167783],[-58.182965038673139,-15.623432882952986],[-58.183173501122603,-15.623480041573545],[-58.183291582650469,-15.623506753656697],[-58.183418747041337,-15.623535520096267],[-58.183474870559373,-15.623297606695793],[-58.183528914144759,-15.623068504028854],[-58.183547829844947,-15.622988318632961],[-58.183585037446164,-15.622830590607958],[-58.183339791416543,-15.622775112217555],[-58.183221710310534,-15.62274840012997],[-58.183105754929265,-15.622722168245138],[-58.183078770285739,-15.622836562967278],[-58.183051166392282,-15.622953579641974]]]]}},
{"type":"Feature","properties":{"OBJECTID":45,"QUADRA":"67","SETOR":"2","BAIRRO":"JD. POPULAR","SHAPE_AREA":3199.9955771800001,"SHAPE_LEN":239.999930218},"geometry":{"type":"MultiPolygon","coordinates":[[[[-58.180337288463804,-15.635755043003345],[-58.180520632576631,-15.635797206119573],[-58.180536527893032,-15.635731981462522],[-58.180552789563542,-15.635665251636558],[-58.18057958765008,-15.635555290013345],[-58.180606384774116,-15.635445327488915],[-58.180633182811583,-15.635335365860957],[-58.180659980819328,-15.635225403326759],[-58.180692137653104,-15.63509344882891],[-58.180508790416631,-15.635051284928739],[-58.180329103742132,-15.635009962596476],[-58.180296946680897,-15.635141917057236],[-58.180270148483615,-15.635251879560544],[-58.180243350256596,-15.635361841157597],[-58.180216552943016,-15.635471803651125],[-58.180189754666927,-15.635581765243439],[-58.18015759745257,-15.635713719689388],[-58.180337288463804,-15.635755043003345]]]]}},
{"type":"Feature","properties":{"OBJECTID":284,"QUADRA":"19","SETOR":"2","BAIRRO":"JD. POPULAR","SHAPE_AREA":9296.2099428700003,"SHAPE_LEN":392.30663830899999},"geometry":{"type":"MultiPolygon","coordinates":[[[[-58.183779456706695,-15.632104567266436],[-58.183917838373425,-15.632135869447904],[-58.183976039986383,-15.631889146152336],[-58.184000984286065,-15.631783405523333],[-58.184025927641564,-15.63167766670507],[-58.184050947472791,-15.631571604777575],[-58.184075891712169,-15.63146586504628],[-58.184100834996983,-15.631360125317961],[-58.184125886629886,-15.631253927626432],[-58.184159037153727,-15.631113399270514],[-58.184022783818449,-15.631082578340203],[-58.183909238935229,-15.631056894619169],[-58.183795695003816,-15.63103120992845],[-58.183682151101777,-15.631005526080788],[-58.183568606286016,-15.630979841273511],[-58.18343235310703,-15.630949020867689],[-58.183373405705929,-15.631195579959696],[-58.183323198024986,-15.63140698781236],[-58.183273233172365,-15.631618788449588],[-58.183247970008694,-15.631724456619276],[-58.183189023126218,-15.631971009343212],[-58.183325276972482,-15.632001830756922],[-58.183438821402021,-15.632027514752044],[-58.183552366793762,-15.632053199585215],[-58.183665911271731,-15.632078883458741],[-58.183779456706695,-15.632104567266436]]]]}},
{"type":"Feature","properties":{"OBJECTID":267,"QUADRA":"17","SETOR":"1","BAIRRO":"NUCLEO URBANO","SHAPE_AREA":6399.9308541099999,"SHAPE_LEN":319.99842194000001},"geometry":{"type":"MultiPolygon","coordinates":[[[[-58.175833021089055,-15.627293793398707],[-58.175969271020492,-15.627324618779959],[-58.17602822575585,-15.62707806558128],[-58.176053493222248,-15.626972397977871],[-58.176078759738928,-15.626866731281188],[-58.17613771516239,-15.626620174440573],[-58.176001465681821,-15.626589348227744],[-58.175887924943638,-15.626563660099665],[-58.175774384229683,-15.626537971910802],[-58.175660842602056,-15.626512282762302],[-58.175547301936589,-15.626486594451928],[-58.175411052607267,-15.626455767859929],[-58.175358412585673,-15.626675908359962],[-58.175320854815084,-15.626832975596441],[-58.175301561635273,-15.626913661461572],[-58.17529558791135,-15.62693864313651],[-58.175273481388587,-15.627031091261532],[-58.17524260603318,-15.627160211813596],[-58.175378855818536,-15.627191038477937],[-58.175492396869195,-15.627216727752456],[-58.175605938871698,-15.627242416057355],[-58.175719479965672,-15.627268104306468],[-58.175833021089055,-15.627293793398707]]]]}},
{"type":"Feature","properties":{"OBJECTID":299,"QUADRA":"2","SETOR":"2","BAIRRO":"JARDIM BELA VISTA","SHAPE_AREA":3741.37287767,"SHAPE_LEN":254.00001065000001},"geometry":{"type":"MultiPolygon","coordinates":[[[[-58.189323720698383,-15.628263238996871],[-58.189464008275117,-15.628293157151424],[-58.189453986551761,-15.627841316178131],[-58.189313698361019,-15.627811398903377],[-58.189173411132231,-15.627781480627052],[-58.18903312300511,-15.627751562263175],[-58.188892835850368,-15.627721644705492],[-58.188752547792078,-15.62769172615636],[-58.188762568880584,-15.628143567270307],[-58.188902856314414,-15.62817348489148],[-58.189043144720642,-15.628203403318837],[-58.189183432228546,-15.628233321658632],[-58.189323720698383,-15.628263238996871]]]]}},
{"type":"Feature","properties":{"OBJECTID":324,"QUADRA":"20","SETOR":"2","BAIRRO":"JARDIM PERUCHI","SHAPE_AREA":4919.9987261200004,"SHAPE_LEN":284.000082104},"geometry":{"type":"MultiPolygon","coordinates":[[[[-58.188047629822613,-15.635750746207721],[-58.188050804260811,-15.635895335618649],[-58.188330588181969,-15.635889965804298],[-58.188610372067323,-15.635884596537862],[-58.188607197237523,-15.635740007162218],[-58.188604717052584,-15.635627046145242],[-58.188602236874935,-15.635514085126907],[-58.18859975670982,-15.6354011250111],[-58.188597276546801,-15.63528816399007],[-58.188594101766434,-15.635143574605284],[-58.188436511359818,-15.635146598730284],[-58.18831431888453,-15.635148943781289],[-58.188034535966814,-15.635154313505245],[-58.188037710355609,-15.635298902925317],[-58.18804019021271,-15.635411863973934],[-58.188042670071894,-15.635524824117288],[-58.188045149943598,-15.635637785163182],[-58.188047629822613,-15.635750746207721]]]]}},
{"type":"Feature","properties":{"OBJECTID":344,"QUADRA":"23","SETOR":"1","BAIRRO":"JD. SANTA ROSA","SHAPE_AREA":2001.6773984599999,"SHAPE_LEN":212.07617647699999},"geometry":{"type":"MultiPolygon","coordinates":[[[[-58.180904621996568,-15.622976146578884],[-58.181225142261773,-15.623044542642621],[-58.181224364359572,-15.622905366814624],[-58.181223716845608,-15.622789596056515],[-58.181223060863061,-15.62267267195716],[-58.181220590448468,-15.622533567601478],[-58.181218286040817,-15.622403736438903],[-58.181216443777771,-15.62230002570741],[-58.181083714526913,-15.62227416590123],[-58.181059091652273,-15.622370688340055],[-58.181027752657158,-15.622493535245948],[-58.18099417585794,-15.622625156665052],[-58.180966194856147,-15.6227348417824],[-58.180938208227083,-15.622844526023387],[-58.180904621996568,-15.622976146578884]]]]}},
{"type":"Feature","properties":{"OBJECTID":506,"QUADRA":"52","SETOR":"2","BAIRRO":"JD. POPULAR","SHAPE_AREA":471.19543055000003,"SHAPE_LEN":141.10386640900001},"geometry":{"type":"MultiPolygon","coordinates":[[[[-58.184990694236888,-15.635915542276749],[-58.1851287676025,-15.635946772861068],[-58.185119570511823,-15.635369220864501],[-58.184990694236888,-15.635915542276749]]]]}},
{"type":"Feature","properties":{"OBJECTID":221,"QUADRA":"13","SETOR":"1","BAIRRO":"JD. DAS OLIVEIRAS II","SHAPE_AREA":6403.1258327599999,"SHAPE_LEN":320.07998474499999},"geometry":{"type":"MultiPolygon","coordinates":[[[[-58.185688274060119,-15.624039121739132],[-58.185815439022086,-15.624067887646348],[-58.185842460496929,-15.623953334304234],[-58.185871559811858,-15.62382997111458],[-58.185898580326864,-15.623715422291886],[-58.185925600790277,-15.623600868947396],[-58.185947083313344,-15.623509797357718],[-58.185981721363518,-15.623362952395224],[-58.18585455683295,-15.623334187457825],[-58.185736475175332,-15.623307476769563],[-58.185618393543876,-15.623280766015549],[-58.185500311938583,-15.623254055195806],[-58.185382229426743,-15.623227344315401],[-58.185255065034042,-15.623198578114749],[-58.185226236745258,-15.623319167504109],[-58.185198226349769,-15.623436332093959],[-58.185171563202246,-15.623550966605102],[-58.185144900936265,-15.623665596589461],[-58.185088062033842,-15.623903350548032],[-58.185215945076152,-15.623932279255607],[-58.185334027040618,-15.623958988394561],[-58.185452109041641,-15.623985699275538],[-58.185570192006757,-15.624012410989629],[-58.185688274060119,-15.624039121739132]]]]}},
{"type":"Feature","properties":{"OBJECTID":138,"QUADRA":"1","SETOR":"2","BAIRRO":"JD. BANDEIRANTES I","SHAPE_AREA":2876.2191589700001,"SHAPE_LEN":216.94816222},"geometry":{"type":"MultiPolygon","coordinates":[[[[-58.191785188639706,-15.628807486725385],[-58.191960148683265,-15.628844108995771],[-58.191955793873447,-15.628541968482063],[-58.191952927438706,-15.628343131555114],[-58.19183428043101,-15.62834345780624],[-58.191727014013487,-15.628343752017862],[-58.191619746659022,-15.628344046182116],[-58.191512480233087,-15.628344340288873],[-58.191405212870215,-15.628344634348272],[-58.191408078771765,-15.628543470415373],[-58.19141075460373,-15.62872911141789],[-58.191598065450449,-15.628768318982234],[-58.191785188639706,-15.628807486725385]]]]}},
{"type":"Feature","properties":{"OBJECTID":239,"QUADRA":"14","SETOR":"3","BAIRRO":"JD. ITALIA II","SHAPE_AREA":4144.5155194500003,"SHAPE_LEN":376.09999326000002},"geometry":{"type":"MultiPolygon","coordinates":[[[[-58.172770556750997,-15.615464184725946],[-58.172886333147794,-15.615490510164246],[-58.172929821149381,-15.615297279530553],[-58.172936021879011,-15.615269725965112],[-58.172949696063618,-15.615208966213528],[-58.172958878907977,-15.61516816528367],[-58.172969571896161,-15.615120652890219],[-58.172981734985235,-15.615066604605445],[-58.172989446781628,-15.615032339570554],[-58.173004591976152,-15.614965043920522],[-58.173009322580263,-15.61494402534071],[-58.173027448953185,-15.614863484137706],[-58.173029197436961,-15.614855712018393],[-58.17304907321197,-15.614767398689789],[-58.173050304973366,-15.614761923454257],[-58.173068948039884,-15.614679085364843],[-58.173073161907212,-15.614660362764067],[-58.173088823780965,-15.614590771129699],[-58.173096018822022,-15.614558802072123],[-58.173108698580116,-15.614502457802118],[-58.173118874785139,-15.614457241383432],[-58.173128574297564,-15.614414144468208],[-58.173141731661907,-15.614355680687984],[-58.173148450000639,-15.614325831132987],[-58.173164588519647,-15.614254119990809],[-58.173168324751494,-15.614237516897548],[-58.173186967737863,-15.614154678800766],[-58.173188200425784,-15.614149203559684],[-58.173209406993976,-15.61405497334648],[-58.172977855812178,-15.614002323539438],[-58.172955416446229,-15.614102028977824],[-58.172933037118476,-15.614201470152024],[-58.172910180148868,-15.614303030833032],[-58.172887324092912,-15.614404591507281],[-58.172864467085255,-15.614506152184784],[-58.172841610058562,-15.614607712860538],[-58.172818753945542,-15.614709273529552],[-58.1727958968808,-15.614810834201796],[-58.172773039797029,-15.614912394872302],[-58.172750183621794,-15.61501395463219],[-58.172727326499967,-15.615115515299188],[-58.172704469359125,-15.615217075964448],[-58.172654781317384,-15.61543786012342],[-58.172770556750997,-15.615464184725946]]]]}},
{"type":"Feature","properties":{"OBJECTID":30,"QUADRA":"58B","SETOR":"4","BAIRRO":"JD. ZEFERINO  II","SHAPE_AREA":2896.6976535,"SHAPE_LEN":234.189638742},"geometry":{"type":"MultiPolygon","coordinates":[[[[-58.172170178677604,-15.633941426372955],[-58.172255242021578,-15.633959601401695],[-58.172291263553134,-15.63380328577969],[-58.172325984330634,-15.63364952612709],[-58.172219084838076,-15.633626550533505],[-58.172127272030188,-15.63360578116866],[-58.172036631533004,-15.633586117309001],[-58.171946813404361,-15.633565075075948],[-58.171854706423098,-15.63354505740933],[-58.171763472255485,-15.633524329991909],[-58.171671798979517,-15.63350347833323],[-58.171571840311408,-15.633482255084276],[-58.171543406021371,-15.633637644274469],[-58.171521845755073,-15.633799468741394],[-58.171623395077475,-15.633821524143286],[-58.171713126694989,-15.633840460857497],[-58.171803396342696,-15.633863787657566],[-58.171892068912904,-15.63388184412247],[-58.171983078992419,-15.633900864284236],[-58.172078255237253,-15.633920910682333],[-58.172170178677604,-15.633941426372955]]]]}},
{"type":"Feature","properties":{"OBJECTID":365,"QUADRA":"28","SETOR":"1","BAIRRO":"JD. ZEFERINO I","SHAPE_AREA":6399.9352781199996,"SHAPE_LEN":319.99838211799999},"geometry":{"type":"MultiPolygon","coordinates":[[[[-58.169944809336513,-15.623177175866809],[-58.170081279065386,-15.623207063002859],[-58.170138424591322,-15.6229601101954],[-58.170162916814618,-15.622854270943199],[-58.170187408094094,-15.622748433501727],[-58.170244554310855,-15.622501476149594],[-58.170035668339132,-15.62245572819228],[-58.169880636628491,-15.622421774697981],[-58.169766911993811,-15.622396867868702],[-58.169653187382565,-15.622371960978546],[-58.16951671825818,-15.622342073531895],[-58.169487123668887,-15.622469961888383],[-58.169459570252961,-15.622589030759736],[-58.169435078617028,-15.622694869953559],[-58.1694105869597,-15.622800709145388],[-58.169382012866087,-15.622924188202473],[-58.169353440567797,-15.623047660015818],[-58.16948991015574,-15.623077548435592],[-58.169603635149009,-15.623102455383473],[-58.169717359232948,-15.623127362275429],[-58.169831084273035,-15.62315226910156],[-58.169944809336513,-15.623177175866809]]]]}},
{"type":"Feature","properties":{"OBJECTID":366,"QUADRA":"29","SETOR":"4","BAIRRO":"JD. RONDON","SHAPE_AREA":2145.1538515000002,"SHAPE_LEN":188.572558722},"geometry":{"type":"MultiPolygon","coordinates":[[[[-58.170021450180656,-15.635378145246184],[-58.170263152767284,-15.63541289475706],[-58.170281036356513,-15.635298246925609],[-58.170297578173773,-15.635180578155209],[-58.170316758507809,-15.635052825757306],[-58.170197633553563,-15.635035527713828],[-58.170076722190565,-15.635019034573347],[-58.169949972813114,-15.63498800148253],[-58.169828991763474,-15.634969086096765],[-58.169805229302305,-15.635106390112611],[-58.169816349991294,-15.635108310369144],[-58.169798059270462,-15.635207160014522],[-58.169775462062198,-15.635336123768434],[-58.170021450180656,-15.635378145246184]]]]}},
{"type":"Feature","properties":{"OBJECTID":24,"QUADRA":"57","SETOR":"2","BAIRRO":"JD. POPULAR","SHAPE_AREA":6390.5714532700003,"SHAPE_LEN":319.765204987},"geometry":{"type":"MultiPolygon","coordinates":[[[[-58.181521179720654,-15.635141024648339],[-58.181646188433895,-15.635168881270616],[-58.181677772996025,-15.635036796876919],[-58.181704093127102,-15.634926726548009],[-58.181730414166907,-15.634816656211758],[-58.181756734255096,-15.634706586782135],[-58.181783054314074,-15.634596516446331],[-58.181814638726223,-15.634464432038341],[-58.181559933183571,-15.634408433164866],[-58.181450771171782,-15.634384433955114],[-58.181396191104177,-15.634372433872198],[-58.181341611047188,-15.634360434679149],[-58.181211058083399,-15.634331731815777],[-58.181086901992316,-15.63430443525808],[-58.181055809953925,-15.634434458745631],[-58.181029489508973,-15.634544528117321],[-58.181016855352503,-15.634597361669801],[-58.181003169045148,-15.634654598390576],[-58.180976848557293,-15.634764668661555],[-58.180950527112621,-15.634874738935252],[-58.180918942093527,-15.635006823256669],[-58.181034476160633,-15.635032569101089],[-58.181173480768535,-15.635063544147686],[-58.181282569341754,-15.635087853004627],[-58.181391657009328,-15.635112162714361],[-58.181521179720654,-15.635141024648339]]]]}},
{"type":"Feature","properties":{"OBJECTID":519,"QUADRA":"6","SETOR":"4","BAIRRO":"JD. DA PAZ","SHAPE_AREA":813.38322344999995,"SHAPE_LEN":124.509325183},"geometry":{"type":"MultiPolygon","coordinates":[[[[-58.174020685103891,-15.631681025718621],[-58.173997212125464,-15.631830618922381],[-58.174089073788494,-15.631847802383049],[-58.174097548302676,-15.631793800023386],[-58.174204272347346,-15.631796774004377],[-58.174216682045639,-15.631717687911447],[-58.174234209705695,-15.631605984911038],[-58.174251737351042,-15.63149428190942],[-58.174055740626009,-15.631457620636871],[-58.174038212874876,-15.631569323630284],[-58.174020685103891,-15.631681025718621]]]]}},
{"type":"Feature","properties":{"OBJECTID":415,"QUADRA":"33","SETOR":"1","BAIRRO":"JD. ZEFERINO I","SHAPE_AREA":6399.9316046499998,"SHAPE_LEN":319.99842194000001},"geometry":{"type":"MultiPolygon","coordinates":[[[[-58.169271976323181,-15.622144651640456],[-58.169408222115393,-15.622175482314853],[-58.169467183807242,-15.621928930327826],[-58.169492454249905,-15.621823262339815],[-58.169517723747923,-15.621717596162416],[-58.169576686132956,-15.621471041437253],[-58.169440440796514,-15.621440210835312],[-58.169326903511759,-15.621414519049674],[-58.169213365313396,-15.621388826304388],[-58.169099828077151,-15.621363134397296],[-58.168986290865142,-15.621337442429464],[-58.168850045680045,-15.621306611448549],[-58.168791081521761,-15.621553167851175],[-58.168765811664244,-15.621658834874488],[-58.168740540851836,-15.621764501900635],[-58.168681579231674,-15.622011051939655],[-58.168817824872541,-15.622041882993036],[-58.168931362464349,-15.622067575021275],[-58.169044900085545,-15.622093267892639],[-58.169158438658599,-15.622118959794429],[-58.169271976323181,-15.622144651640456]]]]}},
{"type":"Feature","properties":{"OBJECTID":187,"QUADRA":"11","SETOR":"2","BAIRRO":"PACAEMBU","SHAPE_AREA":7169.14322197,"SHAPE_LEN":359.00017478299998},"geometry":{"type":"MultiPolygon","coordinates":[[[[-58.187680044213785,-15.632368635852071],[-58.187866599076585,-15.632367961207661],[-58.187864628560945,-15.632268551410418],[-58.187862657117989,-15.632169141617196],[-58.187860686613249,-15.632069731817893],[-58.187858769991891,-15.631973033439728],[-58.187856852442913,-15.631876335065643],[-58.187854935831872,-15.631779636685517],[-58.187853019225983,-15.631682938304429],[-58.187851101692502,-15.63158623992741],[-58.18784913121975,-15.631486830122064],[-58.187847160752447,-15.63138742031569],[-58.187845190290624,-15.631288010508287],[-58.187658636409509,-15.631288685970416],[-58.187565359464081,-15.631289023642013],[-58.18747208251542,-15.631289361273966],[-58.187285529535913,-15.631290035510006],[-58.187287499728107,-15.631389445341213],[-58.187289469925744,-15.631488855171369],[-58.187291440128853,-15.6315882650005],[-58.187293357400037,-15.63168496340066],[-58.187295273743622,-15.631781661804892],[-58.187297190092366,-15.631878360208161],[-58.18729910737904,-15.631975058605398],[-58.187301023738101,-15.63207175700671],[-58.187302993973169,-15.632171166829801],[-58.18730496514646,-15.632270576646812],[-58.187306935392442,-15.632369986467848],[-58.187493490275983,-15.632369311236729],[-58.187586766780122,-15.632368973566749],[-58.187680044213785,-15.632368635852071]]]]}},
{"type":"Feature","properties":{"OBJECTID":427,"QUADRA":"39","SETOR":"2","BAIRRO":"JD. POPULAR","SHAPE_AREA":6390.5696835500003,"SHAPE_LEN":319.76527961},"geometry":{"type":"MultiPolygon","coordinates":[[[[-58.181941572706279,-15.63347546781694],[-58.18204012503103,-15.63349742962742],[-58.182071709158969,-15.633365345192553],[-58.182098028928209,-15.633255274829322],[-58.182124348673419,-15.633145204463792],[-58.18215066932737,-15.633035134090953],[-58.182176989024541,-15.632925063720849],[-58.182208573002519,-15.6327929792717],[-58.182085044460152,-15.632765820852569],[-58.181953868559567,-15.632736981620646],[-58.181844708349409,-15.632712982540234],[-58.181735548160873,-15.632688983403687],[-58.181606569049855,-15.632660626561318],[-58.18148084206603,-15.632632984291181],[-58.181449750449914,-15.6327630069154],[-58.181423430371986,-15.632873077225286],[-58.181397109337261,-15.6329831475379],[-58.181370789211265,-15.633093217843189],[-58.181344469061244,-15.633203288146207],[-58.181312884476384,-15.633335372508805],[-58.181567421126402,-15.63339209308643],[-58.181676507898977,-15.633416401814081],[-58.18178559562628,-15.63344071048062],[-58.181941572706279,-15.63347546781694]]]]}},
{"type":"Feature","properties":{"OBJECTID":385,"QUADRA":"3","SETOR":"1","BAIRRO":"NUCLEO URBANO","SHAPE_AREA":7200.1185197499999,"SHAPE_LEN":340.00595722499997},"geometry":{"type":"MultiPolygon","coordinates":[[[[-58.181496101368495,-15.626728440550803],[-58.181745947030564,-15.626784960749116],[-58.181840633297703,-15.626388691576159],[-58.181872212138039,-15.626256607178119],[-58.181935371575243,-15.625992437458228],[-58.181799121919333,-15.625961615778973],[-58.181685581030663,-15.625935930675611],[-58.1815720392283,-15.62591024461263],[-58.181458498388054,-15.625884559387702],[-58.1813449566393,-15.625858874107056],[-58.181208708062016,-15.625828051139679],[-58.181177127902004,-15.625960135477177],[-58.181145547712603,-15.626092220715263],[-58.181113967488592,-15.626224305950057],[-58.181088659915872,-15.626330154065597],[-58.181019225671186,-15.626620560735757],[-58.181155476627062,-15.626651383774281],[-58.181244681129236,-15.626671563355467],[-58.181314434562495,-15.626687343431698],[-58.181382560071249,-15.626702754415151],[-58.18143887633461,-15.626715494631497],[-58.181496101368495,-15.626728440550803]]]]}},
{"type":"Feature","properties":{"OBJECTID":558,"QUADRA":"7","SETOR":"3","BAIRRO":"JD. SANTA ROSA II","SHAPE_AREA":5256.4810371599997,"SHAPE_LEN":312.02532678599999},"geometry":{"type":"MultiPolygon","coordinates":[[[[-58.182225933881924,-15.621551174909232],[-58.182194041030002,-15.621683188730223],[-58.182448429325298,-15.621740471371622],[-58.182557453449647,-15.621765020849731],[-58.182666476663485,-15.621789570276846],[-58.182780042652922,-15.621815142800207],[-58.182843609817077,-15.621552013789708],[-58.182970446138334,-15.621577470428276],[-58.183000537525878,-15.621458980544514],[-58.182872302412051,-15.621433243109351],[-58.182901732032803,-15.621311415961374],[-58.182890542793928,-15.621308972429896],[-58.182889093880831,-15.621167636320669],[-58.182888116532219,-15.62109694703032],[-58.182836568005435,-15.621085492968225],[-58.182727469514198,-15.621061253143329],[-58.18261852232915,-15.621036394175071],[-58.182364136755155,-15.620979112564125],[-58.182332244059907,-15.621111127303529],[-58.182305666781112,-15.621221138529293],[-58.182279089483238,-15.621331150656598],[-58.182252511228356,-15.621441162786599],[-58.182225933881924,-15.621551174909232]]]]}},
{"type":"Feature","properties":{"OBJECTID":588,"QUADRA":"9","SETOR":"2","BAIRRO":"JARDIM PERUCHI","SHAPE_AREA":4919.9919543100004,"SHAPE_LEN":283.99998068999997},"geometry":{"type":"MultiPolygon","coordinates":[[[[-58.185963889422879,-15.636665673136626],[-58.185967062461714,-15.636810262666609],[-58.186246846947839,-15.636804896330078],[-58.186376025589688,-15.636802418765978],[-58.186526632325752,-15.636799529632526],[-58.186523458890093,-15.636654939233892],[-58.186520979803554,-15.636541979027728],[-58.186518500719131,-15.636429017916344],[-58.186516021641992,-15.636316056803597],[-58.18651354257738,-15.636203096593379],[-58.186510369191048,-15.636058506185597],[-58.186230585754636,-15.636063873691693],[-58.186090993884434,-15.636066551170252],[-58.18595080133926,-15.636069239943005],[-58.185953974333977,-15.636213830386014],[-58.185956453092643,-15.636326790623757],[-58.185958931863837,-15.636439751764028],[-58.185961410637105,-15.636552711999064],[-58.185963889422879,-15.636665673136626]]]]}},
{"type":"Feature","properties":{"OBJECTID":17,"QUADRA":"17/25","SETOR":"1","BAIRRO":"JD. SANTA MARIA","SHAPE_AREA":319.35683959,"SHAPE_LEN":81.633219238500004},"geometry":{"type":"MultiPolygon","coordinates":[[[[-58.178400725968977,-15.630128132222911],[-58.178526080102834,-15.630149783677854],[-58.17854217610406,-15.630062181815621],[-58.178269312078982,-15.630001852501543],[-58.17824570231501,-15.630100863142843],[-58.178400725968977,-15.630128132222911]]]]}},
{"type":"Feature","properties":{"OBJECTID":196,"QUADRA":"11","SETOR":"4","BAIRRO":"JD. VISTA ALEGRE","SHAPE_AREA":4478.73935635,"SHAPE_LEN":271.889326348},"geometry":{"type":"MultiPolygon","coordinates":[[[[-58.169149935167148,-15.618725273046604],[-58.169286178649209,-15.618756103962269],[-58.169345139820074,-15.618509553797765],[-58.169403280918488,-15.618263154422182],[-58.169402794285745,-15.618262705962383],[-58.169267857696923,-15.618232170948941],[-58.169154321290556,-15.618206478949087],[-58.169040785841148,-15.618180786883572],[-58.168927249488398,-15.61815509566617],[-58.168813714087484,-15.618129403479202],[-58.168677471075696,-15.61809857223535],[-58.168647991052623,-15.618221843636722],[-58.168618509174934,-15.618345122276192],[-58.1685595471535,-15.618591672305454],[-58.168695790484243,-15.618622503600035],[-58.168809327083665,-15.618648195824308],[-58.168922862774636,-15.618673887992816],[-58.169036399427682,-15.618699580999529],[-58.169149935167148,-15.618725273046604]]]]}},
{"type":"Feature","properties":{"OBJECTID":450,"QUADRA":"4","SETOR":"3","BAIRRO":"RESIDENCIAL  ARANTES","SHAPE_AREA":4239.8501074300002,"SHAPE_LEN":266.090942138},"geometry":{"type":"MultiPolygon","coordinates":[[[[-58.184612826111866,-15.622035849537877],[-58.184739038088651,-15.622064090712486],[-58.18479418501348,-15.621830875419096],[-58.184819723184944,-15.621722869930483],[-58.184849330894089,-15.621597659216826],[-58.184721456769388,-15.621569045608776],[-58.184603309732303,-15.621542609372618],[-58.184485164586519,-15.621516173060638],[-58.184367017590766,-15.621489734885184],[-58.184248871563987,-15.621463298446706],[-58.184121637333263,-15.621434827458991],[-58.184066565290799,-15.621667723150399],[-58.18403867296351,-15.621784259688942],[-58.184010704093417,-15.621901115716597],[-58.184138577426772,-15.621929729735518],[-58.184256723715592,-15.621956166214707],[-58.184374870968192,-15.621982603526972],[-58.184493018241447,-15.622009039869596],[-58.184612826111866,-15.622035849537877]]]]}},
{"type":"Feature","properties":{"OBJECTID":542,"QUADRA":"60","SETOR":"4","BAIRRO":"JD. ALVORADA","SHAPE_AREA":1767.4583334500001,"SHAPE_LEN":202.59996554899999},"geometry":{"type":"MultiPolygon","coordinates":[[[[-58.166488433052812,-15.623488973783457],[-58.166695450415055,-15.623537712513309],[-58.166732637047161,-15.623041876845422],[-58.166748499215394,-15.622830380354531],[-58.166541482566927,-15.62278164162395],[-58.166525620185269,-15.622993138115056],[-58.166488433052812,-15.623488973783457]]]]}},
{"type":"Feature","properties":{"OBJECTID":439,"QUADRA":"4","SETOR":"2","BAIRRO":"JD. POPULAR","SHAPE_AREA":6401.5740631,"SHAPE_LEN":319.998941833},"geometry":{"type":"MultiPolygon","coordinates":[[[[-58.183181103981326,-15.6280503846882],[-58.183317354252274,-15.628081205398528],[-58.183376301136654,-15.6278346517336],[-58.183401563898435,-15.62772898264627],[-58.183427571037356,-15.627623483996462],[-58.183485774215896,-15.627376757153945],[-58.183349523463171,-15.627345935616884],[-58.183235980732114,-15.627320251390264],[-58.183122438957994,-15.627294567097827],[-58.183008896270145,-15.627268881845762],[-58.182895354544449,-15.627243197431783],[-58.182759103942807,-15.627212375515443],[-58.182700155529055,-15.627458934495358],[-58.182674892424465,-15.627564603527087],[-58.182649629292548,-15.627670271652832],[-58.182590682479017,-15.627916823370354],[-58.182726933536827,-15.627947645358804],[-58.182840475647858,-15.627973330736776],[-58.182954018710653,-15.627999015145063],[-58.183067560864913,-15.628024699497608],[-58.183181103981326,-15.6280503846882]]]]}},
{"type":"Feature","properties":{"OBJECTID":289,"QUADRA":"2","SETOR":"2","BAIRRO":"JARDIM PERUCHI","SHAPE_AREA":4919.9946655599997,"SHAPE_LEN":283.99995759000001},"geometry":{"type":"MultiPolygon","coordinates":[[[[-58.18923842277988,-15.637529687006356],[-58.18923984592687,-15.637630912898898],[-58.18951966551117,-15.637627618395584],[-58.189799485987606,-15.63762432262687],[-58.18979806256602,-15.637523096757079],[-58.189796639144305,-15.637421869982379],[-58.189795216665679,-15.637320644105488],[-58.189793793259369,-15.637219418232622],[-58.189792369852924,-15.63711819145486],[-58.189789066446252,-15.636883202552026],[-58.189677139217487,-15.636884520142857],[-58.189565211055516,-15.636885838585606],[-58.189453283815418,-15.636887156062382],[-58.1893413556421,-15.636888474391068],[-58.189229428390675,-15.636889791753774],[-58.189232731165141,-15.637124781613252],[-58.189234154291775,-15.637226007509854],[-58.189235577428732,-15.637327234309319],[-58.189236999632762,-15.637428460208943],[-58.18923842277988,-15.637529687006356]]]]}},
{"type":"Feature","properties":{"OBJECTID":399,"QUADRA":"3","SETOR":"3","BAIRRO":"JD. PLACIDO DAS FLORES","SHAPE_AREA":1146.7753685499999,"SHAPE_LEN":150.154680789},"geometry":{"type":"MultiPolygon","coordinates":[[[[-58.179443525247045,-15.615697742586235],[-58.179917159534504,-15.615798933492155],[-58.179945625017361,-15.615666185359567],[-58.179498768835174,-15.615440123081981],[-58.179443525247045,-15.615697742586235]]]]}},
{"type":"Feature","properties":{"OBJECTID":603,"QUADRA":"9","SETOR":"4","BAIRRO":"JD. VISTA ALEGRE","SHAPE_AREA":1914.6210052500001,"SHAPE_LEN":181.178956425},"geometry":{"type":"MultiPolygon","coordinates":[[[[-58.170549630385587,-15.619020866800776],[-58.170652357967413,-15.619044111836018],[-58.170668611374872,-15.618787894013174],[-58.170684863827269,-15.618531675287139],[-58.170552526069919,-15.618501729235614],[-58.170416283559447,-15.618470899101704],[-58.170358066202176,-15.618717621770926],[-58.170299849663806,-15.618964345327768],[-58.170436093421209,-15.618995174602547],[-58.170549630385587,-15.619020866800776]]]]}},
{"type":"Feature","properties":{"OBJECTID":379,"QUADRA":"3","SETOR":"2","BAIRRO":"JD. POPULAR","SHAPE_AREA":4159.9602262,"SHAPE_LEN":263.998294735},"geometry":{"type":"MultiPolygon","coordinates":[[[[-58.183798245722365,-15.628188528557949],[-58.183934497067391,-15.628219346155223],[-58.183960988375169,-15.628108540727476],[-58.183993442300739,-15.627972793284881],[-58.184018704757641,-15.627867125052443],[-58.18404396719761,-15.627761457721785],[-58.184102914036373,-15.627514898492937],[-58.183903079193271,-15.627469693943537],[-58.183766829272727,-15.627438873573322],[-58.183698704325508,-15.627423463355392],[-58.18363057844909,-15.62740805221674],[-58.183571631056822,-15.627654611358087],[-58.183546368384825,-15.627760279555142],[-58.183521104757965,-15.627865947755122],[-58.183503949902097,-15.627937701953849],[-58.183462159903854,-15.628112500532943],[-58.18359841025093,-15.628143321966663],[-58.183698327518684,-15.628165926644181],[-58.183798245722365,-15.628188528557949]]]]}},
{"type":"Feature","properties":{"OBJECTID":288,"QUADRA":"19","SETOR":"1","BAIRRO":"JD. DAS OLIVEIRAS II","SHAPE_AREA":2752.8760032300002,"SHAPE_LEN":209.880009699},"geometry":{"type":"MultiPolygon","coordinates":[[[[-58.185106202723269,-15.622146935933449],[-58.185342495777114,-15.622199812268086],[-58.185372087418791,-15.622076559452406],[-58.185405200697367,-15.621938639818877],[-58.185427043910025,-15.621847661225784],[-58.185454394571416,-15.621733740678652],[-58.185360486108834,-15.62171272666752],[-58.185218102040963,-15.621680864427171],[-58.184981809619131,-15.621627988816494],[-58.184954458701888,-15.621741909322978],[-58.184926980212268,-15.621856358396695],[-58.184899501696563,-15.621970807467918],[-58.184869909778072,-15.622094060239597],[-58.185106202723269,-15.622146935933449]]]]}},
{"type":"Feature","properties":{"OBJECTID":181,"QUADRA":"10","SETOR":"4","BAIRRO":"JD. VISTA ALEGRE","SHAPE_AREA":4478.7319723299997,"SHAPE_LEN":271.88911061699997},"geometry":{"type":"MultiPolygon","coordinates":[[[[-58.17001946758014,-15.618916991391448],[-58.170155710348944,-15.618947821754269],[-58.170189401628029,-15.618806938568007],[-58.170214670500911,-15.618701271427955],[-58.170272810580585,-15.618454871893828],[-58.170272324878319,-15.618454423431155],[-58.170137387144585,-15.618423889879029],[-58.170023851488068,-15.618398198339049],[-58.169910314923087,-15.618372506743333],[-58.169796779315057,-15.618346815081907],[-58.16968324279857,-15.618321123364748],[-58.169546999572468,-15.618290293582559],[-58.169488039618123,-15.618536842876397],[-58.169429078615536,-15.618783393067506],[-58.169565322165752,-15.618814223804282],[-58.169678858015352,-15.618839915568669],[-58.16979239482702,-15.618865608171253],[-58.169905930725108,-15.618891299814191],[-58.17001946758014,-15.618916991391448]]]]}},
{"type":"Feature","properties":{"OBJECTID":358,"QUADRA":"27","SETOR":"4","BAIRRO":"JD. RONDON","SHAPE_AREA":6495.998591,"SHAPE_LEN":322.594705202},"geometry":{"type":"MultiPolygon","coordinates":[[[[-58.169066179135932,-15.63413299585666],[-58.169047539827346,-15.634247729016179],[-58.169040580206875,-15.634245931168019],[-58.169021142559693,-15.634366281859354],[-58.169003544115832,-15.634477050344421],[-58.168988248044386,-15.63458917146261],[-58.168970780864029,-15.634728005641321],[-58.169229522826093,-15.634764012376291],[-58.169343326925329,-15.634780670431789],[-58.169454991466765,-15.634795080059467],[-58.169550393423933,-15.634808835129373],[-58.169713543743754,-15.634833798951918],[-58.169730542400444,-15.634707820837393],[-58.169751825194709,-15.634590506446688],[-58.169771965129897,-15.634475629665038],[-58.169792794790844,-15.634360658812863],[-58.169809205597147,-15.634242873247235],[-58.169827819265322,-15.634117130568857],[-58.169698764213244,-15.634098845673476],[-58.169568152670202,-15.634080785937282],[-58.16945680600827,-15.634064792806008],[-58.169346603987513,-15.634045033251589],[-58.169218235360006,-15.634026057437396],[-58.169086764959296,-15.634007866399815],[-58.169066179135932,-15.63413299585666]]]]}},
{"type":"Feature","properties":{"OBJECTID":431,"QUADRA":"4","SETOR":"2","BAIRRO":"JD. PLANALTO","SHAPE_AREA":1828.1436816400001,"SHAPE_LEN":172.81997442599999},"geometry":{"type":"MultiPolygon","coordinates":[[[[-58.188893202430208,-15.634158404796279],[-58.189004296770229,-15.634158002446],[-58.189004665869426,-15.633932029834648],[-58.189004842932,-15.63382356308867],[-58.188777152140439,-15.633824388487062],[-58.188543956995844,-15.633825234432065],[-58.188543779685368,-15.633933700290678],[-58.188543410080499,-15.634159672936425],[-58.188660007844675,-15.634159249982019],[-58.188776605608972,-15.634158827869541],[-58.188893202430208,-15.634158404796279]]]]}},
{"type":"Feature","properties":{"OBJECTID":515,"QUADRA":"56","SETOR":"4","BAIRRO":"JD. ZEFERINO  II","SHAPE_AREA":6383.554081,"SHAPE_LEN":320.00001288599998},"geometry":{"type":"MultiPolygon","coordinates":[[[[-58.17225081146519,-15.633082346270687],[-58.172387201580648,-15.633112601633883],[-58.17242709279418,-15.632862480250061],[-58.172444190073016,-15.632755285621959],[-58.172461286405266,-15.632648090997684],[-58.172475533026471,-15.632558761994273],[-58.172501177479106,-15.63239796960239],[-58.172364788765783,-15.632367714271821],[-58.172251130287108,-15.632342501436037],[-58.172137472764959,-15.632317288534407],[-58.172023814333777,-15.632292075576903],[-58.17191015685912,-15.632266862553546],[-58.171773767361216,-15.632236606848185],[-58.171748122340226,-15.632397398291051],[-58.171733875406112,-15.632486727269379],[-58.171716777765624,-15.63259392186853],[-58.171699681044068,-15.632701116461556],[-58.171659788021621,-15.632951237780132],[-58.171796177988874,-15.632981493523127],[-58.171909836787435,-15.633006706572854],[-58.172023494682115,-15.633031920470575],[-58.172137152595404,-15.633057133403559],[-58.17225081146519,-15.633082346270687]]]]}},
{"type":"Feature","properties":{"OBJECTID":312,"QUADRA":"2","SETOR":"3","BAIRRO":"JD. SANTA ROSA II","SHAPE_AREA":6390.5710143099996,"SHAPE_LEN":319.76522608300002},"geometry":{"type":"MultiPolygon","coordinates":[[[[-58.182422072693235,-15.623313344441293],[-58.182558320638769,-15.623344166759718],[-58.182616522199872,-15.623097443690996],[-58.182641466477328,-15.622991703159233],[-58.182666410743387,-15.622885964433156],[-58.182695511887125,-15.62276260153147],[-58.182724612996012,-15.622639237723099],[-58.182590492141479,-15.622608896647904],[-58.182476952129718,-15.622583211830262],[-58.182363413069702,-15.622557526042945],[-58.182249873106358,-15.622531841103775],[-58.18213633409993,-15.622506156098803],[-58.18200008676142,-15.622475333473348],[-58.18194113929421,-15.622721892317326],[-58.18191587525763,-15.622827560394111],[-58.181890612131625,-15.622933228463749],[-58.181831665337164,-15.623179780954239],[-58.18219499286662,-15.623261974620018],[-58.182308532301469,-15.62328765956355],[-58.182422072693235,-15.623313344441293]]]]}},
{"type":"Feature","properties":{"OBJECTID":127,"QUADRA":null,"SETOR":"1","BAIRRO":"JD. ZEFERINO I","SHAPE_AREA":17141.056458399999,"SHAPE_LEN":542.33022485499998},"geometry":{"type":"MultiPolygon","coordinates":[[[[-58.169758003962109,-15.621366597502726],[-58.171347533921029,-15.621726277413556],[-58.171524993184917,-15.620929306614483],[-58.171509031482458,-15.620821033763628],[-58.169952273038682,-15.620528599003745],[-58.169758003962109,-15.621366597502726]]]]}},
{"type":"Feature","properties":{"OBJECTID":302,"QUADRA":"2","SETOR":"1","BAIRRO":"JD. DAS OLIVEIRAS","SHAPE_AREA":4679.99691652,"SHAPE_LEN":284.00005439400002},"geometry":{"type":"MultiPolygon","coordinates":[[[[-58.18408621392895,-15.627300975286623],[-58.184154555524401,-15.627315457712397],[-58.184190150570892,-15.627156455682275],[-58.18421388026352,-15.627050454026906],[-58.184228712125169,-15.626984202647991],[-58.184243543051217,-15.62691795217725],[-58.184273204874039,-15.626785450329708],[-58.184332529355935,-15.626520446620804],[-58.184195846691978,-15.626491481821253],[-58.18409561250683,-15.626470240311157],[-58.183858694827649,-15.626420034646353],[-58.183823099606649,-15.626579036642049],[-58.183799369746211,-15.626685038269782],[-58.183769707623647,-15.626817540074574],[-58.183740044536172,-15.626950041881486],[-58.183680719197497,-15.627215045481487],[-58.183817403233007,-15.627244010566782],[-58.183917637781185,-15.627265252178395],[-58.184017872341606,-15.627286492838875],[-58.18408621392895,-15.627300975286623]]]]}},
{"type":"Feature","properties":{"OBJECTID":393,"QUADRA":"3","SETOR":"3","BAIRRO":"RESIDENCIAL SOLARES","SHAPE_AREA":8199.9961101499994,"SHAPE_LEN":363.99993768600001},"geometry":{"type":"MultiPolygon","coordinates":[[[[-58.187546923945625,-15.621879730395673],[-58.187553372529628,-15.622132742950013],[-58.187683918574436,-15.622129766985173],[-58.18779581584441,-15.622127216351213],[-58.187907712169462,-15.622124664761573],[-58.188019609420238,-15.622122113110017],[-58.188131506669237,-15.622119562305475],[-58.188243396845749,-15.622116756581033],[-58.188355287942514,-15.622113949890814],[-58.188485826623037,-15.622110677009246],[-58.188482601287241,-15.621984170336813],[-58.188479376899082,-15.621857664561457],[-58.188476382765693,-15.621740194782568],[-58.188473388640688,-15.621622725002201],[-58.188466938058966,-15.621369712545986],[-58.18833639984571,-15.621372985383886],[-58.188224510082215,-15.621375792031602],[-58.188112619373506,-15.621378597723659],[-58.188000723457868,-15.621381148485698],[-58.18788882660774,-15.621383700099805],[-58.187776929745418,-15.621386250753186],[-58.187720981777979,-15.621387526056019],[-58.187665032881299,-15.621388802253568],[-58.187534487303893,-15.621391778174724],[-58.187537711084637,-15.621518284010097],[-58.187540935807796,-15.621644789838662],[-58.187543929408776,-15.621762260572394],[-58.187546923945625,-15.621879730395673]]]]}},
{"type":"Feature","properties":{"OBJECTID":250,"QUADRA":"15","SETOR":"4","BAIRRO":"JD. ARATAKA","SHAPE_AREA":4863.4357913699996,"SHAPE_LEN":386.10119630999998},"geometry":{"type":"MultiPolygon","coordinates":[[[[-58.173584910539603,-15.61689502170197],[-58.173567589873763,-15.616981907690693],[-58.173550037474499,-15.616978901086803],[-58.173529433770206,-15.617067458773946],[-58.173539324576005,-15.617071419274062],[-58.173506455278506,-15.617184529427082],[-58.173492597174267,-15.617247048288252],[-58.173891290958359,-15.617330045648327],[-58.173894038153165,-15.617290446044937],[-58.173902296071823,-15.617171403995098],[-58.173909502971597,-15.617051244907234],[-58.173914915961909,-15.616958402520931],[-58.1739218427387,-15.61686768526828],[-58.173927010561748,-15.616772738081862],[-58.173931548741791,-15.616676962663959],[-58.173936764057295,-15.616583804963701],[-58.173943765110685,-15.616471727924646],[-58.173956034957925,-15.61636109609071],[-58.173959751453317,-15.616268443551562],[-58.173964724552675,-15.616176977454902],[-58.173970249756103,-15.616084188697917],[-58.173977857309019,-15.615995094838162],[-58.173993031121363,-15.615876836555785],[-58.1738228312391,-15.615839746013249],[-58.173795698290427,-15.615956097690542],[-58.173775335103592,-15.616044274467749],[-58.173754415078257,-15.616131306254344],[-58.173734386587441,-15.616220936534459],[-58.173714337370363,-15.616310205360007],[-58.173692233626674,-15.616420338364582],[-58.1736663957454,-15.616528267707237],[-58.173645314938391,-15.616618201895641],[-58.173620817644604,-15.616709302307623],[-58.173602188021597,-15.616807105485764],[-58.173584910539603,-15.61689502170197]]]]}},
{"type":"Feature","properties":{"OBJECTID":426,"QUADRA":"38","SETOR":"1","BAIRRO":"JD. ZEFERINO I","SHAPE_AREA":6399.9350202100004,"SHAPE_LEN":319.99861644800001},"geometry":{"type":"MultiPolygon","coordinates":[[[[-58.168407449241776,-15.621945610002655],[-58.168543694810069,-15.621976441232158],[-58.168602657513475,-15.621729889406081],[-58.168627928394777,-15.621624222390937],[-58.168653198326311,-15.621518556282501],[-58.168712161717764,-15.62127200081439],[-58.168575916605221,-15.621241169657365],[-58.168462378574333,-15.62121547741412],[-58.168348841495295,-15.621189784201295],[-58.168235303512901,-15.62116409183659],[-58.168121766487502,-15.621138399406199],[-58.167985521526333,-15.621107567870201],[-58.167926557289256,-15.621354124106878],[-58.167901286065515,-15.621459791066162],[-58.167876015752327,-15.621565458018356],[-58.167817052187942,-15.621812007901344],[-58.167953297604861,-15.621842839509839],[-58.168066835010059,-15.621868532000644],[-58.168180373372245,-15.621894224425768],[-58.168293910831082,-15.621919917698994],[-58.168407449241776,-15.621945610002655]]]]}},
{"type":"Feature","properties":{"OBJECTID":79,"QUADRA":"D","SETOR":"4","BAIRRO":"JD. AMERICA","SHAPE_AREA":1446.3868018400001,"SHAPE_LEN":196.15998943},"geometry":{"type":"MultiPolygon","coordinates":[[[[-58.171524714126853,-15.620101769375554],[-58.171689366697144,-15.620137082371034],[-58.171720979091127,-15.619995740983478],[-58.171752591448517,-15.619854399592562],[-58.171784203764169,-15.619713057294422],[-58.171815816048372,-15.619571715896789],[-58.171847428295969,-15.619430374495826],[-58.171682775347904,-15.619395061584767],[-58.171651162989313,-15.619536402969842],[-58.171619550599274,-15.619677745255471],[-58.171587938167498,-15.619819086633845],[-58.171556325699122,-15.619960428008865],[-58.171524714126853,-15.620101769375554]]]]}},
{"type":"Feature","properties":{"OBJECTID":321,"QUADRA":"2","SETOR":"3","BAIRRO":"JD. ITALIA","SHAPE_AREA":9985.4886586199991,"SHAPE_LEN":451.52002061000002},"geometry":{"type":"MultiPolygon","coordinates":[[[[-58.174617185455823,-15.615886891250939],[-58.174721307202383,-15.61590949335981],[-58.174781686588823,-15.615641196429271],[-58.174811359061032,-15.615509344396642],[-58.174841309866714,-15.61537625522751],[-58.174714434523139,-15.615348714785739],[-58.174600665203371,-15.615324018374389],[-58.174486895911912,-15.615299322806015],[-58.174373127571137,-15.615274626267906],[-58.174259358325962,-15.61524993057777],[-58.174145589098799,-15.61522523392288],[-58.174031819894779,-15.615200537207091],[-58.173918050719038,-15.615175841334313],[-58.17380428156131,-15.61515114449676],[-58.173690512431875,-15.61512644850221],[-58.17357674332046,-15.615101751542904],[-58.17346297423731,-15.615077055426589],[-58.173336099201336,-15.615049513258352],[-58.173276474023176,-15.615314454185691],[-58.173240698109012,-15.615473418921125],[-58.173216092712366,-15.615582750838289],[-58.173342968070713,-15.615610293053095],[-58.173433983565602,-15.615630049803643],[-58.173524999080449,-15.615649807419114],[-58.173616014610111,-15.615669564995626],[-58.173707030149437,-15.61568932162927],[-58.173798045708743,-15.615709079127839],[-58.173889061277713,-15.615728835683562],[-58.173980076866634,-15.615748593104202],[-58.174071091537684,-15.61576835049086],[-58.174162107151091,-15.615788106929687],[-58.174253122784464,-15.615807864233428],[-58.174344138432659,-15.615827621498202],[-58.174435154090517,-15.615847377820121],[-58.174526169768328,-15.615867135006949],[-58.174617185455823,-15.615886891250939]]]]}},
{"type":"Feature","properties":{"OBJECTID":51,"QUADRA":"7/8","SETOR":"3","BAIRRO":"JD. SANTA ROSA II","SHAPE_AREA":412.18749881000002,"SHAPE_LEN":87.558765192500005},"geometry":{"type":"MultiPolygon","coordinates":[[[[-58.182903051873318,-15.621842840986307],[-58.182970446138334,-15.621577470428276],[-58.182843609817077,-15.621552013789708],[-58.182780042652922,-15.621815142800207],[-58.182903051873318,-15.621842840986307]]]]}},
{"type":"Feature","properties":{"OBJECTID":531,"QUADRA":"6","SETOR":"2","BAIRRO":"JD. SAO JOSE","SHAPE_AREA":3023.9127852699999,"SHAPE_LEN":240.00014493},"geometry":{"type":"MultiPolygon","coordinates":[[[[-58.190403748242062,-15.623637290795243],[-58.190407262014745,-15.623799954673169],[-58.190519180454736,-15.623798512474233],[-58.190631099821651,-15.623797070213289],[-58.19074301824481,-15.62379562699652],[-58.190854937600115,-15.623794184621616],[-58.190966856016885,-15.623792742194805],[-58.191078775360573,-15.623791299705955],[-58.191190694698463,-15.623789857160141],[-58.191187179371141,-15.623627192438928],[-58.191183665924349,-15.62346452770478],[-58.191071746762681,-15.623465970234733],[-58.190959828527895,-15.623467412702658],[-58.190847909359825,-15.623468856022534],[-58.190735991113442,-15.623470298376519],[-58.190624071928525,-15.623471740678578],[-58.190512154603262,-15.623473182913562],[-58.190400235406742,-15.623474625101691],[-58.190403748242062,-15.623637290795243]]]]}},
{"type":"Feature","properties":{"OBJECTID":70,"QUADRA":"88","SETOR":"2","BAIRRO":"JD. POPULAR","SHAPE_AREA":4159.3331172899998,"SHAPE_LEN":268.15673831700002},"geometry":{"type":"MultiPolygon","coordinates":[[[[-58.183408026068633,-15.638751273325761],[-58.183365665807344,-15.638932302852128],[-58.183512241796265,-15.638919046142165],[-58.183634411314294,-15.638907895189368],[-58.183756559874197,-15.638896833769037],[-58.183878710276403,-15.638885771367615],[-58.18400085879491,-15.638874708909118],[-58.184147455615786,-15.638861363084333],[-58.184227549593608,-15.638519070984268],[-58.184091143711647,-15.638488869525045],[-58.183977472638382,-15.638463702024769],[-58.183863801588799,-15.638438534463576],[-58.18375012962489,-15.638413365942634],[-58.183636458617443,-15.638388197355747],[-58.183500052888391,-15.638357996420284],[-58.183469785509395,-15.638487344998246],[-58.18344229590727,-15.638604820249645],[-58.183408026068633,-15.638751273325761]]]]}},
{"type":"Feature","properties":{"OBJECTID":202,"QUADRA":"12","SETOR":"1","BAIRRO":"JD. SANTA MARIA","SHAPE_AREA":6402.11418925,"SHAPE_LEN":320.00276605300002},"geometry":{"type":"MultiPolygon","coordinates":[[[[-58.176424809612712,-15.62986688284386],[-58.176365854791101,-15.630113433398511],[-58.176502106678953,-15.630144259211043],[-58.17661564948169,-15.630169947775727],[-58.176729193236262,-15.630195635370747],[-58.176842736082321,-15.63022132290998],[-58.176956279890533,-15.630247011287318],[-58.177092531924472,-15.630277835816694],[-58.177151485879115,-15.63003128241539],[-58.177151521370376,-15.630031290360154],[-58.177177142487082,-15.629925703026428],[-58.177202763586436,-15.6298201165944],[-58.177260973835743,-15.629573390898418],[-58.177124722252785,-15.629542565537465],[-58.177011178829858,-15.62951687812426],[-58.176933970470465,-15.629499410244659],[-58.176897636363933,-15.629491190645282],[-58.176865844252724,-15.629483997924542],[-58.17678409298432,-15.629465502206655],[-58.176702342666403,-15.629447007356124],[-58.176670550566868,-15.62943981460611],[-58.176534299135163,-15.629408988865904],[-58.176475343646132,-15.629655546678046],[-58.176450076176693,-15.629761215216437],[-58.176424809612712,-15.62986688284386]]]]}},
{"type":"Feature","properties":{"OBJECTID":78,"QUADRA":"C","SETOR":"4","BAIRRO":"JD. AMERICA","SHAPE_AREA":3327.96717855,"SHAPE_LEN":243.20007507700001},"geometry":{"type":"MultiPolygon","coordinates":[[[[-58.172009106094102,-15.620208914242367],[-58.1721985300303,-15.620249539759156],[-58.172230142081403,-15.620108198322468],[-58.172261754095906,-15.61996685688243],[-58.172293366068693,-15.619825514535165],[-58.172324978010003,-15.619684173088434],[-58.172356589914735,-15.619542831638341],[-58.172167166622124,-15.619502207116826],[-58.171977742454935,-15.619461581527654],[-58.171946130299979,-15.619602923845088],[-58.171914518103293,-15.619744265255278],[-58.171882905870007,-15.619885606662105],[-58.171851293600128,-15.620026948065588],[-58.171819681293641,-15.620168289465708],[-58.172009106094102,-15.620208914242367]]]]}},
{"type":"Feature","properties":{"OBJECTID":516,"QUADRA":"6","SETOR":"2","BAIRRO":"JARDIM SAO FRANCISCO","SHAPE_AREA":4099.9967916699998,"SHAPE_LEN":264.000027757},"geometry":{"type":"MultiPolygon","coordinates":[[[[-58.188759761182681,-15.636660292961476],[-58.188761157770401,-15.636759712120144],[-58.188994340591933,-15.636756966695746],[-58.189227523388858,-15.636754221023823],[-58.189226125648844,-15.636654802792686],[-58.189224855655432,-15.636564422002834],[-58.189223584733284,-15.636474041217243],[-58.18922231474798,-15.636383660425773],[-58.189221043839154,-15.636293280542422],[-58.189219773861964,-15.636202899749343],[-58.189218503888831,-15.636112518955432],[-58.189217106180493,-15.636013100717951],[-58.188983924215954,-15.636015845416701],[-58.188750743164817,-15.636018590766756],[-58.188752139715668,-15.636118009027877],[-58.188753410417284,-15.636208389833632],[-58.188754680190179,-15.636298770643631],[-58.188755950899932,-15.636389151447746],[-58.188757220680934,-15.636479532256125],[-58.188758490460785,-15.6365699121598],[-58.188759761182681,-15.636660292961476]]]]}},
{"type":"Feature","properties":{"OBJECTID":489,"QUADRA":"5","SETOR":"1","BAIRRO":"JD. DAS OLIVEIRAS II","SHAPE_AREA":753.28822742499995,"SHAPE_LEN":173.91381696799999},"geometry":{"type":"MultiPolygon","coordinates":[[[[-58.186425180195933,-15.625967567049939],[-58.186606029826436,-15.62600847451178],[-58.186582461731795,-15.625300790613732],[-58.186425180195933,-15.625967567049939]]]]}},
{"type":"Feature","properties":{"OBJECTID":258,"QUADRA":"16","SETOR":"2","BAIRRO":"JARDIM BELA VISTA","SHAPE_AREA":6149.9926134899997,"SHAPE_LEN":314.00005231300003},"geometry":{"type":"MultiPolygon","coordinates":[[[[-58.188660891142099,-15.622855619917994],[-58.188663782741884,-15.622974366544382],[-58.188780346145037,-15.622971833499776],[-58.188896908608001,-15.622969300398509],[-58.189013471058296,-15.622966766331647],[-58.189130033506352,-15.622964233106966],[-58.189246596874469,-15.622961698911624],[-58.189363159307618,-15.622959165563504],[-58.189359905664944,-15.622825591469566],[-58.189356775623388,-15.622697110208355],[-58.189354134338892,-15.622588674004984],[-58.189351493056172,-15.622480236896452],[-58.189345110379506,-15.622218181522696],[-58.189228548363843,-15.622220714832206],[-58.189111985413206,-15.622223248988929],[-58.188995423382629,-15.622225782175031],[-58.188878861349799,-15.622228316203277],[-58.188762298371586,-15.622230849270991],[-58.188645736318627,-15.622233382271959],[-58.18865211904216,-15.622495437722575],[-58.188654759958311,-15.622603874865003],[-58.188657400876274,-15.62271231110228],[-58.188660891142099,-15.622855619917994]]]]}},
{"type":"Feature","properties":{"OBJECTID":507,"QUADRA":"52","SETOR":"4","BAIRRO":"JD. ZEFERINO  II","SHAPE_AREA":6383.5564576300003,"SHAPE_LEN":320.00001288599998},"geometry":{"type":"MultiPolygon","coordinates":[[[[-58.172521671118666,-15.631368036645613],[-58.172658060107963,-15.631398291920215],[-58.172678005931772,-15.631273230753612],[-58.172697950809145,-15.63114817049431],[-58.172715047868408,-15.631040975848176],[-58.172732143981101,-15.630933781205867],[-58.172744212670722,-15.630858110140601],[-58.172772034542632,-15.630683659768504],[-58.172635646955413,-15.630653404526512],[-58.172521989415159,-15.63062819176457],[-58.172408332831409,-15.630602978936773],[-58.17229467533862,-15.630577766053101],[-58.172181018802377,-15.630552553103595],[-58.172044630430555,-15.630522297486857],[-58.172004738987852,-15.630772417950155],[-58.171987641572102,-15.630879613471222],[-58.171970545070167,-15.6309868080823],[-58.171949742298288,-15.631117241202876],[-58.171930652555019,-15.631236928539098],[-58.172067041401291,-15.631267185097343],[-58.172180699261396,-15.631292398073207],[-58.17229435621249,-15.631317610993188],[-58.172408013187315,-15.631342823852329],[-58.172521671118666,-15.631368036645613]]]]}},
{"type":"Feature","properties":{"OBJECTID":430,"QUADRA":"4","SETOR":"2","BAIRRO":"JARDIM SAO FRANCISCO","SHAPE_AREA":4099.9962335,"SHAPE_LEN":263.99992695700001},"geometry":{"type":"MultiPolygon","coordinates":[[[[-58.189878087365763,-15.636646456391611],[-58.189879485425131,-15.636745875500628],[-58.190112668127902,-15.636743128889123],[-58.190345849873275,-15.636740382035152],[-58.190344452527185,-15.63664096384356],[-58.190343181111118,-15.636550583099327],[-58.190341910631879,-15.636460202349223],[-58.190340640156691,-15.636369821598297],[-58.190339368758025,-15.636279441755516],[-58.190338098290979,-15.636189061002961],[-58.190336826895184,-15.636098680254673],[-58.190335429580784,-15.635999262056734],[-58.19010224773502,-15.636002007942531],[-58.189869066802622,-15.636004754479627],[-58.189870463892312,-15.636104172696154],[-58.189871735083813,-15.636194553461374],[-58.189873005346563,-15.636284934230831],[-58.189874275613384,-15.636375314999485],[-58.189875546817049,-15.636465695762256],[-58.189876817086763,-15.636556075625421],[-58.189878087365763,-15.636646456391611]]]]}},
{"type":"Feature","properties":{"OBJECTID":545,"QUADRA":"7","SETOR":"2","BAIRRO":"JARDIM PERUCHI","SHAPE_AREA":4919.9915979300004,"SHAPE_LEN":284.000011943},"geometry":{"type":"MultiPolygon","coordinates":[[[[-58.18593198772632,-15.634913516675214],[-58.185934941437729,-15.635058110128369],[-58.186076200533179,-15.635055601847144],[-58.186214731437389,-15.63505314167271],[-58.186494523262688,-15.635048172850917],[-58.186491568221591,-15.634903578533612],[-58.186489259932287,-15.634790615575758],[-58.18648695256725,-15.634677649899903],[-58.18648464521975,-15.634564686030474],[-58.186482336013796,-15.634451722169786],[-58.186479381953554,-15.634307127838394],[-58.186285842339629,-15.634310565364091],[-58.186199592997511,-15.634312096561203],[-58.186061559722425,-15.634314547676457],[-58.185919803068828,-15.634317064933043],[-58.185922757675364,-15.634461660197951],[-58.185925064709743,-15.634574624095823],[-58.185927372684006,-15.634687587987322],[-58.185929679732617,-15.634800551882513],[-58.18593198772632,-15.634913516675214]]]]}},
{"type":"Feature","properties":{"OBJECTID":223,"QUADRA":"13","SETOR":"4","BAIRRO":"JD. VISTA ALEGRE","SHAPE_AREA":1076.6446158399999,"SHAPE_LEN":131.90037352300001},"geometry":{"type":"MultiPolygon","coordinates":[[[[-58.17153574525809,-15.618153347447073],[-58.171709037084689,-15.618192105338281],[-58.17172537900484,-15.617874871284096],[-58.171602216099956,-15.617849060183641],[-58.171465469518644,-15.617820401852475],[-58.171422875805661,-15.618015382897054],[-58.171399442101112,-15.618122655635339],[-58.17153574525809,-15.618153347447073]]]]}},
{"type":"Feature","properties":{"OBJECTID":9,"QUADRA":"106","SETOR":"2","BAIRRO":"JARDIM POPULAR II","SHAPE_AREA":7210.9496794999995,"SHAPE_LEN":360.27441278800001},"geometry":{"type":"MultiPolygon","coordinates":[[[[-58.185880119681585,-15.631288313309929],[-58.185880973258762,-15.631433367407251],[-58.185882017526872,-15.631548347545589],[-58.185885348643502,-15.631661968503334],[-58.185887985830114,-15.631774951437757],[-58.185890375094786,-15.631886995649532],[-58.185891625562476,-15.631998901390659],[-58.185892923960658,-15.632112650838058],[-58.185893802204589,-15.632226330242881],[-58.185896693761286,-15.632370532679614],[-58.186171791756628,-15.632370238657025],[-58.186315849727563,-15.632369758031942],[-58.186456310028547,-15.632369784876863],[-58.186455900483395,-15.632225785987405],[-58.186452502425695,-15.6321119394504],[-58.1864516073056,-15.631998621719683],[-58.186452966688357,-15.63188966669631],[-58.186449307903366,-15.631766176898688],[-58.186447268626658,-15.631653407694559],[-58.186445730070623,-15.631541738545611],[-58.186443952781794,-15.631425867527891],[-58.186440475878342,-15.631288601227393],[-58.186301110899066,-15.631292373843362],[-58.186300749262344,-15.63128464740995],[-58.186159328886191,-15.631286234559534],[-58.186045197374476,-15.631287032331503],[-58.185880119681585,-15.631288313309929]]]]}},
{"type":"Feature","properties":{"OBJECTID":103,"QUADRA":null,"SETOR":"1","BAIRRO":"NUCLEO URBANO","SHAPE_AREA":14307.781486100001,"SHAPE_LEN":518.25763434600003},"geometry":{"type":"MultiPolygon","coordinates":[[[[-58.17789779676761,-15.627748193515762],[-58.179527850900747,-15.628111625634812],[-58.179696044186542,-15.627410902078489],[-58.178066139684027,-15.627044140957768],[-58.17789779676761,-15.627748193515762]]]]}},
{"type":"Feature","properties":{"OBJECTID":273,"QUADRA":"18","SETOR":"2","BAIRRO":"JARDIM PERUCHI","SHAPE_AREA":4919.9953299700001,"SHAPE_LEN":283.99998054700001},"geometry":{"type":"MultiPolygon","coordinates":[[[[-58.18737763186779,-15.637519961450144],[-58.18738080595547,-15.637664550878791],[-58.187660592363301,-15.637659182655661],[-58.187940377792117,-15.637653813177696],[-58.187937204245578,-15.637509223779251],[-58.187934724334426,-15.637396262748421],[-58.1879322444358,-15.637283302620103],[-58.187929763606469,-15.637170341591604],[-58.187927283722452,-15.637057381460577],[-58.187924110220102,-15.63691279114912],[-58.187785413283045,-15.636915453144267],[-58.18764432486207,-15.636918160541747],[-58.187507058677554,-15.636920793824261],[-58.187364539457825,-15.636923528674521],[-58.187367713496123,-15.637068118112319],[-58.187370193079389,-15.637181079174781],[-58.187372672669945,-15.637294040235878],[-58.187375152262611,-15.637407000391745],[-58.18737763186779,-15.637519961450144]]]]}},
{"type":"Feature","properties":{"OBJECTID":266,"QUADRA":"17","SETOR":"1","BAIRRO":"JD. SANTA MARIA","SHAPE_AREA":673.4344045,"SHAPE_LEN":104.844455544},"geometry":{"type":"MultiPolygon","coordinates":[[[[-58.178269312078982,-15.630001852501543],[-58.17854217610406,-15.630062181815621],[-58.178587479102426,-15.629863460308259],[-58.178316641770977,-15.629803368724801],[-58.178269312078982,-15.630001852501543]]]]}},
{"type":"Feature","properties":{"OBJECTID":477,"QUADRA":"5","SETOR":"2","BAIRRO":"JD. PLANALTO","SHAPE_AREA":1828.141371,"SHAPE_LEN":172.81981572500001},"geometry":{"type":"MultiPolygon","coordinates":[[[[-58.188769071861842,-15.633710854899844],[-58.188996762528561,-15.633710029518568],[-58.188995748446274,-15.633601567418289],[-58.188993633614956,-15.633375604642261],[-58.188882540629244,-15.633376006952728],[-58.188765943317641,-15.633376429994566],[-58.188649345995742,-15.633376852070587],[-58.188532748674,-15.633377274988529],[-58.188533768675178,-15.633486321902801],[-58.188534863000086,-15.633603237804163],[-58.188535876839886,-15.633711699923431],[-58.188769071861842,-15.633710854899844]]]]}},
{"type":"Feature","properties":{"OBJECTID":451,"QUADRA":"4","SETOR":"4","BAIRRO":"JD. ALVORADA","SHAPE_AREA":9787.1107207500008,"SHAPE_LEN":497.27701848200002},"geometry":{"type":"MultiPolygon","coordinates":[[[[-58.165445404354102,-15.622411299029427],[-58.16555885526386,-15.622437349417268],[-58.165592355159902,-15.622127198563401],[-58.165602968401544,-15.622028939445396],[-58.16561357188241,-15.621930769865735],[-58.165624174423826,-15.621832600290352],[-58.165634777896315,-15.62173443161322],[-58.165419584121203,-15.621685020157317],[-58.164100920048135,-15.621382235132408],[-58.164029541521799,-15.621768353577332],[-58.164957027817259,-15.621981319816058],[-58.16492352696077,-15.622291469736746],[-58.165027902400766,-15.62231543624031],[-58.165132277856522,-15.622339401788643],[-58.165236653338255,-15.622363368189502],[-58.165341028835741,-15.622387333635135],[-58.165445404354102,-15.622411299029427]]]]}},
{"type":"Feature","properties":{"OBJECTID":277,"QUADRA":"18","SETOR":"1","BAIRRO":"NUCLEO URBANO","SHAPE_AREA":6399.9282713599996,"SHAPE_LEN":319.99832025900002},"geometry":{"type":"MultiPolygon","coordinates":[[[[-58.176695099054108,-15.627483577184421],[-58.17683142755569,-15.627514075281269],[-58.17688974991821,-15.627267380682975],[-58.176914747032185,-15.627161652088844],[-58.176939742269127,-15.62705592531039],[-58.17699806532768,-15.626809227974469],[-58.176861737283097,-15.626778729948796],[-58.176748131687773,-15.626753313800126],[-58.176634524261225,-15.626727899408428],[-58.176520917786199,-15.626702484047012],[-58.176407311335119,-15.626677068624803],[-58.17627098344505,-15.626646571123514],[-58.176218415684005,-15.626868918727766],[-58.176187662080984,-15.626998997769698],[-58.176162666461742,-15.627104725393005],[-58.176104343235892,-15.627351418050656],[-58.176354278414792,-15.627407331104672],[-58.176467885270618,-15.627432746525406],[-58.176522416832753,-15.627444946193595],[-58.17658149215039,-15.627458161885313],[-58.176695099054108,-15.627483577184421]]]]}},
{"type":"Feature","properties":{"OBJECTID":56,"QUADRA":"74","SETOR":"2","BAIRRO":"JD. POPULAR","SHAPE_AREA":4159.9543763600004,"SHAPE_LEN":264.000074359},"geometry":{"type":"MultiPolygon","coordinates":[[[[-58.181718470105544,-15.636946739883864],[-58.181854922980577,-15.636976739279175],[-58.181913879908912,-15.636730181350485],[-58.181939147929484,-15.636624514175441],[-58.181964414995122,-15.636518847003293],[-58.182023372632266,-15.636272289048225],[-58.181886921152802,-15.63624229062412],[-58.181786856129314,-15.636220290883722],[-58.181686791129216,-15.636198292000028],[-58.181550339727998,-15.636168292455626],[-58.181522095449289,-15.636286407051296],[-58.181491381530485,-15.636414849419035],[-58.181466114232101,-15.636520517457432],[-58.181440845973576,-15.636626184594867],[-58.181414571089277,-15.636736063026905],[-58.18138188755205,-15.636872741536921],[-58.181518340343644,-15.636902741148662],[-58.181618404746501,-15.636924740090434],[-58.181718470105544,-15.636946739883864]]]]}},
{"type":"Feature","properties":{"OBJECTID":193,"QUADRA":"11","SETOR":"1","BAIRRO":"JD. DAS OLIVEIRAS II","SHAPE_AREA":4153.7541550699998,"SHAPE_LEN":263.76016538800002},"geometry":{"type":"MultiPolygon","coordinates":[[[[-58.184520034322325,-15.624662883039305],[-58.184756330204912,-15.624715759803413],[-58.18478592245301,-15.624592507044953],[-58.184813401274759,-15.624478057986003],[-58.184840879137717,-15.624363608929611],[-58.184868231292306,-15.624249688430309],[-58.184895582483129,-15.62413576702971],[-58.184925175521634,-15.624012514252641],[-58.184688880434081,-15.623959638517933],[-58.184568108505246,-15.62393261271362],[-58.184452585444781,-15.623906761616249],[-58.184422993062157,-15.624030014344294],[-58.184395640682709,-15.624143935709251],[-58.184368289204947,-15.624257856162833],[-58.184340810152193,-15.624372305183403],[-58.184313331073348,-15.624486754201497],[-58.184283738548395,-15.624610006915953],[-58.184520034322325,-15.624662883039305]]]]}},
{"type":"Feature","properties":{"OBJECTID":487,"QUADRA":"5","SETOR":"3","BAIRRO":"RESIDENCIAL ESCOBAR","SHAPE_AREA":4503.0361240499997,"SHAPE_LEN":277.13729494299997},"geometry":{"type":"MultiPolygon","coordinates":[[[[-58.188067068716862,-15.626332496942618],[-58.188174797153081,-15.626354256464248],[-58.188171331760365,-15.626102634404445],[-58.1881696774281,-15.625982486364833],[-58.18816802217021,-15.625862338328826],[-58.188164482923334,-15.625610515086072],[-58.188040433678751,-15.625585244528539],[-58.18791200279545,-15.625559081958331],[-58.187783573804893,-15.62553291930052],[-58.187644553943841,-15.625504598403323],[-58.187653568700291,-15.625757537315877],[-58.187657870217805,-15.625878225150139],[-58.1876621717456,-15.625998912982652],[-58.187671187522945,-15.626251851875315],[-58.187810206960229,-15.626280171819616],[-58.187938638291264,-15.626306334417336],[-58.188067068716862,-15.626332496942618]]]]}},
{"type":"Feature","properties":{"OBJECTID":2,"QUADRA":"1/5","SETOR":"1","BAIRRO":"JD. SANTA ROSA","SHAPE_AREA":1317.00446938,"SHAPE_LEN":145.470879303},"geometry":{"type":"MultiPolygon","coordinates":[[[[-58.183227683713859,-15.626638708278296],[-58.18324511180969,-15.626561577993529],[-58.18330496337699,-15.626296685527436],[-58.182995279333042,-15.626230452666318],[-58.182917999174919,-15.626572477151777],[-58.183227683713859,-15.626638708278296]]]]}},
{"type":"Feature","properties":{"OBJECTID":19,"QUADRA":"1A","SETOR":"4","BAIRRO":"JD. RONDON","SHAPE_AREA":6739.9884794999998,"SHAPE_LEN":327.99725207400002},"geometry":{"type":"MultiPolygon","coordinates":[[[[-58.17325508642287,-15.625861840388795],[-58.173511397451527,-15.625910212188908],[-58.173532643979492,-15.625785368165998],[-58.173553312806469,-15.625660635699377],[-58.173626422281423,-15.625195264878228],[-58.173405142241336,-15.625157561824809],[-58.173297793534708,-15.625136830565035],[-58.173188352937558,-15.625110741211842],[-58.173079510604971,-15.625089791848596],[-58.172968835497883,-15.625072955972966],[-58.17285635921256,-15.625054312807386],[-58.172796741329087,-15.625399346253419],[-58.172780540462711,-15.625512683625017],[-58.172763990671314,-15.625638469691559],[-58.172741225798177,-15.625767036850618],[-58.172876707367948,-15.625792734151355],[-58.173000486198021,-15.625815764106484],[-58.173128381109692,-15.625839242021749],[-58.17325508642287,-15.625861840388795]]]]}},
{"type":"Feature","properties":{"OBJECTID":241,"QUADRA":"15","SETOR":"1","BAIRRO":"JD. SANTA MARIA","SHAPE_AREA":6393.8465351499999,"SHAPE_LEN":319.99914443},"geometry":{"type":"MultiPolygon","coordinates":[[[[-58.177605220523631,-15.631625836435957],[-58.177732480404195,-15.631654197708563],[-58.177764067144608,-15.631522113701017],[-58.177790389096089,-15.631412044597743],[-58.177816711951102,-15.631301974583284],[-58.177900942313862,-15.630949750535603],[-58.177646241923078,-15.630893747629903],[-58.177537082111883,-15.630869745400773],[-58.177427924193033,-15.630845744009374],[-58.177173713149706,-15.63078767881019],[-58.177142126102531,-15.63091976275971],[-58.177115803847691,-15.631029832713439],[-58.177089481568814,-15.631139902664875],[-58.177063159260712,-15.631249971710137],[-58.177036836000966,-15.631360041661978],[-58.177005248803731,-15.631492125597159],[-58.177259782319695,-15.631548851422252],[-58.177368868687054,-15.631573163297702],[-58.17747795413846,-15.631597474218202],[-58.177605220523631,-15.631625836435957]]]]}},
{"type":"Feature","properties":{"OBJECTID":364,"QUADRA":"28","SETOR":"1","BAIRRO":"NUCLEO URBANO","SHAPE_AREA":6399.9355310700003,"SHAPE_LEN":319.99861644800001},"geometry":{"type":"MultiPolygon","coordinates":[[[[-58.181395406647781,-15.627651954639569],[-58.181531657403418,-15.62768277739557],[-58.181565131335454,-15.627542771836421],[-58.181590605443397,-15.627436223162713],[-58.181615870040353,-15.627330555116069],[-58.181641133687613,-15.62722488797619],[-58.181700082415816,-15.626978330101476],[-58.181563832116311,-15.626947507417636],[-58.181450289762921,-15.626921822235365],[-58.181400331995718,-15.626910521165149],[-58.181336748366498,-15.626896136987293],[-58.180973414559972,-15.626813942346901],[-58.180889200045783,-15.627166168981814],[-58.180863936021844,-15.627271837869584],[-58.180804987114868,-15.62751838925608],[-58.180941237719388,-15.627549212391335],[-58.181054779447493,-15.627574897821107],[-58.181168322137744,-15.627600584088952],[-58.181281863914293,-15.627626269397155],[-58.181395406647781,-15.627651954639569]]]]}},
{"type":"Feature","properties":{"OBJECTID":414,"QUADRA":"33","SETOR":"1","BAIRRO":"NUCLEO URBANO","SHAPE_AREA":7190.4079183599997,"SHAPE_LEN":339.79868230199997},"geometry":{"type":"MultiPolygon","coordinates":[[[[-58.178893929355617,-15.626149871125333],[-58.179030401979922,-15.626179753366923],[-58.17908477908599,-15.625941458765052],[-58.179108946550862,-15.625835550050516],[-58.179133113989529,-15.625729640430144],[-58.17915728141233,-15.625623731711714],[-58.179186584580407,-15.625495317025388],[-58.179211658269914,-15.625385437086894],[-58.178961459125709,-15.625330653955396],[-58.178847887137998,-15.625305785540419],[-58.178734160148245,-15.6252808844527],[-58.178620433176683,-15.625255982400196],[-58.178483961219932,-15.625226100758688],[-58.178430973230959,-15.625464699648433],[-58.178406486037275,-15.625570538619064],[-58.178381998822232,-15.625676377587697],[-58.178357232340588,-15.625782155683964],[-58.178304244106975,-15.626020754551279],[-58.178440717513411,-15.626050636262903],[-58.178554443983003,-15.626075538383008],[-58.178668171403558,-15.626100439533332],[-58.178780201888664,-15.626124970095916],[-58.178835701134254,-15.626137121522547],[-58.178893929355617,-15.626149871125333]]]]}},
{"type":"Feature","properties":{"OBJECTID":217,"QUADRA":"13","SETOR":"2","BAIRRO":"PACAEMBU","SHAPE_AREA":4799.4254461800001,"SHAPE_LEN":280.00004675700001},"geometry":{"type":"MultiPolygon","coordinates":[[[[-58.187637047886369,-15.630299451932755],[-58.187823599940472,-15.630298776556295],[-58.187821808496402,-15.630208403912563],[-58.187820017062059,-15.630118032171886],[-58.187818225627012,-15.630027659526453],[-58.187816434196456,-15.629937286880192],[-58.187814642770434,-15.629846914233063],[-58.187812851354117,-15.629756542488956],[-58.187811059937097,-15.629666169840139],[-58.187809268524582,-15.629575797190459],[-58.187622717124107,-15.629576472509237],[-58.18752944095263,-15.629576810111688],[-58.187436164777907,-15.629577147674503],[-58.187249612413517,-15.629577821777344],[-58.18725140358093,-15.629668194448637],[-58.187253194752842,-15.629758567119099],[-58.187254985924049,-15.629848938884827],[-58.18725677710497,-15.629939311553576],[-58.18725856829041,-15.630029684221483],[-58.187260359480348,-15.630120056888531],[-58.187262150669582,-15.630210428650855],[-58.18726394186853,-15.630300801316205],[-58.187450494881332,-15.630300126251827],[-58.187543771388079,-15.630299789564065],[-58.187637047886369,-15.630299451932755]]]]}},
{"type":"Feature","properties":{"OBJECTID":442,"QUADRA":"4","SETOR":"1","BAIRRO":"JD. DAS OLIVEIRAS II","SHAPE_AREA":6403.1266004099998,"SHAPE_LEN":320.079984744},"geometry":{"type":"MultiPolygon","coordinates":[[[[-58.185966326165726,-15.626744372342786],[-58.186094211091387,-15.626773301304022],[-58.186150332059739,-15.626535384729403],[-58.186177352660707,-15.626420835886078],[-58.186204373210089,-15.626306282520972],[-58.186260493961846,-15.626068365925958],[-58.18614241160752,-15.626041655570102],[-58.186015244447951,-15.626012890854147],[-58.185897161210043,-15.625986179462926],[-58.185779077070762,-15.625959468914871],[-58.18566099389038,-15.625932758296058],[-58.185533827778464,-15.625903993286419],[-58.185476988905791,-15.62614174731009],[-58.185450325677074,-15.626256381841037],[-58.185423663329907,-15.626371011845208],[-58.185366824239019,-15.626608765848216],[-58.185494709010371,-15.626637693363181],[-58.18561279258136,-15.626664403139378],[-58.185730876183726,-15.626691113753713],[-58.185848959812255,-15.626717824302315],[-58.185966326165726,-15.626744372342786]]]]}},
{"type":"Feature","properties":{"OBJECTID":283,"QUADRA":"19","SETOR":"4","BAIRRO":"JD. RONDON","SHAPE_AREA":2276.129952,"SHAPE_LEN":217.09311056300001},"geometry":{"type":"MultiPolygon","coordinates":[[[[-58.169098961492232,-15.632143134965892],[-58.169228294288843,-15.632161274192445],[-58.169247459057985,-15.632033973868165],[-58.169263109683406,-15.631916978764302],[-58.169280627431618,-15.631801899036489],[-58.169296672058643,-15.631686944666578],[-58.169316252868178,-15.631568861999526],[-58.169336126320985,-15.631444821005417],[-58.169073698023148,-15.631406112997128],[-58.169054535938315,-15.631532256297294],[-58.16903666496993,-15.631650863146962],[-58.168999478559037,-15.631883393246207],[-58.168984002131083,-15.631998236107195],[-58.168966229526191,-15.632122681685194],[-58.169098961492232,-15.632143134965892]]]]}},
{"type":"Feature","properties":{"OBJECTID":93,"QUADRA":null,"SETOR":"2","BAIRRO":"JD. POPULAR","SHAPE_AREA":4159.95524295,"SHAPE_LEN":263.99995439899999},"geometry":{"type":"MultiPolygon","coordinates":[[[[-58.182005341253564,-15.634363137879422],[-58.182478371034151,-15.63446713377332],[-58.182646817102793,-15.63376268409961],[-58.182173789841009,-15.633658688451355],[-58.182005341253564,-15.634363137879422]]]]}},
{"type":"Feature","properties":{"OBJECTID":553,"QUADRA":"7","SETOR":"1","BAIRRO":"JD. DAS OLIVEIRAS II","SHAPE_AREA":6403.1209628899996,"SHAPE_LEN":320.079984744},"geometry":{"type":"MultiPolygon","coordinates":[[[[-58.18529813598753,-15.62571589169859],[-58.185426020199152,-15.625744821102783],[-58.18545386884383,-15.625626764310319],[-58.185482141759408,-15.625506904643158],[-58.185509161712623,-15.625392355860237],[-58.185536183479734,-15.625277802545453],[-58.185559384506824,-15.625179444356693],[-58.185592304823388,-15.625039886065423],[-58.18546513927835,-15.625011120974776],[-58.185347056678737,-15.624984410144169],[-58.185228974105279,-15.624957699247831],[-58.185110890625275,-15.624930988290805],[-58.184992808104177,-15.624904277263003],[-58.184865642697034,-15.624875510909069],[-58.184808803236535,-15.625113264815228],[-58.184782139720859,-15.625227899292058],[-58.184755477086753,-15.625342529242094],[-58.184698637408047,-15.625580283127608],[-58.184826521465382,-15.625609211085493],[-58.184944604377066,-15.625635921270675],[-58.185062687320126,-15.625662632293995],[-58.185180770289357,-15.625689343251603],[-58.18529813598753,-15.62571589169859]]]]}},
{"type":"Feature","properties":{"OBJECTID":53,"QUADRA":"71","SETOR":"2","BAIRRO":"JD. POPULAR","SHAPE_AREA":6399.59499,"SHAPE_LEN":320.000877726},"geometry":{"type":"MultiPolygon","coordinates":[[[[-58.1843181813813,-15.637526976854701],[-58.184454439082387,-15.637557797285112],[-58.184483323824509,-15.637435351064319],[-58.184513385514613,-15.637311241626259],[-58.184537586498351,-15.637205333234148],[-58.18456465588195,-15.637100075526554],[-58.184622859515933,-15.636853348499264],[-58.184486602271356,-15.636822528140991],[-58.184373055063169,-15.636796844891622],[-58.184259506941231,-15.636771160682585],[-58.184203396986135,-15.636758469085652],[-58.184145959781503,-15.636745477311583],[-58.184032412645983,-15.63671979387974],[-58.183896155552574,-15.636688973141968],[-58.183837206647333,-15.636935532313011],[-58.183811943326909,-15.637041200522784],[-58.183786679051558,-15.63714686873549],[-58.183757314737946,-15.637269689888763],[-58.183727732684403,-15.637393421542976],[-58.183863990234315,-15.637424242352916],[-58.183977537750231,-15.637449925844891],[-58.18409108529557,-15.637475610179916],[-58.184204633792717,-15.637501293545199],[-58.1843181813813,-15.637526976854701]]]]}},
{"type":"Feature","properties":{"OBJECTID":150,"QUADRA":"1","SETOR":"1","BAIRRO":"JD. ZEFERINO I","SHAPE_AREA":7210.2258513799998,"SHAPE_LEN":363.102587615},"geometry":{"type":"MultiPolygon","coordinates":[[[[-58.174801576336044,-15.625240029796634],[-58.174901521555775,-15.625262511037892],[-58.175119185839741,-15.625033097058365],[-58.175252266236519,-15.624923843152651],[-58.175377625434677,-15.624812852533509],[-58.175648620644495,-15.624595433895923],[-58.175439644272139,-15.624548428123211],[-58.175326070086051,-15.6245228808127],[-58.175212495929216,-15.624497334345318],[-58.17509892179131,-15.624471786913256],[-58.174985347682629,-15.624446240324286],[-58.174871774525613,-15.624420692765671],[-58.174758200465114,-15.624395146055148],[-58.174621912546719,-15.624364488109546],[-58.174561433716505,-15.624629259351147],[-58.174530025876351,-15.624761383662541],[-58.174498616131167,-15.624893507076751],[-58.174438137967343,-15.62515827828849],[-58.17457442732799,-15.625188935402955],[-58.174688001817401,-15.625214482178242],[-58.174744789540078,-15.625227255992547],[-58.174801576336044,-15.625240029796634]]]]}},
{"type":"Feature","properties":{"OBJECTID":199,"QUADRA":"11","SETOR":"3","BAIRRO":"JD. ITALIA III","SHAPE_AREA":3633.3541679099999,"SHAPE_LEN":338.019559501},"geometry":{"type":"MultiPolygon","coordinates":[[[[-58.175944523216828,-15.61291239954347],[-58.176045967098744,-15.612934587000204],[-58.176090898063968,-15.612740485863657],[-58.176069713635641,-15.612708123638638],[-58.175995564155485,-15.612691905900043],[-58.175894119465902,-15.61266971841593],[-58.17579267572755,-15.612647530878409],[-58.17569123200775,-15.612625343292477],[-58.175589788301387,-15.612603154754245],[-58.175488344618714,-15.612580967071489],[-58.175386900021948,-15.612558779345305],[-58.175285456376407,-15.612536591565723],[-58.175184012749426,-15.612514403737721],[-58.175082569135874,-15.61249221495742],[-58.174981125546019,-15.6124700270326],[-58.17479676827741,-15.612429703587136],[-58.174766793527908,-15.612446186712337],[-58.174720827202194,-15.61264475127869],[-58.174930083542975,-15.612690520515574],[-58.175031527239256,-15.612712708456455],[-58.175132970959254,-15.612734897252784],[-58.175234415625347,-15.612757085091834],[-58.17533585937732,-15.612779272887471],[-58.175437303147859,-15.612801460634692],[-58.175538746936951,-15.612823648333494],[-58.175640190749775,-15.612845836887777],[-58.175741635508686,-15.61286802448476],[-58.17584307935347,-15.612890212038314],[-58.175944523216828,-15.61291239954347]]]]}},
{"type":"Feature","properties":{"OBJECTID":518,"QUADRA":"6","SETOR":"2","BAIRRO":"JD. PLANALTO","SHAPE_AREA":1925.58773286,"SHAPE_LEN":208.14718117499999},"geometry":{"type":"MultiPolygon","coordinates":[[[[-58.188290158651014,-15.633239336333864],[-58.188402092299945,-15.633239626684579],[-58.18840196549742,-15.633143428444582],[-58.188401829419938,-15.633040770953267],[-58.188401686108207,-15.632932331223808],[-58.18840154270179,-15.632823874319634],[-58.188401400232522,-15.63271541740937],[-58.188401136187466,-15.632516514672181],[-58.18828920386435,-15.63251622428856],[-58.188172886410108,-15.632515923248397],[-58.188175201481172,-15.632714831162254],[-58.188176464136085,-15.632823291052539],[-58.188177725863795,-15.632931750946755],[-58.188178988529835,-15.633040210834745],[-58.188181303280039,-15.633239054563219],[-58.188290158651014,-15.633239336333864]]]]}},
{"type":"Feature","properties":{"OBJECTID":305,"QUADRA":"2","SETOR":"4","BAIRRO":"JD. RONDON","SHAPE_AREA":4245.987976,"SHAPE_LEN":261.68530107800001},"geometry":{"type":"MultiPolygon","coordinates":[[[[-58.172263374365926,-15.626320712292362],[-58.17248864604052,-15.626328593211355],[-58.172523103934914,-15.626110765824643],[-58.172558891268679,-15.625862659405184],[-58.172342593243528,-15.625821963875365],[-58.172221699244972,-15.62579937913053],[-58.171854981288455,-15.625732116068145],[-58.17177878720134,-15.62622989009167],[-58.172263374365926,-15.626320712292362]]]]}},
{"type":"Feature","properties":{"OBJECTID":320,"QUADRA":"2","SETOR":"3","BAIRRO":"JD. PLACIDO DAS FLORES","SHAPE_AREA":5615.5913149799999,"SHAPE_LEN":320.00010515999998},"geometry":{"type":"MultiPolygon","coordinates":[[[[-58.179551363861513,-15.616926435126228],[-58.179669772657121,-15.61695173306944],[-58.179715318025266,-15.616739335731284],[-58.179738091151442,-15.616633137960976],[-58.179760864252863,-15.616526939285032],[-58.179783636401972,-15.616420740612362],[-58.179806409464163,-15.616314541932937],[-58.179829181579244,-15.616208344160661],[-58.179874727605615,-15.615995946793101],[-58.179756318417844,-15.615970648927062],[-58.179637910192518,-15.615945351893975],[-58.179519501053896,-15.615920053896083],[-58.179401092872567,-15.615894755827259],[-58.179355546365734,-15.61610715313067],[-58.179332774015599,-15.616213351774757],[-58.179310000707993,-15.616319549518224],[-58.17928722831865,-15.616425748158813],[-58.179264454977009,-15.616531946802679],[-58.179241681610584,-15.616638144540909],[-58.179217010367225,-15.6167531926917],[-58.179196135761956,-15.616850541814896],[-58.17931454541651,-15.616875839950893],[-58.179432954157775,-15.616901137122095],[-58.179551363861513,-15.616926435126228]]]]}},
{"type":"Feature","properties":{"OBJECTID":513,"QUADRA":"55","SETOR":"4","BAIRRO":"JD. ZEFERINO  II","SHAPE_AREA":6383.5489298399998,"SHAPE_LEN":319.99998132899998},"geometry":{"type":"MultiPolygon","coordinates":[[[[-58.171519801521889,-15.632021476867264],[-58.17165626098636,-15.632051435886712],[-58.17167591618383,-15.631926332036361],[-58.171695571362839,-15.631801228184488],[-58.171712418776238,-15.631693996051297],[-58.171729266181217,-15.631586764820867],[-58.171768577353383,-15.631336557102394],[-58.171632118369175,-15.631306599927296],[-58.171518403191541,-15.631281634640521],[-58.171404687099461,-15.631256668393956],[-58.171290971968787,-15.631231702985399],[-58.171177256861576,-15.631206737515939],[-58.171040798023874,-15.631176779960839],[-58.171021142469634,-15.631301882880301],[-58.171001485969299,-15.631426986707114],[-58.170984638193488,-15.631534218812135],[-58.170969581859424,-15.631630048481242],[-58.170967790404113,-15.631641450916071],[-58.170948134786435,-15.631766554733769],[-58.170928479150319,-15.631891658549966],[-58.171064937525209,-15.631921616146643],[-58.171178653956837,-15.631946581641634],[-58.171292369479161,-15.631971547080704],[-58.171406085024977,-15.631996512458866],[-58.171519801521889,-15.632021476867264]]]]}},
{"type":"Feature","properties":{"OBJECTID":536,"QUADRA":"6","SETOR":"3","BAIRRO":"JD. UNIVERSITARIO","SHAPE_AREA":3130.232896,"SHAPE_LEN":224.66293309299999},"geometry":{"type":"MultiPolygon","coordinates":[[[[-58.181695117677002,-15.618628500764995],[-58.181797698816084,-15.618651133878005],[-58.181826376889951,-15.618541489218728],[-58.181852035932764,-15.618430749000808],[-58.181877392129401,-15.618324132228361],[-58.181871421640139,-15.618322329433608],[-58.181897780066976,-15.61820831330229],[-58.181799461180312,-15.618185584968581],[-58.181707848232023,-15.618164411376091],[-58.181615207363365,-15.618141272757539],[-58.181525599225601,-15.618124879007341],[-58.181434733671665,-15.618105536207715],[-58.181336645243512,-15.618083945343544],[-58.181284362936509,-15.618306533647766],[-58.181259931780751,-15.618411861845951],[-58.18123331809273,-15.618525345990642],[-58.181330397069807,-15.618548162593719],[-58.181421669885403,-15.618568551765309],[-58.181512577977657,-15.618588771117947],[-58.181603501113571,-15.618608357615582],[-58.181695117677002,-15.618628500764995]]]]}},
{"type":"Feature","properties":{"OBJECTID":486,"QUADRA":"5","SETOR":"1","BAIRRO":"JD. DAS OLIVEIRAS","SHAPE_AREA":4159.9834284199997,"SHAPE_LEN":263.99930549200002},"geometry":{"type":"MultiPolygon","coordinates":[[[[-58.184229782522792,-15.626365486732672],[-58.184366032707622,-15.626396307761631],[-58.184424978879498,-15.626149747566251],[-58.18445024096215,-15.626044080201707],[-58.184475503017474,-15.625938411931191],[-58.184534448970872,-15.625691852618409],[-58.184398199242189,-15.625661031661542],[-58.184298282239077,-15.625638429935456],[-58.184198366187438,-15.625615828157267],[-58.184062116544723,-15.625585006984529],[-58.18400317097062,-15.62583156620482],[-58.183977907745366,-15.62593723444289],[-58.183952645430722,-15.626042902673834],[-58.183893700529325,-15.626289455540652],[-58.184029949711004,-15.626320279502153],[-58.184129866117907,-15.626342884948702],[-58.184229782522792,-15.626365486732672]]]]}},
{"type":"Feature","properties":{"OBJECTID":260,"QUADRA":"16","SETOR":"4","BAIRRO":"JD. ARATAKA","SHAPE_AREA":7206.2392837099997,"SHAPE_LEN":367.50268510199999},"geometry":{"type":"MultiPolygon","coordinates":[[[[-58.173221337678186,-15.618498712633492],[-58.173810885414994,-15.618616105282454],[-58.173818205354841,-15.618497608795511],[-58.173823602091971,-15.618410262275503],[-58.173829238746578,-15.618319019525819],[-58.173845186213406,-15.618060874397708],[-58.17385014304017,-15.617980634956758],[-58.17385732035126,-15.61786444962036],[-58.173865235551226,-15.617736320595611],[-58.173877358659695,-15.617540091117469],[-58.173882553724852,-15.617455989801888],[-58.173460579804726,-15.617365800607725],[-58.173441664948847,-15.617444641271945],[-58.173396856847091,-15.61764795309834],[-58.173370273510741,-15.617765892679234],[-58.173334969424779,-15.617874053358854],[-58.17331528397618,-15.617955175985164],[-58.173265488076751,-15.618203194704558],[-58.173250365538664,-15.618314158124075],[-58.173235851147105,-15.618406435381683],[-58.173221337678186,-15.618498712633492]]]]}},
{"type":"Feature","properties":{"OBJECTID":555,"QUADRA":"7","SETOR":"2","BAIRRO":"JD. BANDEIRANTES II","SHAPE_AREA":2055.6897494099999,"SHAPE_LEN":186.21005962699999},"geometry":{"type":"MultiPolygon","coordinates":[[[[-58.191371797280084,-15.62362847374666],[-58.191374162776711,-15.623791157351073],[-58.191481425471927,-15.623790465766795],[-58.191588688167762,-15.623789775034014],[-58.191695950853756,-15.623789083344981],[-58.191803213535124,-15.623788391603558],[-58.191907304980248,-15.623787722453283],[-58.191904426117667,-15.623625050708306],[-58.191901546284186,-15.623462369926912],[-58.19179848099315,-15.623463032588496],[-58.191691218465174,-15.623463721604175],[-58.191583955937816,-15.623464411471339],[-58.191476693400617,-15.62346510038226],[-58.191369430858799,-15.62346578924079],[-58.191371797280084,-15.62362847374666]]]]}},
{"type":"Feature","properties":{"OBJECTID":220,"QUADRA":"13","SETOR":"1","BAIRRO":"JD. ZEFERINO I","SHAPE_AREA":7188.6243719100003,"SHAPE_LEN":339.75105728099999},"geometry":{"type":"MultiPolygon","coordinates":[[[[-58.172328354205689,-15.624684769931621],[-58.172464079912395,-15.624714492246948],[-58.17252443367714,-15.62445004387301],[-58.172554721086534,-15.624317335499184],[-58.172584934742012,-15.624184949307894],[-58.172645361031819,-15.623920178728905],[-58.172508890562703,-15.623890292343344],[-58.172395164891761,-15.623865387860613],[-58.172281439239072,-15.623840482413122],[-58.172167713614925,-15.623815577808621],[-58.172053988941741,-15.623790672234389],[-58.17191751769105,-15.623760786377794],[-58.171858634257731,-15.624025894776656],[-58.17182802135855,-15.624158193542193],[-58.171797407493223,-15.624290492309585],[-58.171769929231893,-15.624414204366191],[-58.171738523806624,-15.624555601588602],[-58.171874994641541,-15.624585487525009],[-58.17198872067825,-15.624610393156642],[-58.172102446733213,-15.624635297823508],[-58.172328354205689,-15.624684769931621]]]]}},
{"type":"Feature","properties":{"OBJECTID":359,"QUADRA":"27","SETOR":"2","BAIRRO":"JD. POPULAR","SHAPE_AREA":6390.5673963099998,"SHAPE_LEN":319.76503157600001},"geometry":{"type":"MultiPolygon","coordinates":[[[[-58.184445160869132,-15.633148609913686],[-58.184581415637837,-15.633179430476789],[-58.184639616645448,-15.632932707062736],[-58.184664560685711,-15.632826966382961],[-58.184689504709347,-15.632721226605002],[-58.184711636774118,-15.632627404636633],[-58.184747706413582,-15.632474500453489],[-58.184653283603417,-15.632453142145833],[-58.184613578842736,-15.632444161106225],[-58.184500034072862,-15.632418476842391],[-58.184386488399639,-15.632392793426661],[-58.184272943683389,-15.632367109945108],[-58.184159398053389,-15.632341425503897],[-58.184023144830107,-15.632310605532352],[-58.183992940354202,-15.63243693930799],[-58.183964196945801,-15.632557164736269],[-58.183938934062937,-15.63266283296012],[-58.183913670225181,-15.632768501186913],[-58.183854724878998,-15.633015054027275],[-58.183990979496592,-15.633045874969801],[-58.184104524568923,-15.63307155857227],[-58.184218069665462,-15.633097242113932],[-58.184331615724176,-15.633122926493634],[-58.184445160869132,-15.633148609913686]]]]}},
{"type":"Feature","properties":{"OBJECTID":468,"QUADRA":"44","SETOR":"1","BAIRRO":"JD. ZEFERINO I","SHAPE_AREA":6723.9600463300003,"SHAPE_LEN":332.13986708800002},"geometry":{"type":"MultiPolygon","coordinates":[[[[-58.167732706037121,-15.620916933800432],[-58.167869198619663,-15.620946718361898],[-58.167897448760982,-15.620832444786542],[-58.167930045694419,-15.620700591419228],[-58.167956123777003,-15.620595109081398],[-58.167982200903886,-15.620489626746268],[-58.168008278935389,-15.620384143500043],[-58.1680343560163,-15.620278661160397],[-58.168053914275703,-15.620199548949744],[-58.168073907483311,-15.620118679028362],[-58.167799456253945,-15.620065044746465],[-58.16735681150378,-15.61997015779944],[-58.167342795719392,-15.620127755133817],[-58.167333097006939,-15.620236812074916],[-58.167321579052576,-15.620345471928042],[-58.167311879394248,-15.62045452887252],[-58.167300361419692,-15.620563187820135],[-58.167275910537889,-15.620817257228056],[-58.167459720982983,-15.620857366222275],[-58.167596213493262,-15.620887150055186],[-58.167732706037121,-15.620916933800432]]]]}},
{"type":"Feature","properties":{"OBJECTID":484,"QUADRA":"5","SETOR":"2","BAIRRO":"JD. POPULAR","SHAPE_AREA":1973.2295993600001,"SHAPE_LEN":211.46636017},"geometry":{"type":"MultiPolygon","coordinates":[[[[-58.184961067007514,-15.62933058165798],[-58.185046361379172,-15.629349875895899],[-58.185046626322347,-15.62909004859948],[-58.185046775389559,-15.62895085446015],[-58.185046963384018,-15.62882232077229],[-58.185047276607158,-15.628607537535066],[-58.184906936783229,-15.628575792728862],[-58.184858206141357,-15.628779624461529],[-58.184829044606218,-15.628901604003511],[-58.184797466485144,-15.629033689601648],[-58.184738522015039,-15.629280241715163],[-58.184874774212496,-15.629311062281134],[-58.184961067007514,-15.62933058165798]]]]}},
{"type":"Feature","properties":{"OBJECTID":171,"QUADRA":"10","SETOR":"4","BAIRRO":"JD. RONDON","SHAPE_AREA":4227.44497,"SHAPE_LEN":265.93378635200003},"geometry":{"type":"MultiPolygon","coordinates":[[[[-58.170847602342192,-15.629785914226405],[-58.171104699831858,-15.629822506412417],[-58.171127324912995,-15.629690451031173],[-58.171146103449509,-15.629579124744172],[-58.171165568848316,-15.62946556213334],[-58.171184095730162,-15.629359199649761],[-58.171201772179174,-15.62924763518525],[-58.171222523127447,-15.629110808117174],[-58.171095084752544,-15.629089215946484],[-58.170966236376813,-15.629065714935862],[-58.170854170007672,-15.629044067709165],[-58.170743152009045,-15.629024701721747],[-58.170710870055061,-15.629217090336496],[-58.170680866861019,-15.629396839172252],[-58.17065217121408,-15.629575243242398],[-58.170623049848722,-15.629754246160662],[-58.170737264377976,-15.629769744473789],[-58.170847602342192,-15.629785914226405]]]]}},
{"type":"Feature","properties":{"OBJECTID":54,"QUADRA":"72","SETOR":"2","BAIRRO":"JD. POPULAR","SHAPE_AREA":6401.5715014400002,"SHAPE_LEN":319.99889589399999},"geometry":{"type":"MultiPolygon","coordinates":[[[[-58.183457183438755,-15.637332644034061],[-58.183593440919672,-15.637363465017883],[-58.18365238836676,-15.637116910422499],[-58.183677652709633,-15.637011242220479],[-58.183703660525921,-15.636905743553704],[-58.183761864237965,-15.636659016688],[-58.183759737454146,-15.636658535537711],[-58.183625607213521,-15.636628195776353],[-58.183512060188789,-15.636602512065826],[-58.183398512255515,-15.636576828299516],[-58.183284965274034,-15.636551143563487],[-58.183171417389204,-15.636525459675543],[-58.183035160515928,-15.636494638384375],[-58.182976211533848,-15.636741197390775],[-58.182950947780732,-15.636846865532144],[-58.182925683072682,-15.636952533676427],[-58.18286673569591,-15.637199086324275],[-58.18300299209286,-15.63722990769265],[-58.183116540358085,-15.63725559164075],[-58.183230087719942,-15.637281276436926],[-58.183343636033626,-15.637306960263395],[-58.183457183438755,-15.637332644034061]]]]}},
{"type":"Feature","properties":{"OBJECTID":229,"QUADRA":"14","SETOR":"2","BAIRRO":"JD. POPULAR","SHAPE_AREA":6409.3023559699996,"SHAPE_LEN":320.23336891999998},"geometry":{"type":"MultiPolygon","coordinates":[[[[-58.184058015392573,-15.63095259096057],[-58.184196396296585,-15.630983892116351],[-58.18422629680142,-15.630857139642751],[-58.184254597346786,-15.630737168767261],[-58.184279541410483,-15.630631429019212],[-58.184304484519636,-15.630525689274142],[-58.184336243440811,-15.630391058258756],[-58.184362686261302,-15.63027896228372],[-58.184226433466065,-15.630248141441443],[-58.184112889965654,-15.630222457788749],[-58.1839993455567,-15.630196774080312],[-58.183885802099518,-15.630171089402157],[-58.183803478511379,-15.630152467477556],[-58.18377225773898,-15.630145405572136],[-58.183636006027577,-15.630114584345469],[-58.18360700028024,-15.630235904885199],[-58.1835770581066,-15.630361143482109],[-58.183551795213212,-15.630466812581016],[-58.183526531359725,-15.630572480778973],[-58.183467585971705,-15.630819032648192],[-58.183603839072106,-15.630849853941941],[-58.18371738288532,-15.630875538740993],[-58.18383092671754,-15.630901222575364],[-58.183944471506727,-15.630926906343896],[-58.184058015392573,-15.63095259096057]]]]}},
{"type":"Feature","properties":{"OBJECTID":206,"QUADRA":"12","SETOR":"1","BAIRRO":"JD. SANTA ROSA","SHAPE_AREA":6758.5629642399999,"SHAPE_LEN":328.96518992900002},"geometry":{"type":"MultiPolygon","coordinates":[[[[-58.180210474681651,-15.624589681942412],[-58.180355806119877,-15.624622560142466],[-58.180414011541906,-15.62437583747344],[-58.18043895707951,-15.624270098019005],[-58.180463901662563,-15.624164358567516],[-58.180497162316335,-15.624023372622307],[-58.180522107776056,-15.623917632257115],[-58.180378902536361,-15.623885235330908],[-58.180265362933731,-15.623859549396526],[-58.180151822417386,-15.623833862502506],[-58.18003828286318,-15.623808176446593],[-58.179924742400466,-15.62378249033493],[-58.179755795335396,-15.623744268284485],[-58.179726320590348,-15.623867547043574],[-58.179696844887623,-15.623990826708667],[-58.179671579578809,-15.624096495509384],[-58.179646315175404,-15.624202163399104],[-58.179587365395179,-15.624448714565867],[-58.179649131603405,-15.624462688760513],[-58.179756313958428,-15.624486936700812],[-58.179869853868439,-15.624512622877646],[-58.179983393802644,-15.624538308993699],[-58.180096934698994,-15.624563995947867],[-58.180210474681651,-15.624589681942412]]]]}},
{"type":"Feature","properties":{"OBJECTID":175,"QUADRA":"10","SETOR":"1","BAIRRO":"JD. DAS OLIVEIRAS II","SHAPE_AREA":6403.1242252399998,"SHAPE_LEN":320.08010540499998},"geometry":{"type":"MultiPolygon","coordinates":[[[[-58.185492974079025,-15.624878023259081],[-58.185620856842988,-15.624906951687244],[-58.185649165115862,-15.624786943572047],[-58.185676978017952,-15.62466903519152],[-58.185703998718381,-15.624554486386176],[-58.18573102029999,-15.624439933054015],[-58.185787141258373,-15.624202016537897],[-58.185659975287479,-15.624173251529024],[-58.185541893158515,-15.624146540769674],[-58.185423811055706,-15.624119829944606],[-58.185305728979074,-15.624093119053812],[-58.185187646928618,-15.624066408097267],[-58.18506048109559,-15.624037641825135],[-58.185024693680653,-15.624187338384274],[-58.185003642023275,-15.624275395767841],[-58.184976978691687,-15.624390030261836],[-58.184950317174405,-15.624504660224025],[-58.184893476951174,-15.624742414151115],[-58.185021360498759,-15.624771342031801],[-58.185139443872508,-15.624798052140672],[-58.185257526344898,-15.624824763092724],[-58.185375608843465,-15.624851473979042],[-58.185492974079025,-15.624878023259081]]]]}},
{"type":"Feature","properties":{"OBJECTID":565,"QUADRA":"8","SETOR":"2","BAIRRO":"JARDIM PERUCHI","SHAPE_AREA":4919.9917517100002,"SHAPE_LEN":283.99998068999997},"geometry":{"type":"MultiPolygon","coordinates":[[[[-58.185948034406195,-15.635791045645393],[-58.185951207380242,-15.635935636092466],[-58.186114197064953,-15.635932509492902],[-58.186230990676293,-15.635930268954345],[-58.186510774869376,-15.635924902359113],[-58.186507601503727,-15.635780311947276],[-58.186505122471907,-15.635667351730804],[-58.186502643442182,-15.635554390609105],[-58.186500164419762,-15.63544142948605],[-58.186497685409833,-15.635328469265522],[-58.186494512098754,-15.635183879748409],[-58.186347157944056,-15.635186705998439],[-58.186214729841915,-15.635189246248315],[-58.186078166120836,-15.635191865726023],[-58.18593494661134,-15.635194612397326],[-58.185938119536047,-15.635339202853533],[-58.18594059824003,-15.635452163101595],[-58.185943076956519,-15.635565124252178],[-58.185945555680306,-15.635678085401405],[-58.185948034406195,-15.635791045645393]]]]}},
{"type":"Feature","properties":{"OBJECTID":72,"QUADRA":"90","SETOR":"2","BAIRRO":"JD. POPULAR","SHAPE_AREA":6390.5677422600002,"SHAPE_LEN":319.76522608300002},"geometry":{"type":"MultiPolygon","coordinates":[[[[-58.18219119845886,-15.638819267182228],[-58.182327456808551,-15.638850088893692],[-58.182356558791803,-15.638726728758746],[-58.182385661662558,-15.638603365904334],[-58.182410607351272,-15.638497625406565],[-58.182435553023353,-15.638391885810613],[-58.182457607323229,-15.638298399779865],[-58.182493758573834,-15.638145160083734],[-58.182359627478014,-15.638114819606129],[-58.182246079729339,-15.638089135289283],[-58.182132531066912,-15.638063450012737],[-58.182018983366703,-15.638037765574254],[-58.18190543475793,-15.638012081079943],[-58.181769177015951,-15.637981259061169],[-58.181741319928172,-15.638097768058989],[-58.181710226198312,-15.638227817828934],[-58.181684961658533,-15.638333485868026],[-58.181659696163777,-15.638439153910035],[-58.181600746018624,-15.638685706324283],[-58.181737004217105,-15.638716528415287],[-58.181850553206289,-15.63874221296977],[-58.181964101286916,-15.638767897468467],[-58.182077650329759,-15.638793582805182],[-58.18219119845886,-15.638819267182228]]]]}},
{"type":"Feature","properties":{"OBJECTID":14,"QUADRA":"111","SETOR":"2","BAIRRO":"JARDIM POPULAR II","SHAPE_AREA":3523.630607,"SHAPE_LEN":238.945314357},"geometry":{"type":"MultiPolygon","coordinates":[[[[-58.185636391395818,-15.63396523599434],[-58.185780748908542,-15.633994554876042],[-58.185780113130164,-15.633861422137329],[-58.185778905893464,-15.633748928638601],[-58.185778058162555,-15.633637309983394],[-58.185776952397454,-15.633524617074716],[-58.185775953437478,-15.633391585722878],[-58.185634304793048,-15.633394285663563],[-58.185494771688937,-15.633398275704348],[-58.185227812806559,-15.633401327099167],[-58.18522900231315,-15.633539328021484],[-58.185229971333165,-15.63365165199353],[-58.185231472384174,-15.633763384647661],[-58.185233959346291,-15.633885967875495],[-58.185496014169267,-15.633936725290262],[-58.185636391395818,-15.63396523599434]]]]}},
{"type":"Feature","properties":{"OBJECTID":146,"QUADRA":"1","SETOR":"1","BAIRRO":"NUCLEO URBANO","SHAPE_AREA":7613.9221644500003,"SHAPE_LEN":349.19990929},"geometry":{"type":"MultiPolygon","coordinates":[[[[-58.179751565192866,-15.62634320117999],[-58.179933231468766,-15.626384298733047],[-58.180008068342552,-15.626067081391524],[-58.180024698943583,-15.625996589348331],[-58.180045486708408,-15.625908473165726],[-58.180091220302479,-15.625714618459831],[-58.180120323287653,-15.625591255796362],[-58.179861449738105,-15.625532690509647],[-58.179747909257429,-15.625507004369569],[-58.179634367863038,-15.625481317269875],[-58.179520827430792,-15.625455631008265],[-58.179351878095602,-15.625417409651062],[-58.179289513943267,-15.625681756252462],[-58.179258331354767,-15.62581393045472],[-58.179164784312277,-15.62621045213325],[-58.179315566558842,-15.62624456442839],[-58.179390958161918,-15.626261620081312],[-58.179447275149919,-15.626274360821197],[-58.179560816034453,-15.626300047088444],[-58.179628940394394,-15.626315459543722],[-58.179674357881126,-15.626325734193786],[-58.179751565192866,-15.62634320117999]]]]}},
{"type":"Feature","properties":{"OBJECTID":401,"QUADRA":"3","SETOR":"3","BAIRRO":"JD. ITALIA II","SHAPE_AREA":17564.545761400001,"SHAPE_LEN":536.14057828},"geometry":{"type":"MultiPolygon","coordinates":[[[[-58.172783609566672,-15.613295930871933],[-58.173015158974827,-15.61334858095007],[-58.173108573061931,-15.612933507212739],[-58.173251614281924,-15.612327690970092],[-58.173136049437872,-15.612302499788955],[-58.173020757304371,-15.612277367650707],[-58.172905465199918,-15.612252236353825],[-58.172790174046852,-15.612227104085555],[-58.172674881990162,-15.612201972663636],[-58.172559590884894,-15.61217684027033],[-58.172444298870836,-15.612151707819482],[-58.172335105010724,-15.612127904951713],[-58.17186796023757,-15.612013371153973],[-58.171636751419506,-15.613040695057114],[-58.171869290285237,-15.613093571600983],[-58.171975359974752,-15.613117690534411],[-58.172206909968196,-15.613170341488681],[-58.172438460062999,-15.613222992190394],[-58.172552059327153,-15.613243280546211],[-58.172783609566672,-15.613295930871933]]]]}},
{"type":"Feature","properties":{"OBJECTID":295,"QUADRA":"2","SETOR":"2","BAIRRO":"RESIDENCIAL BERTINI","SHAPE_AREA":1999.5073053900001,"SHAPE_LEN":209.25515364500001},"geometry":{"type":"MultiPolygon","coordinates":[[[[-58.188156564808352,-15.632003128988302],[-58.188391890588406,-15.632002336223865],[-58.188382854470895,-15.631800817181441],[-58.18838251980231,-15.631698488870446],[-58.188382102194602,-15.631596011863524],[-58.188381777867129,-15.631493534350401],[-58.188381391976385,-15.631391056265894],[-58.188381003708137,-15.631288488706767],[-58.188259371536013,-15.63128892963501],[-58.188138111529469,-15.63128936848042],[-58.18814073739437,-15.631391928450034],[-58.188142166286347,-15.631447706991519],[-58.188143372072027,-15.631494397980328],[-58.188146028204358,-15.631596866489431],[-58.188146138919635,-15.631601345640917],[-58.188148684348334,-15.631699335901265],[-58.188150132093313,-15.631754985080486],[-58.188151341321678,-15.631801624526556],[-58.188154115015841,-15.631908623669144],[-58.188156564808352,-15.632003128988302]]]]}},
{"type":"Feature","properties":{"OBJECTID":20,"QUADRA":"2A","SETOR":"4","BAIRRO":"JD. RONDON","SHAPE_AREA":5895.7787034000003,"SHAPE_LEN":304.88161840700002},"geometry":{"type":"MultiPolygon","coordinates":[[[[-58.172656724761254,-15.626509079073069],[-58.172650863906092,-15.626644773616201],[-58.172694589272524,-15.62664408350366],[-58.172846726075065,-15.626642572703199],[-58.173028662029168,-15.626612363399916],[-58.173185504089147,-15.626579133450226],[-58.173297788601921,-15.626546408259747],[-58.173401598432804,-15.626521310314304],[-58.17341064882288,-15.626475386730863],[-58.173416595987199,-15.626445209565128],[-58.173439490418978,-15.62631980535466],[-58.173454909151737,-15.626232983797253],[-58.173466944113535,-15.626169483108036],[-58.173485275441728,-15.626056866488041],[-58.173473752459074,-15.626039907490625],[-58.17336317424914,-15.626018886232307],[-58.173364261711598,-15.626010013069701],[-58.173236076805729,-15.625986410303694],[-58.173107909292568,-15.625962581390588],[-58.172979739832556,-15.625940045001295],[-58.172827369521258,-15.625905181990802],[-58.172717852744988,-15.625883802201427],[-58.172696778575215,-15.626011158123262],[-58.172672835949996,-15.626136025541102],[-58.172656724761254,-15.626509079073069]]]]}},
{"type":"Feature","properties":{"OBJECTID":231,"QUADRA":"14","SETOR":"1","BAIRRO":"NUCLEO URBANO","SHAPE_AREA":6393.8454248999997,"SHAPE_LEN":319.99925263099999},"geometry":{"type":"MultiPolygon","coordinates":[[[[-58.179829746566007,-15.629126209489192],[-58.180193084201527,-15.629208405756266],[-58.180251289780024,-15.628961683133108],[-58.180276235779253,-15.628855942792288],[-58.180301181761841,-15.628750203353302],[-58.180361514729604,-15.628503959182616],[-58.180225263543377,-15.628473135727621],[-58.180111720451038,-15.628447449902692],[-58.17999817831052,-15.628421763108117],[-58.179884635266632,-15.62839607716163],[-58.179771093179724,-15.628370391149373],[-58.179634842144644,-15.628339567315104],[-58.179575890639676,-15.628586125706756],[-58.179550624872569,-15.628691793589676],[-58.179525360016065,-15.628797461465465],[-58.179466409183725,-15.629044013503597],[-58.179602660674952,-15.629074837410084],[-58.179716204074737,-15.629100523477515],[-58.179829746566007,-15.629126209489192]]]]}},
{"type":"Feature","properties":{"OBJECTID":80,"QUADRA":"E","SETOR":"4","BAIRRO":"JD. AMERICA","SHAPE_AREA":1876.14176,"SHAPE_LEN":173.39993117899999},"geometry":{"type":"MultiPolygon","coordinates":[[[[-58.171893982879737,-15.62072545981013],[-58.172083407277491,-15.620766084489453],[-58.172113043758607,-15.620633576677847],[-58.172142779371114,-15.620500628129706],[-58.172172514013369,-15.620367678679703],[-58.171983089970396,-15.620327053148017],[-58.171793665063156,-15.620286428356433],[-58.171763930180667,-15.620419377772054],[-58.171734194333091,-15.620552327189676],[-58.171704557612557,-15.620684834967026],[-58.171893982879737,-15.62072545981013]]]]}},
{"type":"Feature","properties":{"OBJECTID":369,"QUADRA":"29","SETOR":"1","BAIRRO":"JD. ZEFERINO I","SHAPE_AREA":6399.93654264,"SHAPE_LEN":319.99861644800001},"geometry":{"type":"MultiPolygon","coordinates":[[[[-58.170131398485758,-15.622335227447929],[-58.170267644490522,-15.622366056666946],[-58.170326605175305,-15.622119504519954],[-58.1703518751915,-15.62201383736727],[-58.17037714425792,-15.621908171121309],[-58.170436105630792,-15.621661615332311],[-58.170299860076696,-15.621630785281857],[-58.170186321677832,-15.621605093960763],[-58.170072784235934,-15.621579402573959],[-58.16995924681315,-15.621553710222546],[-58.169845708487031,-15.621528018719244],[-58.169709463084274,-15.621497188289805],[-58.169650500865721,-15.621743744847448],[-58.169625230512189,-15.621849412848189],[-58.169599961064087,-15.621955079937942],[-58.169540999513096,-15.622201629238036],[-58.169677245371666,-15.622232459739937],[-58.169790784082736,-15.622258152207497],[-58.169904321880196,-15.622283843715399],[-58.170017860634644,-15.622309535157616],[-58.170131398485758,-15.622335227447929]]]]}},
{"type":"Feature","properties":{"OBJECTID":597,"QUADRA":"9","SETOR":"1","BAIRRO":"JD. DAS OLIVEIRAS II","SHAPE_AREA":6167.5996762200002,"SHAPE_LEN":310.438595545},"geometry":{"type":"MultiPolygon","coordinates":[[[[-58.186360556770758,-15.625067771075575],[-58.186488440676769,-15.625096699879816],[-58.186544560869081,-15.624858783232222],[-58.186566761619275,-15.624764666076064],[-58.186566039817301,-15.624742980764378],[-58.186561995977307,-15.624621400210367],[-58.186553625085949,-15.62436889605233],[-58.186492585217536,-15.624355088934001],[-58.186409473684201,-15.624336288610928],[-58.186291391392935,-15.62430957826853],[-58.186173309127845,-15.624282867860405],[-58.186055226888918,-15.624256157386544],[-58.185928060858132,-15.624227392538071],[-58.185871222767233,-15.624465146635607],[-58.185844559909349,-15.624579781201266],[-58.185817898865707,-15.624694411235113],[-58.185761059623935,-15.624932165317045],[-58.185888943375666,-15.624961092674971],[-58.186007026005171,-15.624987802306187],[-58.18612510959877,-15.625014512770516],[-58.186243192285801,-15.625041223174119],[-58.186360556770758,-15.625067771075575]]]]}},
{"type":"Feature","properties":{"OBJECTID":224,"QUADRA":"13","SETOR":"4","BAIRRO":"JD. ARATAKA","SHAPE_AREA":2559.1983435000002,"SHAPE_LEN":207.60253125099999},"geometry":{"type":"MultiPolygon","coordinates":[[[[-58.17239845568244,-15.616122776455816],[-58.172580791523835,-15.616161710552188],[-58.172600452272313,-15.616072931984609],[-58.172620093427554,-15.615983990816472],[-58.17264076451545,-15.615894104080697],[-58.172661180857602,-15.615805348591431],[-58.172681510364292,-15.615716087374711],[-58.172707852731349,-15.615596739034931],[-58.172527912811034,-15.61555751200749],[-58.172345792113838,-15.615520230837879],[-58.17231665016967,-15.615642649309359],[-58.172296305066695,-15.615730834932464],[-58.172274226728895,-15.615819310018594],[-58.172254822641818,-15.615907318872473],[-58.17223583375619,-15.615996175184273],[-58.17221608058793,-15.616083489887995],[-58.17239845568244,-15.616122776455816]]]]}},
{"type":"Feature","properties":{"OBJECTID":599,"QUADRA":"9","SETOR":"1","BAIRRO":"JD. ZEFERINO I","SHAPE_AREA":6399.9327156700001,"SHAPE_LEN":319.998502153},"geometry":{"type":"MultiPolygon","coordinates":[[[[-58.173425779114183,-15.623951050828639],[-58.173562249715403,-15.623980936631931],[-58.173619392078159,-15.623733982297884],[-58.173643881615547,-15.623628142785913],[-58.173668371136706,-15.623522304175832],[-58.173725513273048,-15.623275348013783],[-58.173589043130328,-15.623245462279643],[-58.173475317726222,-15.623220557435882],[-58.173361592345501,-15.623195652531244],[-58.1732478679209,-15.623170747560748],[-58.173134142586967,-15.623145842534333],[-58.17299767259022,-15.623115956420326],[-58.172940528680734,-15.623362915169906],[-58.172916038797915,-15.623468754628542],[-58.172903793382126,-15.623521674359592],[-58.172891548888586,-15.623574593181287],[-58.172834406592422,-15.623821545573497],[-58.172970877047653,-15.623851431756691],[-58.173084602763673,-15.623876336840731],[-58.173198327565196,-15.623901240964987],[-58.17331205332799,-15.623926145927253],[-58.173425779114183,-15.623951050828639]]]]}},
{"type":"Feature","properties":{"OBJECTID":101,"QUADRA":null,"SETOR":"2","BAIRRO":"JARDIM POPULAR II","SHAPE_AREA":14440.5955866,"SHAPE_LEN":484.73743283099998},"geometry":{"type":"MultiPolygon","coordinates":[[[[-58.185182526259794,-15.62773850084813],[-58.185178344729948,-15.628871860240038],[-58.18543949201252,-15.628868301043816],[-58.18570850955512,-15.628865952727903],[-58.18585117801571,-15.628864654807298],[-58.186127360596984,-15.628860271434682],[-58.186397664376379,-15.628855980964685],[-58.186381940982457,-15.627975974944873],[-58.185182526259794,-15.62773850084813]]]]}},
{"type":"Feature","properties":{"OBJECTID":23,"QUADRA":"47","SETOR":"4","BAIRRO":"JD. ZEFERINO  II","SHAPE_AREA":4149.3046196799996,"SHAPE_LEN":263.99991971700001},"geometry":{"type":"MultiPolygon","coordinates":[[[[-58.172097546777692,-15.628283441122278],[-58.172233865322156,-15.628313983717605],[-58.172274316369609,-15.628063946992699],[-58.172291652507909,-15.627956788136135],[-58.17230898863729,-15.627849630182306],[-58.171945473414546,-15.627768184338901],[-58.171581957499647,-15.627686736973983],[-58.171564621000577,-15.627793895800814],[-58.171547284487453,-15.627901054626509],[-58.171506832560219,-15.628151090375473],[-58.171643150954928,-15.628181633350231],[-58.171699950293245,-15.628194359036613],[-58.171756750575462,-15.628207085606688],[-58.171870349287268,-15.62823253780731],[-58.171983947085167,-15.628257989048237],[-58.172097546777692,-15.628283441122278]]]]}},
{"type":"Feature","properties":{"OBJECTID":381,"QUADRA":"3","SETOR":"1","BAIRRO":"JD. SANTA MARIA","SHAPE_AREA":13475.483256400001,"SHAPE_LEN":497.14120534900002},"geometry":{"type":"MultiPolygon","coordinates":[[[[-58.174754426057731,-15.627994946682232],[-58.174890753792255,-15.628025449600601],[-58.174930350741477,-15.627867338334285],[-58.17495234943965,-15.627779498938292],[-58.174978748599216,-15.627674091114649],[-58.175005146802739,-15.627568683293712],[-58.175035945457275,-15.627445707947453],[-58.175066743147376,-15.627322732603071],[-58.174930415862264,-15.627292228858064],[-58.174816810133755,-15.627266809905876],[-58.174703203491291,-15.627241389993987],[-58.174589597810694,-15.627215970920171],[-58.174475992154022,-15.627190551785544],[-58.174362385583429,-15.627165131691219],[-58.174248779974683,-15.627139712434978],[-58.174135174384745,-15.627114292214046],[-58.17402565771777,-15.627089787411807],[-58.173907962349119,-15.627063452498625],[-58.173794356836169,-15.627038032999137],[-58.173516528148077,-15.62697542622956],[-58.17349093261933,-15.627099884934427],[-58.173465376102506,-15.627224155415249],[-58.173447065265869,-15.627331372871254],[-58.17342875534689,-15.627438590321017],[-58.173407408383312,-15.627563679827043],[-58.173378153510662,-15.627687001084078],[-58.173731969135403,-15.627766169743373],[-58.17384966489648,-15.627792504723264],[-58.173959180995865,-15.62781700959256],[-58.1740727878922,-15.627842428969007],[-58.174186393879744,-15.627867848289638],[-58.174299999896405,-15.627893268453336],[-58.174413606864604,-15.627918687647343],[-58.174527212929164,-15.627944107689407],[-58.174640819012517,-15.627969526766789],[-58.174754426057731,-15.627994946682232]]]]}},
{"type":"Feature","properties":{"OBJECTID":610,"QUADRA":"B","SETOR":"3","BAIRRO":"JD. UNIVERSITARIO","SHAPE_AREA":6398.3185636500002,"SHAPE_LEN":318.89877774000001},"geometry":{"type":"MultiPolygon","coordinates":[[[[-58.183692987353979,-15.621143320660369],[-58.183966424572077,-15.621200904704452],[-58.184007775594786,-15.62102462419401],[-58.18408840981391,-15.620680875646356],[-58.184126610517083,-15.6205180269874],[-58.184127140556157,-15.620514496181206],[-58.184127091157713,-15.620510929632307],[-58.184126461887402,-15.620507414118059],[-58.184125270980722,-15.62050403902685],[-58.184123545963942,-15.620500887369616],[-58.18412133112615,-15.620498037547328],[-58.184118680979992,-15.620495561578494],[-58.184115661168292,-15.620493520574696],[-58.184112348469327,-15.62049196564446],[-58.184108824252249,-15.620490935216923],[-58.183402667274137,-15.620342220241007],[-58.183359248153266,-15.620527314967728],[-58.183237260176604,-15.621047344657889],[-58.183692987353979,-15.621143320660369]]]]}},
{"type":"Feature","properties":{"OBJECTID":500,"QUADRA":"5","SETOR":"3","BAIRRO":"JD. ITALIA II","SHAPE_AREA":3034.1241494800001,"SHAPE_LEN":221.000005738},"geometry":{"type":"MultiPolygon","coordinates":[[[[-58.172204425086584,-15.61372213152417],[-58.172320200438598,-15.613748457337282],[-58.172345045445375,-15.613638064824851],[-58.172369889502114,-15.613527673219213],[-58.172392745751274,-15.613426112580049],[-58.172415602914079,-15.613324551934159],[-58.172427031027134,-15.613273772516919],[-58.172438460062999,-15.613222992190394],[-58.172206909968196,-15.613170341488681],[-58.171975359974752,-15.613117690534411],[-58.171952503539949,-15.613219251144702],[-58.171929646148286,-15.613320810854322],[-58.171906788742739,-15.613422371466099],[-58.17188144772652,-15.613534971228573],[-58.17185710012555,-15.613643155508779],[-58.171972874463719,-15.613669480612408],[-58.172088649765065,-15.613695806551789],[-58.172204425086584,-15.61372213152417]]]]}},
{"type":"Feature","properties":{"OBJECTID":203,"QUADRA":"12","SETOR":"2","BAIRRO":"JD. POPULAR","SHAPE_AREA":6390.5676880199999,"SHAPE_LEN":319.76510571699998},"geometry":{"type":"MultiPolygon","coordinates":[[[[-58.182770255033979,-15.629782316344553],[-58.182906507364827,-15.629813138129037],[-58.182964709757975,-15.629566415012304],[-58.182989654392017,-15.629460674459965],[-58.183014599014655,-15.629354935713319],[-58.18307280209924,-15.629108208955239],[-58.18293867692806,-15.629077868405677],[-58.182825134194808,-15.629052184027962],[-58.182711590547839,-15.629026498690585],[-58.182598047863024,-15.629000814191297],[-58.182484504269659,-15.62897512963624],[-58.182348252546149,-15.628944307544586],[-58.182289304222621,-15.629190866439437],[-58.182264040751747,-15.629296534532999],[-58.182238776325995,-15.629402202629475],[-58.182179829607861,-15.629648755165798],[-58.182316080854854,-15.629679577334629],[-58.182429624828394,-15.629705261949802],[-58.182543167898579,-15.629730947413112],[-58.182656711920536,-15.62975663190671],[-58.182770255033979,-15.629782316344553]]]]}},
{"type":"Feature","properties":{"OBJECTID":264,"QUADRA":"17","SETOR":"4","BAIRRO":"JD. RONDON","SHAPE_AREA":4242.513088,"SHAPE_LEN":266.80077579900001},"geometry":{"type":"MultiPolygon","coordinates":[[[[-58.170480390982391,-15.632348784685572],[-58.17072438731303,-15.632380710521403],[-58.170741272549805,-15.63225459737224],[-58.170759330996567,-15.632131397588445],[-58.170776296189096,-15.632016076687984],[-58.170794179979374,-15.631899901209431],[-58.170809884498162,-15.631782697863198],[-58.170828709250408,-15.631656474927127],[-58.170686124814871,-15.631635605221735],[-58.17058898971603,-15.631621923074741],[-58.170350967229112,-15.63158888950975],[-58.170330104951368,-15.631714454399162],[-58.170312192254521,-15.631830512503205],[-58.170294389369253,-15.63194619941723],[-58.170275881825631,-15.632062640333507],[-58.170257127380268,-15.63218816685605],[-58.170235682448343,-15.63231462971568],[-58.170480390982391,-15.632348784685572]]]]}},
{"type":"Feature","properties":{"OBJECTID":335,"QUADRA":"22","SETOR":"4","BAIRRO":"JD. RONDON","SHAPE_AREA":2367.1570885000001,"SHAPE_LEN":221.60874457700001},"geometry":{"type":"MultiPolygon","coordinates":[[[[-58.168835548256794,-15.632983204132445],[-58.169099549077337,-15.633015938111949],[-58.169123167221493,-15.63288437472929],[-58.169142771330449,-15.632770368585557],[-58.169160557277372,-15.632654862600219],[-58.169175066555667,-15.632537267965676],[-58.169207268577146,-15.632279536295396],[-58.168949206845973,-15.632242847772376],[-58.168911471999216,-15.632490539348384],[-58.168893723287049,-15.632607699279756],[-58.168876121597783,-15.632724469745222],[-58.168857509445679,-15.632847283710777],[-58.168835548256794,-15.632983204132445]]]]}},
{"type":"Feature","properties":{"OBJECTID":337,"QUADRA":"22","SETOR":"1","BAIRRO":"NUCLEO URBANO","SHAPE_AREA":6399.9212889399996,"SHAPE_LEN":319.99999781299999},"geometry":{"type":"MultiPolygon","coordinates":[[[[-58.176026181515468,-15.626460899667416],[-58.176162474641878,-15.62649154304701],[-58.176224357385493,-15.626227089385754],[-58.176250141739203,-15.62611689945301],[-58.176275927007339,-15.626006710416938],[-58.176327496535279,-15.625786331439272],[-58.176191202938426,-15.625755689038693],[-58.176077626202598,-15.625730152124877],[-58.175964048558079,-15.625704615155275],[-58.175850471870369,-15.625679078119886],[-58.175736894279169,-15.625653541932587],[-58.175600602692832,-15.625622898238811],[-58.175549032397853,-15.625843276195699],[-58.175523247681525,-15.625953465168333],[-58.175497462014114,-15.626063655047609],[-58.175466519735693,-15.626195881812201],[-58.175435578356208,-15.626328108568575],[-58.175571871337574,-15.626358753231385],[-58.175685448382133,-15.626384290386014],[-58.175799026378371,-15.626409826570985],[-58.175912603465939,-15.626435362700155],[-58.176026181515468,-15.626460899667416]]]]}},
{"type":"Feature","properties":{"OBJECTID":471,"QUADRA":"48","SETOR":"2","BAIRRO":"JD. POPULAR","SHAPE_AREA":6401.1236819799997,"SHAPE_LEN":319.99898488100001},"geometry":{"type":"MultiPolygon","coordinates":[[[[-58.181587142101073,-15.634275726958334],[-58.181841672511936,-15.634332445359732],[-58.181873256857841,-15.63420036094559],[-58.181899576808725,-15.634090290599637],[-58.181925897673551,-15.633980221150237],[-58.181978537455173,-15.633760080446871],[-58.182010121651132,-15.633627996018443],[-58.181910878879485,-15.633606177119891],[-58.181755590222501,-15.633571276858133],[-58.181646501494569,-15.633546968186517],[-58.181537588681657,-15.633521938098173],[-58.181282880644119,-15.633465938832488],[-58.181251295991224,-15.633598023188643],[-58.181224975731631,-15.633708093481244],[-58.181198655442827,-15.633818162867671],[-58.181172334202401,-15.633928233160708],[-58.181146013870709,-15.634038303446435],[-58.18111442906784,-15.634170387788293],[-58.18136896672916,-15.634227108524415],[-58.181478054873104,-15.634251418218849],[-58.181587142101073,-15.634275726958334]]]]}},
{"type":"Feature","properties":{"OBJECTID":607,"QUADRA":"9","SETOR":"3","BAIRRO":"JD. ITALIA III","SHAPE_AREA":1618.5085792699999,"SHAPE_LEN":161.58743317700001},"geometry":{"type":"MultiPolygon","coordinates":[[[[-58.176259491081865,-15.612640613105821],[-58.176528339948298,-15.61269941510227],[-58.176579380216829,-15.612478921365641],[-58.176630420392669,-15.612258427620359],[-58.176531705573694,-15.612236836839884],[-58.176432991710151,-15.612215246912447],[-58.176361572090407,-15.612199625708934],[-58.176328151631765,-15.612220116443915],[-58.176283237372459,-15.612414149733732],[-58.176238306639682,-15.612608250897893],[-58.176259491081865,-15.612640613105821]]]]}},
{"type":"Feature","properties":{"OBJECTID":227,"QUADRA":"14","SETOR":"2","BAIRRO":"JARDIM PERUCHI","SHAPE_AREA":4919.99907824,"SHAPE_LEN":284.000082104},"geometry":{"type":"MultiPolygon","coordinates":[[[[-58.186678814014741,-15.63753054993982],[-58.186681987613127,-15.637675139412536],[-58.18681936160894,-15.637672504222792],[-58.186961774119531,-15.637669772078832],[-58.187098539030984,-15.637667148145994],[-58.187241560579736,-15.637664403485246],[-58.187238386589705,-15.637519814047771],[-58.187235907066032,-15.637406853886372],[-58.187233427544442,-15.637293892819741],[-58.187230948030155,-15.637180931751764],[-58.187228468528389,-15.637067971586299],[-58.187225294582518,-15.636923381235796],[-58.186945509125913,-15.636928749739045],[-58.186665723623086,-15.636934116982435],[-58.186668897172112,-15.637078706464301],[-58.186671376373127,-15.637191667561174],[-58.186673855581425,-15.637304628656697],[-58.186676334791834,-15.637417588847009],[-58.186678814014741,-15.63753054993982]]]]}},
{"type":"Feature","properties":{"OBJECTID":163,"QUADRA":"1","SETOR":"3","BAIRRO":"JD. ITALIA","SHAPE_AREA":4126.18396837,"SHAPE_LEN":380.09998896799999},"geometry":{"type":"MultiPolygon","coordinates":[[[[-58.17494687892431,-15.61595683284969],[-58.175058281716062,-15.61598142511416],[-58.175107538638507,-15.615766286894205],[-58.175127742288858,-15.615678043993578],[-58.175147945919392,-15.615589800187699],[-58.175168149535253,-15.615501556380462],[-58.175188353141614,-15.615413313475745],[-58.175208556728172,-15.615325069665799],[-58.175228760300072,-15.615236825854467],[-58.175248963862458,-15.615148582945682],[-58.175269167405034,-15.615060339131649],[-58.175274238304127,-15.615038189713651],[-58.175289370932958,-15.614972095316253],[-58.175297169303924,-15.61493803314087],[-58.175309574451376,-15.614883852403375],[-58.175320100289987,-15.61483787747021],[-58.175329777949983,-15.614795608585258],[-58.175343253301477,-15.614736749810666],[-58.175349981433932,-15.614707364765767],[-58.175370183975694,-15.614619121853812],[-58.175391741620025,-15.614524965543337],[-58.175164389558034,-15.614474777776213],[-58.175142832744491,-15.614568934066583],[-58.175122629174574,-15.614657176969374],[-58.175102425595142,-15.614745420774689],[-58.175082222001038,-15.61483366457864],[-58.175062018387138,-15.614921907477358],[-58.175041814763723,-15.615010151278602],[-58.175021611125658,-15.615098395078473],[-58.175001407467775,-15.615186637973116],[-58.174981203800399,-15.615274881770256],[-58.174961000118344,-15.61536312556605],[-58.174940796416486,-15.615451368456606],[-58.174920592705135,-15.615539612249682],[-58.174900388979118,-15.615627856041385],[-58.174880185233292,-15.615716098927853],[-58.174830929010703,-15.615931237108287],[-58.17494687892431,-15.61595683284969]]]]}},
{"type":"Feature","properties":{"OBJECTID":208,"QUADRA":"12","SETOR":"3","BAIRRO":"JD. SANTA ROSA II","SHAPE_AREA":2355.97361606,"SHAPE_LEN":226.16642333},"geometry":{"type":"MultiPolygon","coordinates":[[[[-58.181182456266214,-15.620580017808742],[-58.181295967715251,-15.620605817427631],[-58.181331584744406,-15.620461629721063],[-58.181356767598054,-15.62035968170483],[-58.181382825583725,-15.620254194699481],[-58.181408882613759,-15.620148707696913],[-58.181469683197562,-15.619902571946467],[-58.181356173059854,-15.619876772385467],[-58.181242662946488,-15.619850972763741],[-58.181115531126892,-15.619822077262754],[-58.181118296115024,-15.620082661620732],[-58.181121751030595,-15.62019485591212],[-58.181125205959617,-15.620307051105941],[-58.181138827722847,-15.62031014692154],[-58.181078026652891,-15.620556282607078],[-58.181182456266214,-15.620580017808742]]]]}},
{"type":"Feature","properties":{"OBJECTID":314,"QUADRA":"2","SETOR":"3","BAIRRO":"RESIDENCIAL SANTIAGO","SHAPE_AREA":4136.0324846800004,"SHAPE_LEN":268.33988972200001},"geometry":{"type":"MultiPolygon","coordinates":[[[[-58.186577297518951,-15.620988694012173],[-58.186580052908226,-15.621097127934661],[-58.186813111504925,-15.621089783040777],[-58.186926844469113,-15.621086198836299],[-58.187040576492258,-15.621082614578221],[-58.187154309439812,-15.621079030256432],[-58.187268042373844,-15.621075444972089],[-58.187383359745809,-15.62107181038367],[-58.18737784999874,-15.620854942605769],[-58.187372339342254,-15.620638073923894],[-58.18725702221176,-15.620641708489796],[-58.187143290443402,-15.620645292842996],[-58.187029557739208,-15.62064887804646],[-58.186915825021494,-15.620652462287385],[-58.186802092295451,-15.620656046469646],[-58.186569034186775,-15.620663391318036],[-58.186571788621976,-15.620771825249408],[-58.186574543069504,-15.62088026008337],[-58.186577297518951,-15.620988694012173]]]]}},
{"type":"Feature","properties":{"OBJECTID":64,"QUADRA":"81","SETOR":"2","BAIRRO":"JD. POPULAR","SHAPE_AREA":6401.5713039599996,"SHAPE_LEN":319.99882074},"geometry":{"type":"MultiPolygon","coordinates":[[[[-58.183259636460967,-15.638174353693042],[-58.18339589448253,-15.63820517385691],[-58.18345484327471,-15.637958620198871],[-58.183480106854084,-15.637852951114509],[-58.183506113915016,-15.63774745246972],[-58.183564318969168,-15.637500726540919],[-58.183562193109623,-15.637500245384285],[-58.183428061398914,-15.637469905545368],[-58.183314513914155,-15.637444220861033],[-58.183200965526034,-15.637418537024811],[-58.183087418089741,-15.637392852218854],[-58.182973870682858,-15.637367168255947],[-58.182837613263793,-15.637336346880865],[-58.182804898835073,-15.637473175756652],[-58.182778662941786,-15.637582905853769],[-58.182753399019376,-15.637688574882491],[-58.182728134136816,-15.637794243010266],[-58.182699512439079,-15.637913954236808],[-58.182669186352896,-15.638040795619585],[-58.182805444223256,-15.63807161616298],[-58.182918992015736,-15.638097301089926],[-58.183032539827252,-15.638122985052167],[-58.183146088595791,-15.63814866894856],[-58.183259636460967,-15.638174353693042]]]]}},
{"type":"Feature","properties":{"OBJECTID":316,"QUADRA":"2","SETOR":"3","BAIRRO":"CHACARA SANTO REIS","SHAPE_AREA":2719.99856658,"SHAPE_LEN":239.999987533},"geometry":{"type":"MultiPolygon","coordinates":[[[[-58.180047747423593,-15.620722997704394],[-58.180023003702431,-15.62082878124304],[-58.179913874656194,-15.620804678450801],[-58.179831396180958,-15.621157290499934],[-58.179940525410288,-15.6211813933202],[-58.180195160364995,-15.621237633317339],[-58.18022402750227,-15.621114218573641],[-58.180252895548016,-15.620990804726059],[-58.180277638229896,-15.620885021174844],[-58.180302381822884,-15.620779237616581],[-58.180331249783642,-15.620655822857618],[-58.180360116787455,-15.620532409004797],[-58.18010548268721,-15.620476169138351],[-58.180076614606342,-15.620599583877203],[-58.180047747423593,-15.620722997704394]]]]}},
{"type":"Feature","properties":{"OBJECTID":184,"QUADRA":"10","SETOR":"3","BAIRRO":"JD. ITALIA II","SHAPE_AREA":4986.7827493499999,"SHAPE_LEN":395.84579302399999},"geometry":{"type":"MultiPolygon","coordinates":[[[[-58.175604537564503,-15.614461050051363],[-58.175671177283327,-15.614475440605862],[-58.17570489272763,-15.614455410266064],[-58.175752773132736,-15.614261573605543],[-58.175808699903556,-15.614035161255531],[-58.17578799871221,-15.614002506270573],[-58.175618850827099,-15.613965979964089],[-58.175514158217545,-15.613943371333546],[-58.17540946562746,-15.61392076265146],[-58.175304773061995,-15.613898154821706],[-58.175200080510862,-15.613875546036525],[-58.175095387051662,-15.613852938108669],[-58.174990694539474,-15.613830329220386],[-58.174886002046762,-15.613807720280576],[-58.174781309578684,-15.61378511219309],[-58.174676617124916,-15.613762503150189],[-58.174568143488841,-15.613739078161039],[-58.174503689300018,-15.61372515915491],[-58.174470419869408,-15.613745878417202],[-58.174447912426061,-15.613846436713843],[-58.174419441794882,-15.613973639808536],[-58.174509386770829,-15.613993062913568],[-58.174617860543208,-15.614016488826367],[-58.174651587002181,-15.61402377202738],[-58.174722553118407,-15.61403909698446],[-58.17474262370493,-15.614043431442701],[-58.174827245718255,-15.614061705994876],[-58.174833661360246,-15.614063091717943],[-58.174924698092468,-15.614082751055312],[-58.174931938337558,-15.614084314953759],[-58.175015735772078,-15.614102410348712],[-58.175036631903886,-15.614106922952232],[-58.175106772538889,-15.614122070512016],[-58.175141324562148,-15.61412953180802],[-58.175197810247965,-15.614141729727461],[-58.175246017234741,-15.614152139708379],[-58.175288847039091,-15.614161388908926],[-58.175350709931955,-15.614174748461068],[-58.175379884782757,-15.614181048950309],[-58.175455402648645,-15.614197357162229],[-58.175470921603321,-15.614200708053824],[-58.175416636366144,-15.614420473244071],[-58.175510586954907,-15.614440761216539],[-58.175604537564503,-15.614461050051363]]]]}},
{"type":"Feature","properties":{"OBJECTID":611,"QUADRA":"B","SETOR":"4","BAIRRO":"JD. AMERICA","SHAPE_AREA":2128.6757638,"SHAPE_LEN":264.09165519599998},"geometry":{"type":"MultiPolygon","coordinates":[[[[-58.17171830222378,-15.619249918249469],[-58.171889170359762,-15.619288102231005],[-58.171918146597129,-15.619155456948242],[-58.171945190063902,-15.619031654988383],[-58.171972234436097,-15.618907853021073],[-58.17199927785343,-15.61878405196016],[-58.172026322171043,-15.618660249987936],[-58.172053366461384,-15.618536448013236],[-58.172080409791711,-15.618412646041046],[-58.172108582205183,-15.618283681231853],[-58.172104132994733,-15.618282848979618],[-58.171936408528396,-15.618251476470228],[-58.171909542368688,-15.618374462157991],[-58.171882498937521,-15.618498264116232],[-58.171855454546375,-15.618622066077011],[-58.171828410127944,-15.618745868035321],[-58.171801366614922,-15.618869669986195],[-58.17177432213677,-15.61899347103569],[-58.171747278569178,-15.619117272981629],[-58.17171830222378,-15.619249918249469]]]]}},
{"type":"Feature","properties":{"OBJECTID":327,"QUADRA":"20","SETOR":"1","BAIRRO":"NUCLEO URBANO","SHAPE_AREA":6399.9312777300001,"SHAPE_LEN":319.99866287200001},"geometry":{"type":"MultiPolygon","coordinates":[[[[-58.180973240105722,-15.62844227823099],[-58.181336575898946,-15.628524472666113],[-58.181420789107747,-15.628172249537105],[-58.181446052928102,-15.628066582413558],[-58.181505002998144,-15.627820025475753],[-58.181368752152999,-15.627789202709582],[-58.181255209339724,-15.627763516554806],[-58.181141667488596,-15.627737831238134],[-58.18102812472894,-15.627712145865685],[-58.180778332227028,-15.627655636378131],[-58.180719382253805,-15.627902195887822],[-58.180704644042095,-15.627963835767206],[-58.180694117140952,-15.628007863862519],[-58.180609903632948,-15.628360084082376],[-58.180973240105722,-15.62844227823099]]]]}},
{"type":"Feature","properties":{"OBJECTID":375,"QUADRA":"3","SETOR":"2","BAIRRO":"MORADA DO SOL","SHAPE_AREA":7169.1747671399999,"SHAPE_LEN":359.00005022699997},"geometry":{"type":"MultiPolygon","coordinates":[[[[-58.18660773149508,-15.632231491950357],[-58.18661131879275,-15.632376072030489],[-58.186760378479832,-15.632374797549311],[-58.186891142300816,-15.632373678892467],[-58.187026333871579,-15.632372522642804],[-58.187170964843233,-15.632371285402964],[-58.187167377148505,-15.632226704455347],[-58.18716457336663,-15.63211375050858],[-58.187161770530402,-15.632000797459279],[-58.187158967701819,-15.631887844408567],[-58.187156164875674,-15.631774890452617],[-58.187153361124437,-15.631661936500301],[-58.187150558313611,-15.631548982541576],[-58.18714775551566,-15.631436029485334],[-58.187144166969347,-15.631291448528081],[-58.187051106253207,-15.631292243994775],[-58.186864345884999,-15.631293840977817],[-58.186734364385188,-15.631294952631682],[-58.186584523840175,-15.631296233979949],[-58.186588111994681,-15.631440814973594],[-58.186590914486523,-15.63155376805827],[-58.186593716991226,-15.631666722045429],[-58.186596520436346,-15.631779676026156],[-58.186599322956354,-15.631892630010551],[-58.186602125484015,-15.632005583993552],[-58.186604928019342,-15.63211853797517],[-58.18660773149508,-15.632231491950357]]]]}},
{"type":"Feature","properties":{"OBJECTID":63,"QUADRA":"80","SETOR":"2","BAIRRO":"JD. POPULAR","SHAPE_AREA":6400.96921939,"SHAPE_LEN":319.99895186499998},"geometry":{"type":"MultiPolygon","coordinates":[[[[-58.18412063784772,-15.638368686139964],[-58.184256896094645,-15.638399506654265],[-58.18428730817979,-15.638270591996028],[-58.18431584387713,-15.638152952836624],[-58.184341107023755,-15.638047283683841],[-58.18436711365316,-15.637941784967639],[-58.184425317691201,-15.637695057978364],[-58.184289059900792,-15.637664237536228],[-58.184175512237772,-15.63763855421695],[-58.184061964598961,-15.637612870836868],[-58.183948416046391,-15.637587186497104],[-58.183809803682763,-15.637555833402892],[-58.183698610816798,-15.637530682173695],[-58.183671441725679,-15.637644320446931],[-58.183639661504451,-15.637777241306239],[-58.183614398009574,-15.637882909499512],[-58.183589134492543,-15.637988577690667],[-58.183530186785497,-15.638235130464695],[-58.18366644488124,-15.638265951358557],[-58.183779992852024,-15.638291634920424],[-58.183893541785018,-15.63831731932032],[-58.184007089804254,-15.638343002760559],[-58.18412063784772,-15.638368686139964]]]]}},
{"type":"Feature","properties":{"OBJECTID":394,"QUADRA":"3","SETOR":"3","BAIRRO":"RESIDENCIAL SANTIAGO","SHAPE_AREA":2183.84244442,"SHAPE_LEN":223.04923197299999},"geometry":{"type":"MultiPolygon","coordinates":[[[[-58.187163197456094,-15.621441535138722],[-58.187392423235458,-15.621442363561194],[-58.187387551279798,-15.62120117547363],[-58.187158467328302,-15.621207274698818],[-58.187044716186371,-15.621210303223647],[-58.186930966902153,-15.621213331679646],[-58.18681721667231,-15.621216359178103],[-58.186584121526458,-15.621222564457726],[-58.186586311763435,-15.621331011375133],[-58.186588502001726,-15.621439457387464],[-58.186821738700573,-15.621440299979293],[-58.18693555923106,-15.621440713259579],[-58.187049378809292,-15.621441123774211],[-58.187056328831154,-15.621441148563273],[-58.187163197456094,-15.621441535138722]]]]}},
{"type":"Feature","properties":{"OBJECTID":311,"QUADRA":"2","SETOR":"3","BAIRRO":"RESIDENCIAL  ARANTES","SHAPE_AREA":2602.4216078200002,"SHAPE_LEN":225.31774787200001},"geometry":{"type":"MultiPolygon","coordinates":[[[[-58.183786082058909,-15.622878710659332],[-58.183719922786842,-15.623165394276358],[-58.183847950787921,-15.623193357671139],[-58.183966239845311,-15.623219193296064],[-58.184084528000369,-15.623245029764023],[-58.18420281710813,-15.623270865257197],[-58.184321106241079,-15.623296700684479],[-58.184449134380714,-15.623324663716881],[-58.184515218017374,-15.623038301240397],[-58.184515292656926,-15.623037979950903],[-58.184387264697335,-15.623010017848539],[-58.184387190052391,-15.623010338234121],[-58.184268902008348,-15.622984501922053],[-58.184150613061931,-15.622958666453004],[-58.184032324140716,-15.622932830918089],[-58.183914035239503,-15.622906994413423],[-58.183786082058909,-15.622878710659332]]]]}},
{"type":"Feature","properties":{"OBJECTID":40,"QUADRA":"62","SETOR":"2","BAIRRO":"JD. POPULAR","SHAPE_AREA":6399.9940465400005,"SHAPE_LEN":319.99995062400001},"geometry":{"type":"MultiPolygon","coordinates":[[[[-58.184245667212217,-15.636628802534197],[-58.184654438579344,-15.636721262927288],[-58.184717596602383,-15.636457091773464],[-58.184738649249439,-15.636369035321858],[-58.184822859673552,-15.636016807693014],[-58.184096157668399,-15.635852432797694],[-58.183990893075681,-15.636292716637668],[-58.183927735072459,-15.63655688764214],[-58.184245667212217,-15.636628802534197]]]]}},
{"type":"Feature","properties":{"OBJECTID":310,"QUADRA":"2","SETOR":"4","BAIRRO":"JD. ZEFERINO III","SHAPE_AREA":4048.9854468399999,"SHAPE_LEN":306.82052566},"geometry":{"type":"MultiPolygon","coordinates":[[[[-58.175537800210414,-15.624036089469248],[-58.175786727101361,-15.624159951142937],[-58.175822912175917,-15.624074194220515],[-58.175859096284661,-15.623988436394653],[-58.175895953126641,-15.623901085888825],[-58.175666742529415,-15.62377155516155],[-58.175569742042924,-15.623716737390687],[-58.175472741611109,-15.62366192047701],[-58.175375741228819,-15.623607103516632],[-58.175278739963325,-15.62355228651456],[-58.175182175748773,-15.623497715701104],[-58.175181739680099,-15.623497469460784],[-58.174939693970643,-15.623360683157687],[-58.174890136436687,-15.623461955718662],[-58.174840578862032,-15.623563229174774],[-58.174791021236331,-15.623664501718247],[-58.174873996862019,-15.623705789279304],[-58.175039947280474,-15.62378836520884],[-58.175139518145585,-15.623837909613979],[-58.175239088128563,-15.623887454879323],[-58.175338659084545,-15.623936999187075],[-58.175438230091132,-15.623986544350013],[-58.175537800210414,-15.624036089469248]]]]}},
{"type":"Feature","properties":{"OBJECTID":481,"QUADRA":"5","SETOR":"2","BAIRRO":"MORADA DO SOL","SHAPE_AREA":4799.4429682600003,"SHAPE_LEN":279.99989355500003},"geometry":{"type":"MultiPolygon","coordinates":[[[[-58.186847790290138,-15.630303394374989],[-58.187127618916598,-15.630302382254486],[-58.187124968589401,-15.630166823503391],[-58.187122759054873,-15.630053857278465],[-58.187120549527364,-15.629940891052231],[-58.18711834093962,-15.629827924819608],[-58.187116131426116,-15.629714958590718],[-58.187113481142632,-15.629579399831327],[-58.186833652558683,-15.629580410966767],[-58.186553824883525,-15.629581422644286],[-58.186556474799339,-15.62971698143599],[-58.186558684006449,-15.629829947691833],[-58.186560893220545,-15.629942913946357],[-58.186563101508916,-15.630055880204589],[-58.186565310737038,-15.630168846456453],[-58.186567960696557,-15.630304405239899],[-58.186847790290138,-15.630303394374989]]]]}},
{"type":"Feature","properties":{"OBJECTID":350,"QUADRA":"25","SETOR":"2","BAIRRO":"JD. POPULAR","SHAPE_AREA":2839.8375312799999,"SHAPE_LEN":216.38789064400001},"geometry":{"type":"MultiPolygon","coordinates":[[[[-58.17861496520954,-15.630953512599909],[-58.178842057866369,-15.631002469396886],[-58.178882423777615,-15.630825975241141],[-58.178902607169888,-15.630737726802906],[-58.17892279054751,-15.630649478363306],[-58.178944092421467,-15.630561899131193],[-58.178388545398356,-15.6304440120407],[-58.178387815419164,-15.63045761795961],[-58.178384037353808,-15.630544174728204],[-58.178379915425779,-15.63063861903105],[-58.178378648642223,-15.630667640357515],[-58.178374939803341,-15.630752601356557],[-58.17837415559336,-15.630755746646344],[-58.178339628035843,-15.630894154881355],[-58.178488023857525,-15.630926146212975],[-58.17861496520954,-15.630953512599909]]]]}},
{"type":"Feature","properties":{"OBJECTID":523,"QUADRA":"6","SETOR":"2","BAIRRO":"JD. POPULAR","SHAPE_AREA":6390.5710319700001,"SHAPE_LEN":319.765279609},"geometry":{"type":"MultiPolygon","coordinates":[[[[-58.184351113615641,-15.629188980357817],[-58.184605638166857,-15.629245696864208],[-58.184637220171602,-15.629113612169121],[-58.184663538171577,-15.629003541589046],[-58.184689856147536,-15.628893471006695],[-58.184716175032221,-15.62878340041701],[-58.184742492960169,-15.628673329830081],[-58.184774074815081,-15.628541245120733],[-58.184519375237173,-15.628485250111355],[-58.184410217112003,-15.628461252163135],[-58.184301059941205,-15.628437254153736],[-58.184200998594591,-15.628415255254604],[-58.184046357778506,-15.628381257688071],[-58.184015268252402,-15.628511280568519],[-58.183988949943782,-15.628621351095308],[-58.183962630678408,-15.628731421624858],[-58.183936312321755,-15.628841492147075],[-58.183909993941079,-15.628951562667012],[-58.18387841147949,-15.629083647289931],[-58.183985762659788,-15.629107568459114],[-58.184132943275991,-15.629140365226965],[-58.184242027968459,-15.62916467282294],[-58.184351113615641,-15.629188980357817]]]]}},
{"type":"Feature","properties":{"OBJECTID":561,"QUADRA":"7","SETOR":"4","BAIRRO":"JD. ARATAKA","SHAPE_AREA":442.68307805000001,"SHAPE_LEN":145.50545873799999},"geometry":{"type":"MultiPolygon","coordinates":[[[[-58.17175646829331,-15.617482120887653],[-58.171752672313332,-15.617612993001574],[-58.171824760075005,-15.617333408506852],[-58.171856743939124,-15.617190700211466],[-58.171892475983917,-15.617031339960297],[-58.171780670493426,-15.617006844066429],[-58.171768394933657,-15.617187266792866],[-58.171764422439324,-15.617262614450839],[-58.171760892843395,-15.617329564226354],[-58.171759651923324,-15.61737234026687],[-58.17175646829331,-15.617482120887653]]]]}},
{"type":"Feature","properties":{"OBJECTID":167,"QUADRA":"10","SETOR":"2","BAIRRO":"PACAEMBU","SHAPE_AREA":4799.4244443300004,"SHAPE_LEN":280.00004675700001},"geometry":{"type":"MultiPolygon","coordinates":[[[[-58.187694880757007,-15.633246290291149],[-58.187881436408396,-15.633245614674994],[-58.187879644817578,-15.633155242059013],[-58.187877853236486,-15.633064870346036],[-58.187876061654684,-15.632974497728343],[-58.187874270077394,-15.632884125109815],[-58.187872478504616,-15.632793752490414],[-58.187870686941558,-15.632703380774039],[-58.18786889537779,-15.632613008152941],[-58.18786710381854,-15.632522635530989],[-58.187680548820921,-15.632523311089452],[-58.187587271317248,-15.632523648809208],[-58.187493994743086,-15.632523986484278],[-58.18730743971431,-15.632524660821675],[-58.187309231028408,-15.632615033465253],[-58.187311022347018,-15.632705406107979],[-58.187312813664917,-15.632795777845981],[-58.187314604992537,-15.63288615048701],[-58.187316396324661,-15.63297652312718],[-58.187318187661297,-15.633066895766509],[-58.187319978997238,-15.633157267501096],[-58.187321770342869,-15.633247640138727],[-58.187508326020215,-15.633246964839772],[-58.187601603854013,-15.633246627130816],[-58.187694880757007,-15.633246290291149]]]]}},
{"type":"Feature","properties":{"OBJECTID":512,"QUADRA":"55","SETOR":"2","BAIRRO":"JD. POPULAR","SHAPE_AREA":6401.56820376,"SHAPE_LEN":319.998820803},"geometry":{"type":"MultiPolygon","coordinates":[[[[-58.182991354116979,-15.635467326434041],[-58.183127610294555,-15.635498147802771],[-58.183186558877424,-15.635251594188848],[-58.18321182236707,-15.635145925123371],[-58.183237829328242,-15.635040426499135],[-58.183296034177999,-15.634793699708919],[-58.183159778456833,-15.634762878412362],[-58.183046232518166,-15.634737194381112],[-58.182932686603714,-15.634711510289035],[-58.182819139775511,-15.634685825237295],[-58.182705593909517,-15.634660141023618],[-58.182569338339519,-15.634629319347606],[-58.182538560663154,-15.634758046897245],[-58.182510388226973,-15.63487587827642],[-58.182485124389125,-15.634981546382372],[-58.182459860529143,-15.635087214486225],[-58.182430286097699,-15.63521091162912],[-58.182400912021919,-15.635333767056501],[-58.18253716804832,-15.635364588804688],[-58.18265071429466,-15.635390273078531],[-58.182764261503188,-15.635415958190402],[-58.182877807797958,-15.635441642342636],[-58.182991354116979,-15.635467326434041]]]]}},
{"type":"Feature","properties":{"OBJECTID":544,"QUADRA":"6A/43","SETOR":"1","BAIRRO":"NUCLEO URBANO","SHAPE_AREA":200.53074216,"SHAPE_LEN":56.690631497299997},"geometry":{"type":"MultiPolygon","coordinates":[[[[-58.179263846535584,-15.624648386137407],[-58.179387452314465,-15.624675119439663],[-58.179416844843161,-15.624550626304506],[-58.179282130670813,-15.624521409101263],[-58.179263846535584,-15.624648386137407]]]]}},
{"type":"Feature","properties":{"OBJECTID":411,"QUADRA":"32","SETOR":"1","BAIRRO":"NUCLEO URBANO","SHAPE_AREA":7194.6135682499998,"SHAPE_LEN":339.90618574000001},"geometry":{"type":"MultiPolygon","coordinates":[[[[-58.177969628770548,-15.625943429911876],[-58.178105939980512,-15.625973997871052],[-58.178167776187372,-15.625709534124878],[-58.178198768877422,-15.625576978699318],[-58.178229686883427,-15.6254447445586],[-58.178265757393454,-15.625290473501961],[-58.178291521882095,-15.62518027988815],[-58.178155212124693,-15.625149712906643],[-58.178041620059602,-15.625124239454632],[-58.177996182869244,-15.625114050420361],[-58.177928028023643,-15.625098766845698],[-58.177814436006543,-15.62507329327209],[-58.177700844951318,-15.625047820536569],[-58.177564533473003,-15.625017252281802],[-58.177529670341357,-15.625170371528078],[-58.177504239526044,-15.625282061967773],[-58.177472923196362,-15.6254142068784],[-58.177440785942885,-15.625546505334441],[-58.17738049173466,-15.625811315899464],[-58.177516801857372,-15.625841883338181],[-58.177630394279689,-15.625867357037425],[-58.177743986720834,-15.625892829771992],[-58.177856036281732,-15.625917957298094],[-58.177969628770548,-15.625943429911876]]]]}},
{"type":"Feature","properties":{"OBJECTID":317,"QUADRA":"2","SETOR":"4","BAIRRO":"JD. VISTA ALEGRE","SHAPE_AREA":3908.8513266,"SHAPE_LEN":257.72709620799998},"geometry":{"type":"MultiPolygon","coordinates":[[[[-58.169580246853421,-15.620285282481497],[-58.169831402937092,-15.620335875831731],[-58.169843638517406,-15.620282583860762],[-58.169860248722401,-15.620210233126159],[-58.16987848008565,-15.620130824153494],[-58.169898736728555,-15.620042592163424],[-58.169929120742857,-15.619910245988452],[-58.16979260226104,-15.619880578519787],[-58.169678837204486,-15.619855857067057],[-58.169565070300607,-15.619831134659508],[-58.169451304357743,-15.619806413089975],[-58.169337538438079,-15.619781691459542],[-58.169201019178566,-15.619752025423665],[-58.169168608460744,-15.619893196354601],[-58.169150376834047,-15.619972605287289],[-58.169100787570116,-15.620188597610348],[-58.169237772239242,-15.620216234643584],[-58.169351944394464,-15.620239192424714],[-58.169466094683095,-15.620262237940592],[-58.169580246853421,-15.620285282481497]]]]}},
{"type":"Feature","properties":{"OBJECTID":323,"QUADRA":"2","SETOR":"3","BAIRRO":"JD. ITALIA III","SHAPE_AREA":2916.6496157900001,"SHAPE_LEN":327.89726971300001},"geometry":{"type":"MultiPolygon","coordinates":[[[[-58.176139499604716,-15.612036700238239],[-58.176222994259184,-15.612054664872177],[-58.176256339445509,-15.612034061568371],[-58.176290687084879,-15.611883215811536],[-58.176179876449815,-15.611859372914234],[-58.176069430043739,-15.611835609361014],[-58.175958984591922,-15.611811845745434],[-58.175848538223846,-15.611788081173618],[-58.175738091882494,-15.611764317448324],[-58.175627647422914,-15.611740552751822],[-58.17551720112472,-15.611716788911828],[-58.175406754842946,-15.6116930241106],[-58.175296309520569,-15.611669260150904],[-58.175185863281939,-15.61164549523496],[-58.17507541707004,-15.611621731165556],[-58.174964607605816,-15.611597887630104],[-58.174930600237012,-15.611747233643134],[-58.174951545735311,-15.611781091439452],[-58.175035040219505,-15.611799057443639],[-58.175145484659339,-15.611822821536723],[-58.175255930991263,-15.611846586466372],[-58.175366377339614,-15.611870350434788],[-58.175476823714689,-15.611894115249731],[-58.175587269173512,-15.611917879108415],[-58.175697715591724,-15.611941643808647],[-58.175808161093705,-15.611965407552644],[-58.175918606617245,-15.61198917123928],[-58.176029053100194,-15.612012935767439],[-58.176139499604716,-15.612036700238239]]]]}},
{"type":"Feature","properties":{"OBJECTID":527,"QUADRA":"6","SETOR":"4","BAIRRO":"JD. RONDON","SHAPE_AREA":8529.7410977399995,"SHAPE_LEN":373.03229930700002},"geometry":{"type":"MultiPolygon","coordinates":[[[[-58.171253235050877,-15.627242198041902],[-58.171502878604024,-15.627274402398255],[-58.171537258964214,-15.627049299050196],[-58.171655929379895,-15.626334441378505],[-58.170903935398066,-15.626230446490297],[-58.170760459920146,-15.627178626898761],[-58.171253235050877,-15.627242198041902]]]]}},
{"type":"Feature","properties":{"OBJECTID":145,"QUADRA":"1","SETOR":"2","BAIRRO":"JD. SAO JOSE","SHAPE_AREA":6887.4772813099999,"SHAPE_LEN":332.00005004299999},"geometry":{"type":"MultiPolygon","coordinates":[[[[-58.190435830687647,-15.625696859288936],[-58.190459918830726,-15.626437681630948],[-58.1912432863828,-15.626423137336305],[-58.191219195435188,-15.625682315275712],[-58.190435830687647,-15.625696859288936]]]]}},
{"type":"Feature","properties":{"OBJECTID":210,"QUADRA":"12","SETOR":"4","BAIRRO":"JD. ARATAKA","SHAPE_AREA":2684.438595,"SHAPE_LEN":211.761540357},"geometry":{"type":"MultiPolygon","coordinates":[[[[-58.172899285807702,-15.616230026537339],[-58.173082558589158,-15.616268033211899],[-58.173102509340637,-15.616179442885144],[-58.173123045547072,-15.616092114903401],[-58.173144570592001,-15.616001536600725],[-58.17316347637199,-15.615912897617511],[-58.173183782085275,-15.615826049935034],[-58.173210323631515,-15.615707333226556],[-58.173026327863411,-15.615665118267737],[-58.172826533657165,-15.615619941346813],[-58.172797285597241,-15.615744972730807],[-58.172781546153026,-15.615832772224827],[-58.172761435519838,-15.615922791563509],[-58.172741924723468,-15.616010041732466],[-58.172722353637127,-15.616099814131244],[-58.172702081085305,-15.616187610711524],[-58.172899285807702,-15.616230026537339]]]]}},
{"type":"Feature","properties":{"OBJECTID":424,"QUADRA":"37","SETOR":"1","BAIRRO":"JD. ZEFERINO I","SHAPE_AREA":6399.9342648399997,"SHAPE_LEN":319.998502153},"geometry":{"type":"MultiPolygon","coordinates":[[[[-58.168221775837466,-15.622797955642797],[-58.16835824514461,-15.622827844789537],[-58.168415392695913,-15.622580892288163],[-58.168439885782128,-15.622475052263248],[-58.168464377934718,-15.622369215856857],[-58.168521526176832,-15.622122258810787],[-58.168385057328052,-15.622092369733329],[-58.168271333002274,-15.622067462103486],[-58.168157608699879,-15.622042554412785],[-58.168043885353647,-15.622017646656243],[-58.167930161098077,-15.621992738843799],[-58.167793692395399,-15.621962849386547],[-58.167736542370037,-15.622209807212112],[-58.167712049866118,-15.62231564627473],[-58.167687557340791,-15.622421485335339],[-58.167658982234514,-15.622544964239333],[-58.167630408923621,-15.622668435899593],[-58.167766878084663,-15.62269832542616],[-58.167880601789491,-15.622723233301306],[-58.16799432645044,-15.622748141110636],[-58.168108051134801,-15.622773048859104],[-58.168221775837466,-15.622797955642797]]]]}},
{"type":"Feature","properties":{"OBJECTID":473,"QUADRA":"49","SETOR":"2","BAIRRO":"JD. POPULAR","SHAPE_AREA":3199.9960902299999,"SHAPE_LEN":239.999930218},"geometry":{"type":"MultiPolygon","coordinates":[[[[-58.180738594056827,-15.634087244036115],[-58.180917432798005,-15.634128370883429],[-58.180949589344486,-15.633996416358197],[-58.180976387064,-15.633886454699823],[-58.181003183821041,-15.63377649214021],[-58.181029981491491,-15.633666530477081],[-58.18105677913222,-15.633556567907711],[-58.181088935525615,-15.633424613367687],[-58.180725904493833,-15.633341127587416],[-58.180693747873015,-15.633473082090395],[-58.180666950042756,-15.633583044628855],[-58.180640152182789,-15.633693006261113],[-58.180613355236225,-15.633802968789833],[-58.180586557327182,-15.633912930417312],[-58.180554400553277,-15.634044884905475],[-58.180738594056827,-15.634087244036115]]]]}},
{"type":"Feature","properties":{"OBJECTID":50,"QUADRA":"7/15","SETOR":"1","BAIRRO":"JD. SANTA ROSA","SHAPE_AREA":478.38088213999998,"SHAPE_LEN":103.730710742},"geometry":{"type":"MultiPolygon","coordinates":[[[[-58.183108114730324,-15.624863766974579],[-58.183133058903529,-15.624758027310092],[-58.182887810631414,-15.624702549478545],[-58.182771110727138,-15.624676150662928],[-58.182745846952315,-15.624781817900123],[-58.183108114730324,-15.624863766974579]]]]}},
{"type":"Feature","properties":{"OBJECTID":252,"QUADRA":"16","SETOR":"2","BAIRRO":"JARDIM PERUCHI","SHAPE_AREA":4919.9925274400002,"SHAPE_LEN":283.99998069100002},"geometry":{"type":"MultiPolygon","coordinates":[[[[-58.187346291786461,-15.635654483271843],[-58.187351945232891,-15.635912033805695],[-58.1876317283334,-15.635906665789063],[-58.187768164655992,-15.635904047812236],[-58.18791151232567,-15.635901297411429],[-58.187908337979536,-15.635756707087902],[-58.187905858181708,-15.635643746940415],[-58.187903378385982,-15.635530785887694],[-58.187900898597569,-15.635417824833619],[-58.187898418821675,-15.635304864682077],[-58.187895244524917,-15.63516027434939],[-58.187751331220426,-15.635163035904544],[-58.187615462474078,-15.635165643535455],[-58.187475570961681,-15.635168327093673],[-58.187335679444253,-15.63517101146677],[-58.187338853349424,-15.63531560183473],[-58.187341332819386,-15.635428562013834],[-58.187343812301883,-15.63554152309545],[-58.187346291786461,-15.635654483271843]]]]}},
{"type":"Feature","properties":{"OBJECTID":325,"QUADRA":"20","SETOR":"4","BAIRRO":"JD. RONDON","SHAPE_AREA":4346.744931,"SHAPE_LEN":270.94447354800002},"geometry":{"type":"MultiPolygon","coordinates":[[[[-58.170473415769763,-15.633211088209052],[-58.170589833750995,-15.633228246950038],[-58.170612194310067,-15.63310043236293],[-58.170622831090753,-15.633045119627146],[-58.170631083070298,-15.632983799579808],[-58.170640222022733,-15.632924264539819],[-58.170649887957005,-15.632862259014949],[-58.170667439850625,-15.632750035401077],[-58.170687989460028,-15.632633493181219],[-58.170707136943413,-15.632490175606922],[-58.170464038062583,-15.632455334383897],[-58.170220632799911,-15.63241909346049],[-58.170199491619499,-15.632562909759395],[-58.17018597283144,-15.63268398823223],[-58.170166020624791,-15.632800653783704],[-58.170145023472578,-15.632915643635394],[-58.170126097658546,-15.633029085791458],[-58.170103245217035,-15.633159036198251],[-58.170231177180106,-15.633176766458872],[-58.170351884300608,-15.633193622237709],[-58.170473415769763,-15.633211088209052]]]]}},
{"type":"Feature","properties":{"OBJECTID":76,"QUADRA":"98","SETOR":"2","BAIRRO":"JD. POPULAR","SHAPE_AREA":4047.6228407499998,"SHAPE_LEN":284.42105290500001},"geometry":{"type":"MultiPolygon","coordinates":[[[[-58.179375171492318,-15.639025815624029],[-58.179304830792297,-15.639314443324],[-58.179426792191165,-15.639305609807117],[-58.179549654972305,-15.639293080725146],[-58.179696514808839,-15.639280404412775],[-58.179738213266042,-15.639109302938563],[-58.179763939372805,-15.639003740143171],[-58.179789665451771,-15.638898176441714],[-58.179815392440908,-15.638792612733045],[-58.17984111847462,-15.638687049027199],[-58.179866844485709,-15.638581485319168],[-58.179899003135048,-15.638449530900758],[-58.179535963431626,-15.638366043766712],[-58.179503804554805,-15.638497998148029],[-58.179478078356532,-15.638603560922506],[-58.179452352140814,-15.638709124598659],[-58.179426624969686,-15.638814688277646],[-58.179400898708714,-15.638920251949427],[-58.179375171492318,-15.639025815624029]]]]}},
{"type":"Feature","properties":{"OBJECTID":332,"QUADRA":"21","SETOR":"2","BAIRRO":"JD. POPULAR","SHAPE_AREA":10091.9908488,"SHAPE_LEN":405.999934709},"geometry":{"type":"MultiPolygon","coordinates":[[[[-58.181656157090806,-15.631627705228022],[-58.182447622710775,-15.631801434710889],[-58.182685487918107,-15.63077856965943],[-58.181894026154744,-15.63060484076081],[-58.181656157090806,-15.631627705228022]]]]}},
{"type":"Feature","properties":{"OBJECTID":191,"QUADRA":"11","SETOR":"1","BAIRRO":"NUCLEO URBANO","SHAPE_AREA":6409.2973965700003,"SHAPE_LEN":320.23329449300002},"geometry":{"type":"MultiPolygon","coordinates":[[[[-58.177345553348928,-15.628574633309524],[-58.177483930993112,-15.628605939796115],[-58.177542139751822,-15.62835921766624],[-58.177580967403003,-15.628194647238413],[-58.177592034459515,-15.628147738309256],[-58.177650243914755,-15.62790101344185],[-58.177513993415751,-15.627870188245815],[-58.177400451823715,-15.62784450006116],[-58.177286909328302,-15.627818812724639],[-58.177173367789891,-15.627793125322313],[-58.1770598253378,-15.62776743696036],[-58.176923575927923,-15.627736612283984],[-58.176864620311399,-15.627983170177355],[-58.176839354114691,-15.628088837839554],[-58.176814086963063,-15.628194505504633],[-58.176781313916088,-15.628331569083468],[-58.176755133884662,-15.628441057034435],[-58.176891384688538,-15.628471882681973],[-58.177004926582796,-15.628497570205298],[-58.177118468501298,-15.628523257667855],[-58.177232011381946,-15.628548945968513],[-58.177345553348928,-15.628574633309524]]]]}},
{"type":"Feature","properties":{"OBJECTID":31,"QUADRA":"59","SETOR":"2","BAIRRO":"JD. POPULAR","SHAPE_AREA":9479.99703907,"SHAPE_LEN":397.00003312000001},"geometry":{"type":"MultiPolygon","coordinates":[[[[-58.180090313068277,-15.634821704469674],[-58.180214361702603,-15.63485023237404],[-58.180246519718622,-15.634718277916425],[-58.180273316947492,-15.63460831541973],[-58.180300115084599,-15.634498352915635],[-58.180312266459204,-15.634448489515485],[-58.180326912269564,-15.634388391318071],[-58.180353710357593,-15.634278428809225],[-58.180385867287725,-15.634146474341813],[-58.180131744493352,-15.634088033689725],[-58.180018296687564,-15.63406194346663],[-58.179904849839204,-15.634035853177783],[-58.179791402087929,-15.634009763737099],[-58.179677954356144,-15.633983673331816],[-58.179564506654202,-15.633957583769662],[-58.179437445436434,-15.633928362085387],[-58.179310385187563,-15.633899141223779],[-58.179278226650908,-15.63403109558635],[-58.179251428929,-15.634141057094745],[-58.179224630254964,-15.634251019509655],[-58.179197832483993,-15.634360981013304],[-58.179171033760873,-15.634470943423471],[-58.179138876003847,-15.634602897766186],[-58.179392999252336,-15.634661340445536],[-58.179506447333324,-15.634687430069476],[-58.17961989451139,-15.634713520541586],[-58.179733342646884,-15.63473961094796],[-58.179846790801903,-15.634765700389721],[-58.179960238986752,-15.634791790674623],[-58.180090313068277,-15.634821704469674]]]]}},
{"type":"Feature","properties":{"OBJECTID":238,"QUADRA":"14","SETOR":"4","BAIRRO":"JD. ARATAKA","SHAPE_AREA":2547.3447815,"SHAPE_LEN":205.76950992299999},"geometry":{"type":"MultiPolygon","coordinates":[[[[-58.173394163411523,-15.616334270111587],[-58.173577412636185,-15.616373026731909],[-58.173598935492535,-15.616282095884543],[-58.173617671542921,-15.616194804607881],[-58.173639124365117,-15.616106323727454],[-58.173658064757717,-15.616018886730453],[-58.173679694811632,-15.615925496669242],[-58.1736990878006,-15.615819255925498],[-58.173509595047875,-15.615781418571029],[-58.173331494522515,-15.61574749738425],[-58.173306237029095,-15.615852540123665],[-58.173285845932654,-15.615939126136473],[-58.173265306187446,-15.616027457488222],[-58.173245434503258,-15.616116815726624],[-58.173224479631507,-15.616202681619127],[-58.17320360487318,-15.616292795458895],[-58.173394163411523,-15.616334270111587]]]]}},
{"type":"Feature","properties":{"OBJECTID":458,"QUADRA":"40","SETOR":"2","BAIRRO":"JD. POPULAR","SHAPE_AREA":3199.9944291100001,"SHAPE_LEN":239.999930218},"geometry":{"type":"MultiPolygon","coordinates":[[[[-58.180736669026857,-15.633205890431551],[-58.181099699819264,-15.633289376211176],[-58.181131856155574,-15.6331574216665],[-58.181158653699953,-15.633047459991916],[-58.181185450281845,-15.632937497416089],[-58.181212247777168,-15.632827535736771],[-58.181239045242776,-15.632717573151192],[-58.181271201426007,-15.632585618591696],[-58.181101058864634,-15.632546491574612],[-58.180908171846482,-15.632502133009734],[-58.180876015435842,-15.632634087532159],[-58.180849217780725,-15.632744050086854],[-58.180822420095893,-15.632854011735294],[-58.180795623324492,-15.632963974280228],[-58.18076882559059,-15.633073935923933],[-58.180736669026857,-15.633205890431551]]]]}},
{"type":"Feature","properties":{"OBJECTID":595,"QUADRA":"9","SETOR":"1","BAIRRO":"JD. SANTA ROSA","SHAPE_AREA":6400.4313751099999,"SHAPE_LEN":320.08107504600002},"geometry":{"type":"MultiPolygon","coordinates":[[[[-58.181265039468734,-15.62558308022863],[-58.181237996528374,-15.62569761972391],[-58.181374333424102,-15.62572808064049],[-58.181487946125017,-15.625753463623745],[-58.181601558849806,-15.625778846546178],[-58.181715173469136,-15.625804230301624],[-58.181828786241702,-15.625829613102413],[-58.181965122348572,-15.625860072740585],[-58.1820226274641,-15.625613196263565],[-58.18202337183444,-15.625613363093059],[-58.182048336249103,-15.625507627927991],[-58.182074046887372,-15.625402061387939],[-58.182131548958822,-15.625155180385883],[-58.181995213309058,-15.625124720818597],[-58.18188160091222,-15.625099337173014],[-58.181767986673805,-15.625073953476667],[-58.181654374329909,-15.625048570613325],[-58.181540760144451,-15.625023187699217],[-58.181404424638522,-15.624992726848527],[-58.181368642257141,-15.625144280480873],[-58.181346174551244,-15.625239441807809],[-58.18132121072545,-15.625345176913196],[-58.181296245012376,-15.625450912026542],[-58.181265039468734,-15.62558308022863]]]]}},
{"type":"Feature","properties":{"OBJECTID":560,"QUADRA":"7","SETOR":"3","BAIRRO":"JD. UNIVERSITARIO","SHAPE_AREA":2799.7017295000001,"SHAPE_LEN":212.035580853},"geometry":{"type":"MultiPolygon","coordinates":[[[[-58.181562563476533,-15.619189474022189],[-58.181661239598014,-15.619209353200302],[-58.181703251634552,-15.619035486483922],[-58.18176673941359,-15.618766340804564],[-58.181667740324016,-15.618743778793423],[-58.181576476947015,-15.618723425836517],[-58.181485887308092,-15.618703448856193],[-58.181391733767526,-15.618683319270813],[-58.181295974287877,-15.618661272961026],[-58.181224716951448,-15.618645602926669],[-58.181197863467382,-15.618782363976932],[-58.181209502788207,-15.618785410802007],[-58.181210158281289,-15.618831452324944],[-58.181206168555583,-15.619103784966523],[-58.181290197004977,-15.619127910132207],[-58.181381151560103,-15.619148056960793],[-58.181472621605238,-15.619168634852166],[-58.181562563476533,-15.619189474022189]]]]}},
{"type":"Feature","properties":{"OBJECTID":34,"QUADRA":"59C","SETOR":"4","BAIRRO":"JD. ZEFERINO  II","SHAPE_AREA":6632.6732060900003,"SHAPE_LEN":325.35987821999998},"geometry":{"type":"MultiPolygon","coordinates":[[[[-58.171197380964927,-15.634561081457553],[-58.171301198842961,-15.634583396046494],[-58.171322592130245,-15.634405293085729],[-58.171336056324364,-15.634284403804584],[-58.171342569648715,-15.634225923170279],[-58.171402162384851,-15.633887093731431],[-58.17140249419591,-15.633883273847731],[-58.171402155319747,-15.633879453929691],[-58.171401153850809,-15.63387574511488],[-58.171399520244528,-15.633872253901968],[-58.171397300772391,-15.633869079473843],[-58.17139456033059,-15.633866315490501],[-58.171391375854022,-15.633864040181223],[-58.17138784099042,-15.633862318127376],[-58.171384056777796,-15.63386120121617],[-58.170664514375417,-15.633711891889025],[-58.170660731012234,-15.633711415832066],[-58.170656918433167,-15.633711543742319],[-58.170653178295467,-15.633712272365649],[-58.170649611231049,-15.633713582182928],[-58.17064631218792,-15.633715438338957],[-58.17064336949732,-15.633717790647381],[-58.170640862090814,-15.633720576317284],[-58.170638856712259,-15.633723721775858],[-58.170637407907506,-15.633727140860683],[-58.170636553411889,-15.633730743883351],[-58.170577604017787,-15.634124402707604],[-58.170555422223011,-15.634267275462825],[-58.170534196657542,-15.634414273978958],[-58.17064769234198,-15.634439059153122],[-58.170739262262195,-15.634458076834438],[-58.170830226683201,-15.634478878409238],[-58.170925732473947,-15.634499429727123],[-58.171014968765768,-15.634519797531716],[-58.171104243206173,-15.634540309720625],[-58.171197380964927,-15.634561081457553]]]]}},
{"type":"Feature","properties":{"OBJECTID":77,"QUADRA":"99","SETOR":"2","BAIRRO":"JD. POPULAR","SHAPE_AREA":8044.3824420399997,"SHAPE_LEN":379.77312033200002},"geometry":{"type":"MultiPolygon","coordinates":[[[[-58.17867947996065,-15.639230536658429],[-58.17868241232113,-15.639361483408704],[-58.178864892652257,-15.639349840086984],[-58.17900099476762,-15.639341155864045],[-58.179169293781314,-15.639330417412712],[-58.17921694266343,-15.63910090702327],[-58.179239031820607,-15.638994506924803],[-58.179264758172451,-15.638888943266339],[-58.179290484506843,-15.638783380509565],[-58.179316211746226,-15.63867781684171],[-58.179341938030198,-15.638572253176678],[-58.179367665224333,-15.638466689504451],[-58.179399823253675,-15.638334735142047],[-58.179261729075954,-15.638302977752161],[-58.179127543942371,-15.638272118529196],[-58.179018631512456,-15.638247071970866],[-58.17865559242194,-15.63816358332838],[-58.178658728035089,-15.638303653035035],[-58.178661236916149,-15.638415710423828],[-58.178663745804414,-15.638527767811294],[-58.178666254699912,-15.638639825197419],[-58.178668763597422,-15.63875188167833],[-58.178671272507323,-15.638863939061787],[-58.178673781419256,-15.638975995540017],[-58.178676290338409,-15.639088052016929],[-58.17867947996065,-15.639230536658429]]]]}},
{"type":"Feature","properties":{"OBJECTID":405,"QUADRA":"30","SETOR":"1","BAIRRO":"NUCLEO URBANO","SHAPE_AREA":7192.7652434600004,"SHAPE_LEN":339.90526196100001},"geometry":{"type":"MultiPolygon","coordinates":[[[[-58.1761970040953,-15.625549790102863],[-58.176374417826764,-15.625588639252278],[-58.176434840383259,-15.625323867964616],[-58.176465124389225,-15.625191159230846],[-58.17649533557487,-15.625058771771641],[-58.176514410142339,-15.624975188166941],[-58.176555757868165,-15.624794000459612],[-58.176419286427361,-15.624764117491026],[-58.176305559937212,-15.624739214198637],[-58.176191833475599,-15.624714311749244],[-58.176078107032211,-15.624689408335088],[-58.175827909322471,-15.624634622415357],[-58.175769030829272,-15.62489973151404],[-58.175738419459108,-15.625032030656063],[-58.175707808988257,-15.625164329789966],[-58.175648111242332,-15.625429597820307],[-58.175784583059453,-15.625459482147965],[-58.1758983099052,-15.625484384781839],[-58.176012036779504,-15.625509288258696],[-58.176124218948495,-15.625533852851564],[-58.1761970040953,-15.625549790102863]]]]}},
{"type":"Feature","properties":{"OBJECTID":204,"QUADRA":"12","SETOR":"1","BAIRRO":"NUCLEO URBANO","SHAPE_AREA":6409.3052115600003,"SHAPE_LEN":320.23341342999998},"geometry":{"type":"MultiPolygon","coordinates":[[[[-58.178271464900725,-15.62878167336239],[-58.178410064139378,-15.628812050647246],[-58.178440712885873,-15.628677879959985],[-58.178466510399979,-15.628564945512156],[-58.178490703596012,-15.628459039423648],[-58.178514894931318,-15.628353137862607],[-58.178536768492421,-15.628257383358431],[-58.178547956870119,-15.628208402891213],[-58.178571341890994,-15.628106029087288],[-58.178434874369302,-15.628076115881806],[-58.178377033128619,-15.628063438234555],[-58.178321151316908,-15.628051190253457],[-58.17820742921549,-15.628026263655331],[-58.178093708070236,-15.628001336991298],[-58.177979985088065,-15.627976411180249],[-58.177843517717612,-15.627946498498604],[-58.177786322756155,-15.628193445742296],[-58.17776181166532,-15.628299281170134],[-58.177737298677265,-15.62840511479822],[-58.177680105328854,-15.628652055684523],[-58.178044018977346,-15.628731820116796],[-58.178157741460957,-15.628756746772551],[-58.178271464900725,-15.62878167336239]]]]}},
{"type":"Feature","properties":{"OBJECTID":361,"QUADRA":"27","SETOR":"1","BAIRRO":"JD. ZEFERINO I","SHAPE_AREA":7188.6225211600004,"SHAPE_LEN":339.751177192},"geometry":{"type":"MultiPolygon","coordinates":[[[[-58.169729046443408,-15.624106836001431],[-58.169864771511072,-15.624136560881722],[-58.16992512854344,-15.623872112087941],[-58.169955416662468,-15.623739403961972],[-58.169985631956301,-15.623607018012978],[-58.170046062455484,-15.623342247913593],[-58.169909592634056,-15.623312359857902],[-58.169795867502827,-15.623287453983409],[-58.169682142389881,-15.623262547144154],[-58.16956841730547,-15.623237641147917],[-58.169454692239327,-15.623212734186911],[-58.169318222569082,-15.623182846655251],[-58.169259335851883,-15.623447954588304],[-58.169228720383579,-15.623580253111566],[-58.169198105819689,-15.623712552530609],[-58.169139218843981,-15.623977660439886],[-58.169275689031117,-15.624007548046462],[-58.169389414528013,-15.624032455069893],[-58.169503140043183,-15.624057361128559],[-58.169615320881746,-15.624081930063687],[-58.169729046443408,-15.624106836001431]]]]}},
{"type":"Feature","properties":{"OBJECTID":421,"QUADRA":"36","SETOR":"2","BAIRRO":"JD. POPULAR","SHAPE_AREA":6390.5675130899999,"SHAPE_LEN":319.76510571799997},"geometry":{"type":"MultiPolygon","coordinates":[[[[-58.184245756370352,-15.633987937644996],[-58.184382011682956,-15.634018758293243],[-58.184410757719277,-15.633896899456735],[-58.184440213096288,-15.63377203491752],[-58.184465157310427,-15.633666294254178],[-58.184490101513163,-15.63356055539653],[-58.184548303617909,-15.633313828379471],[-58.184414175511677,-15.6332834889484],[-58.184300630293777,-15.633257805517495],[-58.184187084162133,-15.633232121126957],[-58.184073538992678,-15.63320643757444],[-58.183959992914659,-15.633180753966172],[-58.183823738209561,-15.633149933010623],[-58.183802926795138,-15.633236982054326],[-58.183793031628738,-15.633278368343582],[-58.183764790849288,-15.633396492170698],[-58.183739527791253,-15.633502160377905],[-58.183714263778292,-15.63360782858806],[-58.183655318023391,-15.6338543813896],[-58.183791572252098,-15.633885202422313],[-58.183905118710427,-15.633910886090712],[-58.184018664265388,-15.633936570607217],[-58.184132210772148,-15.633962254153985],[-58.184245756370352,-15.633987937644996]]]]}},
{"type":"Feature","properties":{"OBJECTID":392,"QUADRA":"3","SETOR":"4","BAIRRO":"JD. ALVORADA","SHAPE_AREA":6203.7451354300001,"SHAPE_LEN":316.379966099},"geometry":{"type":"MultiPolygon","coordinates":[[[[-58.166171513132404,-15.622552620071316],[-58.166427367128044,-15.622603411879858],[-58.166451063271261,-15.622292413680434],[-58.166466070531271,-15.622095448483797],[-58.166473570677887,-15.621997010646623],[-58.166474339970911,-15.621986914388382],[-58.166481070820737,-15.621898572808828],[-58.166216350327964,-15.621846020285306],[-58.166115566131154,-15.621826012473974],[-58.165750061656475,-15.62175345151236],[-58.165742561162908,-15.621851889349955],[-58.165735060665568,-15.621950327186919],[-58.165727559226646,-15.622048764124305],[-58.165720051771075,-15.622147292388073],[-58.165712152693196,-15.622250958756316],[-58.165704254538767,-15.622354624215019],[-58.165696355452546,-15.62245829058187],[-58.16595220925258,-15.622509082960786],[-58.166061861182826,-15.622530851544258],[-58.166171513132404,-15.622552620071316]]]]}},
{"type":"Feature","properties":{"OBJECTID":318,"QUADRA":"2","SETOR":"3","BAIRRO":"JD. UNIVERSITARIO","SHAPE_AREA":4214.5938035,"SHAPE_LEN":267.05041463200001},"geometry":{"type":"MultiPolygon","coordinates":[[[[-58.182425220808291,-15.619381059117609],[-58.182528585028052,-15.619403543015929],[-58.182554849861035,-15.61929114532863],[-58.182581889131306,-15.619180424734886],[-58.182605966486982,-15.619078569342857],[-58.182634522149591,-15.618954155422783],[-58.18253256601804,-15.618931573585343],[-58.182441747656554,-15.618910775688127],[-58.18235104035638,-15.618891450522767],[-58.182259385181943,-15.618871109007561],[-58.182168965287268,-15.618849847855587],[-58.18207732941972,-15.618831241659951],[-58.181983603426332,-15.618810865979404],[-58.181882583643898,-15.618788893446885],[-58.181852659305783,-15.618915438847928],[-58.181828062122783,-15.619014540062009],[-58.181777199360958,-15.619235746866595],[-58.181875024059281,-15.619256787529894],[-58.181970445757315,-15.61927842862436],[-58.182063153449278,-15.619300111405009],[-58.182153116043409,-15.619319666665405],[-58.182242460786171,-15.619340454528515],[-58.18233372256848,-15.619360472748593],[-58.182425220808291,-15.619381059117609]]]]}},
{"type":"Feature","properties":{"OBJECTID":108,"QUADRA":null,"SETOR":"4","BAIRRO":"JD. ZEFERINO  II","SHAPE_AREA":621.74036986500005,"SHAPE_LEN":110.46556052699999},"geometry":{"type":"MultiPolygon","coordinates":[[[[-58.173189130598672,-15.626748053779501],[-58.173379576029326,-15.626754502825852],[-58.173401092412881,-15.626569560071662],[-58.173167475357076,-15.626610901897356],[-58.173028736551636,-15.626635453361935],[-58.173030658378586,-15.626742687395373],[-58.173189130598672,-15.626748053779501]]]]}},
{"type":"Feature","properties":{"OBJECTID":4,"QUADRA":"101","SETOR":"2","BAIRRO":"JARDIM POPULAR II","SHAPE_AREA":3518.97175126,"SHAPE_LEN":237.58631287},"geometry":{"type":"MultiPolygon","coordinates":[[[[-58.18585352774479,-15.629225464881452],[-58.185854649745146,-15.629397734147341],[-58.186133439958908,-15.629392991337351],[-58.186413766715958,-15.629389433020885],[-58.186413814570834,-15.629216298752585],[-58.186412418010953,-15.629101727273786],[-58.18641041770794,-15.628989219961978],[-58.186400191543406,-15.628988714829827],[-58.186397664376379,-15.628855980964685],[-58.186127360596984,-15.628860271434682],[-58.18585117801571,-15.628864654807298],[-58.185852060869891,-15.629000235850267],[-58.185852793838286,-15.629112850368962],[-58.18585352774479,-15.629225464881452]]]]}},
{"type":"Feature","properties":{"OBJECTID":585,"QUADRA":"8","SETOR":"3","BAIRRO":"JD. ITALIA III","SHAPE_AREA":7264.0147774500001,"SHAPE_LEN":384.25505954},"geometry":{"type":"MultiPolygon","coordinates":[[[[-58.176011013108528,-15.612585321858569],[-58.176094456106597,-15.612603512781064],[-58.176127860671187,-15.612583000468193],[-58.176172635022013,-15.612388936313739],[-58.176217425708131,-15.612194805175456],[-58.176196218083554,-15.612162456641666],[-58.176112775260663,-15.612144265745446],[-58.176002397887949,-15.61212020350851],[-58.175892020531968,-15.612096140310403],[-58.175781644130552,-15.612072077049989],[-58.175671265885683,-15.612048013742237],[-58.175560888600536,-15.61202395127609],[-58.175450511332109,-15.611999887848734],[-58.175340135023418,-15.61197582526297],[-58.17522975779876,-15.611951761721002],[-58.175119380601174,-15.611927699025607],[-58.175009004352987,-15.611903635364047],[-58.174925561708072,-15.611885444001837],[-58.174892156180562,-15.611905955234638],[-58.174847380687481,-15.612100021019947],[-58.174802588705276,-15.612294151967903],[-58.174823796136202,-15.612326500650026],[-58.174907238956287,-15.612344692038512],[-58.175017616363682,-15.612368754825969],[-58.175127994725663,-15.612392817551127],[-58.175238371249321,-15.612416881132836],[-58.175459126227679,-15.612465008114352],[-58.175569502811868,-15.61248907062026],[-58.175624691578506,-15.612501101849217],[-58.175679880355773,-15.612513133967745],[-58.175790257916418,-15.61253719635403],[-58.175845446704948,-15.61254922752569],[-58.175900636436779,-15.6125612595819],[-58.176011013108528,-15.612585321858569]]]]}},
{"type":"Feature","properties":{"OBJECTID":275,"QUADRA":"18","SETOR":"2","BAIRRO":"JD. POPULAR","SHAPE_AREA":9268.7131561400001,"SHAPE_LEN":391.87367148599998},"geometry":{"type":"MultiPolygon","coordinates":[[[[-58.184649306224067,-15.632296938924405],[-58.184785560441085,-15.632327759399999],[-58.184817164427066,-15.63219378360265],[-58.184843761034848,-15.63208103594671],[-58.184868704897724,-15.63197529525012],[-58.184893162050969,-15.63186910793889],[-58.184918668142302,-15.631763494363945],[-58.184943611012123,-15.63165775457011],[-58.184968554798104,-15.631552015673048],[-58.18498825993256,-15.631468481484308],[-58.185026755930494,-15.631305288564041],[-58.184967568042858,-15.631291900507085],[-58.184892629105256,-15.631274949334289],[-58.184779084971787,-15.631249266073805],[-58.184665539924566,-15.631223581853694],[-58.18455199583952,-15.631197898471621],[-58.18443845084591,-15.631172215033786],[-58.184302197442101,-15.631141394282784],[-58.18424325106141,-15.63138795353596],[-58.184217988423207,-15.631493621783086],[-58.184218306921025,-15.631493694184291],[-58.184193044255657,-15.631599361525462],[-58.184167781573343,-15.631705029768407],[-58.184143080280066,-15.631811162298433],[-58.184117817553734,-15.631916830537218],[-58.184058871691704,-15.632163383422339],[-58.184195125757633,-15.632194204277326],[-58.184308671303,-15.632219887801812],[-58.18442221594502,-15.632245572174403],[-58.184535760606053,-15.632271255582328],[-58.184649306224067,-15.632296938924405]]]]}},
{"type":"Feature","properties":{"OBJECTID":251,"QUADRA":"15","SETOR":"3","BAIRRO":"JD. ITALIA II","SHAPE_AREA":8289.0217850200006,"SHAPE_LEN":427.09995604699998},"geometry":{"type":"MultiPolygon","coordinates":[[[[-58.172427615724096,-15.615389560435268],[-58.172543391109919,-15.615415885161569],[-58.172593080207015,-15.615195101918454],[-58.172615937401936,-15.615093541260991],[-58.172638793645135,-15.614991980606755],[-58.172661650801999,-15.6148904199458],[-58.172684507939834,-15.614788859283102],[-58.172707364125955,-15.614687298623609],[-58.172730221225734,-15.614585737957407],[-58.172753078311629,-15.614484178193331],[-58.172775934440665,-15.614382617528607],[-58.172798791483359,-15.614281056857159],[-58.172821648507039,-15.614179496183949],[-58.172845836430653,-15.614072018636469],[-58.17286646730161,-15.613980348682764],[-58.172750691773736,-15.613954024075852],[-58.172634916271207,-15.613927699405805],[-58.172519141721537,-15.61390137376376],[-58.172403366269677,-15.613875048967429],[-58.172380946651799,-15.613974666580217],[-58.172358547031266,-15.614074195501251],[-58.172335689783857,-15.614175756142076],[-58.172312832517413,-15.61427731678115],[-58.172289976164649,-15.614378877413504],[-58.172267118860155,-15.614480438049082],[-58.17224426153664,-15.614581998682899],[-58.172221405121633,-15.61468355840611],[-58.172198547760068,-15.614785119036446],[-58.172175690379461,-15.614886679665021],[-58.172152833912527,-15.614988240286868],[-58.172129976493864,-15.615089800911941],[-58.172080286915481,-15.615310584988555],[-58.172196063157969,-15.615336909899302],[-58.172311839425795,-15.615363234746916],[-58.172427615724096,-15.615389560435268]]]]}},
{"type":"Feature","properties":{"OBJECTID":201,"QUADRA":"12","SETOR":"4","BAIRRO":"JD. RONDON","SHAPE_AREA":2120.1857745000002,"SHAPE_LEN":186.19118980600001},"geometry":{"type":"MultiPolygon","coordinates":[[[[-58.170790654538116,-15.630279834053912],[-58.171035283715021,-15.630315218297879],[-58.171052639144122,-15.630202950508309],[-58.171069572967291,-15.63009035956018],[-58.171091352357593,-15.62994736235224],[-58.170967044613768,-15.629933445701909],[-58.170827217133983,-15.629918210732642],[-58.170717772358792,-15.629903292643117],[-58.170604241237278,-15.629888242633518],[-58.170571952386709,-15.630110650104747],[-58.170551773510091,-15.630246461702431],[-58.170663915066761,-15.630261528179279],[-58.170790654538116,-15.630279834053912]]]]}},
{"type":"Feature","properties":{"OBJECTID":213,"QUADRA":"13","SETOR":"2","BAIRRO":"JARDIM PERUCHI","SHAPE_AREA":4919.9905943399999,"SHAPE_LEN":283.99998068999997},"geometry":{"type":"MultiPolygon","coordinates":[[[[-58.186664923441278,-15.636654716271124],[-58.186668096970912,-15.636799305756936],[-58.186806027209798,-15.636796659468214],[-58.186947882290518,-15.6367939385232],[-58.187084643823489,-15.63679131465436],[-58.187227666636346,-15.636788570938505],[-58.187224492709873,-15.636643980584072],[-58.187222013239897,-15.636531020412439],[-58.187219533772051,-15.63641805933557],[-58.187217054311475,-15.636305098257358],[-58.187214574863432,-15.63619213808167],[-58.187211400986328,-15.636047547718089],[-58.187073412512596,-15.636050195448643],[-58.186931617649236,-15.6360529161163],[-58.186781596291972,-15.636055794190501],[-58.186651833333144,-15.636058283259739],[-58.186655006818647,-15.636202873658574],[-58.186657485960737,-15.636315833861799],[-58.186659965115354,-15.636428794967561],[-58.186662444277253,-15.636541756071955],[-58.186664923441278,-15.636654716271124]]]]}},
{"type":"Feature","properties":{"OBJECTID":265,"QUADRA":"17","SETOR":"1","BAIRRO":"JD. SANTA MARIA","SHAPE_AREA":2012.2162096,"SHAPE_LEN":217.163780086},"geometry":{"type":"MultiPolygon","coordinates":[[[[-58.178072092199834,-15.630836477767348],[-58.178339628035843,-15.630894154881355],[-58.178374939803341,-15.630752601356557],[-58.178378648642223,-15.630667640357515],[-58.178379915425779,-15.63063861903105],[-58.178384037353808,-15.630544174728204],[-58.178387815419164,-15.63045761795961],[-58.17839065793784,-15.630404666260828],[-58.178370900258521,-15.630403308039256],[-58.178375272874483,-15.630368516661823],[-58.178378245250862,-15.630345772850928],[-58.178385870110112,-15.630287428066087],[-58.178393446927743,-15.630202742773001],[-58.178400725968977,-15.630128132222911],[-58.17824570231501,-15.630100863142843],[-58.178224335974896,-15.630186187423527],[-58.178209073118303,-15.630269765120502],[-58.178187865759639,-15.630348477365626],[-58.178171337709436,-15.630428085565185],[-58.17815339595672,-15.630509887002852],[-58.178131921725978,-15.630590384086219],[-58.178105184406569,-15.630700359636137],[-58.178072092199834,-15.630836477767348]]]]}},
{"type":"Feature","properties":{"OBJECTID":128,"QUADRA":null,"SETOR":"3","BAIRRO":"JD. SANTA ROSA II","SHAPE_AREA":1819.9543993100001,"SHAPE_LEN":185.99867890499999},"geometry":{"type":"MultiPolygon","coordinates":[[[[-58.182861569528093,-15.620949460379459],[-58.183116172700579,-15.621005802883229],[-58.183147547470845,-15.620873672441235],[-58.183173692772172,-15.620763563136174],[-58.183199838049681,-15.620653453828858],[-58.183225983308539,-15.620543345423183],[-58.18325212853842,-15.620433236111348],[-58.182997524188593,-15.620376892822129],[-58.182971379752935,-15.620487001204209],[-58.182945234365924,-15.620597110492943],[-58.182919088955096,-15.620707219779408],[-58.182892944453158,-15.620817329058591],[-58.182861569528093,-15.620949460379459]]]]}},
{"type":"Feature","properties":{"OBJECTID":100,"QUADRA":"1-B","SETOR":"2","BAIRRO":"JD. POPULAR","SHAPE_AREA":2079.9779132799999,"SHAPE_LEN":183.999974974},"geometry":{"type":"MultiPolygon","coordinates":[[[[-58.18285287310448,-15.630681263954674],[-58.183325893652167,-15.630785258615822],[-58.183410114292357,-15.630433033102513],[-58.182937094537529,-15.630329038566614],[-58.18285287310448,-15.630681263954674]]]]}},
{"type":"Feature","properties":{"OBJECTID":539,"QUADRA":"6","SETOR":"3","BAIRRO":"JD. ITALIA II","SHAPE_AREA":1518.31975984,"SHAPE_LEN":169.95493813600001},"geometry":{"type":"MultiPolygon","coordinates":[[[[-58.171632495366055,-15.613590960701133],[-58.171748645167433,-15.6136177132814],[-58.171773959316553,-15.613506773252981],[-58.171799090481329,-15.613396627832053],[-58.171822209528564,-15.613295307176269],[-58.171845407702541,-15.613193634475213],[-58.171869290285237,-15.613093571600983],[-58.171636751419506,-15.613040695057114],[-58.171614015440689,-15.613140337805822],[-58.171589909374937,-15.613241802009766],[-58.171589950469482,-15.613241811733573],[-58.171566972325401,-15.613343163257476],[-58.171541749517985,-15.613453288358684],[-58.171516436179118,-15.613564228364021],[-58.171632495366055,-15.613590960701133]]]]}},
{"type":"Feature","properties":{"OBJECTID":1,"QUADRA":"1-7","SETOR":"3","BAIRRO":"JD. SANTA ROSA II","SHAPE_AREA":353.44973641000001,"SHAPE_LEN":78.724497873199994},"geometry":{"type":"MultiPolygon","coordinates":[[[[-58.182791422743591,-15.623022335789409],[-58.182953577792006,-15.623059017503365],[-58.183022609982828,-15.623074633775172],[-58.183051166392282,-15.622953579641974],[-58.182819642944594,-15.622898909830013],[-58.182791422743591,-15.623022335789409]]]]}},
{"type":"Feature","properties":{"OBJECTID":292,"QUADRA":"2","SETOR":"2","BAIRRO":"JD. PLANALTO","SHAPE_AREA":1104.7853303899999,"SHAPE_LEN":133.679184537},"geometry":{"type":"MultiPolygon","coordinates":[[[[-58.188717720324334,-15.634577419589951],[-58.189016113588025,-15.63463554234511],[-58.189016328171853,-15.63450433227176],[-58.189016443477826,-15.634433974463338],[-58.189016672040893,-15.634293872607188],[-58.18890473812197,-15.634294277710881],[-58.188718182521512,-15.634294954258193],[-58.188717952827844,-15.634435057037077],[-58.18871783613799,-15.634506324187008],[-58.188717720324334,-15.634577419589951]]]]}},
{"type":"Feature","properties":{"OBJECTID":200,"QUADRA":"12","SETOR":"2","BAIRRO":"PACAEMBU","SHAPE_AREA":4799.4244443799998,"SHAPE_LEN":279.99974813799997},"geometry":{"type":"MultiPolygon","coordinates":[[[[-58.187656776756555,-15.631153141058777],[-58.187843329582279,-15.631152465611802],[-58.187841538099619,-15.631062093880109],[-58.187839746616255,-15.630971721243688],[-58.18783795513739,-15.630881348606408],[-58.187836163668251,-15.63079097687217],[-58.187834372198395,-15.630700604233185],[-58.187832580733058,-15.630610231593364],[-58.187830789272212,-15.630519858952681],[-58.187828997821114,-15.630429487215027],[-58.18764244564381,-15.630430161700433],[-58.187455892526003,-15.630430836936194],[-58.187269339395208,-15.630431512013381],[-58.187271130601211,-15.630521883772657],[-58.187272921816913,-15.630612256434969],[-58.187274713037148,-15.630702629096422],[-58.187276504261867,-15.630793001757034],[-58.187278295485889,-15.630883373512908],[-58.187280086719632,-15.63097374617182],[-58.187281877957865,-15.631064118829862],[-58.187283670128174,-15.631154490578153],[-58.187470222985077,-15.631153816352208],[-58.187563499872439,-15.631153478725306],[-58.187656776756555,-15.631153141058777]]]]}},
{"type":"Feature","properties":{"OBJECTID":176,"QUADRA":"10","SETOR":"1","BAIRRO":"JD. DAS OLIVEIRAS","SHAPE_AREA":6390.5680259800001,"SHAPE_LEN":319.76515165500001},"geometry":{"type":"MultiPolygon","coordinates":[[[[-58.18342208441706,-15.62442129702749],[-58.18414874411669,-15.624585677161976],[-58.184315032565657,-15.623880747300822],[-58.183590501016269,-15.623716848710282],[-58.18342208441706,-15.62442129702749]]]]}},
{"type":"Feature","properties":{"OBJECTID":32,"QUADRA":"59A","SETOR":"4","BAIRRO":"JD. ZEFERINO  II","SHAPE_AREA":3131.7072405,"SHAPE_LEN":242.98524315399999},"geometry":{"type":"MultiPolygon","coordinates":[[[[-58.171355379437635,-15.63334378412149],[-58.171465000234548,-15.633368002054416],[-58.171491632588101,-15.633213960277066],[-58.171478547770839,-15.633211101483386],[-58.171507017120888,-15.633052033199149],[-58.171417666451632,-15.63303276893496],[-58.171424555488187,-15.63300083319713],[-58.17133092675946,-15.632982179279516],[-58.171239341922927,-15.632962068154356],[-58.171146602004889,-15.632942234328707],[-58.171059240758389,-15.632921766132796],[-58.170967080856748,-15.632903863498671],[-58.170874361099315,-15.632885927656361],[-58.170766144551422,-15.632870750045065],[-58.170738703541403,-15.63304837004091],[-58.170713866349203,-15.633216376621643],[-58.170811277156496,-15.633232479668838],[-58.170901317745752,-15.633250032107139],[-58.170987678643911,-15.633266799669231],[-58.171079272109949,-15.633283485029992],[-58.171171746788978,-15.633302579084695],[-58.171268655013705,-15.633323791693469],[-58.171355379437635,-15.63334378412149]]]]}},
{"type":"Feature","properties":{"OBJECTID":563,"QUADRA":"7","SETOR":"3","BAIRRO":"JD. ITALIA II","SHAPE_AREA":4032.0241046400001,"SHAPE_LEN":316.85018735199998},"geometry":{"type":"MultiPolygon","coordinates":[[[[-58.175828248461663,-15.614508800929706],[-58.176085604009991,-15.61456400853335],[-58.176110571858231,-15.614460130444643],[-58.176135326487099,-15.61435713932671],[-58.176160081981124,-15.614254140066807],[-58.176184837448844,-15.614151139901008],[-58.176209593838394,-15.614048141535934],[-58.176234349263794,-15.613945141366075],[-58.176259104673186,-15.613842142098065],[-58.176283860056273,-15.613739141924142],[-58.176308616361204,-15.61363614355095],[-58.176333371696828,-15.613533142469098],[-58.176358127959446,-15.613430144091852],[-58.176098486793748,-15.613374446382428],[-58.176065150797442,-15.6133950649919],[-58.176046871832348,-15.613471682415033],[-58.176022288186587,-15.613574720518633],[-58.175997705431932,-15.613677754999717],[-58.175973122676879,-15.613780793094325],[-58.175948539890548,-15.613883829379164],[-58.175923957093538,-15.613986867469769],[-58.175899374254911,-15.614089901942839],[-58.175874790478076,-15.614192939130533],[-58.175850208540481,-15.61429597540236],[-58.175825627468207,-15.614399003532268],[-58.175807007167343,-15.614476472442345],[-58.175828248461663,-15.614508800929706]]]]}},
{"type":"Feature","properties":{"OBJECTID":606,"QUADRA":"9","SETOR":"3","BAIRRO":"JD. ITALIA II","SHAPE_AREA":8667.19313917,"SHAPE_LEN":394.69490039700003},"geometry":{"type":"MultiPolygon","coordinates":[[[[-58.174162203751081,-15.613537768683521],[-58.174362469533932,-15.613581400818401],[-58.174395872550271,-15.613560884238581],[-58.174411303700971,-15.613494762072598],[-58.174432907106116,-15.613402190135995],[-58.174454510499899,-15.613309619101726],[-58.174476112944497,-15.613217048070894],[-58.174497716305275,-15.613124477033523],[-58.174513147400404,-15.613058354862307],[-58.174492019875345,-15.613025958723295],[-58.17429182372765,-15.612982341666159],[-58.174192999945291,-15.612960810986257],[-58.17409290144986,-15.612939002342962],[-58.173992803905108,-15.61291719364754],[-58.173892706373209,-15.612895384001103],[-58.173792607931759,-15.61287357521641],[-58.173692509508307,-15.612851766384583],[-58.17359241110286,-15.612829957505632],[-58.173492312720541,-15.612808149483428],[-58.1733785649552,-15.612783366348204],[-58.173292048759194,-15.612764516482592],[-58.17325864573877,-15.612785031990741],[-58.173243214254143,-15.612851155005567],[-58.173221610340846,-15.612943725958553],[-58.17320000641103,-15.613036296910009],[-58.173178403392271,-15.613128866951012],[-58.17315679849677,-15.613221437904338],[-58.173141367889237,-15.613287560908937],[-58.173162495246586,-15.613319958093793],[-58.173362690626043,-15.613363575274247],[-58.17346278927802,-15.613385384240736],[-58.173562887947988,-15.613407193160089],[-58.173662986635946,-15.613429002032316],[-58.173763084409238,-15.6134508108624],[-58.173863182200506,-15.613472619645345],[-58.173963280942466,-15.613494428376177],[-58.174063379702417,-15.613516237059871],[-58.174162203751081,-15.613537768683521]]]]}},
{"type":"Feature","properties":{"OBJECTID":589,"QUADRA":"9","SETOR":"2","BAIRRO":"PACAEMBU","SHAPE_AREA":5170.5792633299998,"SHAPE_LEN":292.19691128800002},"geometry":{"type":"MultiPolygon","coordinates":[[[[-58.187714829213618,-15.634159170156281],[-58.187901385690409,-15.634158494465717],[-58.18789939151074,-15.634057909738825],[-58.187897420902708,-15.633958499959052],[-58.187895449372562,-15.633859091087185],[-58.18789365775033,-15.633768718477043],[-58.18789186613261,-15.633678345866056],[-58.187889871979614,-15.633577761134124],[-58.187887901403137,-15.633478352253263],[-58.187885930826894,-15.633378942467488],[-58.187792652942598,-15.633379280301504],[-58.187699375055068,-15.633379618095859],[-58.187606097159083,-15.63337995494669],[-58.187512820197817,-15.633380292656691],[-58.187425045697026,-15.633380610487173],[-58.18732924929332,-15.63338095723643],[-58.187331191104199,-15.633629491580907],[-58.187333990266048,-15.633770744070702],[-58.187335781643107,-15.633861116702471],[-58.187337752903559,-15.63396052559813],[-58.187339723241891,-15.634059935401696],[-58.187341717148669,-15.634160520152664],[-58.187528273651402,-15.634159844779314],[-58.187621550965147,-15.634159507038209],[-58.187714829213618,-15.634159170156281]]]]}},
{"type":"Feature","properties":{"OBJECTID":530,"QUADRA":"6","SETOR":"2","BAIRRO":"JD. BANDEIRANTES II","SHAPE_AREA":2061.0887061799999,"SHAPE_LEN":186.51005967500001},"geometry":{"type":"MultiPolygon","coordinates":[[[[-58.191376207791173,-15.624087691930832],[-58.19137857332349,-15.624250375527945],[-58.191485836257456,-15.624249683924859],[-58.191593099192019,-15.624248993173257],[-58.191700362116748,-15.624248301465414],[-58.191807531764212,-15.624247610211626],[-58.191913115798158,-15.624246932035344],[-58.191910235954438,-15.624084258495175],[-58.191907357026182,-15.623921579523964],[-58.19180289242346,-15.62392225070473],[-58.191695629656756,-15.623922939739218],[-58.191588366885441,-15.623923628721325],[-58.191481104114729,-15.623924318554932],[-58.19137384133419,-15.623925007432279],[-58.191376207791173,-15.624087691930832]]]]}},
{"type":"Feature","properties":{"OBJECTID":240,"QUADRA":"15","SETOR":"2","BAIRRO":"JARDIM PERUCHI","SHAPE_AREA":4358.2737381400002,"SHAPE_LEN":316.02518379700001},"geometry":{"type":"MultiPolygon","coordinates":[[[[-58.187321330327535,-15.634437984580218],[-58.187323809741699,-15.634550944769751],[-58.187326289168389,-15.634663905861801],[-58.18732876860237,-15.6347768669525],[-58.187331248038468,-15.63488982713797],[-58.187334421921584,-15.635034417510123],[-58.187472745473684,-15.635031763325438],[-58.187614204761033,-15.63502904868937],[-58.187893987564664,-15.635023680416568],[-58.187890813289975,-15.634879090079668],[-58.187888333547974,-15.634766129921751],[-58.187885853808076,-15.634653168858605],[-58.187883374080691,-15.634540208697986],[-58.187880525012083,-15.634410433394237],[-58.187704103852639,-15.634376114683269],[-58.187706409099412,-15.634543603835542],[-58.187603591931705,-15.634545576911824],[-58.187601112359367,-15.634432615832191],[-58.187598055886454,-15.634293368715594],[-58.187318274043179,-15.634298737446638],[-58.187321330327535,-15.634437984580218]]]]}},
{"type":"Feature","properties":{"OBJECTID":43,"QUADRA":"65","SETOR":"2","BAIRRO":"JD. POPULAR","SHAPE_AREA":4159.9555219100002,"SHAPE_LEN":264.000074359},"geometry":{"type":"MultiPolygon","coordinates":[[[[-58.181917041130774,-15.636110526850636],[-58.182053493462483,-15.636140526160959],[-58.182112449983464,-15.635893968193532],[-58.182137717829455,-15.635788301001877],[-58.18216298472052,-15.635682633813145],[-58.18222194195031,-15.635436075819342],[-58.182085491014128,-15.635406077480207],[-58.181985426389048,-15.635384077802142],[-58.181885361787359,-15.635362078980787],[-58.181748910929421,-15.63533207952136],[-58.181689953139283,-15.635578636523514],[-58.181664685082694,-15.635684304583533],[-58.181639417931549,-15.635789971732551],[-58.181580459917427,-15.63603652871336],[-58.181716912165705,-15.636066528240088],[-58.181816976170154,-15.636088527119526],[-58.181917041130774,-15.636110526850636]]]]}},
{"type":"Feature","properties":{"OBJECTID":360,"QUADRA":"27","SETOR":"1","BAIRRO":"NUCLEO URBANO","SHAPE_AREA":6399.9205591899999,"SHAPE_LEN":320.00005427399998},"geometry":{"type":"MultiPolygon","coordinates":[[[[-58.180473032140021,-15.627449936137207],[-58.180609165099909,-15.627481241900268],[-58.180661875211882,-15.627261117296509],[-58.180688229765408,-15.627151054993684],[-58.180714585227626,-15.627040992683552],[-58.180777836929821,-15.626776842594538],[-58.180560024190363,-15.626726752909018],[-58.180491957962069,-15.62671110000462],[-58.180383051643204,-15.626686055494908],[-58.180305909757735,-15.626668315411289],[-58.180228767883676,-15.626650575299607],[-58.180051796376368,-15.626609876700098],[-58.17998854376345,-15.62687402664454],[-58.17996218792176,-15.62698408889443],[-58.179935832988747,-15.627094151137021],[-58.179883122117793,-15.627314275620307],[-58.180019254923828,-15.627345581762169],[-58.180132698957713,-15.627371670448246],[-58.180246143948992,-15.627397759068595],[-58.180359588032168,-15.62742384763326],[-58.180473032140021,-15.627449936137207]]]]}},
{"type":"Feature","properties":{"OBJECTID":546,"QUADRA":"7","SETOR":"2","BAIRRO":"JD. PLANALTO","SHAPE_AREA":1679.91610259,"SHAPE_LEN":166.81992052800001},"geometry":{"type":"MultiPolygon","coordinates":[[[[-58.188872819108092,-15.633243164924364],[-58.1889839129501,-15.633242761714866],[-58.188984238105164,-15.633043906449046],[-58.188984415212389,-15.632935439693807],[-58.188873321530913,-15.632935841988157],[-58.188756725400822,-15.632936265002719],[-58.188682103277095,-15.632936535558139],[-58.188523531254681,-15.632937109952222],[-58.188523353904749,-15.633045576723958],[-58.188523028304751,-15.633244432020044],[-58.188639625556931,-15.633244010016387],[-58.188756222798823,-15.633243587046886],[-58.188872819108092,-15.633243164924364]]]]}},
{"type":"Feature","properties":{"OBJECTID":432,"QUADRA":"4","SETOR":"2","BAIRRO":"RESIDENCIAL BERTINI","SHAPE_AREA":1581.098349,"SHAPE_LEN":162.82005551899999},"geometry":{"type":"MultiPolygon","coordinates":[[[[-58.188843481172945,-15.631576056138648],[-58.188954574117147,-15.631575653006546],[-58.188951867728093,-15.631286420086008],[-58.188840774939756,-15.631286823205885],[-58.188724179736361,-15.631287245234351],[-58.188607583600344,-15.631287668109808],[-58.188490987454038,-15.631288090019444],[-58.188493692263769,-15.63157732299573],[-58.188610288573642,-15.631576901073275],[-58.188726884873219,-15.631576478184998],[-58.188843481172945,-15.631576056138648]]]]}},
{"type":"Feature","properties":{"OBJECTID":235,"QUADRA":"14","SETOR":"1","BAIRRO":"JD. DAS OLIVEIRAS II","SHAPE_AREA":4153.7534279600004,"SHAPE_LEN":263.75985033299997},"geometry":{"type":"MultiPolygon","coordinates":[[[[-58.184832837820252,-15.623851632923101],[-58.184950985300901,-15.623878070749093],[-58.184980577347382,-15.623754817971612],[-58.185008055049195,-15.623640368900046],[-58.185035533657654,-15.623525919820977],[-58.185062885625889,-15.623411999304114],[-58.185090236635574,-15.623298078789828],[-58.185119828539754,-15.623174825998792],[-58.185001681448824,-15.623148387331664],[-58.184883535321667,-15.623121949497616],[-58.184647241279485,-15.623069073642254],[-58.184617649098485,-15.62319232638931],[-58.18459029690019,-15.623306246867957],[-58.184562944676067,-15.623420167344138],[-58.184535466743256,-15.623534616377343],[-58.184478395528309,-15.623772318146546],[-58.184598283830304,-15.623799146301153],[-58.184714690365482,-15.623825195031316],[-58.184832837820252,-15.623851632923101]]]]}},
{"type":"Feature","properties":{"OBJECTID":85,"QUADRA":"95","SETOR":"2","BAIRRO":"JD. POPULAR","SHAPE_AREA":1527.9829319299999,"SHAPE_LEN":202.36992740100001},"geometry":{"type":"MultiPolygon","coordinates":[[[[-58.181576351812261,-15.638800659105053],[-58.181508971246302,-15.639082438743857],[-58.182291050091187,-15.639015247941751],[-58.182304104955783,-15.638960653071321],[-58.181576351812261,-15.638800659105053]]]]}},
{"type":"Feature","properties":{"OBJECTID":537,"QUADRA":"6","SETOR":"4","BAIRRO":"JD. ARATAKA","SHAPE_AREA":3303.874631,"SHAPE_LEN":248.29105557099999},"geometry":{"type":"MultiPolygon","coordinates":[[[[-58.171859239921787,-15.61767261567562],[-58.171849729785208,-15.617720871961826],[-58.171842649155842,-15.617719020577427],[-58.17183160948489,-15.61777551060888],[-58.171955868536244,-15.617803492346946],[-58.172076796195526,-15.617829557427358],[-58.172211685202754,-15.617856967045602],[-58.172234069473134,-15.617751722800108],[-58.172220885001344,-15.617749208003197],[-58.172240674093601,-15.617661630976013],[-58.172261126058679,-15.617574167916912],[-58.172281766271972,-15.617485366064363],[-58.172302016533628,-15.617396882660707],[-58.172322497362103,-15.617306300953162],[-58.172341512136924,-15.617218709974685],[-58.172361215376249,-15.617129171912435],[-58.172180717655856,-15.617090499049429],[-58.171994874796134,-15.617051709936478],[-58.171975155160503,-15.617141672901367],[-58.171956085627635,-15.617231144283643],[-58.171936742258566,-15.61732002958445],[-58.17191654462026,-15.617407952259247],[-58.171897840884007,-15.617496147171865],[-58.171878715560176,-15.617587300119622],[-58.171859239921787,-15.61767261567562]]]]}},
{"type":"Feature","properties":{"OBJECTID":123,"QUADRA":null,"SETOR":null,"BAIRRO":null,"SHAPE_AREA":15276.197354800001,"SHAPE_LEN":527.05925473100001},"geometry":{"type":"MultiPolygon","coordinates":[[[[-58.186600353816338,-15.621826350876027],[-58.186604611416421,-15.621965325971962],[-58.186608880661126,-15.622104701433077],[-58.186612792655581,-15.622232405784436],[-58.186617883889149,-15.622358368260578],[-58.186623586444483,-15.622499463331467],[-58.186625166797846,-15.622538564077198],[-58.186629741589385,-15.622651772519285],[-58.186634712202391,-15.622774759983617],[-58.186639200950978,-15.622885818496016],[-58.186642817358809,-15.622975286512288],[-58.186646416486894,-15.623064344247817],[-58.186796003697836,-15.623061575877268],[-58.186945478980888,-15.623058809817993],[-58.187078238327594,-15.623056353704195],[-58.187194091471142,-15.623054209499079],[-58.187309603257297,-15.623052071598842],[-58.187421327536455,-15.623050003840969],[-58.187420107229876,-15.622794590261096],[-58.187419529971834,-15.622673807206985],[-58.18741897986672,-15.622558546867207],[-58.187417991460983,-15.622351644630141],[-58.187417482486651,-15.622245142005047],[-58.187413487202207,-15.622117152516552],[-58.187410000827676,-15.622005453170784],[-58.187406458538831,-15.621891979759496],[-58.187402921937249,-15.621778682577602],[-58.18739940021819,-15.621665862575918],[-58.187395830540808,-15.621551516135714],[-58.187392423235458,-15.621442363561194],[-58.187163197456094,-15.621441535138722],[-58.187056328831154,-15.621441148563273],[-58.187049378809292,-15.621441123774211],[-58.18693555923106,-15.621440713259579],[-58.186821738700573,-15.621440299979293],[-58.186588502001726,-15.621439457387464],[-58.186591763939681,-15.621545953304487],[-58.186596033026376,-15.621685307983059],[-58.186600353816338,-15.621826350876027]]]]}},
{"type":"Feature","properties":{"OBJECTID":42,"QUADRA":"64","SETOR":"2","BAIRRO":"JD. POPULAR","SHAPE_AREA":6395.9997205600002,"SHAPE_LEN":319.76594836499999},"geometry":{"type":"MultiPolygon","coordinates":[[[[-58.182792048946666,-15.636303664347595],[-58.182928304728222,-15.636334484902756],[-58.182961644245061,-15.636193162941124],[-58.182987253719247,-15.636087931327673],[-58.183012517383837,-15.635982262278848],[-58.183037781036667,-15.635876595035663],[-58.183094603938656,-15.635629555757189],[-58.182960473514726,-15.635599215538035],[-58.182846927124437,-15.635573531435705],[-58.182733380758386,-15.63554784727256],[-58.182619833478597,-15.635522162149764],[-58.18250628716099,-15.635496477865001],[-58.182370031049082,-15.635465656103698],[-58.182311080528336,-15.635712214993662],[-58.182285816520746,-15.635817883986851],[-58.182260552485808,-15.635923552074036],[-58.182201603565204,-15.636170103701584],[-58.182337860133543,-15.636200925535089],[-58.18245140683667,-15.636226610783881],[-58.182564954491639,-15.63625229506297],[-58.182678501238051,-15.636277979286259],[-58.182792048946666,-15.636303664347595]]]]}},
{"type":"Feature","properties":{"OBJECTID":315,"QUADRA":"2","SETOR":"3","BAIRRO":"RESIDENCIAL SOLARES","SHAPE_AREA":8199.9924548899999,"SHAPE_LEN":364.00002273000001},"geometry":{"type":"MultiPolygon","coordinates":[[[[-58.18752498724043,-15.621134128801057],[-58.187528474462617,-15.621256336951852],[-58.187659011270064,-15.621252986870301],[-58.187770899688459,-15.621250115440828],[-58.187882787166792,-15.621247243959585],[-58.187994675565285,-15.621244371512587],[-58.188106563961668,-15.621241499912635],[-58.188218445285358,-15.621238373392805],[-58.188330324741202,-15.621235247730141],[-58.188460853243711,-15.621231599833282],[-58.188457241880506,-15.621105103373845],[-58.188453631460213,-15.620978606907586],[-58.188450279271535,-15.62086114628716],[-58.188446926158932,-15.620743685670234],[-58.188443315767742,-15.620617189198855],[-58.188439705386727,-15.620490692725673],[-58.188309177345921,-15.620494339673671],[-58.188197296430062,-15.620497466211749],[-58.188085416439279,-15.620500592687995],[-58.18797352843805,-15.620503463345479],[-58.187861640439856,-15.620506335753902],[-58.187749752429148,-15.620509207201621],[-58.187637866276496,-15.620512078582435],[-58.187507329936118,-15.620515428618999],[-58.18751455050726,-15.620768422572134],[-58.187517902153111,-15.620885882341177],[-58.187521254745661,-15.621003343007493],[-58.18752498724043,-15.621134128801057]]]]}},
{"type":"Feature","properties":{"OBJECTID":153,"QUADRA":"1","SETOR":"3","BAIRRO":"RESIDENCIAL  ARANTES","SHAPE_AREA":2604.5687865899999,"SHAPE_LEN":225.281377324},"geometry":{"type":"MultiPolygon","coordinates":[[[[-58.183623228258682,-15.623584393660609],[-58.184352441308093,-15.623743663318828],[-58.184418525172596,-15.623457300863496],[-58.184418599812403,-15.62345697957403],[-58.183689387758889,-15.623297710064749],[-58.183623228258682,-15.623584393660609]]]]}},
{"type":"Feature","properties":{"OBJECTID":11,"QUADRA":"108","SETOR":"2","BAIRRO":"JARDIM POPULAR II","SHAPE_AREA":4694.73195115,"SHAPE_LEN":277.57027335399999},"geometry":{"type":"MultiPolygon","coordinates":[[[[-58.185227820086368,-15.633130218754991],[-58.185229639374192,-15.633266463605912],[-58.185374387992653,-15.633262689612897],[-58.185450226018872,-15.633261330726789],[-58.185550463850561,-15.63325796887413],[-58.185772274894084,-15.633251644939643],[-58.185768762075583,-15.633002746534796],[-58.18576728198893,-15.632889838705243],[-58.185766863531249,-15.632778244837999],[-58.185765044940986,-15.632663569893216],[-58.185762895290168,-15.632528002064619],[-58.185481072235156,-15.63253164925902],[-58.18521890816433,-15.632534548115682],[-58.185221045824925,-15.632782884551389],[-58.185224480410291,-15.632899948849179],[-58.185226227771729,-15.633013967060888],[-58.185227820086368,-15.633130218754991]]]]}},
{"type":"Feature","properties":{"OBJECTID":286,"QUADRA":"19","SETOR":"1","BAIRRO":"JD. SANTA ROSA","SHAPE_AREA":6401.5756613599997,"SHAPE_LEN":319.99924346500001},"geometry":{"type":"MultiPolygon","coordinates":[[[[-58.182224193955129,-15.624150182432162],[-58.182360454277784,-15.624180954152346],[-58.182419300690448,-15.623934378602533],[-58.182444520647664,-15.623828698068543],[-58.182470487770544,-15.623723188865213],[-58.182528590503097,-15.623476441941314],[-58.182392329719448,-15.623445673009735],[-58.182278778296713,-15.62342002885654],[-58.18216522877912,-15.62339438734416],[-58.182051679280512,-15.623368744867145],[-58.181938127935446,-15.623343101435507],[-58.181801868230082,-15.623312331215811],[-58.181743019360013,-15.623558912989768],[-58.181717797178919,-15.623664590766705],[-58.18169257777393,-15.623770268526494],[-58.181633729571828,-15.624016843043126],[-58.181824494184937,-15.624059922148003],[-58.18199709133215,-15.624098898459463],[-58.182110643105702,-15.62412454182952],[-58.182224193955129,-15.624150182432162]]]]}},
{"type":"Feature","properties":{"OBJECTID":419,"QUADRA":"35","SETOR":"4","BAIRRO":"JD. ZEFERINO I","SHAPE_AREA":7208.3717045900003,"SHAPE_LEN":340.21035902900002},"geometry":{"type":"MultiPolygon","coordinates":[[[[-58.167089663384573,-15.624717722797863],[-58.167903301308201,-15.624884504353227],[-58.168070264283521,-15.624127967288814],[-58.167346790226425,-15.623979667105855],[-58.167089663384573,-15.624717722797863]]]]}},
{"type":"Feature","properties":{"OBJECTID":447,"QUADRA":"4","SETOR":"2","BAIRRO":"JD. SAO JOSE","SHAPE_AREA":3023.9131807600002,"SHAPE_LEN":239.99996729200001},"geometry":{"type":"MultiPolygon","coordinates":[[[[-58.190420962583488,-15.624514689869814],[-58.190423792798022,-15.624677366479613],[-58.190535717991985,-15.624676365310444],[-58.190647642253104,-15.624675364993198],[-58.190759565576158,-15.624674364623999],[-58.190871490759349,-15.62467336418767],[-58.190983414999273,-15.62467236279551],[-58.191095339239077,-15.624671362250206],[-58.191207264406287,-15.624670361642833],[-58.19120443450722,-15.624507685081115],[-58.191201603684235,-15.624345007617894],[-58.19108967869338,-15.624346008210081],[-58.190977755562663,-15.624347008735121],[-58.190865831499096,-15.624348010112099],[-58.190753906492247,-15.62434901053326],[-58.190641982412814,-15.624350010892323],[-58.190530058328051,-15.624351011194394],[-58.190418134243174,-15.624352012343312],[-58.190420962583488,-15.624514689869814]]]]}},
{"type":"Feature","properties":{"OBJECTID":33,"QUADRA":"59B","SETOR":"4","BAIRRO":"JD. ZEFERINO  II","SHAPE_AREA":2901.3957435000002,"SHAPE_LEN":235.97847778400001},"geometry":{"type":"MultiPolygon","coordinates":[[[[-58.171301607459569,-15.633746437331887],[-58.171410339708096,-15.633766917838726],[-58.17142868309142,-15.633606945489893],[-58.171457344247592,-15.633463549971152],[-58.171351782255925,-15.633439536343586],[-58.171263202725399,-15.63341811660564],[-58.171171559263321,-15.633397571901368],[-58.17107869904747,-15.633376301486315],[-58.170986079930891,-15.633354776649183],[-58.170897739229716,-15.633335976820767],[-58.170805049713465,-15.633313548371184],[-58.170701423854325,-15.633292073111935],[-58.170674685302934,-15.633448872320347],[-58.170649391361607,-15.633607101032977],[-58.170753991061126,-15.633629203845944],[-58.170847502331597,-15.63365176350842],[-58.170936614568852,-15.633671707194884],[-58.171030157354068,-15.633691600076569],[-58.171123068822403,-15.633710375440039],[-58.171211442746198,-15.633728424743637],[-58.171301607459569,-15.633746437331887]]]]}},
{"type":"Feature","properties":{"OBJECTID":583,"QUADRA":"8","SETOR":"4","BAIRRO":"JD. ARATAKA","SHAPE_AREA":3294.377908,"SHAPE_LEN":244.03896576899999},"geometry":{"type":"MultiPolygon","coordinates":[[[[-58.173194051399015,-15.617185963739297],[-58.173379850539042,-15.617223576965101],[-58.173403433688264,-15.617122601723874],[-58.173423493844233,-15.617035222032593],[-58.173443199937878,-15.616946271428821],[-58.173463005716087,-15.616858450178277],[-58.173483452488405,-15.616768537469142],[-58.173504375555211,-15.616682011875112],[-58.17352612900045,-15.616592254883757],[-58.173546275617781,-15.616502054523018],[-58.173363857204251,-15.616463438070326],[-58.173178646072564,-15.616424131331822],[-58.173157281010639,-15.616514961876456],[-58.173137552432586,-15.616601616651927],[-58.173117118495803,-15.616692171046143],[-58.173097329638857,-15.616779711972613],[-58.173077089246362,-15.616868222493498],[-58.173057076718436,-15.616955800768414],[-58.173038907508207,-15.617044408691305],[-58.173015524091284,-15.617147733003693],[-58.173194051399015,-15.617185963739297]]]]}},
{"type":"Feature","properties":{"OBJECTID":225,"QUADRA":"13","SETOR":"3","BAIRRO":"JD. ITALIA II","SHAPE_AREA":1805.43920675,"SHAPE_LEN":176.820429131},"geometry":{"type":"MultiPolygon","coordinates":[[[[-58.175274238304127,-15.615038189713651],[-58.175557246434636,-15.615100663635447],[-58.175580177299523,-15.615000507042652],[-58.175603108145523,-15.614900350448101],[-58.175626261025975,-15.614799223672247],[-58.175668729931026,-15.614613731056744],[-58.175647466346483,-15.614581417135229],[-58.175580534323053,-15.614566641267166],[-58.175486411124979,-15.614545863429985],[-58.175391741620025,-15.614524965543337],[-58.175370183975694,-15.614619121853812],[-58.175349981433932,-15.614707364765767],[-58.175343253301477,-15.614736749810666],[-58.175329777949983,-15.614795608585258],[-58.175320100289987,-15.61483787747021],[-58.175309574451376,-15.614883852403375],[-58.175297169303924,-15.61493803314087],[-58.175289370932958,-15.614972095316253],[-58.175274238304127,-15.615038189713651]]]]}},
{"type":"Feature","properties":{"OBJECTID":256,"QUADRA":"16","SETOR":"1","BAIRRO":"JD. DAS OLIVEIRAS II","SHAPE_AREA":3201.30486333,"SHAPE_LEN":240.079183194},"geometry":{"type":"MultiPolygon","coordinates":[[[[-58.185886958046694,-15.623201423884678],[-58.186014840723836,-15.62323035215098],[-58.186043689465095,-15.623108050579262],[-58.186098326999385,-15.62287796170674],[-58.185971161829094,-15.622849196821051],[-58.185734654447003,-15.6227956968794],[-58.185633569427381,-15.622772830813759],[-58.185533316589307,-15.622750152737654],[-58.185371672344118,-15.622713587692939],[-58.185344305139878,-15.622828061511127],[-58.185287466630854,-15.623065815507035],[-58.185415349164145,-15.623094744134713],[-58.185533430658609,-15.623121453199891],[-58.185651513122345,-15.623148164002075],[-58.18576959467952,-15.623174874743556],[-58.185886958046694,-15.623201423884678]]]]}},
{"type":"Feature","properties":{"OBJECTID":533,"QUADRA":"6","SETOR":"3","BAIRRO":"RESIDENCIAL  ARANTES","SHAPE_AREA":6401.8852650999997,"SHAPE_LEN":320.14071554999998},"geometry":{"type":"MultiPolygon","coordinates":[[[[-58.183016815158183,-15.622564496446524],[-58.183135138365181,-15.622590183222123],[-58.183135283114503,-15.622589563265885],[-58.183253605413476,-15.622615249980553],[-58.183371928670162,-15.622640936624304],[-58.183617677199969,-15.622694286291425],[-58.183646434063689,-15.622570848323951],[-58.183699840383625,-15.622341605339779],[-58.183726543508357,-15.622226984296091],[-58.183782003328396,-15.621988924365805],[-58.183536256562085,-15.621935575722816],[-58.183417933702898,-15.621909889139385],[-58.183299610868715,-15.62188420249006],[-58.183181288059558,-15.621858515774838],[-58.183053863376344,-15.621830852390243],[-58.183024797629457,-15.621955616192086],[-58.182998402730732,-15.62206891219525],[-58.182971555391596,-15.622184153129753],[-58.182933664823167,-15.622346792976204],[-58.182889390051706,-15.622536833900771],[-58.183016815158183,-15.622564496446524]]]]}},
{"type":"Feature","properties":{"OBJECTID":494,"QUADRA":"5","SETOR":"3","BAIRRO":"JD. SANTA ROSA II","SHAPE_AREA":4801.4400568499996,"SHAPE_LEN":280.09399264899997},"geometry":{"type":"MultiPolygon","coordinates":[[[[-58.182503006504341,-15.622446916892352],[-58.182757363022496,-15.622504335767077],[-58.182782937598944,-15.622398737355939],[-58.182808511220266,-15.622293138947674],[-58.182834084824314,-15.622187541441116],[-58.182859846117225,-15.622081170984554],[-58.182885420608983,-15.621975573468651],[-58.182758156112278,-15.621947224794029],[-58.182630892583347,-15.621918876941967],[-58.182521808252069,-15.621894579116889],[-58.182412724865067,-15.621870279422975],[-58.182158381054471,-15.62181281120994],[-58.182132807130721,-15.621918408662031],[-58.182107220427085,-15.622024058607282],[-58.182081644587853,-15.622129655161222],[-58.182056069669265,-15.622235253515763],[-58.182030493790329,-15.622340850969277],[-58.182284851006507,-15.622398268597591],[-58.182393928278088,-15.622422592775518],[-58.182503006504341,-15.622446916892352]]]]}},
{"type":"Feature","properties":{"OBJECTID":105,"QUADRA":null,"SETOR":"4","BAIRRO":"JD. ZEFERINO  II","SHAPE_AREA":8890.7731892800002,"SHAPE_LEN":386.88884038499998},"geometry":{"type":"MultiPolygon","coordinates":[[[[-58.171945473414546,-15.627768184338901],[-58.17230898863729,-15.627849630182306],[-58.172463631550798,-15.626705968897875],[-58.171725733040638,-15.626798043683639],[-58.171581957499647,-15.627686736973983],[-58.171945473414546,-15.627768184338901]]]]}},
{"type":"Feature","properties":{"OBJECTID":433,"QUADRA":"4","SETOR":"2","BAIRRO":"PACAEMBU","SHAPE_AREA":2040.2956034199999,"SHAPE_LEN":273.200193179},"geometry":{"type":"MultiPolygon","coordinates":[[[[-58.188001242117181,-15.632370040593946],[-58.188166062947637,-15.632369541232398],[-58.188164071457713,-15.632292721038393],[-58.188162079976628,-15.632215901747625],[-58.188160088499131,-15.632139082456209],[-58.188159609706624,-15.632120597489893],[-58.188158097958002,-15.63206226315908],[-58.188156564808352,-15.632003128988302],[-58.188154115015841,-15.631908623669144],[-58.188151341321678,-15.631801624526556],[-58.188150132093313,-15.631754985080486],[-58.188148684348334,-15.631699335901265],[-58.188146138919635,-15.631601345640917],[-58.188146028204358,-15.631596866489431],[-58.188143372072027,-15.631494397980328],[-58.188142166286347,-15.631447706991519],[-58.18814073739437,-15.631391928450034],[-58.188138111529469,-15.63128936848042],[-58.187984391141519,-15.631289924265666],[-58.187986859550954,-15.631448178274461],[-58.187989256614294,-15.631601821849667],[-58.1879916536897,-15.631755465422501],[-58.187994050777171,-15.631909108992954],[-58.187996447881915,-15.632062753464911],[-58.187997646436209,-15.632139575248063],[-58.187998844993523,-15.632216397030612],[-58.188000043553849,-15.632293218812579],[-58.188001242117181,-15.632370040593946]]]]}},
{"type":"Feature","properties":{"OBJECTID":307,"QUADRA":"2","SETOR":"2","BAIRRO":"JD. SAO JOSE","SHAPE_AREA":3023.91119493,"SHAPE_LEN":239.99994789300001},"geometry":{"type":"MultiPolygon","coordinates":[[[[-58.190436082442865,-15.625392586527427],[-58.190439296992714,-15.625555256518924],[-58.190551218433747,-15.625554007661819],[-58.190663140801917,-15.625552758742646],[-58.190775063164494,-15.625551509766501],[-58.19088698552148,-15.625550260733336],[-58.190998907872853,-15.625549011643193],[-58.191110830218641,-15.625547762496048],[-58.191222752558829,-15.625546513291916],[-58.191219537386765,-15.625383842451022],[-58.191216323167261,-15.625221172506203],[-58.191104401003365,-15.625222421694769],[-58.190992478833863,-15.625223670826358],[-58.190880556658769,-15.625224919900926],[-58.190768635410805,-15.62522616891345],[-58.19065671322452,-15.625227417874042],[-58.190544791032622,-15.625228666777653],[-58.190432868835146,-15.625229915624242],[-58.190436082442865,-15.625392586527427]]]]}},
{"type":"Feature","properties":{"OBJECTID":247,"QUADRA":"15","SETOR":"1","BAIRRO":"JD. ZEFERINO I","SHAPE_AREA":1939.97899351,"SHAPE_LEN":211.17595039400001},"geometry":{"type":"MultiPolygon","coordinates":[[[[-58.172592246191144,-15.622889793154911],[-58.172864739498934,-15.622951449249923],[-58.172893846616759,-15.62282808814718],[-58.172637336123245,-15.622698692680341],[-58.172466329606834,-15.622612428553143],[-58.172338075512208,-15.622547731037583],[-58.17220982055624,-15.622483032542267],[-58.172138090979907,-15.622787030712541],[-58.17227433750255,-15.622817859547306],[-58.172410584060096,-15.622848688294592],[-58.172592246191144,-15.622889793154911]]]]}},
{"type":"Feature","properties":{"OBJECTID":214,"QUADRA":"13","SETOR":"2","BAIRRO":"JD. POPULAR","SHAPE_AREA":5606.3353589600001,"SHAPE_LEN":302.28613652899998},"geometry":{"type":"MultiPolygon","coordinates":[[[[-58.184921495177477,-15.631143082659319],[-58.185051389946402,-15.631172464901418],[-58.185051745307668,-15.630912657044071],[-58.18505184636382,-15.6308012971485],[-58.185051947429507,-15.630689938155708],[-58.185052097898271,-15.630580194174177],[-58.185052303751377,-15.630430127570628],[-58.184862822084412,-15.630387266246368],[-58.184749277518264,-15.630361582939273],[-58.184635733909076,-15.630335899566324],[-58.184499481047226,-15.630305078899243],[-58.184440535072007,-15.630551638190829],[-58.184415271674808,-15.630657306459453],[-58.184390009188242,-15.630762974720925],[-58.184331063885644,-15.631009527659026],[-58.184467317203776,-15.631040348398212],[-58.184580861193204,-15.631066031831232],[-58.184694406139613,-15.631091715198426],[-58.184807950182666,-15.631117399413728],[-58.184918327967019,-15.631142365792668],[-58.184921495177477,-15.631143082659319]]]]}},
{"type":"Feature","properties":{"OBJECTID":576,"QUADRA":"8","SETOR":"1","BAIRRO":"JD. ZEFERINO I","SHAPE_AREA":7188.6207675200003,"SHAPE_LEN":339.75129619099999},"geometry":{"type":"MultiPolygon","coordinates":[[[[-58.173201546877159,-15.624885900991911],[-58.173337272810024,-15.624915623652731],[-58.173397624538758,-15.624651174217428],[-58.173427911397098,-15.62451846576206],[-58.173458124502844,-15.624386079489456],[-58.173518550625957,-15.624121308742843],[-58.173382079007062,-15.624091423827567],[-58.173268354078495,-15.624066518903813],[-58.173154628240624,-15.624041613924163],[-58.173040902431275,-15.624016709787519],[-58.172927176640187,-15.623991804686121],[-58.172790706099988,-15.623961919385945],[-58.172731823768565,-15.624227027941155],[-58.17270121049085,-15.624359327698546],[-58.172670598107317,-15.624491626543962],[-58.172611714584789,-15.624756735080425],[-58.172748186574701,-15.624786620450436],[-58.172861911863876,-15.624811525619164],[-58.172975638104063,-15.62483642981816],[-58.17308782059051,-15.624860996913862],[-58.173142409618066,-15.624872951310591],[-58.173201546877159,-15.624885900991911]]]]}},
{"type":"Feature","properties":{"OBJECTID":179,"QUADRA":"10","SETOR":"2","BAIRRO":"JD. BANDEIRANTES II","SHAPE_AREA":2209.80559309,"SHAPE_LEN":191.32417218500001},"geometry":{"type":"MultiPolygon","coordinates":[[[[-58.191791250002709,-15.622493505313082],[-58.191891374230195,-15.622493230159563],[-58.19188997183322,-15.62231697554358],[-58.191888570398234,-15.622140723631206],[-58.191789794133605,-15.622140994165997],[-58.191682530009757,-15.62214128813566],[-58.191575266814418,-15.622141582047853],[-58.191468002682171,-15.622141875912725],[-58.191360739478434,-15.622142169720117],[-58.191361467029566,-15.622318423514354],[-58.191362194614044,-15.62249468092125],[-58.191469458001144,-15.622494387100343],[-58.191576722316782,-15.622494093221976],[-58.191683985695477,-15.622493799296269],[-58.191791250002709,-15.622493505313082]]]]}},
{"type":"Feature","properties":{"OBJECTID":48,"QUADRA":"6B/43","SETOR":"1","BAIRRO":"NUCLEO URBANO","SHAPE_AREA":386.80025601,"SHAPE_LEN":83.0651401314},"geometry":{"type":"MultiPolygon","coordinates":[[[[-58.179387452314465,-15.624675119439663],[-58.179263846535584,-15.624648386137407],[-58.179136394910266,-15.624620820135091],[-58.179110113532914,-15.624744271498763],[-58.17935778108312,-15.624800792764782],[-58.179387452314465,-15.624675119439663]]]]}},
{"type":"Feature","properties":{"OBJECTID":132,"QUADRA":"1","SETOR":"2","BAIRRO":"JARDIM SAO FRANCISCO","SHAPE_AREA":4099.9973724600004,"SHAPE_LEN":264.000027757},"geometry":{"type":"MultiPolygon","coordinates":[[[[-58.188747132612058,-15.635692501632697],[-58.188749799834689,-15.635882300705642],[-58.188982981669703,-15.635879556266129],[-58.189216163474896,-15.63587681067521],[-58.189214765777727,-15.63577739243544],[-58.18921349582326,-15.635687011637755],[-58.189212224940057,-15.635596630844304],[-58.189210954993705,-15.635506250044982],[-58.189209685051395,-15.635415869244854],[-58.189208414185586,-15.635325489352836],[-58.189207144251384,-15.635235108551086],[-58.189205746580676,-15.635135689401098],[-58.188972566545807,-15.63513843491765],[-58.188739385553575,-15.63514118019175],[-58.188740782994365,-15.635240598456463],[-58.188742052724287,-15.635330979275111],[-58.188743322458258,-15.63542136009297],[-58.188744593129059,-15.635511740904947],[-58.188745862865915,-15.635602120817277],[-58.188747132612058,-15.635692501632697]]]]}},
{"type":"Feature","properties":{"OBJECTID":339,"QUADRA":"22","SETOR":"1","BAIRRO":"JD. SANTA ROSA","SHAPE_AREA":6758.5632992199999,"SHAPE_LEN":328.96507610700002},"geometry":{"type":"MultiPolygon","coordinates":[[[[-58.180604698308684,-15.622909264484463],[-58.180750142484172,-15.622941671861531],[-58.180807494420776,-15.622694761170926],[-58.180832074442336,-15.622588940488855],[-58.180856654452796,-15.622483121612532],[-58.180885319865055,-15.622359712414028],[-58.180914007089818,-15.622236208185036],[-58.180770691859045,-15.622204275735406],[-58.180657065724489,-15.622178957395889],[-58.180543437748291,-15.622153639005571],[-58.180429811666521,-15.622128321448296],[-58.180316183737958,-15.622103002936345],[-58.180147106846029,-15.622065329564546],[-58.180118058384771,-15.622188703694354],[-58.180089008961176,-15.622312077826381],[-58.180064108231697,-15.6224178269575],[-58.1800392093459,-15.622523576076542],[-58.180010159841885,-15.622646950200989],[-58.17998111212713,-15.622770316177679],[-58.180150188663596,-15.622807991449884],[-58.180263816978346,-15.622833310924596],[-58.180377444368645,-15.622858627631871],[-58.180491071793121,-15.622883946086073],[-58.180604698308684,-15.622909264484463]]]]}},
{"type":"Feature","properties":{"OBJECTID":600,"QUADRA":"9","SETOR":"2","BAIRRO":"JD. BANDEIRANTES II","SHAPE_AREA":2044.6169935600001,"SHAPE_LEN":185.59007298700001},"geometry":{"type":"MultiPolygon","coordinates":[[[[-58.19179298125696,-15.62291251789971],[-58.191894182068218,-15.622912240502336],[-58.191893510005613,-15.622749541394708],[-58.191892837953624,-15.62258684228464],[-58.191792663313883,-15.622587117715454],[-58.191685398958015,-15.622587411702726],[-58.191578135530648,-15.622587705632522],[-58.191470871166359,-15.622587999514991],[-58.191363606797879,-15.622588293345041],[-58.191363765425891,-15.622750993462308],[-58.191363924063687,-15.622913693577187],[-58.19147118860149,-15.622913399735168],[-58.191578453135101,-15.62291310584073],[-58.191685716731762,-15.622912811898951],[-58.19179298125696,-15.62291251789971]]]]}},
{"type":"Feature","properties":{"OBJECTID":293,"QUADRA":"2","SETOR":"2","BAIRRO":"PACAEMBU","SHAPE_AREA":1658.0717858099999,"SHAPE_LEN":210.99073349299999},"geometry":{"type":"MultiPolygon","coordinates":[[[[-58.188035735101231,-15.6340282681458],[-58.188038381247345,-15.634157296112033],[-58.188221667382066,-15.634155826154108],[-58.188221659684743,-15.634155623721227],[-58.188217716173327,-15.634026805266263],[-58.188214707476611,-15.6339285743895],[-58.188213843018204,-15.633900317597748],[-58.188211388158294,-15.633820154576188],[-58.188209969868367,-15.633773829023539],[-58.188208067920144,-15.633711735670465],[-58.188206097651374,-15.633647338634701],[-58.188204747694911,-15.633603317667268],[-58.188201946672002,-15.63351181522942],[-58.188197794641589,-15.633376269230196],[-58.188022531836445,-15.63337767669263],[-58.188025282752555,-15.633513233905802],[-58.188028033553778,-15.633648769424033],[-58.188030600725611,-15.633775268698345],[-58.188033167906369,-15.63390176797097],[-58.188035735101231,-15.6340282681458]]]]}},
{"type":"Feature","properties":{"OBJECTID":194,"QUADRA":"11","SETOR":"1","BAIRRO":"JD. SANTA ROSA","SHAPE_AREA":5037.6796091300002,"SHAPE_LEN":402.10272650600001},"geometry":{"type":"MultiPolygon","coordinates":[[[[-58.17923632723064,-15.623976804966833],[-58.179241087169395,-15.624108720988387],[-58.179234753960834,-15.624107618801327],[-58.179215904792152,-15.624103709428221],[-58.179072032385271,-15.624073875999287],[-58.178986962766373,-15.624056235813445],[-58.178903175359125,-15.624038861687159],[-58.178806900307599,-15.624018898007746],[-58.178724814427142,-15.624001876236481],[-58.178432000866216,-15.623941157469361],[-58.178465782699703,-15.624208258949142],[-58.17867194046196,-15.624251683920463],[-58.178753971944637,-15.624268962707028],[-58.178846978453869,-15.624288553468448],[-58.178934023055461,-15.624306888143021],[-58.179019537969317,-15.624324901072489],[-58.179184630186569,-15.624359675178239],[-58.179446002958073,-15.624415980832151],[-58.179477207695243,-15.624283811912694],[-58.179507600062408,-15.624155083107988],[-58.179534416141152,-15.624041503123371],[-58.179560419855157,-15.623931362350604],[-58.179586423545473,-15.623821221575593],[-58.179612427212092,-15.623711080798353],[-58.179223775040334,-15.623626726584732],[-58.179227989915589,-15.623743426446051],[-58.179232113274075,-15.623860106007605],[-58.17923632723064,-15.623976804966833]]]]}},
{"type":"Feature","properties":{"OBJECTID":549,"QUADRA":"7","SETOR":"2","BAIRRO":"PACAEMBU","SHAPE_AREA":1578.9040796899999,"SHAPE_LEN":258.725130401},"geometry":{"type":"MultiPolygon","coordinates":[[[[-58.187947464687923,-15.629375331297059],[-58.188078728514078,-15.629375529048234],[-58.188076127839565,-15.629244474225739],[-58.188073437773511,-15.629108914824021],[-58.188062616678678,-15.628563550921095],[-58.188054909143524,-15.628344810617525],[-58.187931578473716,-15.628317621748346],[-58.187936972453052,-15.628563359765621],[-58.187944019169159,-15.629108719723993],[-58.187945771694267,-15.629244276977127],[-58.187947464687923,-15.629375331297059]]]]}},
{"type":"Feature","properties":{"OBJECTID":567,"QUADRA":"8","SETOR":"2","BAIRRO":"JD. PLANALTO","SHAPE_AREA":1679.91414822,"SHAPE_LEN":166.81987948599999},"geometry":{"type":"MultiPolygon","coordinates":[[[[-58.188748178434913,-15.632827516489424],[-58.188975869059746,-15.632826691192694],[-58.188974854094518,-15.632718229087784],[-58.188972993805976,-15.632519382040648],[-58.1888619003484,-15.632519784313589],[-58.188745304453306,-15.632520207305712],[-58.188628707615173,-15.632520629337067],[-58.188512110777182,-15.63252105221032],[-58.188513026256324,-15.632618942808172],[-58.188513970621173,-15.632719899292312],[-58.18851498534913,-15.632828362320119],[-58.18866010572291,-15.632827836415027],[-58.188748178434913,-15.632827516489424]]]]}},
{"type":"Feature","properties":{"OBJECTID":441,"QUADRA":"4","SETOR":"1","BAIRRO":"JD. SANTA ROSA","SHAPE_AREA":7201.8528734000001,"SHAPE_LEN":339.99639726700002},"geometry":{"type":"MultiPolygon","coordinates":[[[[-58.182358347871748,-15.626921360149566],[-58.182608116414457,-15.626977861672067],[-58.182702875811358,-15.626581615341264],[-58.182735252665928,-15.626449711854946],[-58.182762275173296,-15.62633516058875],[-58.182797613402499,-15.626185361865399],[-58.182661363522193,-15.626154539835989],[-58.182547821518128,-15.626128855199086],[-58.182434280465841,-15.626103169592486],[-58.182320738510199,-15.626077484834045],[-58.182207197511509,-15.626051800009778],[-58.182070947782279,-15.626020977601149],[-58.182007788515705,-15.626285147347957],[-58.181976208833142,-15.626417232668354],[-58.181944629116003,-15.62654931798547],[-58.181881472339903,-15.626813482267593],[-58.182017722582273,-15.626844304757389],[-58.182131264008568,-15.62686998964927],[-58.182244804526356,-15.626895674485404],[-58.182358347871748,-15.626921360149566]]]]}},
{"type":"Feature","properties":{"OBJECTID":333,"QUADRA":"21","SETOR":"1","BAIRRO":"NUCLEO URBANO","SHAPE_AREA":6399.9276757199996,"SHAPE_LEN":319.99842174100002},"geometry":{"type":"MultiPolygon","coordinates":[[[[-58.18205901965171,-15.628680353185532],[-58.182195270229784,-15.62871117457377],[-58.182254217665978,-15.628464620219788],[-58.182279482004155,-15.628358952121218],[-58.182304745392642,-15.628253284929448],[-58.182363694454963,-15.628006727832467],[-58.182227443395128,-15.62797590561753],[-58.182113900402946,-15.627950219922122],[-58.182000358372903,-15.627924535064791],[-58.181886815434332,-15.627898850151698],[-58.181773273447533,-15.627873164268923],[-58.181637022543988,-15.627842342578601],[-58.181604600762583,-15.627977949493289],[-58.181578073573263,-15.628088901343625],[-58.181552808892278,-15.628194569386563],[-58.181527545121895,-15.628300237422385],[-58.181468596823819,-15.628546789833889],[-58.181604848183525,-15.628577611596402],[-58.181718390550465,-15.628603297539314],[-58.181831933869191,-15.628628982512531],[-58.181945476284561,-15.62865466833388],[-58.18205901965171,-15.628680353185532]]]]}},
{"type":"Feature","properties":{"OBJECTID":207,"QUADRA":"12","SETOR":"1","BAIRRO":"JD. DAS OLIVEIRAS II","SHAPE_AREA":4352.3040370999997,"SHAPE_LEN":271.45080594000001},"geometry":{"type":"MultiPolygon","coordinates":[[[[-58.186416974115382,-15.624194673849345],[-58.186547256089298,-15.624222230219646],[-58.186542353250481,-15.62409708929818],[-58.186537387121021,-15.62397034970795],[-58.186532624060966,-15.62384907041594],[-58.186527859151532,-15.623727792036101],[-58.186523007400254,-15.623606495141916],[-58.186517800522054,-15.623476327427557],[-58.186364166323209,-15.623443373453261],[-58.186118278107521,-15.623390632436909],[-58.186089684716237,-15.623514837164825],[-58.186063285406348,-15.623629524561139],[-58.186036883273388,-15.623744211970271],[-58.186010481105122,-15.623858897569354],[-58.185984079855096,-15.623973584968841],[-58.185955645549782,-15.624097092816335],[-58.186201696614042,-15.62414913707291],[-58.186320161993699,-15.62417419667617],[-58.186416974115382,-15.624194673849345]]]]}},
{"type":"Feature","properties":{"OBJECTID":91,"QUADRA":null,"SETOR":"2","BAIRRO":"JARDIM SAO FRANCISCO","SHAPE_AREA":20392.276036399999,"SHAPE_LEN":585.84966441400002},"geometry":{"type":"MultiPolygon","coordinates":[[[[-58.190438117092661,-15.635119039336793],[-58.19046412042492,-15.636735727719985],[-58.191518391234311,-15.636720316853182],[-58.191509025637707,-15.635101386558718],[-58.190438117092661,-15.635119039336793]]]]}},
{"type":"Feature","properties":{"OBJECTID":470,"QUADRA":"46","SETOR":"4","BAIRRO":"JD. ZEFERINO  II","SHAPE_AREA":4150.7408600400004,"SHAPE_LEN":264.21493114200001},"geometry":{"type":"MultiPolygon","coordinates":[[[[-58.172847995976355,-15.628448472489467],[-58.172961724260134,-15.628473377453671],[-58.172961756733038,-15.628473182939656],[-58.173098230331249,-15.628503068818283],[-58.173119303725414,-15.628378381228691],[-58.173140410510037,-15.628253500022309],[-58.173158502393271,-15.628146453690643],[-58.173176593354619,-15.628039411882147],[-58.17293074668067,-15.627986009720082],[-58.172809511000466,-15.627959675087419],[-58.172803321828312,-15.627958330606827],[-58.172694100282214,-15.62793460546408],[-58.172584878762635,-15.627910881169068],[-58.172445439882793,-15.627880591368479],[-58.172428898874472,-15.627987970153862],[-58.172412519793042,-15.628094301346071],[-58.172370338740741,-15.628343870063956],[-58.172501002133643,-15.628372484833045],[-58.172620540411742,-15.628398662373392],[-58.172734267715981,-15.628423567464376],[-58.172847995976355,-15.628448472489467]]]]}},
{"type":"Feature","properties":{"OBJECTID":12,"QUADRA":"109","SETOR":"2","BAIRRO":"JARDIM POPULAR II","SHAPE_AREA":4863.85775,"SHAPE_LEN":282.99078057100002},"geometry":{"type":"MultiPolygon","coordinates":[[[[-58.185910919298607,-15.63311112467127],[-58.185913410838829,-15.633247402010031],[-58.186053836800831,-15.633246218027363],[-58.186181766447021,-15.633247207620601],[-58.186181684314512,-15.633255623420172],[-58.186350424069808,-15.633256645346425],[-58.186472238867502,-15.63325676393198],[-58.186468280300005,-15.633115251908787],[-58.186471226859268,-15.633115064231241],[-58.186468918944591,-15.632999394960201],[-58.186466693268471,-15.632883426954407],[-58.186467312093995,-15.63277222522116],[-58.186464997465258,-15.632658625924897],[-58.186462332119,-15.63252300035985],[-58.186321859377976,-15.632520831337871],[-58.186180232541908,-15.63252072936908],[-58.185898984334699,-15.632522141345861],[-58.185900756716265,-15.632658268916238],[-58.185903126167709,-15.632771723317227],[-58.185905854358545,-15.632884298989778],[-58.185908678227278,-15.632997289940135],[-58.185910919298607,-15.63311112467127]]]]}},
{"type":"Feature","properties":{"OBJECTID":437,"QUADRA":"4","SETOR":"1","BAIRRO":"JD. SANTA MARIA","SHAPE_AREA":12916.7948732,"SHAPE_LEN":483.09407302699998},"geometry":{"type":"MultiPolygon","coordinates":[[[[-58.174561431720171,-15.628832210916633],[-58.174697959442874,-15.628861865886522],[-58.174757926576262,-15.628615537111081],[-58.174809327011644,-15.628404398150499],[-58.174869293916572,-15.628158069352908],[-58.174732766650848,-15.628128414457404],[-58.174618994733933,-15.628103702274574],[-58.174505221902294,-15.628078989131927],[-58.174391450031749,-15.628054276827244],[-58.174341390228079,-15.628043403141803],[-58.174273127121971,-15.62802857553287],[-58.174163905422347,-15.628004851136197],[-58.174050132688635,-15.627980138653692],[-58.173993246794268,-15.627967781935176],[-58.173936359972949,-15.627955425206405],[-58.173826683513674,-15.627931601831628],[-58.173708815549062,-15.627905999027888],[-58.173372596026219,-15.627832966908304],[-58.173352078058386,-15.627958187563177],[-58.17333155913829,-15.628083408221451],[-58.173313958664373,-15.628190736665852],[-58.173296358181254,-15.628298066012945],[-58.173275840140931,-15.628423286661866],[-58.173255321148353,-15.628548507314187],[-58.173430075481768,-15.628586466304506],[-58.173537477196263,-15.628609795833125],[-58.173655346488154,-15.628635398696085],[-58.173765023314502,-15.628659222130633],[-58.173878795473094,-15.628683934741039],[-58.173992568587607,-15.62870864728551],[-58.174106340797728,-15.628733360677929],[-58.17422011395864,-15.628758073100546],[-58.174333886215138,-15.628782786371094],[-58.174447659422441,-15.628807498671843],[-58.174561431720171,-15.628832210916633]]]]}},
{"type":"Feature","properties":{"OBJECTID":156,"QUADRA":"1","SETOR":"3","BAIRRO":"CHACARA SANTO REIS","SHAPE_AREA":6383.9981546500003,"SHAPE_LEN":327.99997710100001},"geometry":{"type":"MultiPolygon","coordinates":[[[[-58.180988744948635,-15.621414160665237],[-58.181097874409126,-15.621438262890717],[-58.181155608532123,-15.621191434137282],[-58.181180351692433,-15.621085650511564],[-58.181205094831135,-15.620979866883818],[-58.181095965608677,-15.62095576469474],[-58.181153698708727,-15.620708935945444],[-58.181044569636157,-15.62068483371988],[-58.180935440585344,-15.620660731438251],[-58.180826311556245,-15.620636629100549],[-58.180717182548896,-15.620612526706749],[-58.180608053563255,-15.620588424256884],[-58.180498923666647,-15.620564321755962],[-58.18044118979757,-15.620811150387665],[-58.180416446274336,-15.620916933956611],[-58.180391702729509,-15.621022717523537],[-58.180362835703058,-15.621146132282457],[-58.18033396864201,-15.62126954613473],[-58.180443097972116,-15.62129364869668],[-58.18055222732395,-15.62131775120255],[-58.180661356697527,-15.621341853652341],[-58.180770486092833,-15.621365956046056],[-58.180879615509866,-15.621390058383678],[-58.180988744948635,-15.621414160665237]]]]}},
{"type":"Feature","properties":{"OBJECTID":498,"QUADRA":"5","SETOR":"4","BAIRRO":"JD. ARATAKA","SHAPE_AREA":3242.6295289,"SHAPE_LEN":242.69910495400001},"geometry":{"type":"MultiPolygon","coordinates":[[[[-58.172512145139855,-15.617911549877208],[-58.172702183092056,-15.617949800860172],[-58.172724244459445,-15.617853425662101],[-58.172745874314323,-15.617766462469749],[-58.172764023576846,-15.617679237653485],[-58.172783576501544,-15.617589537664767],[-58.172802263775147,-15.617501794743781],[-58.1728229526436,-15.617413390315516],[-58.172843377786897,-15.617325194289752],[-58.172864811631925,-15.617232646875559],[-58.172680282944746,-15.617193724793044],[-58.172497431328793,-15.617157749381906],[-58.172477463111612,-15.617248247012119],[-58.172457443079843,-15.617336195891159],[-58.172438852637413,-15.617424589090641],[-58.172418948895221,-15.617514950785939],[-58.172398342271258,-15.617601447497572],[-58.17237768465484,-15.617688821272729],[-58.172358548461226,-15.617776385783518],[-58.172338617887569,-15.617865319438479],[-58.172514738695874,-15.617903446033159],[-58.172512145139855,-15.617911549877208]]]]}},
{"type":"Feature","properties":{"OBJECTID":400,"QUADRA":"3","SETOR":"3","BAIRRO":"JD. ITALIA","SHAPE_AREA":4125.7406787,"SHAPE_LEN":380.099993283},"geometry":{"type":"MultiPolygon","coordinates":[[[[-58.172994870225068,-15.615538397210306],[-58.173108376298543,-15.615564205866107],[-58.17315683303945,-15.615348896869195],[-58.173176707858318,-15.615260583538376],[-58.173196583595484,-15.615172270201267],[-58.173216458385575,-15.61508395686781],[-58.173236334088841,-15.614995642624153],[-58.173256208850148,-15.614907329288048],[-58.173276084529775,-15.614819015945645],[-58.173295960195013,-15.614730702601904],[-58.173315834908045,-15.614642388357961],[-58.173335710544507,-15.614554075011583],[-58.173355585233899,-15.614465761668864],[-58.173375460841605,-15.61437744831985],[-58.173395335497077,-15.614289134070605],[-58.173415211076012,-15.614200820718944],[-58.173436417542447,-15.614106590491026],[-58.173209406993976,-15.61405497334648],[-58.173188200425784,-15.614149203559684],[-58.173186967737863,-15.614154678800766],[-58.173168324751494,-15.614237516897548],[-58.173164588519647,-15.614254119990809],[-58.173148450000639,-15.614325831132987],[-58.173141731661907,-15.614355680687984],[-58.173128574297564,-15.614414144468208],[-58.173118874785139,-15.614457241383432],[-58.173108698580116,-15.614502457802118],[-58.173096018822022,-15.614558802072123],[-58.173088823780965,-15.614590771129699],[-58.173073161907212,-15.614660362764067],[-58.173068948039884,-15.614679085364843],[-58.173050304973366,-15.614761923454257],[-58.17304907321197,-15.614767398689789],[-58.173029197436961,-15.614855712018393],[-58.173027448953185,-15.614863484137706],[-58.173009322580263,-15.61494402534071],[-58.173004591976152,-15.614965043920522],[-58.172989446781628,-15.615032339570554],[-58.172981734985235,-15.615066604605445],[-58.172969571896161,-15.615120652890219],[-58.172958878907977,-15.61516816528367],[-58.172949696063618,-15.615208966213528],[-58.172936021879011,-15.615269725965112],[-58.172929821149381,-15.615297279530553],[-58.172886333147794,-15.615490510164246],[-58.172881364175929,-15.615512588493816],[-58.172994870225068,-15.615538397210306]]]]}},
{"type":"Feature","properties":{"OBJECTID":480,"QUADRA":"5","SETOR":"2","BAIRRO":"PACAEMBU","SHAPE_AREA":1276.3163234900001,"SHAPE_LEN":192.06993592500001},"geometry":{"type":"MultiPolygon","coordinates":[[[[-58.187978667739316,-15.631154392155628],[-58.188130988867059,-15.631153840342506],[-58.188128645956247,-15.631063464376078],[-58.188128205750054,-15.63104649233501],[-58.188126303055654,-15.630973089312647],[-58.188125422634876,-15.630939143422388],[-58.188122640464719,-15.630831795407333],[-58.188121617269438,-15.630792339183094],[-58.188116931497966,-15.630611588146081],[-58.188115522321674,-15.630521209830095],[-58.188114112211586,-15.630430830614443],[-58.187967388209657,-15.630431362020632],[-58.187968798255447,-15.630521741241694],[-58.187970208300207,-15.630612119558055],[-58.18797302840747,-15.63079287709219],[-58.187975847598665,-15.630973634628079],[-58.187977257664301,-15.631064012940325],[-58.187978667739316,-15.631154392155628]]]]}},
{"type":"Feature","properties":{"OBJECTID":177,"QUADRA":"10","SETOR":"1","BAIRRO":"JD. SANTA ROSA","SHAPE_AREA":962.15992916499999,"SHAPE_LEN":129.55020548100001},"geometry":{"type":"MultiPolygon","coordinates":[[[[-58.179216221563877,-15.623486987779394],[-58.179386126317176,-15.623524400642658],[-58.179417927180609,-15.623391605732222],[-58.179444282066825,-15.623281543529176],[-58.179470639727157,-15.623171481308797],[-58.179361567783616,-15.623147137575417],[-58.1792524939966,-15.623122793796027],[-58.179204409745964,-15.623112061495421],[-58.179216221563877,-15.623486987779394]]]]}},
{"type":"Feature","properties":{"OBJECTID":355,"QUADRA":"26","SETOR":"2","BAIRRO":"JD. POPULAR","SHAPE_AREA":2422.1074964899999,"SHAPE_LEN":222.96923788800001},"geometry":{"type":"MultiPolygon","coordinates":[[[[-58.18493587832333,-15.633261532421484],[-58.185082306497712,-15.633294653291173],[-58.185080250004198,-15.633147317892428],[-58.185078666824097,-15.633033936946074],[-58.185076726286631,-15.632894269650079],[-58.185074620213598,-15.63274528307837],[-58.18507186762568,-15.632549740735646],[-58.185000234618556,-15.632533538285568],[-58.184886289078172,-15.632507764194539],[-58.184842079399907,-15.632692683489996],[-58.184808395835418,-15.632833574549361],[-58.184776817284387,-15.63296566014102],[-58.184717871120512,-15.633212219478505],[-58.184826874244372,-15.633236875980524],[-58.18493587832333,-15.633261532421484]]]]}},
{"type":"Feature","properties":{"OBJECTID":29,"QUADRA":"58A","SETOR":"4","BAIRRO":"JD. ZEFERINO  II","SHAPE_AREA":2974.6127025000001,"SHAPE_LEN":239.53239182600001},"geometry":{"type":"MultiPolygon","coordinates":[[[[-58.172219174804638,-15.633534170566314],[-58.172345030144577,-15.633557379311226],[-58.172374295803699,-15.633410500433348],[-58.172408924240322,-15.633250368706598],[-58.172278220189632,-15.633224175879064],[-58.172187600327305,-15.633203192254179],[-58.172100416977131,-15.633184513276348],[-58.172010161318447,-15.633165236017904],[-58.171919295134174,-15.633146856852447],[-58.171825870430553,-15.633124731052987],[-58.171741793168998,-15.633106017259053],[-58.171630329992794,-15.633080941543808],[-58.171604588852794,-15.633237491439852],[-58.171578339436813,-15.633394884683051],[-58.171678100254979,-15.633417410617536],[-58.171766860047093,-15.633437717414241],[-58.171857712509485,-15.633458582458131],[-58.171948312058568,-15.633479258993383],[-58.172040688338093,-15.633499067284289],[-58.17212999450286,-15.633515384772075],[-58.172219174804638,-15.633534170566314]]]]}},
{"type":"Feature","properties":{"OBJECTID":505,"QUADRA":"51","SETOR":"4","BAIRRO":"JD. ZEFERINO  II","SHAPE_AREA":6383.5513861899999,"SHAPE_LEN":319.99996942400003},"geometry":{"type":"MultiPolygon","coordinates":[[[[-58.171789401986651,-15.630321813224747],[-58.171926092429985,-15.630350758537634],[-58.171963426911127,-15.630100267574269],[-58.17197942737679,-15.629992913398628],[-58.171995427834929,-15.629885560125812],[-58.172032762182795,-15.629635068247959],[-58.171896072211553,-15.629606122968132],[-58.171782164079055,-15.629582001231045],[-58.171668255036352,-15.629557879437916],[-58.171554346948959,-15.629533757578786],[-58.17144043888927,-15.629509636562508],[-58.171303749053685,-15.62948068999796],[-58.171266413824554,-15.629731181814101],[-58.171250412988726,-15.629838535060449],[-58.17123441214023,-15.629945888305771],[-58.17121574447021,-15.63007113420924],[-58.171197076782924,-15.630196380111293],[-58.171333767085486,-15.630225325805016],[-58.171447675543746,-15.63024944775273],[-58.171561584024552,-15.630273569639423],[-58.171675492527939,-15.630297691465096],[-58.171789401986651,-15.630321813224747]]]]}},
{"type":"Feature","properties":{"OBJECTID":242,"QUADRA":"15","SETOR":"4","BAIRRO":"JD. RONDON","SHAPE_AREA":6447.18992,"SHAPE_LEN":321.24144389200001},"geometry":{"type":"MultiPolygon","coordinates":[[[[-58.169567866956761,-15.630857680512712],[-58.169551762053494,-15.630975130009515],[-58.169543698915,-15.630974458900493],[-58.169526702982047,-15.631089409315075],[-58.169508933301096,-15.631204445204579],[-58.169492479934028,-15.63132788947674],[-58.169622760545302,-15.631348762296531],[-58.169751190810736,-15.631369030243627],[-58.169861757761382,-15.63138431338848],[-58.169972792031508,-15.631399756688303],[-58.17010249525898,-15.631419140844978],[-58.170231963022253,-15.631434838228106],[-58.170251854052438,-15.631310706700511],[-58.17027078859158,-15.6311939019407],[-58.17029019134462,-15.631077420089531],[-58.170308174995327,-15.630960719828735],[-58.170304035662227,-15.630959476433862],[-58.170321490448138,-15.630843276143077],[-58.170340899231064,-15.630719653369628],[-58.170211472774696,-15.630699653191693],[-58.170083431190371,-15.630680413873812],[-58.169972414987797,-15.630664798765888],[-58.169860893104548,-15.630648833772018],[-58.169605016042269,-15.630612134245915],[-58.169584105050134,-15.630740691298719],[-58.169567866956761,-15.630857680512712]]]]}},
{"type":"Feature","properties":{"OBJECTID":464,"QUADRA":"43","SETOR":"2","BAIRRO":"JD. POPULAR","SHAPE_AREA":1371.6090081499999,"SHAPE_LEN":197.012987431},"geometry":{"type":"MultiPolygon","coordinates":[[[[-58.178404939220194,-15.632691156873143],[-58.178473304201184,-15.632705545034382],[-58.178495901014131,-15.632596419675286],[-58.178517827888939,-15.6324905257657],[-58.178546708805307,-15.632351053213826],[-58.178592586698841,-15.632129496832908],[-58.178620113204957,-15.631996562278815],[-58.178378659651614,-15.631941994166292],[-58.178381383232825,-15.63209297724857],[-58.178391383802548,-15.632318365236747],[-58.178396716981922,-15.632465038025254],[-58.178400853479616,-15.632578784283117],[-58.178404939220194,-15.632691156873143]]]]}},
{"type":"Feature","properties":{"OBJECTID":232,"QUADRA":"14","SETOR":"2","BAIRRO":"PACAEMBU","SHAPE_AREA":7606.2494015000002,"SHAPE_LEN":375.15078741899998},"geometry":{"type":"MultiPolygon","coordinates":[[[[-58.187640026278849,-15.629373287668635],[-58.187806882257341,-15.629372684613525],[-58.187804230603064,-15.629237124990837],[-58.187802021677022,-15.629124158783579],[-58.187799811825265,-15.629011192580041],[-58.187797602913243,-15.628898226370127],[-58.187795393080712,-15.628785261067799],[-58.187793183249966,-15.628672294860278],[-58.187790974359004,-15.628559328646396],[-58.187785659145213,-15.628287577611776],[-58.187673655365522,-15.62826348823927],[-58.187561633385407,-15.628239473930439],[-58.187449630551484,-15.628215379011509],[-58.18733762865687,-15.628191281316834],[-58.187225561277486,-15.628167470455434],[-58.187231321004987,-15.62856135299473],[-58.187233529589612,-15.628674319235589],[-58.187235739113966,-15.62878728547007],[-58.187237948640139,-15.628900250799344],[-58.187240157245782,-15.629013217036224],[-58.187242366791175,-15.629126183266719],[-58.187244575410823,-15.629239149500936],[-58.187247226697451,-15.629374709155984],[-58.187527054955758,-15.629373696608663],[-58.187640026278849,-15.629373287668635]]]]}},
{"type":"Feature","properties":{"OBJECTID":38,"QUADRA":"60C","SETOR":"4","BAIRRO":"JD. ZEFERINO  II","SHAPE_AREA":1874.02870308,"SHAPE_LEN":216.78368898900001},"geometry":{"type":"MultiPolygon","coordinates":[[[[-58.171027322771579,-15.635635658868599],[-58.171151858673142,-15.635663334248541],[-58.171193265466123,-15.635467977293212],[-58.171069384728909,-15.635441159856798],[-58.170977433855697,-15.63542248786365],[-58.170887090005628,-15.635404268246415],[-58.170795527024588,-15.635384907133368],[-58.170704153389138,-15.63536603308137],[-58.17061374758115,-15.635345110990539],[-58.170522940918246,-15.635325872271377],[-58.170398997198092,-15.635304360728188],[-58.170361028110207,-15.635487586856257],[-58.170482147314885,-15.635514503496166],[-58.170572759544733,-15.635534640846293],[-58.170663337230415,-15.635554770206973],[-58.17075441554617,-15.635575009845693],[-58.17084577501543,-15.635595313026165],[-58.170935735379317,-15.635615305460007],[-58.171027322771579,-15.635635658868599]]]]}},
{"type":"Feature","properties":{"OBJECTID":418,"QUADRA":"35","SETOR":"2","BAIRRO":"JD. POPULAR","SHAPE_AREA":4293.1301970100003,"SHAPE_LEN":269.74897528000002},"geometry":{"type":"MultiPolygon","coordinates":[[[[-58.184883502847399,-15.634132587982602],[-58.185097230777998,-15.634180176561104],[-58.185092660132,-15.633919474306891],[-58.185090636713277,-15.633807730007995],[-58.185088702034115,-15.63369600601829],[-58.185084130527351,-15.633435304660084],[-58.184935767189472,-15.633402270178886],[-58.184822130771536,-15.633376968063461],[-58.184685766537605,-15.633346604724503],[-58.18462770001203,-15.633593359960258],[-58.184602814726162,-15.633699112973339],[-58.18457792940815,-15.633804864176618],[-58.184519863600578,-15.634051620290528],[-58.184656227359397,-15.634081983705077],[-58.184769865091504,-15.634107285874263],[-58.184883502847399,-15.634132587982602]]]]}},
{"type":"Feature","properties":{"OBJECTID":300,"QUADRA":"2","SETOR":"2","BAIRRO":"JD. POPULAR","SHAPE_AREA":6401.5724527100001,"SHAPE_LEN":319.998895667},"geometry":{"type":"MultiPolygon","coordinates":[[[[-58.184669404481937,-15.628388138096584],[-58.184805656072328,-15.628418958749599],[-58.184864600269691,-15.628172403006305],[-58.18488986322722,-15.628066735603575],[-58.184915869615644,-15.627961235926541],[-58.184974070120703,-15.627714509722548],[-58.184837818986516,-15.627683689141616],[-58.18472427686509,-15.627658004802855],[-58.184610733840337,-15.627632321312218],[-58.184497191772529,-15.627606637755775],[-58.184383648790977,-15.627580953239688],[-58.184247397813024,-15.627550133183346],[-58.184188452075809,-15.627796692433904],[-58.184163189713388,-15.627902360679908],[-58.18413792639609,-15.628008028928855],[-58.184108453899661,-15.628131308994341],[-58.184078982264303,-15.628254581820919],[-58.184215232770896,-15.628285402858252],[-58.184328776127423,-15.628311086530537],[-58.184442318575414,-15.628336770147056],[-58.184555861985537,-15.628362454601627],[-58.184669404481937,-15.628388138096584]]]]}},
{"type":"Feature","properties":{"OBJECTID":463,"QUADRA":"42","SETOR":"1","BAIRRO":"JD. ZEFERINO I","SHAPE_AREA":3521.96645915,"SHAPE_LEN":248.83211683299999},"geometry":{"type":"MultiPolygon","coordinates":[[[[-58.167353779792798,-15.622599432816475],[-58.167490226109393,-15.622629419360692],[-58.167546815254724,-15.622382342537497],[-58.167571068765319,-15.622276450524559],[-58.167595321332279,-15.62217056032237],[-58.167651912113818,-15.621923480757649],[-58.167515466255857,-15.621893494281704],[-58.167379019504125,-15.621863508626971],[-58.167200729701392,-15.621824326609669],[-58.16717870538973,-15.622079003177053],[-58.167170826025036,-15.622188492442936],[-58.167162036096897,-15.622297783169362],[-58.167140922269098,-15.622552654652003],[-58.167217333515161,-15.622569447088507],[-58.167353779792798,-15.622599432816475]]]]}},
{"type":"Feature","properties":{"OBJECTID":550,"QUADRA":"7","SETOR":"2","BAIRRO":"JD. POPULAR","SHAPE_AREA":4159.9201314600004,"SHAPE_LEN":263.99691413400001},"geometry":{"type":"MultiPolygon","coordinates":[[[[-58.18359424076624,-15.629021902304579],[-58.183730493583241,-15.629052719985143],[-58.183762312879011,-15.628919628956295],[-58.183789439229578,-15.628806167154439],[-58.183814701863483,-15.628700498938995],[-58.183839964480441,-15.628594831625323],[-58.183869438118762,-15.62847155158021],[-58.183898909903043,-15.628348278773327],[-58.183762658454242,-15.628317457544329],[-58.183662741127634,-15.628294856517515],[-58.183562822881839,-15.628272254544788],[-58.183426571519014,-15.628241433099886],[-58.183393942306537,-15.628377914495163],[-58.183367626475651,-15.628487985859357],[-58.183342363621456,-15.62859365313553],[-58.183317099817565,-15.628699321318516],[-58.1832581536177,-15.628945874061717],[-58.183394405436722,-15.628976695578734],[-58.183494323099893,-15.628999300321013],[-58.18359424076624,-15.629021902304579]]]]}},
{"type":"Feature","properties":{"OBJECTID":58,"QUADRA":"76","SETOR":"2","BAIRRO":"JD. POPULAR","SHAPE_AREA":3199.9953510099999,"SHAPE_LEN":239.999930218},"geometry":{"type":"MultiPolygon","coordinates":[[[[-58.179959169521553,-15.636554474756824],[-58.180322206096747,-15.636637961412408],[-58.180354363304602,-15.636506006950505],[-58.180381161575283,-15.636396045344899],[-58.180407958883436,-15.636286082838062],[-58.180434757105019,-15.636176121227708],[-58.180461555296894,-15.636066158711101],[-58.180493712351598,-15.635934204234387],[-58.180130676989563,-15.635850717776576],[-58.180098519707379,-15.635982672216214],[-58.180071721325966,-15.636092634701917],[-58.180044922914824,-15.636202596281363],[-58.180018125417106,-15.636312558757309],[-58.17999132695688,-15.63642252033201],[-58.179959169521553,-15.636554474756824]]]]}},
{"type":"Feature","properties":{"OBJECTID":165,"QUADRA":"1","SETOR":"3","BAIRRO":"JD. ITALIA III","SHAPE_AREA":651.71919386499997,"SHAPE_LEN":103.667625726},"geometry":{"type":"MultiPolygon","coordinates":[[[[-58.17655429955424,-15.612127613052682],[-58.176653013389021,-15.612149203831642],[-58.176694172407181,-15.611971397699019],[-58.176595457723231,-15.61194980693762],[-58.176496743994704,-15.611928217029266],[-58.176398029345911,-15.611906626176188],[-58.176362979896354,-15.612058039742895],[-58.176384165227027,-15.612090401937921],[-58.176455584809517,-15.612106023136734],[-58.17655429955424,-15.612127613052682]]]]}},
{"type":"Feature","properties":{"OBJECTID":162,"QUADRA":"1","SETOR":"3","BAIRRO":"JD. PLACIDO DAS FLORES","SHAPE_AREA":10235.089492200001,"SHAPE_LEN":607.35852618000001},"geometry":{"type":"MultiPolygon","coordinates":[[[[-58.178911053339583,-15.616289846961957],[-58.178912645237965,-15.616395697835776],[-58.17879881010257,-15.616355735204555],[-58.178684974074827,-15.616315772516113],[-58.178571139020129,-15.616275809760465],[-58.178457304005796,-15.616235846942581],[-58.178343468099122,-15.616195884067498],[-58.178015846858749,-15.616080869477722],[-58.178014854852165,-15.616201289891126],[-58.178013721503945,-15.616338767817133],[-58.178011590451341,-15.616597461621215],[-58.178129088406834,-15.616622565543018],[-58.178246586386543,-15.616647669399898],[-58.178363628666325,-15.616672676207425],[-58.178480671902811,-15.616697682945533],[-58.178597714225468,-15.61672268872033],[-58.178714757510008,-15.616747695329598],[-58.178831799885877,-15.616772701879462],[-58.178945654996056,-15.616797026755918],[-58.179059510128972,-15.616821351571421],[-58.179112647576247,-15.616573555372769],[-58.17913731793189,-15.616458507234343],[-58.179161989197219,-15.616343459088853],[-58.179186659506847,-15.616228410946322],[-58.179211330726154,-15.616113362796739],[-58.179236000989761,-15.615998314650115],[-58.179260672157888,-15.615883265592556],[-58.179285342375465,-15.61576821744184],[-58.179310013502743,-15.61565316928408],[-58.179363149514089,-15.615405373045675],[-58.178896139723058,-15.61529817046941],[-58.17890016150772,-15.615565604539414],[-58.178901977261923,-15.615686311761625],[-58.178903792090765,-15.615807018987399],[-58.17890560785446,-15.615927725302802],[-58.178907422697939,-15.616048432525655],[-58.178909237548751,-15.616169139747026],[-58.178911053339583,-15.616289846961957]]]]}},
{"type":"Feature","properties":{"OBJECTID":152,"QUADRA":"1","SETOR":"3","BAIRRO":"RESIDENCIAL ESCOBAR","SHAPE_AREA":6316.2400819699997,"SHAPE_LEN":321.13155678700002},"geometry":{"type":"MultiPolygon","coordinates":[[[[-58.187336639561728,-15.624405128717795],[-58.187475115570741,-15.624435842731161],[-58.187470749415411,-15.62418279003281],[-58.187468665886215,-15.624062045877206],[-58.1874665823699,-15.623941302624004],[-58.187464499793997,-15.623820559364271],[-58.187462068873543,-15.623679662705253],[-58.187066618307675,-15.623674327262751],[-58.186671168224663,-15.62366908059008],[-58.186672828048266,-15.623765240845907],[-58.186674911090662,-15.623885984141008],[-58.186676992275252,-15.624006727444719],[-58.186681356520182,-15.624259782947551],[-58.186819833300817,-15.624290498287241],[-58.186949033176163,-15.624319153987944],[-58.187078236833841,-15.624347813205356],[-58.18720743864624,-15.624376470546435],[-58.187336639561728,-15.624405128717795]]]]}},
{"type":"Feature","properties":{"OBJECTID":336,"QUADRA":"22","SETOR":"2","BAIRRO":"JD. POPULAR","SHAPE_AREA":4640.0037988900003,"SHAPE_LEN":312.000099858},"geometry":{"type":"MultiPolygon","coordinates":[[[[-58.181389145900354,-15.63157022108744],[-58.181516401129265,-15.631597712407824],[-58.181546694655097,-15.631465344819965],[-58.18157496795267,-15.63134180029234],[-58.181603241226682,-15.631218256665939],[-58.181631514477168,-15.631094713940758],[-58.181659787693732,-15.630971170309046],[-58.181690080125549,-15.63083880180789],[-58.181717000127463,-15.630721168871483],[-58.181750663962688,-15.630574065705316],[-58.181608466247141,-15.630543346651823],[-58.181499215312755,-15.630519744621598],[-58.181386494802318,-15.630495393799622],[-58.181361318162637,-15.630605407332128],[-58.181351220934438,-15.630649529853079],[-58.181325909572664,-15.630760129839269],[-58.181295616910958,-15.630892498306459],[-58.181267343479831,-15.631016041906461],[-58.18123907001997,-15.631139585503805],[-58.181210796526216,-15.631263128194615],[-58.181182523946845,-15.631386672685515],[-58.18115223019111,-15.6315190402394],[-58.181292761442805,-15.631549398822212],[-58.181389145900354,-15.63157022108744]]]]}},
{"type":"Feature","properties":{"OBJECTID":572,"QUADRA":"8","SETOR":"2","BAIRRO":"JARDIM BELA VISTA","SHAPE_AREA":6149.9923381500003,"SHAPE_LEN":314.00010946600003},"geometry":{"type":"MultiPolygon","coordinates":[[[[-58.188710289741742,-15.626349699861152],[-58.18871368984064,-15.626480722334591],[-58.188830251416938,-15.626478014693143],[-58.18894681110968,-15.626475305192345],[-58.189063371737952,-15.626472597432546],[-58.189179931420604,-15.626469888712219],[-58.18929649296107,-15.626467179920057],[-58.189413053561154,-15.626464471071246],[-58.189409652086631,-15.626333448644477],[-58.189406250622618,-15.626202426215839],[-58.189403435651911,-15.626093992799783],[-58.189400620698819,-15.625985561190188],[-58.189393819697329,-15.625723515407026],[-58.189277259514668,-15.625726224216608],[-58.189160698391632,-15.625728932969547],[-58.189044139126409,-15.625731641650654],[-58.188927578915568,-15.625734349371237],[-58.188811018702296,-15.625737057934003],[-58.188694458481365,-15.625739766435052],[-58.188697859464121,-15.625870788912184],[-58.188701260457371,-15.626001811387443],[-58.188704075054368,-15.626110244839227],[-58.188706888715402,-15.626218676487021],[-58.188710289741742,-15.626349699861152]]]]}},
{"type":"Feature","properties":{"OBJECTID":67,"QUADRA":"85","SETOR":"2","BAIRRO":"JD. POPULAR","SHAPE_AREA":3199.9972328399999,"SHAPE_LEN":239.99997747800001},"geometry":{"type":"MultiPolygon","coordinates":[[[[-58.179779341178708,-15.637389628464648],[-58.18014237920552,-15.637473116218942],[-58.180313886570985,-15.6367693591434],[-58.179950849757383,-15.636685871586906],[-58.179779341178708,-15.637389628464648]]]]}},
{"type":"Feature","properties":{"OBJECTID":326,"QUADRA":"20","SETOR":"2","BAIRRO":"JD. POPULAR","SHAPE_AREA":6031.9359054099996,"SHAPE_LEN":335.99988010200002},"geometry":{"type":"MultiPolygon","coordinates":[[[[-58.182912064806317,-15.631911087785316],[-58.18304851347699,-15.631941086675406],[-58.183079665914356,-15.631810803234615],[-58.183107468893439,-15.631694529412863],[-58.183139052134315,-15.631562444869632],[-58.183170635340588,-15.631430360323115],[-58.183202218512285,-15.631298275773295],[-58.183233801649386,-15.631166191220192],[-58.183263278714278,-15.631042912122878],[-58.183292755754252,-15.630919633926593],[-58.183156307746849,-15.630889635141292],[-58.18305624527855,-15.630867636702771],[-58.182956182823261,-15.630845637313223],[-58.182819734904442,-15.630815639215445],[-58.182760779311813,-15.631062196426383],[-58.182729195877378,-15.631194280932519],[-58.182713210118138,-15.631261134130146],[-58.182697612408369,-15.631326365435351],[-58.18266602983752,-15.631458449929868],[-58.182634446294124,-15.631590533522228],[-58.182575490327828,-15.631837091600961],[-58.182711938909918,-15.63186708980354],[-58.182812001851623,-15.631889089269944],[-58.182912064806317,-15.631911087785316]]]]}},
{"type":"Feature","properties":{"OBJECTID":15,"QUADRA":"12A","SETOR":"4","BAIRRO":"JD. RONDON","SHAPE_AREA":1658.13529475,"SHAPE_LEN":167.939079462},"geometry":{"type":"MultiPolygon","coordinates":[[[[-58.170737886850127,-15.630654490528174],[-58.170976060489146,-15.630692312749652],[-58.170995708567567,-15.630567208061589],[-58.171021249411261,-15.630404580470321],[-58.170538406480823,-15.630335918823857],[-58.170496533322996,-15.630616162546099],[-58.170737886850127,-15.630654490528174]]]]}},
{"type":"Feature","properties":{"OBJECTID":169,"QUADRA":"10","SETOR":"2","BAIRRO":"JD. POPULAR","SHAPE_AREA":6401.5755168400001,"SHAPE_LEN":319.99902134199999},"geometry":{"type":"MultiPolygon","coordinates":[[[[-58.184255282191351,-15.630113522524827],[-58.184391622344528,-15.630143977705492],[-58.184449864108011,-15.629897266751591],[-58.184474825743088,-15.629791530507273],[-58.184500532686165,-15.629685962883496],[-58.184558030749066,-15.629439080564483],[-58.184555902210633,-15.629438605753775],[-58.184421691047973,-15.629408624550782],[-58.184308074193758,-15.629383245077547],[-58.184194458296162,-15.629357865538442],[-58.184080841484509,-15.629332485039646],[-58.183967225634674,-15.629307105378842],[-58.183830886082596,-15.629276648985485],[-58.183772642779459,-15.629523364352364],[-58.183747680805581,-15.629629101445923],[-58.183722718799473,-15.629734836729657],[-58.183664476166847,-15.629981544839655],[-58.183800816176188,-15.63001200130387],[-58.183914431484695,-15.630037382836523],[-58.184028048672225,-15.630062762490496],[-58.184141664950879,-15.630088142088669],[-58.184255282191351,-15.630113522524827]]]]}},
{"type":"Feature","properties":{"OBJECTID":566,"QUADRA":"8","SETOR":"2","BAIRRO":"PACAEMBU","SHAPE_AREA":215.47944924000001,"SHAPE_LEN":60.970682178099999},"geometry":{"type":"MultiPolygon","coordinates":[[[[-58.187704103852639,-15.634376114683269],[-58.187880525012083,-15.634410433394237],[-58.187877837688738,-15.634287999628633],[-58.187702937927362,-15.634291356449266],[-58.187704103852639,-15.634376114683269]]]]}},
{"type":"Feature","properties":{"OBJECTID":303,"QUADRA":"2","SETOR":"1","BAIRRO":"JD. SANTA MARIA","SHAPE_AREA":14139.3480423,"SHAPE_LEN":513.86592699699997},"geometry":{"type":"MultiPolygon","coordinates":[[[[-58.174971791975715,-15.627096575062467],[-58.175108119133476,-15.627127078790792],[-58.17514722149982,-15.626970944279073],[-58.175169715254533,-15.626881127175261],[-58.175209312763158,-15.626723015867366],[-58.175284107186521,-15.626424360762673],[-58.173649734769079,-15.62605866446793],[-58.173615445540271,-15.626271008846233],[-58.173527816754593,-15.626773480495087],[-58.17429015672483,-15.626944058722858],[-58.174403762227463,-15.62696947796517],[-58.174517368686786,-15.626994897141715],[-58.17463097424249,-15.627020317166304],[-58.174744579816974,-15.62704573622621],[-58.174858186353319,-15.62707115612419],[-58.174971791975715,-15.627096575062467]]]]}},
{"type":"Feature","properties":{"OBJECTID":52,"QUADRA":"70","SETOR":"2","BAIRRO":"JD. POPULAR","SHAPE_AREA":4154.3530446000004,"SHAPE_LEN":266.31333267799999},"geometry":{"type":"MultiPolygon","coordinates":[[[[-58.184954050946232,-15.637670803876762],[-58.185151443235021,-15.637715451422723],[-58.185147329444668,-15.637454631090872],[-58.185145566802824,-15.637342851073527],[-58.185143804167389,-15.637231071054916],[-58.185142041538342,-15.637119291035045],[-58.185139691374509,-15.636970250705302],[-58.1847569900076,-15.636883687629663],[-58.184723731817314,-15.637024673092293],[-58.184698787453463,-15.637130412868544],[-58.184673844000578,-15.637236152637707],[-58.1846488995931,-15.637341892409852],[-58.184590696818333,-15.63758861762795],[-58.184726954589181,-15.637619437883187],[-58.184780767080248,-15.637631609338719],[-58.184840502289198,-15.637645120912905],[-58.184954050946232,-15.637670803876762]]]]}},
{"type":"Feature","properties":{"OBJECTID":60,"QUADRA":"78","SETOR":"2","BAIRRO":"JD. POPULAR","SHAPE_AREA":298.49842323000001,"SHAPE_LEN":113.39916773100001},"geometry":{"type":"MultiPolygon","coordinates":[[[[-58.178597002196369,-15.635966554047073],[-58.178700948372914,-15.635525974527905],[-58.178592488134726,-15.635501439549305],[-58.178597002196369,-15.635966554047073]]]]}},
{"type":"Feature","properties":{"OBJECTID":262,"QUADRA":"17","SETOR":"2","BAIRRO":"JARDIM PERUCHI","SHAPE_AREA":4919.9982393500004,"SHAPE_LEN":284.000082104},"geometry":{"type":"MultiPolygon","coordinates":[[[[-58.187362780656898,-15.636642081352653],[-58.187365954675009,-15.636786670794498],[-58.18750488939498,-15.636784005070854],[-58.18764573989337,-15.636781302672768],[-58.187925525065531,-15.636775933291215],[-58.187922350655803,-15.636631343884634],[-58.187919870804237,-15.636518383747374],[-58.187917390954759,-15.636405422704874],[-58.187914911112614,-15.63629246166103],[-58.187912431282967,-15.636179501519708],[-58.187909256917429,-15.636034911200106],[-58.187769483291035,-15.636037593440953],[-58.187629472748789,-15.636040280491301],[-58.187490940534921,-15.636042938659299],[-58.187349688533942,-15.636045648522632],[-58.187352862502657,-15.636190237973635],[-58.187355342031573,-15.63630319904639],[-58.18735782156778,-15.636416160117784],[-58.187360301106089,-15.636529120283949],[-58.187362780656898,-15.636642081352653]]]]}},
{"type":"Feature","properties":{"OBJECTID":499,"QUADRA":"5","SETOR":"3","BAIRRO":"JD. ITALIA","SHAPE_AREA":6938.09151105,"SHAPE_LEN":335.079869573},"geometry":{"type":"MultiPolygon","coordinates":[[[[-58.1739362606586,-15.615068910888272],[-58.174049392877905,-15.615093469150722],[-58.174074485391074,-15.614981970602932],[-58.174099080279994,-15.614872684772827],[-58.174120385627944,-15.614778012863153],[-58.174141552704889,-15.61468395906153],[-58.174162719760375,-15.614589904354515],[-58.174183885872012,-15.614495850554876],[-58.17423357303592,-15.614275067058532],[-58.174120441257791,-15.61425050885979],[-58.174029427264124,-15.614230751445133],[-58.173938412357721,-15.614210994900381],[-58.173847397460996,-15.614191237412777],[-58.173756382579086,-15.614171479886215],[-58.173665367717128,-15.614151723224568],[-58.173552145470182,-15.614127145321504],[-58.173502457589429,-15.614347928714324],[-58.173481290239728,-15.61444198247484],[-58.173460123811537,-15.614536037132755],[-58.173438956429202,-15.614630090890268],[-58.173417649841184,-15.614724762760517],[-58.1733928062567,-15.614835154444286],[-58.173368101844531,-15.614944928915659],[-58.173367962654908,-15.614945547029876],[-58.173481185343356,-15.614970124996734],[-58.173572200565381,-15.614989882613528],[-58.173663215797056,-15.61500963928747],[-58.173754231048697,-15.615029396826333],[-58.173845245377329,-15.615049153427339],[-58.1739362606586,-15.615068910888272]]]]}},
{"type":"Feature","properties":{"OBJECTID":408,"QUADRA":"31","SETOR":"1","BAIRRO":"NUCLEO URBANO","SHAPE_AREA":7192.7604763999998,"SHAPE_LEN":339.90526189500002},"geometry":{"type":"MultiPolygon","coordinates":[[[[-58.177072612024261,-15.62574461919899],[-58.177245476836511,-15.625782470602127],[-58.177305898294684,-15.625517699152427],[-58.177336181750157,-15.625384990337459],[-58.177366392391811,-15.625252603701112],[-58.177426813586813,-15.624987832227065],[-58.177290341929044,-15.624957949818267],[-58.17717661525807,-15.624933046992409],[-58.177062888615644,-15.624908145009531],[-58.176949161991431,-15.624883242061877],[-58.176835435395773,-15.624858339957212],[-58.176698963878728,-15.624828456264565],[-58.176669524299228,-15.624961016773465],[-58.176640086486231,-15.625093565519002],[-58.176609475669707,-15.625225865647582],[-58.176578865747381,-15.625358164864158],[-58.176519169102328,-15.625623433053498],[-58.176655641131312,-15.625653315917461],[-58.176769368163072,-15.625678218988677],[-58.176883095213043,-15.625703121095126],[-58.176992273096047,-15.625727027928336],[-58.177072612024261,-15.62574461919899]]]]}},
{"type":"Feature","properties":{"OBJECTID":125,"QUADRA":null,"SETOR":"4","BAIRRO":"JD. ZEFERINO III","SHAPE_AREA":5442.1460662899999,"SHAPE_LEN":357.62118926},"geometry":{"type":"MultiPolygon","coordinates":[[[[-58.171575051837991,-15.621294032022382],[-58.171470884891484,-15.621757033695564],[-58.171734401228058,-15.621812240108527],[-58.171881930257847,-15.621843019859776],[-58.171872586865994,-15.621875013008397],[-58.171922358967528,-15.621882323881723],[-58.171926981340718,-15.622044051164227],[-58.171985002962245,-15.622265682005317],[-58.17212806328164,-15.622338579599264],[-58.172334547999789,-15.621862792389635],[-58.172202479954024,-15.621786859641087],[-58.172335089171689,-15.621584301226388],[-58.172078568081382,-15.621435478197647],[-58.172053684965128,-15.621428556030805],[-58.171977795343295,-15.621450006918199],[-58.171704713070206,-15.621310918362331],[-58.171575051837991,-15.621294032022382]]]]}},
{"type":"Feature","properties":{"OBJECTID":137,"QUADRA":"1","SETOR":"4","BAIRRO":"JD. DA PAZ","SHAPE_AREA":2997.6265493000001,"SHAPE_LEN":220.00013288299999},"geometry":{"type":"MultiPolygon","coordinates":[[[[-58.173220064592172,-15.631199436634278],[-58.173440072044265,-15.631239547033058],[-58.173457054910905,-15.631127765627859],[-58.173474038691054,-15.631015983312636],[-58.173491022462251,-15.630904201900133],[-58.173508006214227,-15.63079241958259],[-58.173287999237814,-15.630752309218453],[-58.173177996708674,-15.630732253946386],[-58.173067993264283,-15.630712198622639],[-58.172957989832284,-15.630692142338335],[-58.172941005783009,-15.630803924634227],[-58.172924022647258,-15.630915706020094],[-58.172907038569797,-15.631027488313665],[-58.172890054473086,-15.631139269702183],[-58.17300645067526,-15.631160491315047],[-58.173110061825177,-15.631179381344896],[-58.173220064592172,-15.631199436634278]]]]}},
{"type":"Feature","properties":{"OBJECTID":453,"QUADRA":"4","SETOR":"3","BAIRRO":"JD. UNIVERSITARIO","SHAPE_AREA":4167.424008,"SHAPE_LEN":266.21182916399999},"geometry":{"type":"MultiPolygon","coordinates":[[[[-58.182689404509091,-15.61826142174661],[-58.182792903002607,-15.618283019004416],[-58.182831370791718,-15.618119123240657],[-58.182844925656454,-15.61806098322689],[-58.182895877118682,-15.617840842376502],[-58.18279329594376,-15.617818146483931],[-58.182703635596226,-15.61779751416789],[-58.182612235416748,-15.617777641427541],[-58.182521368702822,-15.617756455109509],[-58.182430071150833,-15.617736581738232],[-58.182339554231667,-15.617716206975391],[-58.182248300028299,-15.617695754792052],[-58.182144010528319,-15.617672787573136],[-58.182117582749576,-15.617782808829146],[-58.18209121282527,-15.617894791250217],[-58.182038629235819,-15.618116739530469],[-58.182144169554135,-15.61813983563686],[-58.182235047760052,-15.618159747530903],[-58.182326410726951,-15.618179611580507],[-58.182416225111943,-15.618199429695757],[-58.182507740865617,-15.61821990750169],[-58.182599213783782,-15.618241045351191],[-58.182689404509091,-15.61826142174661]]]]}},
{"type":"Feature","properties":{"OBJECTID":243,"QUADRA":"15","SETOR":"2","BAIRRO":"JD. POPULAR","SHAPE_AREA":2079.97837845,"SHAPE_LEN":184.000020861},"geometry":{"type":"MultiPolygon","coordinates":[[[[-58.182937094537529,-15.630329038566614],[-58.183410114292357,-15.630433033102513],[-58.183494335624538,-15.630080808464637],[-58.183021315724581,-15.629976813155142],[-58.182937094537529,-15.630329038566614]]]]}},
{"type":"Feature","properties":{"OBJECTID":88,"QUADRA":null,"SETOR":"2","BAIRRO":"JARDIM PERUCHI","SHAPE_AREA":8698.9093510900002,"SHAPE_LEN":377.508242456},"geometry":{"type":"MultiPolygon","coordinates":[[[[-58.18807707541464,-15.636926774006964],[-58.188089569833046,-15.637648636485848],[-58.189105652272218,-15.63763099871689],[-58.189090469234934,-15.636907769934075],[-58.18807707541464,-15.636926774006964]]]]}},
{"type":"Feature","properties":{"OBJECTID":55,"QUADRA":"73","SETOR":"2","BAIRRO":"JD. POPULAR","SHAPE_AREA":6390.5705508499996,"SHAPE_LEN":319.76522608400001},"geometry":{"type":"MultiPolygon","coordinates":[[[[-58.182593237646941,-15.637140476721715],[-58.18272949490882,-15.637171298260686],[-58.182758591923971,-15.63704795618974],[-58.182787698946861,-15.636924575193904],[-58.182812644285882,-15.636818834662954],[-58.182837589608262,-15.636713095033825],[-58.182867498815313,-15.636586311018588],[-58.182895794342834,-15.636466369229549],[-58.182761664317795,-15.63643602892172],[-58.182648116537599,-15.636410343849754],[-58.182534569719621,-15.636384659615814],[-58.182421022925858,-15.636358975321064],[-58.182307475218359,-15.636333290066657],[-58.182171218569309,-15.636302469124255],[-58.182142176736761,-15.636423936142799],[-58.182112268573633,-15.636549027970425],[-58.182087003453319,-15.636654696048147],[-58.18206173924365,-15.636760364118723],[-58.182002789920496,-15.637006916611371],[-58.182139047031171,-15.63703773852985],[-58.182252595113859,-15.637063422940555],[-58.182366142288004,-15.637089107295484],[-58.182479689491558,-15.637114792493465],[-58.182593237646941,-15.637140476721715]]]]}},
{"type":"Feature","properties":{"OBJECTID":422,"QUADRA":"36","SETOR":"1","BAIRRO":"JD. ZEFERINO I","SHAPE_AREA":7186.6474044400002,"SHAPE_LEN":339.75033215299999},"geometry":{"type":"MultiPolygon","coordinates":[[[[-58.167418588622866,-15.623595258677577],[-58.168143061327115,-15.623758712883621],[-58.168298067158055,-15.623099850833007],[-58.168329662456742,-15.622965555870381],[-58.167602905237274,-15.622801585466142],[-58.167572093995908,-15.622936057870104],[-58.167418588622866,-15.623595258677577]]]]}},
{"type":"Feature","properties":{"OBJECTID":115,"QUADRA":null,"SETOR":null,"BAIRRO":null,"SHAPE_AREA":6780.5032211999996,"SHAPE_LEN":405.20792527399999},"geometry":{"type":"MultiPolygon","coordinates":[[[[-58.187625336291731,-15.624572001449774],[-58.187625412450203,-15.624574372885123],[-58.187634972342906,-15.624871602038246],[-58.188165045034062,-15.624992192170044],[-58.188164951151272,-15.625107618645449],[-58.188164857705303,-15.625224252734512],[-58.188163440975849,-15.625475884974499],[-58.188163536909265,-15.62548831947691],[-58.188265285987768,-15.625505726509703],[-58.188366381929612,-15.625526493229794],[-58.188561965011679,-15.625569442578362],[-58.188550332278666,-15.624543862679998],[-58.18842331136549,-15.624547945532367],[-58.18842335094994,-15.624552707993745],[-58.188286665099703,-15.624553448030129],[-58.188286808709677,-15.624570916122329],[-58.188150528577786,-15.624571653878188],[-58.187883506839015,-15.624573099161681],[-58.1877760653569,-15.624572642021356],[-58.187768107799947,-15.624572608251647],[-58.187625336291731,-15.624572001449774]]]]}},
{"type":"Feature","properties":{"OBJECTID":614,"QUADRA":null,"SETOR":null,"BAIRRO":null,"SHAPE_AREA":3498.5660413800001,"SHAPE_LEN":251.63037803399999},"geometry":{"type":"MultiPolygon","coordinates":[[[[-58.188563352287815,-15.62569176955804],[-58.188164482923334,-15.625610515086072],[-58.18816802217021,-15.625862338328826],[-58.1881696774281,-15.625982486364833],[-58.188171331760365,-15.626102634404445],[-58.188174797153081,-15.626354256464248],[-58.188571775752024,-15.626434439989143],[-58.188563352287815,-15.62569176955804]]]]}},
{"type":"Feature","properties":{"OBJECTID":615,"QUADRA":null,"SETOR":null,"BAIRRO":null,"SHAPE_AREA":4763.3104174500004,"SHAPE_LEN":295.85413541999998},"geometry":{"type":"MultiPolygon","coordinates":[[[[-58.188544113946179,-15.623995541458395],[-58.188538136951593,-15.623995721159249],[-58.187607699452592,-15.624023628838085],[-58.187621566990408,-15.624454789849912],[-58.187750401075377,-15.624450365919524],[-58.187862686638105,-15.624446510542532],[-58.187974553464905,-15.624442669125465],[-58.188086417485138,-15.624438827666806],[-58.18819828242971,-15.62443498614636],[-58.188314539787783,-15.624430994242292],[-58.18842697265309,-15.624427133260792],[-58.188426894343799,-15.62442455213195],[-58.18854893176912,-15.624420361586058],[-58.188557503047875,-15.624420067502585],[-58.188554055015189,-15.624333750589201],[-58.188552123405231,-15.624285405745306],[-58.188552080852759,-15.624284334848266],[-58.188551942959172,-15.624279346943075],[-58.188548268529601,-15.62414616196989],[-58.188548150563264,-15.624141879906558],[-58.188546427624388,-15.624079414030891],[-58.188546109327348,-15.624067889157219],[-58.188544113946179,-15.623995541458395]]]]}},
{"type":"Feature","properties":{"OBJECTID":532,"QUADRA":"6","SETOR":"1","BAIRRO":"JD. ZEFERINO I","SHAPE_AREA":6110.9389791699996,"SHAPE_LEN":318.15188273299998},"geometry":{"type":"MultiPolygon","coordinates":[[[[-58.174376909387156,-15.624169441145789],[-58.174513141576092,-15.624200331857446],[-58.174571475424237,-15.623953634914452],[-58.174596476273166,-15.623847907387894],[-58.174621475234737,-15.623742179869252],[-58.174630225377314,-15.623705174918115],[-58.174246529040197,-15.623506779700715],[-58.173860333191122,-15.623318955692161],[-58.173826998886717,-15.623459925044786],[-58.173804081648399,-15.62355684181089],[-58.173779082271011,-15.623662568361597],[-58.173754081944168,-15.623768295819103],[-58.173726227955541,-15.623886087643532],[-58.173695746205084,-15.624014992617573],[-58.173831979146676,-15.624045882857708],[-58.173922801743849,-15.62406647539534],[-58.174036327220428,-15.624092217157516],[-58.174149854586751,-15.624117958848984],[-58.174263381044653,-15.624143700484693],[-58.174376909387156,-15.624169441145789]]]]}},
{"type":"Feature","properties":{"OBJECTID":95,"QUADRA":null,"SETOR":"4","BAIRRO":"JD. DA PAZ","SHAPE_AREA":11832.0322318,"SHAPE_LEN":571.97835266300001},"geometry":{"type":"MultiPolygon","coordinates":[[[[-58.173835785174724,-15.633428540719374],[-58.174397757810674,-15.633550958460811],[-58.174432577066369,-15.633371725911328],[-58.173846984657807,-15.63335917723064],[-58.173951871144112,-15.632709559114142],[-58.173772254334224,-15.632669652660082],[-58.173430822568555,-15.63259379449717],[-58.17270649426969,-15.632431473862129],[-58.172589676598804,-15.633149178162995],[-58.173316378378033,-15.633308515178209],[-58.173654214883555,-15.633386581038813],[-58.173835785174724,-15.633428540719374]]]]}},
{"type":"Feature","properties":{"OBJECTID":46,"QUADRA":"68","SETOR":"2","BAIRRO":"JD. POPULAR","SHAPE_AREA":9479.9940407199992,"SHAPE_LEN":397.00003312000001},"geometry":{"type":"MultiPolygon","coordinates":[[[[-58.179759313003778,-15.635627536052201],[-58.180013436728558,-15.635685977912781],[-58.180045594966614,-15.635554023476548],[-58.180072392385675,-15.635444061901543],[-58.180099190707807,-15.635334099415257],[-58.180125988072611,-15.635224136931612],[-58.180152786350831,-15.635114175344466],[-58.180184943502965,-15.634982220898435],[-58.180057881585867,-15.634953000529908],[-58.179930819694547,-15.63492377918131],[-58.179817371443526,-15.634897689790144],[-58.179703924144796,-15.634871599429347],[-58.17959047593795,-15.634845509012834],[-58.179477027760946,-15.634819419439468],[-58.179363579603454,-15.634793328901484],[-58.179238312170277,-15.634764520519356],[-58.17910945712795,-15.634734886194392],[-58.179077298369243,-15.634866840535562],[-58.179050500467483,-15.634976802930019],[-58.179023701603221,-15.635086764423237],[-58.178996903652383,-15.635196726812932],[-58.178970104744209,-15.635306689205276],[-58.178937946765117,-15.635438643526602],[-58.179192071017326,-15.635497085463289],[-58.179305519553893,-15.635523176063085],[-58.17941896717717,-15.635549265703283],[-58.179532415763084,-15.635575356181626],[-58.179645864373683,-15.635601446599217],[-58.179759313003778,-15.635627536052201]]]]}},
{"type":"Feature","properties":{"OBJECTID":216,"QUADRA":"13","SETOR":"4","BAIRRO":"JD. RONDON","SHAPE_AREA":6415.2839365,"SHAPE_LEN":320.379668348},"geometry":{"type":"MultiPolygon","coordinates":[[[[-58.170233025142338,-15.630572412390995],[-58.170360364817732,-15.630594538840722],[-58.170384451940969,-15.630452107867622],[-58.170399904593481,-15.630339796022755],[-58.170416913095686,-15.630227150470189],[-58.170432762770211,-15.63011576753215],[-58.170449204246495,-15.630001832410992],[-58.170468586979673,-15.629868718714668],[-58.170338952734589,-15.629849813416607],[-58.17021027433681,-15.629831680305138],[-58.169990383290852,-15.629801216046106],[-58.169857105706932,-15.629781335583253],[-58.169730931449671,-15.62976722931141],[-58.169713126223002,-15.629897333583102],[-58.169696470460742,-15.63000974220998],[-58.169679389717651,-15.630118767958718],[-58.169662308960604,-15.630227793706309],[-58.169644391495126,-15.630336493985777],[-58.169624521783412,-15.630477582720864],[-58.169882464342983,-15.630515021467302],[-58.169995044808608,-15.630533439444642],[-58.170103528615485,-15.630551553802091],[-58.170233025142338,-15.630572412390995]]]]}},
{"type":"Feature","properties":{"OBJECTID":130,"QUADRA":null,"SETOR":"3","BAIRRO":"JD. ITALIA","SHAPE_AREA":29732.879187,"SHAPE_LEN":775.71576263700001},"geometry":{"type":"MultiPolygon","coordinates":[[[[-58.176607809558767,-15.616304278051821],[-58.177722216164767,-15.616537025543691],[-58.17772068636615,-15.615558941241543],[-58.176822056293204,-15.615369588165692],[-58.175950537961995,-15.615185944363981],[-58.175666710609775,-15.615123290952951],[-58.175557246434636,-15.615100663635447],[-58.175274238304127,-15.615038189713651],[-58.175269167405034,-15.615060339131649],[-58.175248963862458,-15.615148582945682],[-58.175228760300072,-15.615236825854467],[-58.175208556728172,-15.615325069665799],[-58.175188353141614,-15.615413313475745],[-58.175168149535253,-15.615501556380462],[-58.175147945919392,-15.615589800187699],[-58.175127742288858,-15.615678043993578],[-58.175107538638507,-15.615766286894205],[-58.175058451891651,-15.615980680286077],[-58.176607809558767,-15.616304278051821]]]]}},
{"type":"Feature","properties":{"OBJECTID":590,"QUADRA":"9","SETOR":"2","BAIRRO":"JD. PLANALTO","SHAPE_AREA":1010.9555367200001,"SHAPE_LEN":130.96876853200001},"geometry":{"type":"MultiPolygon","coordinates":[[[[-58.188279302111418,-15.632369197296169],[-58.188395899269388,-15.632368843247187],[-58.188393175621364,-15.632119835939912],[-58.188391890588406,-15.632002336223865],[-58.188156564808352,-15.632003128988302],[-58.188158097958002,-15.63206226315908],[-58.188159609706624,-15.632120597489893],[-58.188160088499131,-15.632139082456209],[-58.188162079976628,-15.632215901747625],[-58.188164071457713,-15.632292721038393],[-58.188166062947637,-15.632369541232398],[-58.188279302111418,-15.632369197296169]]]]}},
{"type":"Feature","properties":{"OBJECTID":155,"QUADRA":"1","SETOR":"4","BAIRRO":"JD. ALVORADA","SHAPE_AREA":6347.3519931000001,"SHAPE_LEN":320.00000340600002},"geometry":{"type":"MultiPolygon","coordinates":[[[[-58.166225052411768,-15.623432573567202],[-58.166362117737251,-15.623459783393965],[-58.166381349277138,-15.623207379676398],[-58.166389590956896,-15.623099206397194],[-58.1663978326321,-15.622991033117213],[-58.166417064120935,-15.622738628488076],[-58.166279999277243,-15.622711418661586],[-58.166165779061906,-15.622688743435081],[-58.166051557934836,-15.622666068152318],[-58.165937337761484,-15.622643392803392],[-58.165823116676385,-15.622620717398213],[-58.165686051963668,-15.622593507189769],[-58.16566681957039,-15.622845910914485],[-58.165658577509767,-15.622954084194209],[-58.165650334511859,-15.62306225747815],[-58.165631102077732,-15.623314662099059],[-58.165768167272233,-15.623341872307781],[-58.165882388758824,-15.623364547713232],[-58.165996609333654,-15.623387223062402],[-58.166110830862223,-15.623409898345409],[-58.166225052411768,-15.623432573567202]]]]}},
{"type":"Feature","properties":{"OBJECTID":417,"QUADRA":"34","SETOR":"1","BAIRRO":"JD. ZEFERINO I","SHAPE_AREA":7783.27315456,"SHAPE_LEN":354.64486071099998},"geometry":{"type":"MultiPolygon","coordinates":[[[[-58.169466709540202,-15.621296937561556],[-58.169603202545176,-15.621326720105387],[-58.169664048531246,-15.621080593723375],[-58.16969012480746,-15.620975110341679],[-58.169716201998568,-15.620869627856639],[-58.169742278228846,-15.620764144470407],[-58.169768355373989,-15.620658661980844],[-58.169816596957787,-15.620463519103753],[-58.169450660687239,-15.620392009642012],[-58.169359227775224,-15.620374141849178],[-58.169267794876383,-15.620356274017146],[-58.169084725560587,-15.620320499547349],[-58.169040395062233,-15.620499820217232],[-58.16901431755241,-15.620605302645952],[-58.168988240957447,-15.620710785971333],[-58.168962163401673,-15.620816268395531],[-58.168936086755629,-15.620921750812499],[-58.168905663352774,-15.621044813934057],[-58.168875239923757,-15.621167877956418],[-58.169011732783297,-15.621197660880112],[-58.169125476705666,-15.621222480369013],[-58.169239220646212,-15.621247298893147],[-58.169352965547908,-15.621272118255312],[-58.169466709540202,-15.621296937561556]]]]}},
{"type":"Feature","properties":{"OBJECTID":198,"QUADRA":"11","SETOR":"3","BAIRRO":"JD. ITALIA II","SHAPE_AREA":4597.9165209399998,"SHAPE_LEN":377.55141993900003},"geometry":{"type":"MultiPolygon","coordinates":[[[[-58.173056686504516,-15.613674872316786],[-58.173031432851296,-15.613785176677116],[-58.173012240509493,-15.613869008384825],[-58.173032707937502,-15.61390180139972],[-58.173242018539312,-15.613947418229198],[-58.173267394027874,-15.613836578086447],[-58.173292650272963,-15.613726259230683],[-58.173369999984288,-15.61374310887706],[-58.173383649439472,-15.61374608213109],[-58.173474648620839,-15.613765904992555],[-58.173561909530974,-15.61378491348133],[-58.173579298209745,-15.613788701051549],[-58.173652908741488,-15.613804736266479],[-58.17368394781834,-15.613811497059043],[-58.173745357330908,-15.613824873962779],[-58.173788597446574,-15.613834293015021],[-58.173836356571385,-15.613844696669394],[-58.173893247094476,-15.613857088919481],[-58.173927356759421,-15.613864519332086],[-58.17399789676206,-15.613879884772423],[-58.174018356029642,-15.61388434196081],[-58.174102546449298,-15.613902680573842],[-58.174109355314734,-15.613904164550574],[-58.174207196156203,-15.613925476323747],[-58.174308370948694,-15.613947515951443],[-58.174337125533256,-15.613820372814326],[-58.174359278522296,-15.613722422392918],[-58.174342121477061,-15.613687891672663],[-58.174265406827601,-15.613671191737883],[-58.174160754526518,-15.613648409579955],[-58.17405610225024,-15.613625628274397],[-58.173951449993595,-15.61360284691731],[-58.173846797751466,-15.613580064604836],[-58.173742145534135,-15.613557283144726],[-58.17363749333132,-15.613534500729205],[-58.173532841153275,-15.613511719166063],[-58.173428188994905,-15.613488937551402],[-58.173323536856174,-15.613466155885227],[-58.173218884737103,-15.613443374167538],[-58.173142170242258,-15.613426673827451],[-58.17310880003977,-15.613447240666947],[-58.173085778029886,-15.613547800711123],[-58.173056686504516,-15.613674872316786]]]]}},
{"type":"Feature","properties":{"OBJECTID":479,"QUADRA":"5","SETOR":"4","BAIRRO":"JD. DA PAZ","SHAPE_AREA":1069.1530767500001,"SHAPE_LEN":142.80010039699999},"geometry":{"type":"MultiPolygon","coordinates":[[[[-58.174071288026028,-15.631349515852257],[-58.174267461432315,-15.631385280398707],[-58.174284443846304,-15.631273498057055],[-58.174301427184133,-15.63116171661315],[-58.174318410507865,-15.631049935168084],[-58.17433539381237,-15.630938152817972],[-58.174139220830263,-15.630902388302397],[-58.174122237414572,-15.631014169740917],[-58.174105254922708,-15.631125952077157],[-58.17408827147883,-15.63123773351335],[-58.174071288026028,-15.631349515852257]]]]}},
{"type":"Feature","properties":{"OBJECTID":429,"QUADRA":"4","SETOR":"2","BAIRRO":"JARDIM PERUCHI","SHAPE_AREA":4755.99400384,"SHAPE_LEN":279.99997440499999},"geometry":{"type":"MultiPolygon","coordinates":[[[[-58.185284392343362,-15.636677340263088],[-58.185287564906545,-15.636821929835866],[-58.185391209697407,-15.636819942452359],[-58.185548698055534,-15.636816921887723],[-58.185828482601053,-15.636811556083597],[-58.185825310586878,-15.636666965635946],[-58.185822830949348,-15.636554005400477],[-58.185820352246729,-15.636441044254726],[-58.185817873556587,-15.636328084011511],[-58.185815394868555,-15.636215122863064],[-58.185812222908908,-15.636070533310139],[-58.185669456068439,-15.636073271072597],[-58.18553243843413,-15.636075899029041],[-58.185401872329805,-15.63607840254784],[-58.185271306221765,-15.636080906892989],[-58.185274478735636,-15.636225496474902],[-58.185276957127925,-15.636338457649957],[-58.185279435527512,-15.636451418823643],[-58.185281913929181,-15.636564379092102],[-58.185284392343362,-15.636677340263088]]]]}},
{"type":"Feature","properties":{"OBJECTID":554,"QUADRA":"7","SETOR":"1","BAIRRO":"JD. SANTA ROSA","SHAPE_AREA":6769.5640279199997,"SHAPE_LEN":329.19898030600001},"geometry":{"type":"MultiPolygon","coordinates":[[[[-58.180006233809145,-15.625427001039879],[-58.180151565830286,-15.62545988023806],[-58.180210516031394,-15.625213324444179],[-58.18023577929894,-15.625107657419337],[-58.180261787854533,-15.625002159030851],[-58.180319994376738,-15.62475543275937],[-58.180174662847222,-15.624722554542055],[-58.180061121860504,-15.624696868539054],[-58.179947581825559,-15.624671181566399],[-58.179720500905944,-15.62461980925157],[-58.179551553169283,-15.624581587091571],[-58.179522077289576,-15.624704866739636],[-58.179492601374577,-15.624828145480937],[-58.179467336820977,-15.624933814259595],[-58.17944207224005,-15.625039482132259],[-58.1793831220456,-15.62528603325921],[-58.179470321522473,-15.625305760682632],[-58.179552070347739,-15.625324255508751],[-58.179665611641823,-15.625349941754198],[-58.179779152027422,-15.62537562794391],[-58.179892692442387,-15.625401314976717],[-58.180006233809145,-15.625427001039879]]]]}},
{"type":"Feature","properties":{"OBJECTID":140,"QUADRA":"1","SETOR":"2","BAIRRO":"JD. POPULAR","SHAPE_AREA":311.99976600500003,"SHAPE_LEN":117.386022889},"geometry":{"type":"MultiPolygon","coordinates":[[[[-58.18493851478965,-15.6284437080232],[-58.185047516293778,-15.628468363690388],[-58.185047984557649,-15.627985812003377],[-58.18493851478965,-15.6284437080232]]]]}},
{"type":"Feature","properties":{"OBJECTID":3,"QUADRA":"100","SETOR":"2","BAIRRO":"JARDIM POPULAR II","SHAPE_AREA":3168.7955818800001,"SHAPE_LEN":225.21947151000001},"geometry":{"type":"MultiPolygon","coordinates":[[[[-58.185525416274004,-15.629377783272409],[-58.185711879673967,-15.62938338332815],[-58.185710612754342,-15.629188826336263],[-58.18570850955512,-15.628865952727903],[-58.185511061102794,-15.628867777912401],[-58.185179364009727,-15.62887084416842],[-58.185187211701709,-15.629367624456039],[-58.185525416274004,-15.629377783272409]]]]}},
{"type":"Feature","properties":{"OBJECTID":390,"QUADRA":"3","SETOR":"1","BAIRRO":"JD. SANTA ROSA","SHAPE_AREA":4376.0322371700004,"SHAPE_LEN":271.874314717},"geometry":{"type":"MultiPolygon","coordinates":[[[[-58.181497636640053,-15.623106187830247],[-58.181633884350418,-15.623137010742242],[-58.181694211761403,-15.622890768128807],[-58.181719157435353,-15.622785027663854],[-58.181744102170327,-15.622679289913513],[-58.181802306437746,-15.622432563366052],[-58.181666059183357,-15.622401740526181],[-58.181552520300301,-15.622376055208886],[-58.181438981441424,-15.62235036983083],[-58.181325441668861,-15.622324683493165],[-58.181216443777771,-15.62230002570741],[-58.181218286040817,-15.622403736438903],[-58.181220590448468,-15.622533567601478],[-58.181223060863061,-15.62267267195716],[-58.181223716845608,-15.622789596056515],[-58.181224364359572,-15.622905366814624],[-58.181225142261773,-15.623044542642621],[-58.181270558138117,-15.623054817014665],[-58.181384097376977,-15.623080502452835],[-58.181497636640053,-15.623106187830247]]]]}},
{"type":"Feature","properties":{"OBJECTID":47,"QUADRA":"69","SETOR":"2","BAIRRO":"JD. POPULAR","SHAPE_AREA":2012.7786380099999,"SHAPE_LEN":212.587062699},"geometry":{"type":"MultiPolygon","coordinates":[[[[-58.178590314988895,-15.63536667598785],[-58.178731021241653,-15.635398506679545],[-58.17879338907494,-15.635134159304149],[-58.178834966929358,-15.634957927114131],[-58.178866150751908,-15.63482575386921],[-58.178897334535179,-15.634693579717206],[-58.178768362799239,-15.63466440409359],[-58.178581858530386,-15.634622213011651],[-58.178583194191653,-15.634761743768381],[-58.178584529856508,-15.634901273619363],[-58.178586189340038,-15.635087286952912],[-58.178590314988895,-15.63536667598785]]]]}},
{"type":"Feature","properties":{"OBJECTID":586,"QUADRA":"92","SETOR":"2","BAIRRO":"JD. POPULAR","SHAPE_AREA":6382.3541618899999,"SHAPE_LEN":319.61244337199997},"geometry":{"type":"MultiPolygon","coordinates":[[[[-58.180383389460786,-15.638404611664159],[-58.180856104638536,-15.63850994905277],[-58.181024066733023,-15.637807561109147],[-58.180551351264398,-15.637702223076717],[-58.180551523437479,-15.637701502640615],[-58.180296811262927,-15.637645502584315],[-58.180128846737858,-15.638347890143276],[-58.180383389460786,-15.638404611664159]]]]}},
{"type":"Feature","properties":{"OBJECTID":280,"QUADRA":"18","SETOR":"4","BAIRRO":"JD. VISTA ALEGRE","SHAPE_AREA":1604.14240806,"SHAPE_LEN":206.392137013},"geometry":{"type":"MultiPolygon","coordinates":[[[[-58.171601572749147,-15.617227041355731],[-58.171577332005974,-15.617332933624212],[-58.171553091246821,-15.617438826794606],[-58.171524809406016,-15.61756236958246],[-58.17149652845891,-15.617685910554897],[-58.17161504548605,-15.617711915542584],[-58.171725763570272,-15.617736209399693],[-58.171728903525597,-15.617721830414006],[-58.171752672313332,-15.617612993001574],[-58.171737055717749,-15.61760924014148],[-58.171722710303627,-15.617605792345984],[-58.171752824710758,-15.617612400127104],[-58.171756438504161,-15.617483444371244],[-58.171759634783285,-15.617372935131291],[-58.171760092392844,-15.617373035735124],[-58.171764506461535,-15.617262792072799],[-58.171764823985839,-15.617262861787307],[-58.171768394933657,-15.617187266792866],[-58.171780670493426,-15.617006844066429],[-58.171658135323526,-15.61697995757557],[-58.171601572749147,-15.617227041355731]]]]}},
{"type":"Feature","properties":{"OBJECTID":334,"QUADRA":"21","SETOR":"1","BAIRRO":"JD. SANTA ROSA","SHAPE_AREA":6266.1626891200003,"SHAPE_LEN":312.85864776300002},"geometry":{"type":"MultiPolygon","coordinates":[[[[-58.179589090477428,-15.622681035334281],[-58.179843774581634,-15.622737071072681],[-58.17987497888457,-15.622604902112119],[-58.179900982288835,-15.622494761310026],[-58.179926985669425,-15.622384620505695],[-58.179952989026319,-15.622274479699131],[-58.179978993292245,-15.622164338885307],[-58.18001019744738,-15.622032169910774],[-58.179846472886759,-15.62199614698963],[-58.179755514197318,-15.621976134304898],[-58.179646363604334,-15.621952119213576],[-58.179537213027821,-15.621928103162281],[-58.179418966989019,-15.621902086762519],[-58.179282529063904,-15.621872066994248],[-58.179199318863922,-15.622224517384819],[-58.179184756988171,-15.62228619692428],[-58.179189872803597,-15.622593198000091],[-58.179252543073176,-15.622606987611753],[-58.179370789508525,-15.622633004073062],[-58.179479940451095,-15.622657020181158],[-58.179589090477428,-15.622681035334281]]]]}},
{"type":"Feature","properties":{"OBJECTID":211,"QUADRA":"12","SETOR":"3","BAIRRO":"JD. ITALIA II","SHAPE_AREA":1808.75416425,"SHAPE_LEN":176.84751307299999},"geometry":{"type":"MultiPolygon","coordinates":[[[[-58.175666710609775,-15.615123290952951],[-58.175950537961995,-15.615185944363981],[-58.175973771690707,-15.615084464605234],[-58.175996601330084,-15.614984748727627],[-58.17601943095589,-15.614885033752163],[-58.1760679185927,-15.614673249383777],[-58.175969702065863,-15.614651568981172],[-58.17581101043514,-15.614616537979519],[-58.175777925391635,-15.614637532144361],[-58.175735604010171,-15.614822380401405],[-58.175712774249646,-15.614922095356901],[-58.175689944470413,-15.615021810310656],[-58.175666710609775,-15.615123290952951]]]]}},
{"type":"Feature","properties":{"OBJECTID":287,"QUADRA":"19","SETOR":"1","BAIRRO":"JD. ZEFERINO I","SHAPE_AREA":5258.8609125900002,"SHAPE_LEN":300.43158049599998},"geometry":{"type":"MultiPolygon","coordinates":[[[[-58.171865598977227,-15.622725373679524],[-58.172001844497309,-15.622756202694202],[-58.172059984128204,-15.62250980283876],[-58.172059497479417,-15.62250935438612],[-58.172081743934974,-15.622415070803902],[-58.171903228149901,-15.62231500201688],[-58.171884263589625,-15.622246935800316],[-58.171806978186076,-15.621969549738999],[-58.17180318166826,-15.621968690500193],[-58.171693439466623,-15.621943859224045],[-58.171579901699012,-15.621918167739508],[-58.171443655853317,-15.621887338423182],[-58.171384694733085,-15.622133895308492],[-58.171359426182732,-15.622239563442557],[-58.171334157605102,-15.622345230670605],[-58.171304676950577,-15.622468509555908],[-58.171275198090264,-15.622591781197299],[-58.171411444386656,-15.622622609682146],[-58.17152498253413,-15.622648301227027],[-58.17163852163344,-15.62267399180231],[-58.171752059824271,-15.622699682321828],[-58.171865598977227,-15.622725373679524]]]]}},
{"type":"Feature","properties":{"OBJECTID":349,"QUADRA":"25","SETOR":"4","BAIRRO":"JD. RONDON","SHAPE_AREA":2305.593899,"SHAPE_LEN":219.2884548},"geometry":{"type":"MultiPolygon","coordinates":[[[[-58.16883990330053,-15.633854324018399],[-58.168969572150338,-15.633872316912408],[-58.168987978374417,-15.633742806072757],[-58.169006155770305,-15.633619000121483],[-58.169022028066991,-15.633527882789997],[-58.169039632774101,-15.633419871191425],[-58.169057456289885,-15.633307682362453],[-58.169080481952115,-15.633142388228409],[-58.168951645372118,-15.633124680186993],[-58.168817983396856,-15.633108118625053],[-58.168791231985239,-15.633280989280891],[-58.168779367700147,-15.63338309487156],[-58.168761828151091,-15.633491106110865],[-58.168747578240911,-15.633577189048898],[-58.168728099878869,-15.633701896790368],[-58.168710004749606,-15.633833656696881],[-58.16883990330053,-15.633854324018399]]]]}},
{"type":"Feature","properties":{"OBJECTID":357,"QUADRA":"26","SETOR":"1","BAIRRO":"JD. SANTA ROSA","SHAPE_AREA":5076.5798652100002,"SHAPE_LEN":289.28997854699998},"geometry":{"type":"MultiPolygon","coordinates":[[[[-58.180808344741727,-15.622070840871389],[-58.180944516941352,-15.622101968383632],[-58.180970395037832,-15.621996439899817],[-58.18099627404947,-15.621890912312672],[-58.181022151167745,-15.621785383829465],[-58.181048219722449,-15.621679084184953],[-58.181074097727787,-15.62157355569229],[-58.180801567250114,-15.621512071826524],[-58.180689823470715,-15.621486861765444],[-58.180578078787178,-15.621461652554419],[-58.180305548557314,-15.621400167147744],[-58.180279668301601,-15.62150569558716],[-58.180253788017957,-15.621611223120478],[-58.180227909576999,-15.621716750641571],[-58.180202031118476,-15.621822279064325],[-58.180176151709659,-15.621927808393762],[-58.180315187678467,-15.621959004976722],[-58.180448764770922,-15.621988979814985],[-58.180451489148858,-15.621989599708197],[-58.180560427580254,-15.622014502265785],[-58.180672171639479,-15.622039712372858],[-58.180808344741727,-15.622070840871389]]]]}},
{"type":"Feature","properties":{"OBJECTID":8,"QUADRA":"105","SETOR":"2","BAIRRO":"JARDIM POPULAR II","SHAPE_AREA":4838.568676,"SHAPE_LEN":280.68575171700002},"geometry":{"type":"MultiPolygon","coordinates":[[[[-58.186293061564307,-15.631159642741579],[-58.186435177022467,-15.631160528452689],[-58.186437564375247,-15.63102436031922],[-58.18643709354069,-15.630910199650849],[-58.186435478062691,-15.630798124152536],[-58.186434044521022,-15.630683625203503],[-58.186435614180915,-15.630572300799249],[-58.18643608221123,-15.630436513638562],[-58.18628935532498,-15.630434938742876],[-58.186148105379132,-15.630433623390754],[-58.185964658929485,-15.63043278008116],[-58.185870247775462,-15.630432097204976],[-58.185869767687841,-15.630569095686649],[-58.185871973658116,-15.630681719401963],[-58.185871795468167,-15.630794997774565],[-58.185873462532044,-15.630907985962208],[-58.185875425692139,-15.631020556751835],[-58.185877316005012,-15.631156123283366],[-58.186151726808681,-15.631158264608901],[-58.186293061564307,-15.631159642741579]]]]}},
{"type":"Feature","properties":{"OBJECTID":297,"QUADRA":"2","SETOR":"1","BAIRRO":"NUCLEO URBANO","SHAPE_AREA":6409.2972065200001,"SHAPE_LEN":320.23329449300002},"geometry":{"type":"MultiPolygon","coordinates":[[[[-58.176283544382507,-15.629216971003309],[-58.176421922353114,-15.629248278139372],[-58.176451026997483,-15.629124918532021],[-58.176480132529392,-15.62900155620521],[-58.176505080499119,-15.628895816159677],[-58.17653002845217,-15.628790077015971],[-58.176588239324957,-15.628543352344272],[-58.176451988504567,-15.628512526508771],[-58.176338446644714,-15.628486837791234],[-58.176224903881504,-15.628461149921822],[-58.176111362075268,-15.628435461986628],[-58.175997819355381,-15.628409773091775],[-58.175861569624153,-15.628378947775937],[-58.175823668555715,-15.628537449604716],[-58.175802612588299,-15.62862550547006],[-58.175777345783303,-15.628731173046871],[-58.175752078023372,-15.628836840626548],[-58.175693123525633,-15.629083391957076],[-58.17582937465086,-15.629114218244114],[-58.175942916812929,-15.629139906300351],[-58.176056458999241,-15.629165594295825],[-58.1761700021477,-15.629191283129394],[-58.176283544382507,-15.629216971003309]]]]}},
{"type":"Feature","properties":{"OBJECTID":475,"QUADRA":"5","SETOR":"2","BAIRRO":"JARDIM PERUCHI","SHAPE_AREA":4755.9917898900003,"SHAPE_LEN":279.99997739000003},"geometry":{"type":"MultiPolygon","coordinates":[[[[-58.185298568787132,-15.637553780272526],[-58.185301741419245,-15.637698369832192],[-58.185562874743873,-15.637693361795481],[-58.185842661409758,-15.637687995886015],[-58.185839488393853,-15.637543405456528],[-58.185837009635257,-15.637430445226274],[-58.185834530878772,-15.637317484090774],[-58.18583205212957,-15.637204522953928],[-58.18582957339288,-15.637091562719604],[-58.185826400426286,-15.636946972280969],[-58.18568650760286,-15.636949655687015],[-58.185546614769187,-15.636952339004051],[-58.185285482381254,-15.636957346956546],[-58.18528865496404,-15.637101936525353],[-58.185291133410168,-15.637214897690139],[-58.185293611863592,-15.637327858853586],[-58.18529609031912,-15.637440819111788],[-58.185298568787132,-15.637553780272526]]]]}},
{"type":"Feature","properties":{"OBJECTID":402,"QUADRA":"3","SETOR":"3","BAIRRO":"JD. ITALIA III","SHAPE_AREA":2723.4791261,"SHAPE_LEN":311.63678476699999},"geometry":{"type":"MultiPolygon","coordinates":[[[[-58.174708876376584,-15.61172929189962],[-58.174777087319001,-15.611744271870569],[-58.174818971709392,-15.611725666848256],[-58.174853496105918,-15.611576525077298],[-58.174749505400591,-15.611553779365916],[-58.174645514719927,-15.611531034507577],[-58.174540887156361,-15.611508149282296],[-58.174436259612563,-15.611485264005513],[-58.174331632093633,-15.611462379581127],[-58.174227004589326,-15.611439494201367],[-58.174122377109903,-15.611416609674],[-58.174017749645081,-15.611393724191235],[-58.173913122205164,-15.61137083956087],[-58.173808494779848,-15.61134795397513],[-58.173703867374286,-15.611325068337887],[-58.173599239993599,-15.611302183553049],[-58.17356508155639,-15.611449737771228],[-58.1735859578095,-15.611482288126735],[-58.173663543343139,-15.611499258492756],[-58.173768150815398,-15.611522231929351],[-58.173872737354863,-15.611545293105717],[-58.173977303899463,-15.611568442920769],[-58.1740819104987,-15.611591416207911],[-58.174186497103072,-15.611614478133765],[-58.174291104674701,-15.611637451312948],[-58.174395711333489,-15.611660424445665],[-58.174500298925082,-15.611683485308214],[-58.174604905623589,-15.611706458337965],[-58.174708876376584,-15.61172929189962]]]]}},
{"type":"Feature","properties":{"OBJECTID":254,"QUADRA":"16","SETOR":"2","BAIRRO":"JD. POPULAR","SHAPE_AREA":6399.9297859799999,"SHAPE_LEN":319.99917052500001},"geometry":{"type":"MultiPolygon","coordinates":[[[[-58.182577730539954,-15.630616081270876],[-58.182714056268111,-15.630646595415628],[-58.182771668786742,-15.630399741739732],[-58.182797424303153,-15.630294184845583],[-58.182823177931432,-15.630188627959331],[-58.182880791141585,-15.629941770642095],[-58.182744464932583,-15.62991125566959],[-58.182630860717524,-15.629885826453901],[-58.182517255593645,-15.629860397182401],[-58.182403651426455,-15.629834967845051],[-58.182290046350452,-15.629809538451889],[-58.182153721223607,-15.629779023094763],[-58.18209536183987,-15.630025713458767],[-58.182070352243869,-15.630131438921422],[-58.18204534168806,-15.63023716348315],[-58.181986983912275,-15.630483847489019],[-58.182123310428956,-15.630514362912241],[-58.182236914958303,-15.630539793273572],[-58.182350520439158,-15.630565222665167],[-58.182464125938772,-15.630590651092051],[-58.182577730539954,-15.630616081270876]]]]}},
{"type":"Feature","properties":{"OBJECTID":195,"QUADRA":"11","SETOR":"3","BAIRRO":"JD. SANTA ROSA II","SHAPE_AREA":6393.8426289099998,"SHAPE_LEN":319.99900954499998},"geometry":{"type":"MultiPolygon","coordinates":[[[[-58.181932771275385,-15.620743285651027],[-58.182187373081952,-15.620799629273534],[-58.182218748435787,-15.620667498922794],[-58.182244894223402,-15.620557389693776],[-58.182271039992401,-15.620447281366387],[-58.182297185732374,-15.620337172132858],[-58.182323332381237,-15.620227062892052],[-58.182354706653705,-15.620094932532247],[-58.182099931677563,-15.620039309490268],[-58.18199074003499,-15.620015470188351],[-58.18188154935175,-15.619991631729148],[-58.181627260854654,-15.619933945497893],[-58.181595885192429,-15.62006607579124],[-58.181569739095366,-15.620176184967448],[-58.181543592974485,-15.620286294141399],[-58.1815174468246,-15.620396402409213],[-58.181491300656063,-15.620506511578654],[-58.18145992485033,-15.620638642761767],[-58.181714533908789,-15.6206949887188],[-58.181823652112257,-15.620719136763531],[-58.181932771275385,-15.620743285651027]]]]}},
{"type":"Feature","properties":{"OBJECTID":448,"QUADRA":"4","SETOR":"4","BAIRRO":"JD. ZEFERINO III","SHAPE_AREA":448.60170801499999,"SHAPE_LEN":112.63615058400001},"geometry":{"type":"MultiPolygon","coordinates":[[[[-58.17362182373828,-15.623082905135107],[-58.173791921730746,-15.623167546124169],[-58.173979186310639,-15.622816024952741],[-58.17362182373828,-15.623082905135107]]]]}},
{"type":"Feature","properties":{"OBJECTID":290,"QUADRA":"2","SETOR":"2","BAIRRO":"JARDIM SAO FRANCISCO","SHAPE_AREA":4099.9951919499999,"SHAPE_LEN":263.99992856199998},"geometry":{"type":"MultiPolygon","coordinates":[[[[-58.18930738158118,-15.6357762647929],[-58.189308779328201,-15.635875683932856],[-58.18954196016621,-15.635872938001166],[-58.189775141912399,-15.635870191816908],[-58.189773743945885,-15.63577077359944],[-58.189772473746565,-15.635680392822],[-58.189771203551288,-15.635590012043764],[-58.189769932432526,-15.635499632173646],[-58.18976866224537,-15.635409251393776],[-58.1897673911295,-15.635318870618161],[-58.189766120950445,-15.635228489836672],[-58.189764723015621,-15.635129071612852],[-58.189531543034555,-15.635131816818836],[-58.189298362101319,-15.635134562686275],[-58.189299759816656,-15.635233981832554],[-58.189301029786215,-15.635324361727079],[-58.189302300697804,-15.635414742519618],[-58.189303570680678,-15.635505123316387],[-58.18930484066761,-15.635595504112359],[-58.189306111591371,-15.635685884902443],[-58.18930738158118,-15.6357762647929]]]]}},
{"type":"Feature","properties":{"OBJECTID":416,"QUADRA":"34","SETOR":"2","BAIRRO":"JD. POPULAR","SHAPE_AREA":3176.1020907000002,"SHAPE_LEN":241.986464584},"geometry":{"type":"MultiPolygon","coordinates":[[[[-58.178491922144964,-15.631827319040994],[-58.178647929003347,-15.63186202444429],[-58.178688440353312,-15.631677152122762],[-58.178712254048193,-15.631568476681773],[-58.178736472247053,-15.631457954190953],[-58.178760497730778,-15.631348315850765],[-58.178781837823806,-15.63125092903204],[-58.178802928828837,-15.63115468066524],[-58.178473550332889,-15.631081009946998],[-58.178355395574165,-15.631054582456361],[-58.178363227280727,-15.631372613639297],[-58.178364584368694,-15.63142771667675],[-58.17837377424614,-15.631800862627486],[-58.178491922144964,-15.631827319040994]]]]}},
{"type":"Feature","properties":{"OBJECTID":141,"QUADRA":"1","SETOR":"2","BAIRRO":"JARDIM BELA VISTA","SHAPE_AREA":6680.6738816400002,"SHAPE_LEN":331.99994418199998},"geometry":{"type":"MultiPolygon","coordinates":[[[[-58.190238231885914,-15.628441747052641],[-58.190375266336673,-15.628469112452573],[-58.190369251867772,-15.628198005454511],[-58.190367247698653,-15.628107640366855],[-58.190365242585827,-15.628017272571759],[-58.190362635941504,-15.627899793623349],[-58.190360030237841,-15.627782314668396],[-58.190357423614607,-15.627664836620934],[-58.189946321976194,-15.627582738197118],[-58.18965398270025,-15.627524356334312],[-58.18965799227113,-15.627705092892613],[-58.189665810054329,-15.628057528950396],[-58.189671823565504,-15.628328633324296],[-58.189817992834193,-15.628357824257014],[-58.189964163064928,-15.628387014180436],[-58.190101197460272,-15.62841438066064],[-58.190238231885914,-15.628441747052641]]]]}},
{"type":"Feature","properties":{"OBJECTID":212,"QUADRA":"12","SETOR":"3","BAIRRO":"JD. ITALIA III","SHAPE_AREA":3437.4973706400001,"SHAPE_LEN":322.20520015900001},"geometry":{"type":"MultiPolygon","coordinates":[[[[-58.174508721428964,-15.61259896634026],[-58.17461273450062,-15.612621618005587],[-58.174638149684768,-15.612511347903524],[-58.174657464542491,-15.612427543459704],[-58.174636264236391,-15.612395133256813],[-58.174559551888528,-15.612378427054253],[-58.174455538940364,-15.612355774450499],[-58.174350889127275,-15.612332985094978],[-58.174246239323558,-15.612310193880171],[-58.174141588611967,-15.612287403522712],[-58.174036938852709,-15.612264613108765],[-58.173932289113104,-15.612241822643304],[-58.173827639393167,-15.61221903212633],[-58.173722989687718,-15.612196240653972],[-58.173618340007096,-15.612173450033978],[-58.173513690346127,-15.612150659362472],[-58.17343634032661,-15.612133814248446],[-58.173402940233153,-15.612154332468375],[-58.173383624880152,-15.612238137741114],[-58.173358209037559,-15.612348407744507],[-58.17346285878871,-15.612371198483979],[-58.17356750856468,-15.612393990075832],[-58.173672158350016,-15.612416779808401],[-58.173776808165293,-15.612439571297218],[-58.173881457995087,-15.612462361830662],[-58.173986107844549,-15.612485152312583],[-58.174090757718801,-15.61250794364687],[-58.174195408535105,-15.612530733116902],[-58.174300058448672,-15.61255352434817],[-58.174404708371604,-15.612576313720153],[-58.174508721428964,-15.61259896634026]]]]}},
{"type":"Feature","properties":{"OBJECTID":510,"QUADRA":"54","SETOR":"2","BAIRRO":"JD. POPULAR","SHAPE_AREA":6390.5695635800002,"SHAPE_LEN":319.76515165699999},"geometry":{"type":"MultiPolygon","coordinates":[[[[-58.183850628245956,-15.635663584513823],[-58.183986883711995,-15.635694405335242],[-58.184015985310957,-15.635571045040086],[-58.184045086864636,-15.635447682030511],[-58.184070031424419,-15.635341941399744],[-58.18409497503481,-15.635236201675832],[-58.184124076507878,-15.635112838658653],[-58.184153178884031,-15.634989475633628],[-58.184019048775774,-15.63495913604212],[-58.183905502647534,-15.634933451567234],[-58.183791956548724,-15.634907767935433],[-58.183678409541358,-15.634882084247835],[-58.183564863485792,-15.634856399590522],[-58.183428607699724,-15.634825579370698],[-58.183369658594181,-15.635072138458819],[-58.183344395187923,-15.635177806633045],[-58.183319131759504,-15.635283474805169],[-58.183260184259289,-15.635530027534761],[-58.183396440506961,-15.635560848730616],[-58.183509986937686,-15.635586532544183],[-58.18362353432542,-15.635612216291912],[-58.183737080809777,-15.635637900887721],[-58.183850628245956,-15.635663584513823]]]]}},
{"type":"Feature","properties":{"OBJECTID":263,"QUADRA":"17","SETOR":"2","BAIRRO":"JD. POPULAR","SHAPE_AREA":569.15833263499997,"SHAPE_LEN":154.79712298499999},"geometry":{"type":"MultiPolygon","coordinates":[[[[-58.184923606252696,-15.632343600534318],[-58.185075665841616,-15.632377995373487],[-58.185066760787407,-15.631744813450448],[-58.184923606252696,-15.632343600534318]]]]}},
{"type":"Feature","properties":{"OBJECTID":587,"QUADRA":"84","SETOR":"2","BAIRRO":"JD. POPULAR","SHAPE_AREA":6390.5674597300003,"SHAPE_LEN":319.76520498500003},"geometry":{"type":"MultiPolygon","coordinates":[[[[-58.180795357104238,-15.637627498806797],[-58.181049891581083,-15.637684218742734],[-58.181081476799058,-15.637552134411397],[-58.181107797476649,-15.637442064134422],[-58.181134118130217,-15.637331993855144],[-58.18114727891178,-15.63727695826022],[-58.181160438759733,-15.637221923573598],[-58.181186760303191,-15.637111854188605],[-58.181218345371128,-15.63697976984295],[-58.181090939222685,-15.636951758734757],[-58.180963635845117,-15.63692377049842],[-58.180854473458695,-15.636899771079568],[-58.180745311093922,-15.636875771604583],[-58.180490599921271,-15.636819771702328],[-58.180322636534605,-15.637522159369196],[-58.180577178256755,-15.637578880736118],[-58.180686267203114,-15.637603189802029],[-58.180795357104238,-15.637627498806797]]]]}},
{"type":"Feature","properties":{"OBJECTID":593,"QUADRA":"9","SETOR":"4","BAIRRO":"JD. RONDON","SHAPE_AREA":6473.6078905000004,"SHAPE_LEN":320.85654625000001},"geometry":{"type":"MultiPolygon","coordinates":[[[[-58.170380537068354,-15.628841587659785],[-58.170500445004862,-15.628859424007976],[-58.170502252238848,-15.628854081300675],[-58.170629938745577,-15.628871767615918],[-58.170651332706299,-15.628746263133914],[-58.170670377237393,-15.628620970043938],[-58.170688188098502,-15.628513318811997],[-58.170704682993779,-15.628405539012837],[-58.170720889313117,-15.628286371489803],[-58.170737043310183,-15.628159638520399],[-58.170596600835019,-15.628141016943937],[-58.170481328301705,-15.628126301503164],[-58.17037069725189,-15.628096140545058],[-58.170254731392234,-15.628075950986537],[-58.170140342519176,-15.62806243285042],[-58.170008874805575,-15.628045688362532],[-58.169996964197964,-15.628067219725455],[-58.169981615459299,-15.62816828637393],[-58.169964323113497,-15.628291753232215],[-58.169945460782877,-15.628398280148598],[-58.169928511081679,-15.62850324214163],[-58.169912679527734,-15.628640856436952],[-58.169885492701425,-15.628764746643149],[-58.170028837018691,-15.628785097724842],[-58.170146856010327,-15.628807039053653],[-58.170263673300553,-15.628822686474793],[-58.170380537068354,-15.628841587659785]]]]}},
{"type":"Feature","properties":{"OBJECTID":514,"QUADRA":"56","SETOR":"2","BAIRRO":"JD. POPULAR","SHAPE_AREA":4159.9566334000001,"SHAPE_LEN":264.00007470200001},"geometry":{"type":"MultiPolygon","coordinates":[[[[-58.182126013739349,-15.635274037071801],[-58.182262464595851,-15.635304036295606],[-58.182290434156585,-15.635187068359603],[-58.182321421629581,-15.6350574782825],[-58.182346689295557,-15.634951811073424],[-58.182371956006598,-15.634846143867259],[-58.182398089924433,-15.634736852745132],[-58.182430912816379,-15.634599585832802],[-58.182294461489825,-15.63456958759023],[-58.1821943981953,-15.634547587974259],[-58.182094333991358,-15.634525589220027],[-58.181957883675821,-15.634495589852145],[-58.181939574565945,-15.634572156244937],[-58.181898926310907,-15.634742147798857],[-58.181873658429161,-15.634847814972437],[-58.181848391458061,-15.634953482138874],[-58.181819905157703,-15.635072610442638],[-58.181789433869177,-15.635200040064236],[-58.18192588463706,-15.635230038600557],[-58.182025949181707,-15.63525203831172],[-58.182126013739349,-15.635274037071801]]]]}},
{"type":"Feature","properties":{"OBJECTID":142,"QUADRA":"1","SETOR":"1","BAIRRO":"JD. DAS OLIVEIRAS II","SHAPE_AREA":5411.0589589000001,"SHAPE_LEN":300.296246935},"geometry":{"type":"MultiPolygon","coordinates":[[[[-58.186496989704246,-15.627792803832621],[-58.186688695368993,-15.627835118555064],[-58.186686280368868,-15.627455579973867],[-58.186686143727272,-15.627434118385093],[-58.186685009235021,-15.627255889757595],[-58.186683602198251,-15.627034862683086],[-58.186567847100392,-15.627009228315465],[-58.186454182237888,-15.626984058038811],[-58.186340518326574,-15.626958886792369],[-58.186204120925296,-15.626928682485749],[-58.186173132795929,-15.627061470086156],[-58.186142398619573,-15.627193170720123],[-58.186115653457691,-15.627307782247776],[-58.186088906410234,-15.627422394687009],[-58.18602669138015,-15.627688995274864],[-58.186276793660511,-15.62774420081483],[-58.186390476209013,-15.627769293324784],[-58.186496989704246,-15.627792803832621]]]]}},
{"type":"Feature","properties":{"OBJECTID":462,"QUADRA":"42","SETOR":"2","BAIRRO":"JD. POPULAR","SHAPE_AREA":6401.0023297300004,"SHAPE_LEN":319.99913606199999},"geometry":{"type":"MultiPolygon","coordinates":[[[[-58.17918698149137,-15.632863158904833],[-58.179323235516705,-15.632893981898935],[-58.179352263172234,-15.632770944228172],[-58.179382187280979,-15.632647428992],[-58.179407452533916,-15.63254176022736],[-58.179433463112098,-15.632436261907722],[-58.179491671160157,-15.632189536714511],[-58.179489544430197,-15.632189055518733],[-58.179355417585917,-15.63215871288878],[-58.179241872498409,-15.632133025851045],[-58.179128328373082,-15.632107339651373],[-58.179014783334026,-15.632081652492044],[-58.178901239257158,-15.632055966170798],[-58.17876498583415,-15.63202514196573],[-58.178735421287463,-15.632148788084717],[-58.17870603254044,-15.632271700187445],[-58.17868076601188,-15.632377368901391],[-58.178655500388757,-15.632483036704345],[-58.178626102434222,-15.632605984100687],[-58.178596547767619,-15.632729588572483],[-58.178732801641729,-15.632760411945952],[-58.178846347036746,-15.632786099226305],[-58.178959891518076,-15.632811785546991],[-58.179073436023636,-15.632837471806873],[-58.17918698149137,-15.632863158904833]]]]}},
{"type":"Feature","properties":{"OBJECTID":329,"QUADRA":"20","SETOR":"4","BAIRRO":"JD. VISTA ALEGRE","SHAPE_AREA":6399.9377660299997,"SHAPE_LEN":319.99861644700002},"geometry":{"type":"MultiPolygon","coordinates":[[[[-58.169764626617223,-15.617313798265306],[-58.170491254204521,-15.617478226194793],[-58.170600751658668,-15.61702033964667],[-58.170659711793895,-15.616773784708476],[-58.170296399088613,-15.616691570795744],[-58.169933086636675,-15.616609357165174],[-58.169764626617223,-15.617313798265306]]]]}},
{"type":"Feature","properties":{"OBJECTID":596,"QUADRA":"9","SETOR":"2","BAIRRO":"JARDIM BELA VISTA","SHAPE_AREA":6149.9956964800003,"SHAPE_LEN":314.00014645099998},"geometry":{"type":"MultiPolygon","coordinates":[[[[-58.189600651463934,-15.62544973883699],[-58.189604283367657,-15.625580756399408],[-58.189720838608714,-15.625577854916672],[-58.189837393836697,-15.625574952468382],[-58.189953948129265,-15.625572050867325],[-58.19007050334671,-15.625569149199533],[-58.190187058556269,-15.625566247470047],[-58.190303613757941,-15.625563345678891],[-58.190299981411549,-15.62543232815881],[-58.190296349081173,-15.625301311540685],[-58.190293342511815,-15.625192884619368],[-58.190290336877361,-15.625084456787809],[-58.190286704570447,-15.624953439260743],[-58.190283072279549,-15.624822422635653],[-58.190166517495086,-15.624825324386892],[-58.19004996270796,-15.624828226980322],[-58.189933407907752,-15.6248311286082],[-58.189816853099664,-15.624834030174389],[-58.189700299216419,-15.624836931673855],[-58.189583744392586,-15.624839833116679],[-58.189588264331043,-15.625002867602062],[-58.189591008099882,-15.62510186644967],[-58.189594014300717,-15.625210294311211],[-58.189597019576226,-15.625318722176523],[-58.189600651463934,-15.62544973883699]]]]}},
{"type":"Feature","properties":{"OBJECTID":601,"QUADRA":"9","SETOR":"2","BAIRRO":"JD. SAO JOSE","SHAPE_AREA":3023.9969932700001,"SHAPE_LEN":240.00015125499999},"geometry":{"type":"MultiPolygon","coordinates":[[[[-58.190380753241691,-15.622343315143508],[-58.190382614224418,-15.622506006083453],[-58.190494537808398,-15.622504929995612],[-58.190606460459456,-15.622503854759692],[-58.190718382172392,-15.622502779471839],[-58.190830305745351,-15.622501704116871],[-58.190942227447472,-15.622500628715029],[-58.191054150076901,-15.622499553251114],[-58.191166072700923,-15.622498477730216],[-58.191164210168026,-15.622335786844996],[-58.191162348585557,-15.622173096856022],[-58.191050427070657,-15.622174172357658],[-58.190938503684926,-15.622175247812427],[-58.190826582164441,-15.622176324103963],[-58.190714659700603,-15.622177399439678],[-58.190602737231359,-15.622178474718387],[-58.190490814756707,-15.622179549940109],[-58.190378892276648,-15.622180625104829],[-58.190380753241691,-15.622343315143508]]]]}},
{"type":"Feature","properties":{"OBJECTID":374,"QUADRA":"3","SETOR":"2","BAIRRO":"RESIDENCIAL BERTINI","SHAPE_AREA":1599.97810867,"SHAPE_LEN":164.00005757},"geometry":{"type":"MultiPolygon","coordinates":[[[[-58.188847454855043,-15.632000866943949],[-58.188964051384744,-15.632000443912938],[-58.188961345865344,-15.631711210999704],[-58.188844749499225,-15.63171163401789],[-58.188728153122817,-15.631712056070258],[-58.188611556746565,-15.63171247896455],[-58.188494960360018,-15.631712900893007],[-58.18849631325422,-15.631857517373746],[-58.188497666157872,-15.632002133852479],[-58.188614262707986,-15.63200171191119],[-58.188730858315068,-15.632001289009128],[-58.188847454855043,-15.632000866943949]]]]}},
{"type":"Feature","properties":{"OBJECTID":120,"QUADRA":null,"SETOR":"4","BAIRRO":"JD. ZEFERINO III","SHAPE_AREA":1743.54711372,"SHAPE_LEN":216.72395227000001},"geometry":{"type":"MultiPolygon","coordinates":[[[[-58.172211674728615,-15.622363422726359],[-58.172942428592464,-15.622732908118492],[-58.173030083514064,-15.622577882956278],[-58.172294677342187,-15.622203938374462],[-58.172211674728615,-15.622363422726359]]]]}},
{"type":"Feature","properties":{"OBJECTID":143,"QUADRA":"1","SETOR":"1","BAIRRO":"JD. DAS OLIVEIRAS","SHAPE_AREA":4139.9954009100002,"SHAPE_LEN":272.00002962899998},"geometry":{"type":"MultiPolygon","coordinates":[[[[-58.183407766290863,-15.627151751741046],[-58.183544391093484,-15.627180972222746],[-58.18360424425142,-15.626916078789868],[-58.183634169851501,-15.626783632525946],[-58.183664094491562,-15.626651187167965],[-58.183683529082757,-15.626565172389622],[-58.183708005824634,-15.626456841895239],[-58.183723946456823,-15.62638629371633],[-58.183587322177473,-15.62635707421348],[-58.183468912065926,-15.626331749863274],[-58.18330496337699,-15.626296685527436],[-58.18324511180969,-15.626561577993529],[-58.183227683713859,-15.626638708278296],[-58.183215184111823,-15.626694024232163],[-58.183198118058471,-15.626769555360703],[-58.183185258246951,-15.626826470457765],[-58.183125406414533,-15.627091361996174],[-58.183180056492134,-15.627103050451787],[-58.183298466102393,-15.627128375836772],[-58.183407766290863,-15.627151751741046]]]]}},
{"type":"Feature","properties":{"OBJECTID":485,"QUADRA":"5","SETOR":"2","BAIRRO":"JARDIM BELA VISTA","SHAPE_AREA":3374.9964796499999,"SHAPE_LEN":239.999912669},"geometry":{"type":"MultiPolygon","coordinates":[[[[-58.189639480411401,-15.626837526285696],[-58.189642351363851,-15.626973081034576],[-58.189992069126049,-15.626966523584475],[-58.190341785886673,-15.626959964679683],[-58.190338914475547,-15.626824409971869],[-58.190333171684486,-15.626553300550418],[-58.190216599665618,-15.626555486591949],[-58.190100027639666,-15.626557672571737],[-58.189983455606651,-15.626559858489733],[-58.189866883566559,-15.626562044345992],[-58.189750311519397,-15.62656423014047],[-58.18963373853245,-15.626566415878262],[-58.189639480411401,-15.626837526285696]]]]}},
{"type":"Feature","properties":{"OBJECTID":116,"QUADRA":null,"SETOR":"1","BAIRRO":"NUCLEO URBANO","SHAPE_AREA":5859.1143804100002,"SHAPE_LEN":336.30656172499999},"geometry":{"type":"MultiPolygon","coordinates":[[[[-58.177144955633722,-15.624786908403967],[-58.177287066168809,-15.624818830616212],[-58.177282014420811,-15.624537301167289],[-58.17726822207468,-15.623768637371176],[-58.177233822224672,-15.623647984700956],[-58.176745899246328,-15.623956729435667],[-58.176797443361423,-15.624432146610896],[-58.176732133059495,-15.624694177313735],[-58.177015278019887,-15.624757779390903],[-58.177144955633722,-15.624786908403967]]]]}},
{"type":"Feature","properties":{"OBJECTID":483,"QUADRA":"5","SETOR":"1","BAIRRO":"JD. SANTA MARIA","SHAPE_AREA":6482.8425134099998,"SHAPE_LEN":344.05737175299998},"geometry":{"type":"MultiPolygon","coordinates":[[[[-58.173262819111343,-15.628685352488574],[-58.173242102964736,-15.628819364707711],[-58.173224149645833,-15.628935509951621],[-58.17320687641665,-15.62904725042538],[-58.173189548307775,-15.629159348235337],[-58.1731722750446,-15.629271087802842],[-58.173172299327135,-15.629271093096474],[-58.173155026054708,-15.629382833566689],[-58.173155049404485,-15.629382838865311],[-58.173137777045291,-15.629494578425458],[-58.173137800389938,-15.629494582820197],[-58.173120527088734,-15.629606323288039],[-58.17310256377462,-15.62972253365759],[-58.173357794352434,-15.629776228790929],[-58.173494524599128,-15.629804993949682],[-58.173613024109834,-15.629829923622884],[-58.173630989003371,-15.62971371322182],[-58.17364823774691,-15.629601967439683],[-58.173665486481212,-15.629490222560255],[-58.173682736128768,-15.629378476770766],[-58.173699983906715,-15.629266732797845],[-58.173717257808022,-15.629154992299565],[-58.173734529829431,-15.629043251810076],[-58.1737538755212,-15.628918102491024],[-58.173773221200051,-15.628792954074362],[-58.173645625565008,-15.628766018513968],[-58.173518030890932,-15.628739082872007],[-58.173518009302711,-15.62873922309333],[-58.173390422845635,-15.628712251174656],[-58.17326283174274,-15.628685277396601],[-58.173262819111343,-15.628685352488574]]]]}},
{"type":"Feature","properties":{"OBJECTID":345,"QUADRA":"24","SETOR":"4","BAIRRO":"JD. RONDON","SHAPE_AREA":6572.7531642499998,"SHAPE_LEN":379.12115687599999},"geometry":{"type":"MultiPolygon","coordinates":[[[[-58.169378259702356,-15.633788692905952],[-58.169378254280147,-15.633788723667784],[-58.169124973735151,-15.633754938659207],[-58.169104864983311,-15.633886872017023],[-58.169360273236855,-15.633927361745384],[-58.16947382523778,-15.633941594109375],[-58.169587377250188,-15.633955826413491],[-58.169846886897531,-15.633990843122422],[-58.169870357345857,-15.633861269082054],[-58.169886686987496,-15.6337439856134],[-58.169903016615308,-15.63362670214358],[-58.169938314563005,-15.633387014039537],[-58.169958118206274,-15.633252537758144],[-58.169829972310886,-15.633239685072637],[-58.169701956158747,-15.633226845178076],[-58.169585135135577,-15.633210980700389],[-58.169476664972592,-15.633195514558818],[-58.169350216655168,-15.63317786633748],[-58.169216042117782,-15.633161398145525],[-58.169193786053526,-15.633289700199052],[-58.169179427846224,-15.633405974316457],[-58.16916202622113,-15.633523457813274],[-58.169146538936687,-15.633642955864268],[-58.169147275436146,-15.633643046849695],[-58.169125714765528,-15.633755006118895],[-58.169378259702356,-15.633788692905952]]]]}},
{"type":"Feature","properties":{"OBJECTID":49,"QUADRA":"7/1","SETOR":"3","BAIRRO":"JD. SANTA ROSA II","SHAPE_AREA":669.98743170499995,"SHAPE_LEN":103.546406543},"geometry":{"type":"MultiPolygon","coordinates":[[[[-58.182819642944594,-15.622898909830013],[-58.183051166392282,-15.622953579641974],[-58.183078770285739,-15.622836562967278],[-58.183105754929265,-15.622722168245138],[-58.182872136031882,-15.622669319386818],[-58.182845176115386,-15.622787232864347],[-58.182819642944594,-15.622898909830013]]]]}},
{"type":"Feature","properties":{"OBJECTID":466,"QUADRA":"43","SETOR":"1","BAIRRO":"JD. ZEFERINO I","SHAPE_AREA":4591.9563439900003,"SHAPE_LEN":275.689836818},"geometry":{"type":"MultiPolygon","coordinates":[[[[-58.167536082798101,-15.621758917916354],[-58.16767232815004,-15.621789749704684],[-58.167730547518097,-15.621543029353303],[-58.16775549942718,-15.621437289986119],[-58.16778045131953,-15.621331551520733],[-58.167809561366639,-15.621208189977626],[-58.167838671383983,-15.621084828431709],[-58.167702426488354,-15.621053996714503],[-58.167566181627635,-15.621023164909859],[-58.167429936801867,-15.620992333017769],[-58.167264626724801,-15.620954924151203],[-58.167253642253307,-15.621082859781003],[-58.16724273741643,-15.621209870285107],[-58.167234134919255,-15.621319309167484],[-58.167225532417156,-15.621428748049098],[-58.167203643954529,-15.621683688746829],[-58.167299924645988,-15.621705476302306],[-58.167399837481113,-15.621728086040561],[-58.167536082798101,-15.621758917916354]]]]}},
{"type":"Feature","properties":{"OBJECTID":83,"QUADRA":"PARTE 23","SETOR":"2","BAIRRO":"JD. POPULAR","SHAPE_AREA":12411.659482900001,"SHAPE_LEN":448.19988117100002},"geometry":{"type":"MultiPolygon","coordinates":[[[[-58.179958092201005,-15.631105825916869],[-58.180158205982458,-15.631149867240781],[-58.180340128940415,-15.631189905212622],[-58.18052205102061,-15.631229942129687],[-58.18070397409894,-15.631269979789687],[-58.180885896299529,-15.631310016394925],[-58.18108601135139,-15.631354056839141],[-58.181282863499312,-15.630469597448508],[-58.180154949107788,-15.630221367200461],[-58.179958092201005,-15.631105825916869]]]]}},
{"type":"Feature","properties":{"OBJECTID":121,"QUADRA":null,"SETOR":"4","BAIRRO":"JD. ZEFERINO III","SHAPE_AREA":2046.8303865800001,"SHAPE_LEN":235.11842384},"geometry":{"type":"MultiPolygon","coordinates":[[[[-58.172993226083058,-15.622442371451228],[-58.173113794974057,-15.62249979340231],[-58.173192576410294,-15.622357554402583],[-58.173077325052738,-15.622292400957379],[-58.172971377113875,-15.622232507300428],[-58.172866639174423,-15.622173297710207],[-58.172760807032319,-15.622112915213306],[-58.172656124092079,-15.622053187280232],[-58.172547900624096,-15.621987087562628],[-58.172546867397145,-15.621986477518924],[-58.17241136434442,-15.621906526393371],[-58.172324501107454,-15.622117979090314],[-58.172447638904046,-15.622178762912919],[-58.1725562466046,-15.622232374917928],[-58.172664542877257,-15.6222858330565],[-58.172776816535119,-15.622339304237359],[-58.172886327415085,-15.622391460467316],[-58.172993226083058,-15.622442371451228]]]]}},
{"type":"Feature","properties":{"OBJECTID":573,"QUADRA":"8","SETOR":"1","BAIRRO":"JD. SANTA ROSA","SHAPE_AREA":6401.7601791899997,"SHAPE_LEN":319.99892372800002},"geometry":{"type":"MultiPolygon","coordinates":[[[[-58.180900025811084,-15.625626976731878],[-58.181036409977295,-15.625657236943169],[-58.181098405748472,-15.625392810618626],[-58.181150735782204,-15.62517260300279],[-58.181177159181281,-15.625058356098704],[-58.181201734845452,-15.624952100635271],[-58.181065352069609,-15.624921840489201],[-58.18095169885062,-15.624896623789553],[-58.18083804658805,-15.624871407024036],[-58.180724393421656,-15.624846191106567],[-58.180610741201335,-15.624820973315472],[-58.18047435857342,-15.624790712789725],[-58.180443358971232,-15.624922927709232],[-58.180412360262736,-15.625055141716661],[-58.180391694127373,-15.625143284388171],[-58.180365860740011,-15.625253463181286],[-58.18033382939683,-15.62539007843462],[-58.18030903033705,-15.625495849631832],[-58.180445414350139,-15.625526109318944],[-58.180559066013892,-15.625551326269719],[-58.180672719566822,-15.625576543149609],[-58.180786372210733,-15.625601759973677],[-58.180900025811084,-15.625626976731878]]]]}},
{"type":"Feature","properties":{"OBJECTID":551,"QUADRA":"7","SETOR":"4","BAIRRO":"JD. RONDON","SHAPE_AREA":6477.53112,"SHAPE_LEN":322.75463664099999},"geometry":{"type":"MultiPolygon","coordinates":[[[[-58.170669579634698,-15.627777807308668],[-58.17062396822849,-15.628016158528421],[-58.170763895640349,-15.628037720547249],[-58.170881345230434,-15.628056374310905],[-58.171003302941592,-15.628070592875289],[-58.171121877141971,-15.628085245225972],[-58.171121316815167,-15.628088411899885],[-58.171242532705158,-15.628109964994458],[-58.171373602296299,-15.628130498239825],[-58.171409609480044,-15.627886331813835],[-58.171412581533346,-15.627887355445148],[-58.171428641318819,-15.627765458868261],[-58.171445502246712,-15.627648303538747],[-58.171464441603383,-15.627524294517793],[-58.17148226636894,-15.62740440423363],[-58.171352549665947,-15.627387135955026],[-58.171236529618135,-15.627370481471139],[-58.171118008896649,-15.627353677565633],[-58.170995712884995,-15.62733401930652],[-58.170872254012018,-15.627321471912479],[-58.170741528378599,-15.627308845705906],[-58.170699689924113,-15.627541400827988],[-58.170689433000611,-15.627658620328084],[-58.170669579634698,-15.627777807308668]]]]}},
{"type":"Feature","properties":{"OBJECTID":27,"QUADRA":"58","SETOR":"2","BAIRRO":"JD. POPULAR","SHAPE_AREA":3199.9953273000001,"SHAPE_LEN":239.999930218},"geometry":{"type":"MultiPolygon","coordinates":[[[[-58.180538551012738,-15.634918528018927],[-58.180720068353367,-15.63496027149194],[-58.1807522251191,-15.634828316987702],[-58.18077902302133,-15.634718355346813],[-58.180805819961066,-15.634608392804701],[-58.180832617814225,-15.634498431159075],[-58.180859415637663,-15.634388468607186],[-58.180891572250289,-15.63425651408814],[-58.180703434139438,-15.634213248017303],[-58.180528539783161,-15.634173028083223],[-58.180496382943105,-15.634304982565205],[-58.18046958493013,-15.634414945086187],[-58.180442786887447,-15.634524906700921],[-58.180415989758181,-15.634634869212155],[-58.1803891916664,-15.634744830822136],[-58.180357034673229,-15.6348767852893],[-58.180538551012738,-15.634918528018927]]]]}},
{"type":"Feature","properties":{"OBJECTID":68,"QUADRA":"86","SETOR":"2","BAIRRO":"JD. POPULAR","SHAPE_AREA":7636.8965416800002,"SHAPE_LEN":361.77955613799998},"geometry":{"type":"MultiPolygon","coordinates":[[[[-58.179362011699062,-15.637303243044217],[-58.179634289752116,-15.637365858550977],[-58.179666447487641,-15.637233904160221],[-58.179693246198021,-15.63712394261389],[-58.179720043945892,-15.637013980166325],[-58.17974684260718,-15.63690401861524],[-58.179773641238754,-15.636794056157926],[-58.179501362987018,-15.636731439872856],[-58.179392452286827,-15.636706393438638],[-58.179283540676593,-15.636681346953454],[-58.179174630021905,-15.636656300407282],[-58.179065719389939,-15.636631253805128],[-58.178956807847939,-15.636606207152019],[-58.178693607066712,-15.636545676971085],[-58.178666807871203,-15.636655639336441],[-58.178640009578785,-15.636765600790525],[-58.178613210334198,-15.636875563151115],[-58.178615817652798,-15.63699228780292],[-58.178619054981411,-15.637132382290115],[-58.178817455076278,-15.637178009178333],[-58.178926365981191,-15.637203055884703],[-58.179035277841635,-15.637228102530065],[-58.179144188792044,-15.637253149124483],[-58.179253099765198,-15.637278195662915],[-58.179362011699062,-15.637303243044217]]]]}},
{"type":"Feature","properties":{"OBJECTID":233,"QUADRA":"14","SETOR":"1","BAIRRO":"JD. SANTA ROSA","SHAPE_AREA":6390.5742421100003,"SHAPE_LEN":319.76514998599998},"geometry":{"type":"MultiPolygon","coordinates":[[[[-58.182028577319116,-15.624994117330866],[-58.182164923833597,-15.625024534340824],[-58.182222269848168,-15.624777960585442],[-58.182246953833612,-15.624671825578915],[-58.182271563153961,-15.624566011859333],[-58.182290019663782,-15.624486651570844],[-58.182328983579524,-15.624319114083089],[-58.182194766936114,-15.624289171975402],[-58.182081144937882,-15.624263824611468],[-58.181967523896219,-15.624238477181684],[-58.181853901945672,-15.624213129696102],[-58.181740281884437,-15.624187782139646],[-58.181603935981109,-15.624157365724777],[-58.181565919549385,-15.624318623099031],[-58.181545769415649,-15.624404098353216],[-58.181520839388519,-15.624509841429214],[-58.181495911205062,-15.624615584493124],[-58.181437745315712,-15.624862310768593],[-58.181574090748676,-15.624892728163138],[-58.181687712123633,-15.624918075773532],[-58.181801334449986,-15.624943422414201],[-58.181914955877801,-15.624968770806811],[-58.182028577319116,-15.624994117330866]]]]}},
{"type":"Feature","properties":{"OBJECTID":41,"QUADRA":"63","SETOR":"2","BAIRRO":"JD. POPULAR","SHAPE_AREA":6390.5704464600003,"SHAPE_LEN":319.76522608400001},"geometry":{"type":"MultiPolygon","coordinates":[[[[-58.18365340689401,-15.636497040934715],[-58.183789663833096,-15.636527861835187],[-58.183819357530879,-15.636401990930851],[-58.18384786645499,-15.636281138573443],[-58.183872811187101,-15.63617539795894],[-58.183897755902564,-15.636069658246258],[-58.183926359466348,-15.635948406747934],[-58.183955959221024,-15.635822932247043],[-58.183821829513747,-15.635792592567736],[-58.18377399437265,-15.63578177246163],[-58.18370828200775,-15.635766908931707],[-58.183594735453561,-15.635741224325955],[-58.183481187995987,-15.635715540568292],[-58.183367641490243,-15.635689855840901],[-58.183231385163957,-15.635659035536998],[-58.183172436586155,-15.635905594581653],[-58.183147172073539,-15.636011262744436],[-58.183121908471534,-15.636116930900092],[-58.183094125219696,-15.636233136817173],[-58.183062960566268,-15.636363483591248],[-58.183199217354179,-15.636394304871205],[-58.183312764235112,-15.636419988754861],[-58.183426312073038,-15.636445672572655],[-58.18353985900761,-15.63647135723855],[-58.18365340689401,-15.636497040934715]]]]}},
{"type":"Feature","properties":{"OBJECTID":234,"QUADRA":"14","SETOR":"2","BAIRRO":"JARDIM BELA VISTA","SHAPE_AREA":6149.9909344199996,"SHAPE_LEN":314.00010946499998},"geometry":{"type":"MultiPolygon","coordinates":[[[[-58.188670328771991,-15.623489726928071],[-58.188679943026024,-15.623860204524043],[-58.188913061339093,-15.623854787622822],[-58.189029620489343,-15.623852079983546],[-58.189379297878567,-15.623843953983881],[-58.189372495316675,-15.623581909057279],[-58.189369680501812,-15.62347347561178],[-58.189366865704571,-15.623365043972736],[-58.18936006507969,-15.623102998118412],[-58.189243506374943,-15.623105706807442],[-58.189126946729836,-15.623108415439836],[-58.189010388942499,-15.623111124000415],[-58.188893830209594,-15.623113831600485],[-58.188777271474223,-15.623116540042725],[-58.18866071273122,-15.623119248423283],[-58.188667514330767,-15.62338129344684],[-58.188670328771991,-15.623489726928071]]]]}},
{"type":"Feature","properties":{"OBJECTID":534,"QUADRA":"6","SETOR":"1","BAIRRO":"JD. SANTA ROSA","SHAPE_AREA":4801.4450376900004,"SHAPE_LEN":280.09380819500001},"geometry":{"type":"MultiPolygon","coordinates":[[[[-58.181579709881767,-15.62223950113663],[-58.18183431551612,-15.622295871242326],[-58.181859427319779,-15.622190169642664],[-58.181884538163565,-15.622084467142065],[-58.181909649923284,-15.621978765538232],[-58.181934944701744,-15.621872289202352],[-58.181960055484645,-15.62176658759936],[-58.181705282067483,-15.621710938914616],[-58.181596093230155,-15.621687089515305],[-58.181486902548855,-15.621663240069914],[-58.181359606528048,-15.621635029026075],[-58.181232310531733,-15.621606817002048],[-58.181207198455361,-15.621712519456679],[-58.181186271392193,-15.621800603931728],[-58.18116534525165,-15.621888689304191],[-58.181106738089596,-15.622135379032924],[-58.18117038943344,-15.622149471955716],[-58.181252226354196,-15.622167591531829],[-58.181361343504314,-15.62219174970571],[-58.181470526215932,-15.622215625451746],[-58.181579709881767,-15.62223950113663]]]]}},
{"type":"Feature","properties":{"OBJECTID":135,"QUADRA":"1","SETOR":"2","BAIRRO":"MORADA DO SOL","SHAPE_AREA":5174.9992841800004,"SHAPE_LEN":292.52011791000001},"geometry":{"type":"MultiPolygon","coordinates":[[[[-58.186642947453144,-15.634064306668877],[-58.186646129415699,-15.634170559735635],[-58.186786034305392,-15.634168688383326],[-58.186925939185926,-15.634166816941946],[-58.187065844062538,-15.634164946315373],[-58.187205748924789,-15.634163074695859],[-58.187202565746915,-15.634056822566125],[-58.187199453942121,-15.633952918393186],[-58.18719634121679,-15.633849015127959],[-58.187193228493264,-15.633745110957607],[-58.187189845437331,-15.633632172817855],[-58.187186462384481,-15.633519233772773],[-58.187182403479255,-15.633383707093493],[-58.186902594795654,-15.633387449236501],[-58.186790671311961,-15.63338894599395],[-58.186622786075468,-15.633391191023236],[-58.186626845546463,-15.633526717733309],[-58.186630228293488,-15.633639656808263],[-58.186633611048798,-15.633752595881784],[-58.18663672255299,-15.633856499180776],[-58.186639834996946,-15.6339604024735],[-58.186642947453144,-15.634064306668877]]]]}},
{"type":"Feature","properties":{"OBJECTID":37,"QUADRA":"60B","SETOR":"4","BAIRRO":"JD. ZEFERINO  II","SHAPE_AREA":3029.0821635000002,"SHAPE_LEN":241.747319737},"geometry":{"type":"MultiPolygon","coordinates":[[[[-58.17108557273675,-15.635361420968572],[-58.171194809129354,-15.635385107712361],[-58.171219114454416,-15.635231882869428],[-58.171240529667642,-15.635078944628169],[-58.171139045911964,-15.635053761212596],[-58.171048935876257,-15.63503234056569],[-58.170955723881143,-15.635010032529882],[-58.170864732284826,-15.634987775875096],[-58.170774337457985,-15.634963834725127],[-58.170682435057955,-15.634942161355076],[-58.170592318110685,-15.634922792425005],[-58.17045956103486,-15.63489825464004],[-58.170432988495186,-15.635059699029583],[-58.170410764597072,-15.63521324716403],[-58.170539172804183,-15.635242327718],[-58.170630912852367,-15.635263315035468],[-58.170721051206833,-15.635281499704211],[-58.170811525810961,-15.635301399967471],[-58.17090226238016,-15.63532143438028],[-58.170994057840488,-15.635342312776183],[-58.17108557273675,-15.635361420968572]]]]}},
{"type":"Feature","properties":{"OBJECTID":294,"QUADRA":"2","SETOR":"2","BAIRRO":"MORADA DO SOL","SHAPE_AREA":4798.3475004299999,"SHAPE_LEN":280.005940178},"geometry":{"type":"MultiPolygon","coordinates":[[[[-58.186622081590713,-15.633139827024891],[-58.186625049490694,-15.633275322582469],[-58.186904295737229,-15.633261894890561],[-58.187045957836204,-15.633255083104604],[-58.187183886962224,-15.633248450515975],[-58.187181262523687,-15.633112889857227],[-58.187179077048654,-15.632999921727858],[-58.187176890653049,-15.632886954506098],[-58.187174705197194,-15.632773987277968],[-58.187172518815544,-15.632661020053542],[-58.187169892555062,-15.632525459396621],[-58.187028860827759,-15.632532310303525],[-58.186890307761196,-15.632539041050114],[-58.186610713864518,-15.632552348515452],[-58.186613337163841,-15.63268794447062],[-58.186615523037517,-15.632800876470444],[-58.186617469134042,-15.632901491349935],[-58.186617708235303,-15.632913851860071],[-58.186620190831675,-15.633026797618768],[-58.186622081590713,-15.633139827024891]]]]}},
{"type":"Feature","properties":{"OBJECTID":582,"QUADRA":"8","SETOR":"4","BAIRRO":"JD. VISTA ALEGRE","SHAPE_AREA":6017.93825466,"SHAPE_LEN":309.78863976899999},"geometry":{"type":"MultiPolygon","coordinates":[[[[-58.168082889039042,-15.619370385379701],[-58.16821913284322,-15.619401216937641],[-58.168278095429137,-15.619154665166091],[-58.168303366254982,-15.619048997270424],[-58.168328636136188,-15.618943331185358],[-58.168387599420427,-15.618696777579531],[-58.168251356066811,-15.618665945190191],[-58.168137820433529,-15.618640251764441],[-58.168024283896912,-15.618614559186792],[-58.167910748317254,-15.618588866543474],[-58.167797212756724,-15.618563172935559],[-58.167660969564679,-15.618532341975101],[-58.167613337995505,-15.618892848226094],[-58.1675927754969,-15.619259473718252],[-58.1677422801503,-15.619293306551791],[-58.167855816109679,-15.619318999255512],[-58.167969353031154,-15.619344692797434],[-58.168082889039042,-15.619370385379701]]]]}},
{"type":"Feature","properties":{"OBJECTID":89,"QUADRA":null,"SETOR":"2","BAIRRO":"JARDIM PERUCHI","SHAPE_AREA":1574.55965623,"SHAPE_LEN":173.120074883},"geometry":{"type":"MultiPolygon","coordinates":[[[[-58.189887642398084,-15.636904019815377],[-58.189890945924461,-15.637139009612309],[-58.19000287421477,-15.637137691897756],[-58.190114801561378,-15.637136373227357],[-58.190170765701573,-15.637135714320188],[-58.190226728902331,-15.637135054499941],[-58.190338657175616,-15.637133736614288],[-58.190455807914844,-15.637132356881564],[-58.190452503745078,-15.636897367137907],[-58.190335353139282,-15.636898746859579],[-58.190223424998699,-15.636900065638535],[-58.190111497780023,-15.636901383451541],[-58.189999569628107,-15.636902702116437],[-58.189887642398084,-15.636904019815377]]]]}},
{"type":"Feature","properties":{"OBJECTID":469,"QUADRA":"46","SETOR":"2","BAIRRO":"JD. POPULAR","SHAPE_AREA":6401.5732386600002,"SHAPE_LEN":319.99877426699999},"geometry":{"type":"MultiPolygon","coordinates":[[[[-58.183186884621549,-15.634634221222148],[-58.183323214955209,-15.634664730257436],[-58.183381559757237,-15.634418039754932],[-58.183406566234225,-15.634312315112675],[-58.183432316159234,-15.634206757295726],[-58.183489916321761,-15.633959897238336],[-58.183353586445349,-15.633929388274151],[-58.183239978091088,-15.633903964975113],[-58.183126369755549,-15.633878540711345],[-58.183012761449163,-15.633853117290592],[-58.182899153166716,-15.633827693808996],[-58.182762823444882,-15.633797185368973],[-58.182704477093367,-15.634043878476312],[-58.18267947121042,-15.634149603962609],[-58.182654464378011,-15.634255330355755],[-58.18259612056724,-15.634502017099937],[-58.182732450751502,-15.634532526514942],[-58.182846058482205,-15.634557950060827],[-58.182959667169655,-15.634583373540831],[-58.183073275886215,-15.634608797863855],[-58.183186884621549,-15.634634221222148]]]]}},
{"type":"Feature","properties":{"OBJECTID":236,"QUADRA":"14","SETOR":"1","BAIRRO":"JD. ZEFERINO I","SHAPE_AREA":6399.9363290800002,"SHAPE_LEN":319.99862198800002},"geometry":{"type":"MultiPolygon","coordinates":[[[[-58.172547057493745,-15.623753417339355],[-58.172683528807283,-15.623783303702416],[-58.172740672202323,-15.623536349524221],[-58.172765162182117,-15.623430510079045],[-58.172789652145667,-15.62332467153575],[-58.172818224203183,-15.623201192175697],[-58.172846795314278,-15.623077715529549],[-58.172710325391961,-15.623047829230675],[-58.172596600171524,-15.623022923916325],[-58.17248287497447,-15.622998018541074],[-58.172369150733545,-15.622973113099984],[-58.172255425583273,-15.622948207602992],[-58.17211895580693,-15.62291832092424],[-58.172061810865216,-15.623165279517943],[-58.172037320540014,-15.623271118909775],[-58.172012829260701,-15.623376958304577],[-58.171955685927138,-15.623623909636999],[-58.172092157094689,-15.623653796379948],[-58.172205881694268,-15.623678701939591],[-58.172319607244852,-15.623703606529475],[-58.172433332823964,-15.623728511962367],[-58.172547057493745,-15.623753417339355]]]]}},
{"type":"Feature","properties":{"OBJECTID":170,"QUADRA":"10","SETOR":"1","BAIRRO":"JD. SANTA MARIA","SHAPE_AREA":6399.9310142599998,"SHAPE_LEN":319.99842194000001},"geometry":{"type":"MultiPolygon","coordinates":[[[[-58.176087041549017,-15.630051255810736],[-58.176223293366029,-15.630082081802309],[-58.176255942188391,-15.629945543219083],[-58.176282248339348,-15.62983552856249],[-58.176307515902622,-15.629729860037559],[-58.176332782526444,-15.629624194227144],[-58.17639173818786,-15.629377637345376],[-58.176255486826982,-15.629346811426139],[-58.176141944521859,-15.629321123542683],[-58.176028401303078,-15.629295434699575],[-58.175801316814081,-15.629244058628794],[-58.175665065604463,-15.629213232330311],[-58.175580841185607,-15.629565457546237],[-58.175546838124021,-15.629707656355409],[-58.175496618349939,-15.629917676401458],[-58.175632870015669,-15.629948502772294],[-58.175746412628158,-15.629974190898356],[-58.175859955270049,-15.629999879867501],[-58.17597349886379,-15.630025567867019],[-58.176087041549017,-15.630051255810736]]]]}},
{"type":"Feature","properties":{"OBJECTID":398,"QUADRA":"3","SETOR":"4","BAIRRO":"JD. ARATAKA","SHAPE_AREA":1483.7603309000001,"SHAPE_LEN":154.749014759},"geometry":{"type":"MultiPolygon","coordinates":[[[[-58.171819488458674,-15.617877084413438],[-58.171794561480965,-15.617983011092884],[-58.171789014998751,-15.617981946961107],[-58.171769232727414,-15.618070762279816],[-58.171780230063398,-15.618072475255548],[-58.171752694608706,-15.618211797255826],[-58.171922681805796,-15.618248908509083],[-58.171954735718352,-15.618254903899846],[-58.172104132994733,-15.618282848979618],[-58.17211422683873,-15.618233911638349],[-58.172133616435026,-15.618146598885188],[-58.172155239217894,-15.61805834318185],[-58.172177187140477,-15.617951808678683],[-58.17199641473448,-15.617912522517768],[-58.171819488458674,-15.617877084413438]]]]}},
{"type":"Feature","properties":{"OBJECTID":338,"QUADRA":"22","SETOR":"1","BAIRRO":"JD. ZEFERINO I","SHAPE_AREA":7188.6222131200002,"SHAPE_LEN":339.75129619000001},"geometry":{"type":"MultiPolygon","coordinates":[[[[-58.170596480811454,-15.624294376577161],[-58.170732206090541,-15.624324100903396],[-58.170792561096988,-15.624059651952965],[-58.17082284960015,-15.62392694374094],[-58.170853064346723,-15.623794557711049],[-58.170883279065528,-15.623662172582002],[-58.170913493751414,-15.623529787449876],[-58.170777022784669,-15.623499899956244],[-58.170663298409025,-15.623474994540993],[-58.170549573118905,-15.623450088165969],[-58.170435847857341,-15.623425182633946],[-58.170322122614039,-15.623400276137167],[-58.170185652731206,-15.623370389162563],[-58.170126767110865,-15.623635497251149],[-58.170096152189174,-15.623767795856946],[-58.170065538171912,-15.623900095358541],[-58.170006651360374,-15.624165203428335],[-58.170143122692863,-15.624195090472854],[-58.170256847434203,-15.62421999703702],[-58.170370573126547,-15.624244902631446],[-58.170482755072605,-15.624269471103663],[-58.170596480811454,-15.624294376577161]]]]}},
{"type":"Feature","properties":{"OBJECTID":529,"QUADRA":"6","SETOR":"1","BAIRRO":"JD. DAS OLIVEIRAS II","SHAPE_AREA":6403.1217675300004,"SHAPE_LEN":320.079985325},"geometry":{"type":"MultiPolygon","coordinates":[[[[-58.186161763900323,-15.625907980853007],[-58.18628893101863,-15.625936747295141],[-58.186345051602089,-15.625698830684454],[-58.186372071085003,-15.625584281828818],[-58.186399092381798,-15.625469728441301],[-58.186428191505001,-15.625346365202752],[-58.186455212748683,-15.62523181181024],[-58.186328046999769,-15.625203047236766],[-58.186209963278095,-15.625176336891428],[-58.186091880515328,-15.62514962647532],[-58.185973797778722,-15.625122915993483],[-58.185855715068271,-15.625096205445915],[-58.185728549457231,-15.625067439609142],[-58.185699884287359,-15.625187342998322],[-58.1856717100396,-15.625305193674338],[-58.185645047927508,-15.625419828217407],[-58.185618385764258,-15.625534458238741],[-58.1855982651673,-15.62561862383726],[-58.185561547061162,-15.625772212278264],[-58.185689431323567,-15.625801139716037],[-58.185807514424596,-15.625827849420979],[-58.185925597557002,-15.625854559964061],[-58.186043680715578,-15.625881270441395],[-58.186161763900323,-15.625907980853007]]]]}},
{"type":"Feature","properties":{"OBJECTID":173,"QUADRA":"10","SETOR":"1","BAIRRO":"JD. SANTA ROSA","SHAPE_AREA":6402.9019956700004,"SHAPE_LEN":320.080760242},"geometry":{"type":"MultiPolygon","coordinates":[[[[-58.182186856093274,-15.625537494467748],[-58.182161965522653,-15.625643244612665],[-58.182103890839223,-15.625889991308892],[-58.182240247954425,-15.625920361170849],[-58.182353879066255,-15.625945669472026],[-58.182467510201903,-15.62597097771237],[-58.182581142299256,-15.625996286790729],[-58.18269477348251,-15.626021594909396],[-58.182831131678959,-15.62605196438669],[-58.182889843392601,-15.625805357841877],[-58.182938984942922,-15.625593713543395],[-58.182939729303314,-15.625593878561972],[-58.182997061319782,-15.625346961256346],[-58.18286070358068,-15.625316591849629],[-58.182747072773374,-15.62529128288589],[-58.182633441062336,-15.625265974770231],[-58.18251981124574,-15.625240667487562],[-58.182406179577107,-15.625215358346349],[-58.18226982199171,-15.625184989463898],[-58.182211745699057,-15.625431742518044],[-58.182186856093274,-15.625537494467748]]]]}},
{"type":"Feature","properties":{"OBJECTID":107,"QUADRA":"5","SETOR":"1","BAIRRO":"JD. SANTA ROSA","SHAPE_AREA":1742.99003799,"SHAPE_LEN":170.529101752},"geometry":{"type":"MultiPolygon","coordinates":[[[[-58.183086330356446,-15.627083004527108],[-58.183125406414533,-15.627091361996174],[-58.183185258246951,-15.626826470457765],[-58.183198118058471,-15.626769555360703],[-58.183215184111823,-15.626694024232163],[-58.183227683713859,-15.626638708278296],[-58.182917999174919,-15.626572477151777],[-58.182858441770541,-15.626836063620358],[-58.182815722129078,-15.627025128960044],[-58.182991802941956,-15.627062788426532],[-58.183086330356446,-15.627083004527108]]]]}},
{"type":"Feature","properties":{"OBJECTID":111,"QUADRA":null,"SETOR":"1","BAIRRO":"JD. SANTA ROSA","SHAPE_AREA":349.99305088,"SHAPE_LEN":80.998843282199999},"geometry":{"type":"MultiPolygon","coordinates":[[[[-58.182661637926913,-15.625134039578418],[-58.182775179383498,-15.625159724195708],[-58.182834125416868,-15.624913170630306],[-58.182720584093303,-15.624887486034059],[-58.182661637926913,-15.625134039578418]]]]}},
{"type":"Feature","properties":{"OBJECTID":75,"QUADRA":"94","SETOR":"2","BAIRRO":"JD. POPULAR","SHAPE_AREA":7702.1138775500003,"SHAPE_LEN":355.232934301},"geometry":{"type":"MultiPolygon","coordinates":[[[[-58.179168621767779,-15.63814261011335],[-58.179441103231262,-15.638204394004891],[-58.179472832452205,-15.638072340702863],[-58.179499272675237,-15.637962297943229],[-58.179525712868916,-15.637852254277403],[-58.179552152110809,-15.637742211518164],[-58.179578593183741,-15.637632166938815],[-58.179610320398623,-15.637500115440103],[-58.179470492025509,-15.637468410860363],[-58.179337839852607,-15.637438332598011],[-58.179228846734411,-15.637413618283462],[-58.179119854581756,-15.637388905715634],[-58.179010862446319,-15.637364192187876],[-58.178897145071694,-15.637338407563512],[-58.178641559637263,-15.637280454164083],[-58.178645162485523,-15.637420516852806],[-58.178648240999273,-15.637537254331347],[-58.178651227983622,-15.637653970606543],[-58.178654306503681,-15.63777070627434],[-58.178657294442544,-15.637887423445417],[-58.178657396256632,-15.637887447303752],[-58.178660987942393,-15.63802750642779],[-58.178841643266743,-15.63806846952852],[-58.17895063576708,-15.638093183114492],[-58.179059629222621,-15.638117896639436],[-58.179168621767779,-15.63814261011335]]]]}},
{"type":"Feature","properties":{"OBJECTID":580,"QUADRA":"8","SETOR":"3","BAIRRO":"JD. SANTA ROSA II","SHAPE_AREA":6390.5675083599999,"SHAPE_LEN":319.76508321599999},"geometry":{"type":"MultiPolygon","coordinates":[[[[-58.181863337195871,-15.621607650971914],[-58.181990417275998,-15.621635773396065],[-58.182021792845902,-15.621503643065759],[-58.182047938813596,-15.621393533853757],[-58.18207408475746,-15.621283424639511],[-58.182100230682671,-15.621173316326875],[-58.182126376578871,-15.621063207108103],[-58.182157751994914,-15.620931075859822],[-58.181903307548694,-15.620875525900678],[-58.181793783933024,-15.620851614196134],[-58.181684592815287,-15.620827775669825],[-58.181543361075654,-15.620796941545798],[-58.181429813306181,-15.620772151020052],[-58.181398927429377,-15.620902219555216],[-58.181372781152255,-15.621012328714384],[-58.181346634851295,-15.621122437871321],[-58.181320487588621,-15.621232546127125],[-58.181294341240005,-15.621342655279534],[-58.181262966145702,-15.621474785533321],[-58.181318838543802,-15.621487150433103],[-58.181414585122774,-15.621508339808853],[-58.18151757622207,-15.621531132550738],[-58.18162669485956,-15.621555280662529],[-58.181735813524014,-15.621579429622118],[-58.181863337195871,-15.621607650971914]]]]}},
{"type":"Feature","properties":{"OBJECTID":435,"QUADRA":"4","SETOR":"2","BAIRRO":"MORADA DO SOL","SHAPE_AREA":4799.44407469,"SHAPE_LEN":279.99984900499999},"geometry":{"type":"MultiPolygon","coordinates":[[[[-58.186583517950091,-15.631030231012003],[-58.186587088530267,-15.631165771246165],[-58.1867831223718,-15.631163813402939],[-58.18686690621508,-15.63116297603796],[-58.187146722938344,-15.631160181382247],[-58.18714315292894,-15.631024642081554],[-58.187140176686043,-15.6309116926695],[-58.187137200456206,-15.63079874415992],[-58.187134226089306,-15.630685793831086],[-58.187131248931983,-15.630572843515983],[-58.18712767803877,-15.630437304211574],[-58.186985342271747,-15.630438725970905],[-58.186847862299928,-15.630440099678804],[-58.18671049797647,-15.630441471771238],[-58.18656804652187,-15.630442893885755],[-58.186571615177172,-15.630578432330994],[-58.186574591095727,-15.630691382679995],[-58.186577567016933,-15.630804332123722],[-58.186580542940767,-15.630917280662162],[-58.186583517950091,-15.631030231012003]]]]}},
{"type":"Feature","properties":{"OBJECTID":66,"QUADRA":"83","SETOR":"2","BAIRRO":"JD. POPULAR","SHAPE_AREA":4159.9528797800003,"SHAPE_LEN":263.9999544},"geometry":{"type":"MultiPolygon","coordinates":[[[[-58.181523402089688,-15.637784865555108],[-58.18165985550452,-15.637814864129247],[-58.181718812841552,-15.637568307142532],[-58.18174408103507,-15.637462639983806],[-58.181769348273626,-15.637356972827991],[-58.181828306314266,-15.637110414911012],[-58.181691854289838,-15.637080416404228],[-58.18159178886674,-15.637058416603185],[-58.181491723467005,-15.637036417658861],[-58.181355271520857,-15.637006418031749],[-58.18129631291982,-15.63725297495705],[-58.181271045448476,-15.63735864297912],[-58.181245777017004,-15.637464310100221],[-58.181213103313304,-15.637600947862172],[-58.181186818191939,-15.637710867004168],[-58.181323271528491,-15.637740866698611],[-58.181423336331008,-15.637762865701035],[-58.181523402089688,-15.637784865555108]]]]}},
{"type":"Feature","properties":{"OBJECTID":18,"QUADRA":"19-C","SETOR":"1","BAIRRO":"NUCLEO URBANO","SHAPE_AREA":6399.99042052,"SHAPE_LEN":320.00001369199998},"geometry":{"type":"MultiPolygon","coordinates":[[[[-58.179681507461716,-15.628145883930092],[-58.180408180269303,-15.628310268454477],[-58.180576611370796,-15.627605815423774],[-58.179852066738739,-15.627441911581451],[-58.179849940990771,-15.627441430380637],[-58.179681507461716,-15.628145883930092]]]]}},
{"type":"Feature","properties":{"OBJECTID":492,"QUADRA":"5","SETOR":"2","BAIRRO":"JD. SAO JOSE","SHAPE_AREA":3023.9109499599999,"SHAPE_LEN":240.000090411},"geometry":{"type":"MultiPolygon","coordinates":[[[[-58.190410763081211,-15.624100771385425],[-58.19041436829653,-15.624263433855988],[-58.190526286643127,-15.624261931980106],[-58.190638204983841,-15.62426043004726],[-58.190750123318701,-15.624258928057454],[-58.190862041652906,-15.624257426914546],[-58.190973959976013,-15.624255924810791],[-58.191085878293251,-15.624254422650072],[-58.191197796604619,-15.624252920432399],[-58.191194189839933,-15.624090258022751],[-58.191190584950711,-15.623927594696299],[-58.191078666815521,-15.623929096898012],[-58.190966748674462,-15.623930599042774],[-58.190854830527542,-15.623932101130563],[-58.190742912374745,-15.623933603161376],[-58.190630995148794,-15.623935105130172],[-58.190519076984252,-15.623936607047067],[-58.190407158808618,-15.623938108003113],[-58.190410763081211,-15.624100771385425]]]]}},
{"type":"Feature","properties":{"OBJECTID":192,"QUADRA":"11","SETOR":"2","BAIRRO":"JARDIM BELA VISTA","SHAPE_AREA":6149.9990665300002,"SHAPE_LEN":314.000107146},"geometry":{"type":"MultiPolygon","coordinates":[[[[-58.189589538107661,-15.624585020807757],[-58.189592362367463,-15.624702495035226],[-58.189708927829471,-15.624699995772701],[-58.189825492346124,-15.624697495549633],[-58.189942056860573,-15.624694996168714],[-58.190058620429653,-15.624692495827253],[-58.190175184929252,-15.624689996322894],[-58.190291750348941,-15.624687495847862],[-58.190285447344046,-15.624425439297111],[-58.190282839049793,-15.624317001167359],[-58.190280230772977,-15.624208564844082],[-58.190276769308753,-15.624064639525757],[-58.190273928770083,-15.623946507370848],[-58.190157363762737,-15.623949006903477],[-58.190099082189008,-15.62395025664159],[-58.19004079968591,-15.62395150727321],[-58.189924236529173,-15.623954006672278],[-58.189807672432281,-15.623956506014697],[-58.189691108338401,-15.623959007103149],[-58.189574544226673,-15.623961506322107],[-58.189578672858943,-15.624133198734508],[-58.18958084533832,-15.62422356297318],[-58.18958345419167,-15.624332001132949],[-58.189586061181338,-15.624440438397702],[-58.189589538107661,-15.624585020807757]]]]}}
]
}
